학년군,교과,영역,핵심 아이디어,성취기준 코드,성취기준,성취수준(A),성취수준(B),성취수준(C),해설,적용시 주의사항
1~2,국어,듣기⋅말하기,"⋅듣기⋅말하기는 언어, 준언어, 비언어, 매체 등을 활용하여 서로의 생각과 감정을 주고받는 행위이다.
⋅화자와 청자는 상황 맥락 및 사회⋅문화적 맥락 속에서 의사소통 목적을 달성하기 위하여 다양한 유형의 담화를 듣고 말한다.
⋅화자와 청자는 의사소통 과정에 협력적으로 참여하고 듣기⋅말하기 과정에서의 문제를 해결하기 위해 적절한 전략을 사용하여 듣고 말한다.
⋅화자와 청자는 듣기⋅말하기에 흥미를 가지고 적극적으로 참여하면서 담화 공동체 구성원으로 성장하고, 상호 존중하고 공감하는 소통 문화를 만들어 간다.",2국01-01,중요한 내용이나 일이 일어난 순서를 고려하며 듣고 말한다.,"중요한 내용이나 일이 일어난 순서를 정확하게 파악하며 듣고, 중요한 내용이나 일이 일어난 순서가 명확히 드러나게 말할 수 있다.","중요한 내용이나 일이 일어난 순서를 파악하며 듣고, 중요한 내용이나 일이 일어난 순서가 드러나게 말할 수 있다.","중요한 내용이나 일이 일어난 순서를 부분적으로 파악하며 듣고, 중요한 내용이나 일이 일어난 순서가 일부 드러나게 말한다.",,"• 학습자가 학교생활에 적응하는 과정에서 다른 사람과 상호 작용하는 데 필요한 기초적인 듣기⋅말하기 능력을 갖출 수 있도록 한다. 일상생활에서 친숙하게 접할 수 있는 주제로 대화하는 상황, 교사나 동료 학습자 앞에서 자신의 경험이나 배경지식을 바탕으로 간단히 발표하는 상황을 중심으로 듣기⋅말하기 활동이 이루어지도록 한다.
• 올바른 구어 의사소통 습관을 형성할 수 있도록 학습자의 삶과 연계하여 지도한다. 말차례 지키기나 바르고 고운 말로 말하기에 대해 학습하는 수업 시간뿐만 아니라 평소 학교생활이나 가정생활에서도 말차례 지키기와 바르고 고운 말 사용하기를 실천하도록 한다.
• 학습자가 경험할 수 있는 실제적이고 구체적인 상황 맥락을 설정하여 학습자가 듣기⋅말하기 활동에 관심과 흥미를 가지고 자발적으로 참여할 수 있도록 하고, 그 과정에서 자연스럽게 평가가 이루어지도록 하여 평가에 대한 부담을 느끼지 않게 한다. 
• 감정 나누기를 지도할 때는 화자의 감정을 일방적으로 전달하는 데 그치지 않고 상대의 감정 표현도 이해하며 서로의 감정을 교류할 수 있도록 한다.
• 발표하기를 지도할 때는 학습자가 공적 발표 상황에 대해 부담감이나 불안감을 느낄 수 있으며 발표 수행 결과에 따라 부정적인 자아 개념을 형성할 수도 있다는 점에 유의하여, 동료 학습자의 발표에 대해 긍정적으로 반응하고 상호 격려하는 교실 문화를 조성하도록 한다. "
1~2,국어,듣기⋅말하기,"⋅듣기⋅말하기는 언어, 준언어, 비언어, 매체 등을 활용하여 서로의 생각과 감정을 주고받는 행위이다.
⋅화자와 청자는 상황 맥락 및 사회⋅문화적 맥락 속에서 의사소통 목적을 달성하기 위하여 다양한 유형의 담화를 듣고 말한다.
⋅화자와 청자는 의사소통 과정에 협력적으로 참여하고 듣기⋅말하기 과정에서의 문제를 해결하기 위해 적절한 전략을 사용하여 듣고 말한다.
⋅화자와 청자는 듣기⋅말하기에 흥미를 가지고 적극적으로 참여하면서 담화 공동체 구성원으로 성장하고, 상호 존중하고 공감하는 소통 문화를 만들어 간다.",2국01-02,바르고 고운 말로 서로의 감정을 나누며 듣고 말한다.,"감정과 관련된 다양한 표현을 알고, 서로의 감정을 적극적으로 공유하는 과정에서 바르고 고운 말을 사용하여 듣고 말할 수 있다.","감정과 관련된 표현을 알고, 서로의 감정을 공유하는 과정에서 바르고 고운 말을 사용하여 듣고 말할 수 있다.","감정과 관련된 표현을 일부 알고, 서로의 감정을 공유하는 과정에서 바르고 고운 말을 부분적으로 사용하여 듣고 말한다.","[2국01-02] 이 성취기준은 대화를 나눌 때 자신의 감정을 적절하게 표현함으로써 타인과의 관계를 형성하고 유지하며 발전시키는 능력을 기르기 위해 설정하였다. 기쁨, 슬픔, 사랑, 미움 등 다양한 감정과 관련된 표현 알기, 감정을 표현하는 과정에서 바르고 고운 말을 사용하기, 상대의 감정을 이해하고 수용하기 등을 학습한다.","• 학습자가 학교생활에 적응하는 과정에서 다른 사람과 상호 작용하는 데 필요한 기초적인 듣기⋅말하기 능력을 갖출 수 있도록 한다. 일상생활에서 친숙하게 접할 수 있는 주제로 대화하는 상황, 교사나 동료 학습자 앞에서 자신의 경험이나 배경지식을 바탕으로 간단히 발표하는 상황을 중심으로 듣기⋅말하기 활동이 이루어지도록 한다.
• 올바른 구어 의사소통 습관을 형성할 수 있도록 학습자의 삶과 연계하여 지도한다. 말차례 지키기나 바르고 고운 말로 말하기에 대해 학습하는 수업 시간뿐만 아니라 평소 학교생활이나 가정생활에서도 말차례 지키기와 바르고 고운 말 사용하기를 실천하도록 한다.
• 학습자가 경험할 수 있는 실제적이고 구체적인 상황 맥락을 설정하여 학습자가 듣기⋅말하기 활동에 관심과 흥미를 가지고 자발적으로 참여할 수 있도록 하고, 그 과정에서 자연스럽게 평가가 이루어지도록 하여 평가에 대한 부담을 느끼지 않게 한다. 
• 감정 나누기를 지도할 때는 화자의 감정을 일방적으로 전달하는 데 그치지 않고 상대의 감정 표현도 이해하며 서로의 감정을 교류할 수 있도록 한다.
• 발표하기를 지도할 때는 학습자가 공적 발표 상황에 대해 부담감이나 불안감을 느낄 수 있으며 발표 수행 결과에 따라 부정적인 자아 개념을 형성할 수도 있다는 점에 유의하여, 동료 학습자의 발표에 대해 긍정적으로 반응하고 상호 격려하는 교실 문화를 조성하도록 한다. "
1~2,국어,듣기⋅말하기,"⋅듣기⋅말하기는 언어, 준언어, 비언어, 매체 등을 활용하여 서로의 생각과 감정을 주고받는 행위이다.
⋅화자와 청자는 상황 맥락 및 사회⋅문화적 맥락 속에서 의사소통 목적을 달성하기 위하여 다양한 유형의 담화를 듣고 말한다.
⋅화자와 청자는 의사소통 과정에 협력적으로 참여하고 듣기⋅말하기 과정에서의 문제를 해결하기 위해 적절한 전략을 사용하여 듣고 말한다.
⋅화자와 청자는 듣기⋅말하기에 흥미를 가지고 적극적으로 참여하면서 담화 공동체 구성원으로 성장하고, 상호 존중하고 공감하는 소통 문화를 만들어 간다.",2국01-03,상대의 말을 집중하여 듣고 말차례를 지키며 대화한다.,"상대의 말에 주의를 집중하여 정확하게 듣고, 말차례를 지키며 적극적으로 대화할 수 있다.","상대의 말에 주의를 집중하여 듣고, 말차례를 지키며 대화할 수 있다.","상대의 말을 듣고, 말차례를 부분적으로 지키며 대화한다.","[2국01-03] 이 성취기준은 구어 의사소통의 상호 교섭성을 인식하는 출발점으로, 대화 상황에서 상대의 말에 집중하여 그 내용을 이해하고 순서를 교대하며 구어 의사소통에 참여하는 기본 능력을 기르기 위해 설정하였다. 상대의 말을 집중하여 듣기, 다음 말할 사람을 선택하여 다음 말할 사람을 선택하여 부르거나, 고갯짓, 시선, 억양 등의 말차례 교환 신호를 활용하여 다음 사람이 말차례를 알아차릴 수 있도록 하기, 말차례 교환 신호를 확인하여 자신의 말차례 지키기 등을 학습한다.","• 학습자가 학교생활에 적응하는 과정에서 다른 사람과 상호 작용하는 데 필요한 기초적인 듣기⋅말하기 능력을 갖출 수 있도록 한다. 일상생활에서 친숙하게 접할 수 있는 주제로 대화하는 상황, 교사나 동료 학습자 앞에서 자신의 경험이나 배경지식을 바탕으로 간단히 발표하는 상황을 중심으로 듣기⋅말하기 활동이 이루어지도록 한다.
• 올바른 구어 의사소통 습관을 형성할 수 있도록 학습자의 삶과 연계하여 지도한다. 말차례 지키기나 바르고 고운 말로 말하기에 대해 학습하는 수업 시간뿐만 아니라 평소 학교생활이나 가정생활에서도 말차례 지키기와 바르고 고운 말 사용하기를 실천하도록 한다.
• 학습자가 경험할 수 있는 실제적이고 구체적인 상황 맥락을 설정하여 학습자가 듣기⋅말하기 활동에 관심과 흥미를 가지고 자발적으로 참여할 수 있도록 하고, 그 과정에서 자연스럽게 평가가 이루어지도록 하여 평가에 대한 부담을 느끼지 않게 한다. 
• 감정 나누기를 지도할 때는 화자의 감정을 일방적으로 전달하는 데 그치지 않고 상대의 감정 표현도 이해하며 서로의 감정을 교류할 수 있도록 한다.
• 발표하기를 지도할 때는 학습자가 공적 발표 상황에 대해 부담감이나 불안감을 느낄 수 있으며 발표 수행 결과에 따라 부정적인 자아 개념을 형성할 수도 있다는 점에 유의하여, 동료 학습자의 발표에 대해 긍정적으로 반응하고 상호 격려하는 교실 문화를 조성하도록 한다. "
1~2,국어,듣기⋅말하기,"⋅듣기⋅말하기는 언어, 준언어, 비언어, 매체 등을 활용하여 서로의 생각과 감정을 주고받는 행위이다.
⋅화자와 청자는 상황 맥락 및 사회⋅문화적 맥락 속에서 의사소통 목적을 달성하기 위하여 다양한 유형의 담화를 듣고 말한다.
⋅화자와 청자는 의사소통 과정에 협력적으로 참여하고 듣기⋅말하기 과정에서의 문제를 해결하기 위해 적절한 전략을 사용하여 듣고 말한다.
⋅화자와 청자는 듣기⋅말하기에 흥미를 가지고 적극적으로 참여하면서 담화 공동체 구성원으로 성장하고, 상호 존중하고 공감하는 소통 문화를 만들어 간다.",2국01-04,자신의 경험이나 생각을 바른 자세로 발표한다.,자신의 경험이나 생각을 풍부하게 떠올려 바른 자세로 자신 있게 발표할 수 있다.,자신의 경험이나 생각을 떠올려 바른 자세로 발표할 수 있다.,"자신의 경험이나 생각을 부분적으로 떠올리고, 다른 사람 앞에서 말한다.","[2국01-04] 이 성취기준은 교실에서 자신의 경험이나 생각을 바른 자세로 표현하고 학습에 참여할 수 있는 기본 능력을 기르기 위해 설정하였다. 자신의 경험이나 생각을 동료 학습자들 앞에서 간단히 말하기, 자신의 경험이나 배경지식을 바탕으로 말하기, 수업 시간에 바른 자세로 서서 말하기, 듣는 사람을 바라보며 말하기, 적절한 크기의 소리로 말하기 등을 학습한다.","• 학습자가 학교생활에 적응하는 과정에서 다른 사람과 상호 작용하는 데 필요한 기초적인 듣기⋅말하기 능력을 갖출 수 있도록 한다. 일상생활에서 친숙하게 접할 수 있는 주제로 대화하는 상황, 교사나 동료 학습자 앞에서 자신의 경험이나 배경지식을 바탕으로 간단히 발표하는 상황을 중심으로 듣기⋅말하기 활동이 이루어지도록 한다.
• 올바른 구어 의사소통 습관을 형성할 수 있도록 학습자의 삶과 연계하여 지도한다. 말차례 지키기나 바르고 고운 말로 말하기에 대해 학습하는 수업 시간뿐만 아니라 평소 학교생활이나 가정생활에서도 말차례 지키기와 바르고 고운 말 사용하기를 실천하도록 한다.
• 학습자가 경험할 수 있는 실제적이고 구체적인 상황 맥락을 설정하여 학습자가 듣기⋅말하기 활동에 관심과 흥미를 가지고 자발적으로 참여할 수 있도록 하고, 그 과정에서 자연스럽게 평가가 이루어지도록 하여 평가에 대한 부담을 느끼지 않게 한다. 
• 감정 나누기를 지도할 때는 화자의 감정을 일방적으로 전달하는 데 그치지 않고 상대의 감정 표현도 이해하며 서로의 감정을 교류할 수 있도록 한다.
• 발표하기를 지도할 때는 학습자가 공적 발표 상황에 대해 부담감이나 불안감을 느낄 수 있으며 발표 수행 결과에 따라 부정적인 자아 개념을 형성할 수도 있다는 점에 유의하여, 동료 학습자의 발표에 대해 긍정적으로 반응하고 상호 격려하는 교실 문화를 조성하도록 한다. "
1~2,국어,듣기⋅말하기,"⋅듣기⋅말하기는 언어, 준언어, 비언어, 매체 등을 활용하여 서로의 생각과 감정을 주고받는 행위이다.
⋅화자와 청자는 상황 맥락 및 사회⋅문화적 맥락 속에서 의사소통 목적을 달성하기 위하여 다양한 유형의 담화를 듣고 말한다.
⋅화자와 청자는 의사소통 과정에 협력적으로 참여하고 듣기⋅말하기 과정에서의 문제를 해결하기 위해 적절한 전략을 사용하여 듣고 말한다.
⋅화자와 청자는 듣기⋅말하기에 흥미를 가지고 적극적으로 참여하면서 담화 공동체 구성원으로 성장하고, 상호 존중하고 공감하는 소통 문화를 만들어 간다.",2국01-05,듣기와 말하기에 관심과 흥미를 가진다.,"듣기·말하기의 중요성을 정확히 인식하고, 듣기·말하기에 적극적으로 참여하며 관심과 흥미를 가진다.","듣기·말하기의 중요성을 인식하고, 듣기·말하기에 관심과 흥미를 가진다.",듣기·말하기에 관심과 흥미를 일부 가진다.,"[2국01-05] 이 성취기준은 삶에서 듣기⋅말하기의 즐거움을 느끼고 듣기⋅말하기의 중요성을 인식하도록 하기 위해 설정하였다. 듣기⋅말하기가 다양한 생각과 감정을 나누며 의사소통하기 위한 기본적인 도구임을 인식하기, 듣기⋅말하기의 역할과 중요성을 직접 경험해 보기, 다양한 놀이를 통해 듣기⋅말하기에 흥미 가지기 등을 학습한다.","• 학습자가 학교생활에 적응하는 과정에서 다른 사람과 상호 작용하는 데 필요한 기초적인 듣기⋅말하기 능력을 갖출 수 있도록 한다. 일상생활에서 친숙하게 접할 수 있는 주제로 대화하는 상황, 교사나 동료 학습자 앞에서 자신의 경험이나 배경지식을 바탕으로 간단히 발표하는 상황을 중심으로 듣기⋅말하기 활동이 이루어지도록 한다.
• 올바른 구어 의사소통 습관을 형성할 수 있도록 학습자의 삶과 연계하여 지도한다. 말차례 지키기나 바르고 고운 말로 말하기에 대해 학습하는 수업 시간뿐만 아니라 평소 학교생활이나 가정생활에서도 말차례 지키기와 바르고 고운 말 사용하기를 실천하도록 한다.
• 학습자가 경험할 수 있는 실제적이고 구체적인 상황 맥락을 설정하여 학습자가 듣기⋅말하기 활동에 관심과 흥미를 가지고 자발적으로 참여할 수 있도록 하고, 그 과정에서 자연스럽게 평가가 이루어지도록 하여 평가에 대한 부담을 느끼지 않게 한다. 
• 감정 나누기를 지도할 때는 화자의 감정을 일방적으로 전달하는 데 그치지 않고 상대의 감정 표현도 이해하며 서로의 감정을 교류할 수 있도록 한다.
• 발표하기를 지도할 때는 학습자가 공적 발표 상황에 대해 부담감이나 불안감을 느낄 수 있으며 발표 수행 결과에 따라 부정적인 자아 개념을 형성할 수도 있다는 점에 유의하여, 동료 학습자의 발표에 대해 긍정적으로 반응하고 상호 격려하는 교실 문화를 조성하도록 한다. "
1~2,국어,읽기,"⋅읽기는 독자가 자신의 배경지식이나 경험을 활용하여 언어를 비롯한 다양한 기호나 매체로 표현된 글의 의미를 능동적으로 구성하는 행위이다. 
⋅독자는 다양한 상황 맥락과 사회⋅문화적 맥락 속에서 자신의 읽기 목적을 달성하기 위하여 다양한 유형의 글을 읽는다. 
⋅독자는 읽기 과정을 점검⋅조정하며 읽기 과정에서 부딪히는 문제를 해결하기 위해 적절한 읽기 전략을 사용하여 글을 읽는다. 
⋅독자는 읽기 경험을 통해 읽기에 대한 긍정적 정서를 형성하고 삶과 공동체의 문제 해결을 위해 공동체 구성원과 함께 독서를 통해 소통함으로써 사회적 독서 문화를 만들어 간다.",2국02-01,"글자, 단어, 문장, 짧은 글을 정확하게 소리 내어 읽는다.","글자, 단어, 문장, 짧은 글을 바르고 정확하게 발음하고 적절한 속도로 소리 내어 읽을 수 있다.","글자, 단어, 문장, 짧은 글을 정확하게 발음하고 소리 내어 읽을 수 있다.","글자, 단어, 문장, 짧은 글을 부분적으로 정확하게 발음하고 소리 내어 읽는다.",,"• 읽기 성취기준과 타 영역의 성취기준을 분리해서 지도하기보다 상호 연계하여 국어 활동의 총체성을 구현하도록 한다. 예를 들어 정확히 소리 내어 읽기와 관련한 성취기준은 글자와 단어를 바로 쓰기에 대한 쓰기 성취기준, 소리와 표기가 다름을 알고 정확하게 발음하고 쓰기에 대한 문법 성취기준, 말놀이와 낭송에 관한 문학 성취기준 등과 연계하여 지도한다.
• 정확히 소리 내어 읽기나 알맞게 띄어 읽기를 지도할 때는 학습자가 해당 성취기준에 대한 학습 시간에는 물론이고, 일상생활에서도 학교 안내판, 학급 게시판, 광고지 등 주변에서 접할 수 있는 읽기 자료를 보고 스스로 읽기 활동에 적극적으로 참여할 수 있도록 관심을 기울여 지도한다. 나아가 가정에서도 쉽게 접할 수 있는 읽기 자료를 보고 정확히 소리 내어 읽고 알맞게 글을 읽는지 점검하도록 안내하여 학교 안팎에서의 기초 읽기 능력이 균형 있게 발달할 수 있도록 한다.
• 알맞게 띄어 읽기는 함께 읽기와 혼자 읽은 후 짝과 함께 상호 점검하며 읽기 등의 방법을 활용한다. 이때 의미에 따라 여러 단위에서 띄어 읽기가 가능하므로 기계적으로 띄어 읽기를 하지 않도록 유의한다.
• 학습자가 한글 학습에 흥미를 느끼고 지속적으로 참여할 수 있도록 몸으로 문자를 표현하는 등의 신체 놀이, 첫음절이 같은 단어를 다양하게 떠올려 보는 연상 놀이 등을 활동 중심 수업과 연계하여 지도할 수 있다. 또한 이 시기는 한글 학습을 통해 기초적인 읽기 능력 계발뿐만 아니라 학습자가 읽기에 대한 흥미를 형성하는 매우 중요한 시기이다. 따라서 학습자가 자신의 수준과 흥미에 맞는 책을 읽은 후 자신의 생각을 표현하는 놀이나 활동⋅체험 등을 연계하여 즐거운 독서 경험을 통해 독서에 대한 긍정적인 태도를 기를 수 있도록 지도한다.
• 일반 학습자를 포함하여, 다문화 배경 학습자나 느린 학습자 등의 특별한 요구가 있는 경우에는 해당 성취기준에 대한 개별화 맞춤형 수업을 통해 정확히 소리 내어 읽기와 알맞게 띄어 읽기 등의 한글 깨치기 학습이 충실히 이루어질 수 있도록 지도한다."
1~2,국어,읽기,"⋅읽기는 독자가 자신의 배경지식이나 경험을 활용하여 언어를 비롯한 다양한 기호나 매체로 표현된 글의 의미를 능동적으로 구성하는 행위이다. 
⋅독자는 다양한 상황 맥락과 사회⋅문화적 맥락 속에서 자신의 읽기 목적을 달성하기 위하여 다양한 유형의 글을 읽는다. 
⋅독자는 읽기 과정을 점검⋅조정하며 읽기 과정에서 부딪히는 문제를 해결하기 위해 적절한 읽기 전략을 사용하여 글을 읽는다. 
⋅독자는 읽기 경험을 통해 읽기에 대한 긍정적 정서를 형성하고 삶과 공동체의 문제 해결을 위해 공동체 구성원과 함께 독서를 통해 소통함으로써 사회적 독서 문화를 만들어 간다.",2국02-02,의미가 잘 드러나도록 문장과 짧은 글을 알맞게 띄어 읽는다.,글에 의미 단위가 있음을 인식하며 의미가 잘 드러나도록 문장과 짧은 글을 알맞게 띄어 읽을 수 있다.,글의 의미가 잘 드러나도록 문장과 짧은 글을 알맞게 띄어 읽을 수 있다.,문장과 짧은 글을 부분적으로 알맞게 띄어 읽는다.,"[2국02-02] 이 성취기준은 글을 의미 단위에 알맞게 띄어 읽으며 글의 의미를 파악하는 능력을 기르기 위해 설정하였다. 글을 읽으면서 의미 단위를 인식하고 이에 맞게 띄어 읽는 것은 글의 의미를 정확하게 파악하고 읽기 유창성을 높이는 데 중요한 요소이다. 글의 의미를 이해하기 위해 의미 단위에 따른 어구나 어절 단위 등으로 띄어 읽기, 주어부와 서술어부 등을 단위로 하여 띄어 읽기, 문장 부호에 따라 문장 단위를 인식하면서 띄어 읽기, 쉬는 지점, 쉼의 길이에 유의하며 띄어 읽기 등을 학습한다.","• 읽기 성취기준과 타 영역의 성취기준을 분리해서 지도하기보다 상호 연계하여 국어 활동의 총체성을 구현하도록 한다. 예를 들어 정확히 소리 내어 읽기와 관련한 성취기준은 글자와 단어를 바로 쓰기에 대한 쓰기 성취기준, 소리와 표기가 다름을 알고 정확하게 발음하고 쓰기에 대한 문법 성취기준, 말놀이와 낭송에 관한 문학 성취기준 등과 연계하여 지도한다.
• 정확히 소리 내어 읽기나 알맞게 띄어 읽기를 지도할 때는 학습자가 해당 성취기준에 대한 학습 시간에는 물론이고, 일상생활에서도 학교 안내판, 학급 게시판, 광고지 등 주변에서 접할 수 있는 읽기 자료를 보고 스스로 읽기 활동에 적극적으로 참여할 수 있도록 관심을 기울여 지도한다. 나아가 가정에서도 쉽게 접할 수 있는 읽기 자료를 보고 정확히 소리 내어 읽고 알맞게 글을 읽는지 점검하도록 안내하여 학교 안팎에서의 기초 읽기 능력이 균형 있게 발달할 수 있도록 한다.
• 알맞게 띄어 읽기는 함께 읽기와 혼자 읽은 후 짝과 함께 상호 점검하며 읽기 등의 방법을 활용한다. 이때 의미에 따라 여러 단위에서 띄어 읽기가 가능하므로 기계적으로 띄어 읽기를 하지 않도록 유의한다.
• 학습자가 한글 학습에 흥미를 느끼고 지속적으로 참여할 수 있도록 몸으로 문자를 표현하는 등의 신체 놀이, 첫음절이 같은 단어를 다양하게 떠올려 보는 연상 놀이 등을 활동 중심 수업과 연계하여 지도할 수 있다. 또한 이 시기는 한글 학습을 통해 기초적인 읽기 능력 계발뿐만 아니라 학습자가 읽기에 대한 흥미를 형성하는 매우 중요한 시기이다. 따라서 학습자가 자신의 수준과 흥미에 맞는 책을 읽은 후 자신의 생각을 표현하는 놀이나 활동⋅체험 등을 연계하여 즐거운 독서 경험을 통해 독서에 대한 긍정적인 태도를 기를 수 있도록 지도한다.
• 일반 학습자를 포함하여, 다문화 배경 학습자나 느린 학습자 등의 특별한 요구가 있는 경우에는 해당 성취기준에 대한 개별화 맞춤형 수업을 통해 정확히 소리 내어 읽기와 알맞게 띄어 읽기 등의 한글 깨치기 학습이 충실히 이루어질 수 있도록 지도한다."
1~2,국어,읽기,"⋅읽기는 독자가 자신의 배경지식이나 경험을 활용하여 언어를 비롯한 다양한 기호나 매체로 표현된 글의 의미를 능동적으로 구성하는 행위이다. 
⋅독자는 다양한 상황 맥락과 사회⋅문화적 맥락 속에서 자신의 읽기 목적을 달성하기 위하여 다양한 유형의 글을 읽는다. 
⋅독자는 읽기 과정을 점검⋅조정하며 읽기 과정에서 부딪히는 문제를 해결하기 위해 적절한 읽기 전략을 사용하여 글을 읽는다. 
⋅독자는 읽기 경험을 통해 읽기에 대한 긍정적 정서를 형성하고 삶과 공동체의 문제 해결을 위해 공동체 구성원과 함께 독서를 통해 소통함으로써 사회적 독서 문화를 만들어 간다.",2국02-03,글을 읽고 중심 내용을 확인한다.,다양한 유형의 글을 읽고 중심 내용을 정확하게 확인할 수 있다.,글을 읽고 중심 내용을 정확하게 확인할 수 있다.,글을 읽고 중심 내용을 부분적으로 확인한다.,,"• 읽기 성취기준과 타 영역의 성취기준을 분리해서 지도하기보다 상호 연계하여 국어 활동의 총체성을 구현하도록 한다. 예를 들어 정확히 소리 내어 읽기와 관련한 성취기준은 글자와 단어를 바로 쓰기에 대한 쓰기 성취기준, 소리와 표기가 다름을 알고 정확하게 발음하고 쓰기에 대한 문법 성취기준, 말놀이와 낭송에 관한 문학 성취기준 등과 연계하여 지도한다.
• 정확히 소리 내어 읽기나 알맞게 띄어 읽기를 지도할 때는 학습자가 해당 성취기준에 대한 학습 시간에는 물론이고, 일상생활에서도 학교 안내판, 학급 게시판, 광고지 등 주변에서 접할 수 있는 읽기 자료를 보고 스스로 읽기 활동에 적극적으로 참여할 수 있도록 관심을 기울여 지도한다. 나아가 가정에서도 쉽게 접할 수 있는 읽기 자료를 보고 정확히 소리 내어 읽고 알맞게 글을 읽는지 점검하도록 안내하여 학교 안팎에서의 기초 읽기 능력이 균형 있게 발달할 수 있도록 한다.
• 알맞게 띄어 읽기는 함께 읽기와 혼자 읽은 후 짝과 함께 상호 점검하며 읽기 등의 방법을 활용한다. 이때 의미에 따라 여러 단위에서 띄어 읽기가 가능하므로 기계적으로 띄어 읽기를 하지 않도록 유의한다.
• 학습자가 한글 학습에 흥미를 느끼고 지속적으로 참여할 수 있도록 몸으로 문자를 표현하는 등의 신체 놀이, 첫음절이 같은 단어를 다양하게 떠올려 보는 연상 놀이 등을 활동 중심 수업과 연계하여 지도할 수 있다. 또한 이 시기는 한글 학습을 통해 기초적인 읽기 능력 계발뿐만 아니라 학습자가 읽기에 대한 흥미를 형성하는 매우 중요한 시기이다. 따라서 학습자가 자신의 수준과 흥미에 맞는 책을 읽은 후 자신의 생각을 표현하는 놀이나 활동⋅체험 등을 연계하여 즐거운 독서 경험을 통해 독서에 대한 긍정적인 태도를 기를 수 있도록 지도한다.
• 일반 학습자를 포함하여, 다문화 배경 학습자나 느린 학습자 등의 특별한 요구가 있는 경우에는 해당 성취기준에 대한 개별화 맞춤형 수업을 통해 정확히 소리 내어 읽기와 알맞게 띄어 읽기 등의 한글 깨치기 학습이 충실히 이루어질 수 있도록 지도한다."
1~2,국어,읽기,"⋅읽기는 독자가 자신의 배경지식이나 경험을 활용하여 언어를 비롯한 다양한 기호나 매체로 표현된 글의 의미를 능동적으로 구성하는 행위이다. 
⋅독자는 다양한 상황 맥락과 사회⋅문화적 맥락 속에서 자신의 읽기 목적을 달성하기 위하여 다양한 유형의 글을 읽는다. 
⋅독자는 읽기 과정을 점검⋅조정하며 읽기 과정에서 부딪히는 문제를 해결하기 위해 적절한 읽기 전략을 사용하여 글을 읽는다. 
⋅독자는 읽기 경험을 통해 읽기에 대한 긍정적 정서를 형성하고 삶과 공동체의 문제 해결을 위해 공동체 구성원과 함께 독서를 통해 소통함으로써 사회적 독서 문화를 만들어 간다.",2국02-04,인물의 마음이나 생각을 짐작하고 이를 자신과 비교하며 글을 읽는다.,인물의 마음이나 생각을 정확하게 짐작하고 이를 자신의 관점과 능동적으로 비교하며 글을 읽을 수 있다.,인물의 마음이나 생각을 짐작하고 이를 자신의 관점과 비교하며 글을 읽을 수 있다.,인물의 마음이나 생각을 부분적으로 짐작하고 이를 자신의 관점과 일부 비교하며 글을 읽는다.,"[2국02-04] 이 성취기준은 글에 등장하는 인물의 마음과 생각을 짐작하는 능력과 타인에 대한 공감 능력을 기르기 위해 설정하였다. 인물의 마음이나 생각을 짐작하는 것은 글의 내용에 대한 이해와 더불어 실제 주변 인물에 대한 이해를 높이는 데 도움이 된다. 인물의 처지나 상황을 파악하기, 자신의 경험에 비추어 인물의 마음이나 생각 짐작하기, 감정을 드러내는 다양한 어휘를 활용하여 인물의 마음이나 생각을 표현하기, 인물의 마음이나 생각과 관련된 자신의 경험이나 생각을 떠올리며 비교하기 등을 학습한다.","• 읽기 성취기준과 타 영역의 성취기준을 분리해서 지도하기보다 상호 연계하여 국어 활동의 총체성을 구현하도록 한다. 예를 들어 정확히 소리 내어 읽기와 관련한 성취기준은 글자와 단어를 바로 쓰기에 대한 쓰기 성취기준, 소리와 표기가 다름을 알고 정확하게 발음하고 쓰기에 대한 문법 성취기준, 말놀이와 낭송에 관한 문학 성취기준 등과 연계하여 지도한다.
• 정확히 소리 내어 읽기나 알맞게 띄어 읽기를 지도할 때는 학습자가 해당 성취기준에 대한 학습 시간에는 물론이고, 일상생활에서도 학교 안내판, 학급 게시판, 광고지 등 주변에서 접할 수 있는 읽기 자료를 보고 스스로 읽기 활동에 적극적으로 참여할 수 있도록 관심을 기울여 지도한다. 나아가 가정에서도 쉽게 접할 수 있는 읽기 자료를 보고 정확히 소리 내어 읽고 알맞게 글을 읽는지 점검하도록 안내하여 학교 안팎에서의 기초 읽기 능력이 균형 있게 발달할 수 있도록 한다.
• 알맞게 띄어 읽기는 함께 읽기와 혼자 읽은 후 짝과 함께 상호 점검하며 읽기 등의 방법을 활용한다. 이때 의미에 따라 여러 단위에서 띄어 읽기가 가능하므로 기계적으로 띄어 읽기를 하지 않도록 유의한다.
• 학습자가 한글 학습에 흥미를 느끼고 지속적으로 참여할 수 있도록 몸으로 문자를 표현하는 등의 신체 놀이, 첫음절이 같은 단어를 다양하게 떠올려 보는 연상 놀이 등을 활동 중심 수업과 연계하여 지도할 수 있다. 또한 이 시기는 한글 학습을 통해 기초적인 읽기 능력 계발뿐만 아니라 학습자가 읽기에 대한 흥미를 형성하는 매우 중요한 시기이다. 따라서 학습자가 자신의 수준과 흥미에 맞는 책을 읽은 후 자신의 생각을 표현하는 놀이나 활동⋅체험 등을 연계하여 즐거운 독서 경험을 통해 독서에 대한 긍정적인 태도를 기를 수 있도록 지도한다.
• 일반 학습자를 포함하여, 다문화 배경 학습자나 느린 학습자 등의 특별한 요구가 있는 경우에는 해당 성취기준에 대한 개별화 맞춤형 수업을 통해 정확히 소리 내어 읽기와 알맞게 띄어 읽기 등의 한글 깨치기 학습이 충실히 이루어질 수 있도록 지도한다."
1~2,국어,읽기,"⋅읽기는 독자가 자신의 배경지식이나 경험을 활용하여 언어를 비롯한 다양한 기호나 매체로 표현된 글의 의미를 능동적으로 구성하는 행위이다. 
⋅독자는 다양한 상황 맥락과 사회⋅문화적 맥락 속에서 자신의 읽기 목적을 달성하기 위하여 다양한 유형의 글을 읽는다. 
⋅독자는 읽기 과정을 점검⋅조정하며 읽기 과정에서 부딪히는 문제를 해결하기 위해 적절한 읽기 전략을 사용하여 글을 읽는다. 
⋅독자는 읽기 경험을 통해 읽기에 대한 긍정적 정서를 형성하고 삶과 공동체의 문제 해결을 위해 공동체 구성원과 함께 독서를 통해 소통함으로써 사회적 독서 문화를 만들어 간다.",2국02-05,읽기에 흥미를 가지고 즐겨 읽는 태도를 지닌다.,읽기에 흥미를 가지고 읽기 경험을 긍정적으로 수용하며 즐겨 읽는 태도를 지닌다.,읽기에 흥미를 가지고 긍정적으로 즐겨 읽는 태도를 지닌다.,읽기에 일부 흥미를 보인다.,,"• 읽기 성취기준과 타 영역의 성취기준을 분리해서 지도하기보다 상호 연계하여 국어 활동의 총체성을 구현하도록 한다. 예를 들어 정확히 소리 내어 읽기와 관련한 성취기준은 글자와 단어를 바로 쓰기에 대한 쓰기 성취기준, 소리와 표기가 다름을 알고 정확하게 발음하고 쓰기에 대한 문법 성취기준, 말놀이와 낭송에 관한 문학 성취기준 등과 연계하여 지도한다.
• 정확히 소리 내어 읽기나 알맞게 띄어 읽기를 지도할 때는 학습자가 해당 성취기준에 대한 학습 시간에는 물론이고, 일상생활에서도 학교 안내판, 학급 게시판, 광고지 등 주변에서 접할 수 있는 읽기 자료를 보고 스스로 읽기 활동에 적극적으로 참여할 수 있도록 관심을 기울여 지도한다. 나아가 가정에서도 쉽게 접할 수 있는 읽기 자료를 보고 정확히 소리 내어 읽고 알맞게 글을 읽는지 점검하도록 안내하여 학교 안팎에서의 기초 읽기 능력이 균형 있게 발달할 수 있도록 한다.
• 알맞게 띄어 읽기는 함께 읽기와 혼자 읽은 후 짝과 함께 상호 점검하며 읽기 등의 방법을 활용한다. 이때 의미에 따라 여러 단위에서 띄어 읽기가 가능하므로 기계적으로 띄어 읽기를 하지 않도록 유의한다.
• 학습자가 한글 학습에 흥미를 느끼고 지속적으로 참여할 수 있도록 몸으로 문자를 표현하는 등의 신체 놀이, 첫음절이 같은 단어를 다양하게 떠올려 보는 연상 놀이 등을 활동 중심 수업과 연계하여 지도할 수 있다. 또한 이 시기는 한글 학습을 통해 기초적인 읽기 능력 계발뿐만 아니라 학습자가 읽기에 대한 흥미를 형성하는 매우 중요한 시기이다. 따라서 학습자가 자신의 수준과 흥미에 맞는 책을 읽은 후 자신의 생각을 표현하는 놀이나 활동⋅체험 등을 연계하여 즐거운 독서 경험을 통해 독서에 대한 긍정적인 태도를 기를 수 있도록 지도한다.
• 일반 학습자를 포함하여, 다문화 배경 학습자나 느린 학습자 등의 특별한 요구가 있는 경우에는 해당 성취기준에 대한 개별화 맞춤형 수업을 통해 정확히 소리 내어 읽기와 알맞게 띄어 읽기 등의 한글 깨치기 학습이 충실히 이루어질 수 있도록 지도한다."
1~2,국어,쓰기,"⋅쓰기는 언어를 비롯한 다양한 기호나 매체를 활용하여 인간의 생각과 감정을 글로 표현함으로써 의미를 구성하는 행위이다. 
⋅필자는 상황 맥락 및 사회⋅문화적 맥락 속에서 자신의 의사소통 목적을 달성하기 위하여 다양한 유형의 글을 쓴다. 
⋅필자는 쓰기 과정에서 부딪히는 문제를 해결하기 위하여 적절한 쓰기 전략을 사용하여 글을 쓴다. 
⋅필자는 쓰기 경험을 통해 언어 공동체의 구성원으로 성장하고, 쓰기 윤리를 갖추어 독자와 소통함으로써 바람직한 의사소통 문화를 만들어 간다.",2국03-01,글자와 단어를 바르게 쓴다.,바른 자세로 글자와 단어를 바르고 정확하게 쓸 수 있다.,글자와 단어를 바르고 정확하게 쓸 수 있다.,글자와 간단한 단어를 쓴다.,,"• 글자와 단어를 쓰는 것은 쓰기의 기초에 해당한다. 글자를 정확하게 쓰기 위해서 바른 자세로 필순과 글자의 짜임에 맞게 낱자를 쓰게 한다. 글자의 복잡성 정도를 고려하여 처음에는 받침이 없는 간단한 글자부터 시작하여 점차 받침이 있는 복잡한 글자를 쓸 수 있게 한다. 글자를 어느 정도 익히고 난 후에는 단어부터 문장 쓰기까지 경험하도록 한다. 쓰기의 기초에 해당하는 내용은 읽기 영역의 ‘읽기의 기초’와 문법 영역의 ‘한글의 기초와 국어 규범’과 연계하여 지도할 수 있다. 
• 기초 한글 학습이 부족한 학습자를 위해서 문자 학습에 흥미를 느낄 수 있도록 신체 놀이, 연상 놀이, 질문 놀이 등 놀이 중심으로 교수⋅학습을 진행한다.
• 학습자가 쓰기 분량에 부담을 갖지 않도록 자신의 생각을 한두 문장으로 자유롭게 구성하도록 지도하며, 맞춤법이나 띄어쓰기와 같은 규범을 강조하기보다 쓰기에 흥미를 가질 수 있도록 지도하는 데 중점을 둔다. 
• 학습자가 쉽게 글감을 마련하여 쓸 수 있도록 인상 깊었던 일이나 자신이 경험한 일을 친구에게 이야기하듯이 글로 쓰도록 지도한다. 문자 언어의 관습과 규범에 익숙하지 않은 학습자들이 큰 어려움을 느끼지 않으며 글을 쓸 수 있도록 자신의 경험을 글과 그림으로 함께 표현하도록 지도하는 것도 가능하다. 또한 자신이 쓴 글을 다른 사람들과 나누는 과정을 통해 쓰기에 대해 긍정적인 인식을 갖게 하여 쓰기가 자신을 표현하고 사람들과 소통하는 방법임을 깨닫도록 한다.
• 받아쓰기는 글자를 정확하게 쓰는 데 도움이 될 수 있으나, 학습자가 부담을 갖게 되면 국어 활동에 자신감을 잃을 수도 있으므로 신중하게 활용한다. 학습자의 수준을 넘는 어려운 글자나 복잡한 띄어쓰기가 포함된 문장을 피하도록 한다. "
1~2,국어,쓰기,"⋅쓰기는 언어를 비롯한 다양한 기호나 매체를 활용하여 인간의 생각과 감정을 글로 표현함으로써 의미를 구성하는 행위이다. 
⋅필자는 상황 맥락 및 사회⋅문화적 맥락 속에서 자신의 의사소통 목적을 달성하기 위하여 다양한 유형의 글을 쓴다. 
⋅필자는 쓰기 과정에서 부딪히는 문제를 해결하기 위하여 적절한 쓰기 전략을 사용하여 글을 쓴다. 
⋅필자는 쓰기 경험을 통해 언어 공동체의 구성원으로 성장하고, 쓰기 윤리를 갖추어 독자와 소통함으로써 바람직한 의사소통 문화를 만들어 간다.",2국03-02,쓰기에 흥미를 가지며 자신의 생각이나 느낌을 문장으로 표현한다.,쓰기에 흥미를 가지며 자신의 생각과 느낌을 다양한 문장으로 다채롭게 표현할 수 있다.,쓰기에 흥미를 가지며 자신의 생각이나 느낌을 다양한 문장으로 표현할 수 있다.,쓰기에 일부 흥미를 가지며 자신의 생각이나 느낌의 일부를 문장으로 표현한다.,"[2국03-02] 이 성취기준은 쓰기에 흥미를 가지고 자신의 생각이나 느낌을 문장으로 표현하는 능력을 기르기 위해 설정하였다. 쓰기에 대한 긍정적인 인식을 가지고 문장 쓰기를 수행하는 것은 필자로 성장하기 위한 출발점에 해당한다. 자신의 생각이나 느낌을 문장으로 구성하는 방법, 꾸며 주는 말을 넣어 자신의 생각이나 느낌을 표현하는 방법 등을 학습한다. 이를 통해 학습자가 자신이 쓰고 싶은 화제나 주제를 찾아 다양한 문장으로 표현하는 즐거움을 경험하도록 한다.","• 글자와 단어를 쓰는 것은 쓰기의 기초에 해당한다. 글자를 정확하게 쓰기 위해서 바른 자세로 필순과 글자의 짜임에 맞게 낱자를 쓰게 한다. 글자의 복잡성 정도를 고려하여 처음에는 받침이 없는 간단한 글자부터 시작하여 점차 받침이 있는 복잡한 글자를 쓸 수 있게 한다. 글자를 어느 정도 익히고 난 후에는 단어부터 문장 쓰기까지 경험하도록 한다. 쓰기의 기초에 해당하는 내용은 읽기 영역의 ‘읽기의 기초’와 문법 영역의 ‘한글의 기초와 국어 규범’과 연계하여 지도할 수 있다. 
• 기초 한글 학습이 부족한 학습자를 위해서 문자 학습에 흥미를 느낄 수 있도록 신체 놀이, 연상 놀이, 질문 놀이 등 놀이 중심으로 교수⋅학습을 진행한다.
• 학습자가 쓰기 분량에 부담을 갖지 않도록 자신의 생각을 한두 문장으로 자유롭게 구성하도록 지도하며, 맞춤법이나 띄어쓰기와 같은 규범을 강조하기보다 쓰기에 흥미를 가질 수 있도록 지도하는 데 중점을 둔다. 
• 학습자가 쉽게 글감을 마련하여 쓸 수 있도록 인상 깊었던 일이나 자신이 경험한 일을 친구에게 이야기하듯이 글로 쓰도록 지도한다. 문자 언어의 관습과 규범에 익숙하지 않은 학습자들이 큰 어려움을 느끼지 않으며 글을 쓸 수 있도록 자신의 경험을 글과 그림으로 함께 표현하도록 지도하는 것도 가능하다. 또한 자신이 쓴 글을 다른 사람들과 나누는 과정을 통해 쓰기에 대해 긍정적인 인식을 갖게 하여 쓰기가 자신을 표현하고 사람들과 소통하는 방법임을 깨닫도록 한다.
• 받아쓰기는 글자를 정확하게 쓰는 데 도움이 될 수 있으나, 학습자가 부담을 갖게 되면 국어 활동에 자신감을 잃을 수도 있으므로 신중하게 활용한다. 학습자의 수준을 넘는 어려운 글자나 복잡한 띄어쓰기가 포함된 문장을 피하도록 한다. "
1~2,국어,쓰기,"⋅쓰기는 언어를 비롯한 다양한 기호나 매체를 활용하여 인간의 생각과 감정을 글로 표현함으로써 의미를 구성하는 행위이다. 
⋅필자는 상황 맥락 및 사회⋅문화적 맥락 속에서 자신의 의사소통 목적을 달성하기 위하여 다양한 유형의 글을 쓴다. 
⋅필자는 쓰기 과정에서 부딪히는 문제를 해결하기 위하여 적절한 쓰기 전략을 사용하여 글을 쓴다. 
⋅필자는 쓰기 경험을 통해 언어 공동체의 구성원으로 성장하고, 쓰기 윤리를 갖추어 독자와 소통함으로써 바람직한 의사소통 문화를 만들어 간다.",2국03-03,주변 소재에 대해 소개하는 글을 쓴다.,주변 소재에 대해 쓸 내용을 풍부하게 생성하고 다양하게 표현하며 소개하는 글을 쓸 수 있다.,주변 소재에 대해 쓸 내용을 생성하여 소개하는 글을 쓸 수 있다.,주변 소재에 대해 부분적인 수준에서 소개하는 글을 쓴다.,,"• 글자와 단어를 쓰는 것은 쓰기의 기초에 해당한다. 글자를 정확하게 쓰기 위해서 바른 자세로 필순과 글자의 짜임에 맞게 낱자를 쓰게 한다. 글자의 복잡성 정도를 고려하여 처음에는 받침이 없는 간단한 글자부터 시작하여 점차 받침이 있는 복잡한 글자를 쓸 수 있게 한다. 글자를 어느 정도 익히고 난 후에는 단어부터 문장 쓰기까지 경험하도록 한다. 쓰기의 기초에 해당하는 내용은 읽기 영역의 ‘읽기의 기초’와 문법 영역의 ‘한글의 기초와 국어 규범’과 연계하여 지도할 수 있다. 
• 기초 한글 학습이 부족한 학습자를 위해서 문자 학습에 흥미를 느낄 수 있도록 신체 놀이, 연상 놀이, 질문 놀이 등 놀이 중심으로 교수⋅학습을 진행한다.
• 학습자가 쓰기 분량에 부담을 갖지 않도록 자신의 생각을 한두 문장으로 자유롭게 구성하도록 지도하며, 맞춤법이나 띄어쓰기와 같은 규범을 강조하기보다 쓰기에 흥미를 가질 수 있도록 지도하는 데 중점을 둔다. 
• 학습자가 쉽게 글감을 마련하여 쓸 수 있도록 인상 깊었던 일이나 자신이 경험한 일을 친구에게 이야기하듯이 글로 쓰도록 지도한다. 문자 언어의 관습과 규범에 익숙하지 않은 학습자들이 큰 어려움을 느끼지 않으며 글을 쓸 수 있도록 자신의 경험을 글과 그림으로 함께 표현하도록 지도하는 것도 가능하다. 또한 자신이 쓴 글을 다른 사람들과 나누는 과정을 통해 쓰기에 대해 긍정적인 인식을 갖게 하여 쓰기가 자신을 표현하고 사람들과 소통하는 방법임을 깨닫도록 한다.
• 받아쓰기는 글자를 정확하게 쓰는 데 도움이 될 수 있으나, 학습자가 부담을 갖게 되면 국어 활동에 자신감을 잃을 수도 있으므로 신중하게 활용한다. 학습자의 수준을 넘는 어려운 글자나 복잡한 띄어쓰기가 포함된 문장을 피하도록 한다. "
1~2,국어,쓰기,"⋅쓰기는 언어를 비롯한 다양한 기호나 매체를 활용하여 인간의 생각과 감정을 글로 표현함으로써 의미를 구성하는 행위이다. 
⋅필자는 상황 맥락 및 사회⋅문화적 맥락 속에서 자신의 의사소통 목적을 달성하기 위하여 다양한 유형의 글을 쓴다. 
⋅필자는 쓰기 과정에서 부딪히는 문제를 해결하기 위하여 적절한 쓰기 전략을 사용하여 글을 쓴다. 
⋅필자는 쓰기 경험을 통해 언어 공동체의 구성원으로 성장하고, 쓰기 윤리를 갖추어 독자와 소통함으로써 바람직한 의사소통 문화를 만들어 간다.",2국03-04,"겪은 일을 표현하는 글을 자유롭게 쓰고, 쓴 글을 함께 읽고 생각이나 느낌을 나눈다.","겪은 일에 대해 쓸 내용을 다양하게 생성하여 자유롭게 쓰고, 쓴 글을 함께 읽고 서로의 생각과 느낌을 적극적으로 나눌 수 있다.","겪은 일을 표현하는 글을 자유롭게 쓰고, 쓴 글을 함께 읽고 자신의 생각이나 느낌을 표현하거나 타인의 생각이나 느낌을 받아들일 수 있다.","자신이 겪은 일을 글로 쓰고, 다른 사람이 쓴 글을 읽고 자신의 생각이나 느낌의 일부를 표현한다.","[2국03-04] 이 성취기준은 자신이 겪은 일을 내용이나 형식에 제한 없이 자유롭게 표현하고, 그 과정과 결과를 독자와 공유하는 데에 필요한 능력과 태도를 기르기 위해 설정하였다. 자신이 겪은 일 중 글로 쓰고 싶은 경험 떠올리기, 경험에 대한 자신의 생각이나 느낌 떠올리기, 자유롭게 표현하기, 쓴 글을 함께 읽고 반응하기 등을 학습한다.","• 글자와 단어를 쓰는 것은 쓰기의 기초에 해당한다. 글자를 정확하게 쓰기 위해서 바른 자세로 필순과 글자의 짜임에 맞게 낱자를 쓰게 한다. 글자의 복잡성 정도를 고려하여 처음에는 받침이 없는 간단한 글자부터 시작하여 점차 받침이 있는 복잡한 글자를 쓸 수 있게 한다. 글자를 어느 정도 익히고 난 후에는 단어부터 문장 쓰기까지 경험하도록 한다. 쓰기의 기초에 해당하는 내용은 읽기 영역의 ‘읽기의 기초’와 문법 영역의 ‘한글의 기초와 국어 규범’과 연계하여 지도할 수 있다. 
• 기초 한글 학습이 부족한 학습자를 위해서 문자 학습에 흥미를 느낄 수 있도록 신체 놀이, 연상 놀이, 질문 놀이 등 놀이 중심으로 교수⋅학습을 진행한다.
• 학습자가 쓰기 분량에 부담을 갖지 않도록 자신의 생각을 한두 문장으로 자유롭게 구성하도록 지도하며, 맞춤법이나 띄어쓰기와 같은 규범을 강조하기보다 쓰기에 흥미를 가질 수 있도록 지도하는 데 중점을 둔다. 
• 학습자가 쉽게 글감을 마련하여 쓸 수 있도록 인상 깊었던 일이나 자신이 경험한 일을 친구에게 이야기하듯이 글로 쓰도록 지도한다. 문자 언어의 관습과 규범에 익숙하지 않은 학습자들이 큰 어려움을 느끼지 않으며 글을 쓸 수 있도록 자신의 경험을 글과 그림으로 함께 표현하도록 지도하는 것도 가능하다. 또한 자신이 쓴 글을 다른 사람들과 나누는 과정을 통해 쓰기에 대해 긍정적인 인식을 갖게 하여 쓰기가 자신을 표현하고 사람들과 소통하는 방법임을 깨닫도록 한다.
• 받아쓰기는 글자를 정확하게 쓰는 데 도움이 될 수 있으나, 학습자가 부담을 갖게 되면 국어 활동에 자신감을 잃을 수도 있으므로 신중하게 활용한다. 학습자의 수준을 넘는 어려운 글자나 복잡한 띄어쓰기가 포함된 문장을 피하도록 한다. "
1~2,국어,문법,"⋅문법은 국어의 형식과 내용을 이루는 틀로서 규칙과 원리로 구성⋅운영되며, 문법 탐구는 문법에 대해 사고하는 활동으로 국어에 대한 총체적 앎을 이끈다. 
⋅국어는 체계와 구조를 갖춘 의미 생성 자원이자, 사회적으로 구성된 관습적 규약이며, 공동체의 사고와 가치를 표상하는 문화적 산물이다. 
⋅국어 자료는 다양한 맥락에서 만들어지는 의사소통의 결과물로서, 국어 현상을 파악하고 국어 문제를 발견할 수 있는 문법 탐구의 대상이다. 
⋅국어 사용자는 일상생활에서 국어 현상과 국어 문제를 탐구하고 성찰하면서 언어 주체로서의 정체성과 국어 의식을 형성한다.",2국04-01,한글 자모의 이름과 소릿값을 알고 정확하게 발음하고 쓴다.,한글 자모의 이름과 소릿값을 바르게 알고 한글 자모를 소릿값대로 정확하게 발음하고 쓸 수 있다.,한글 자모의 이름과 소릿값을 알고 한글 자모를 소릿값대로 발음하고 쓸 수 있다.,한글 자모의 이름과 소릿값의 일부를 알고 발음하며 쓴다.,,"• 읽기 영역의 ‘읽기의 기초’, 쓰기 영역의 ‘쓰기의 기초’ 성취기준과 연계하여 ‘낱자, 글자, 단어, 문장’에 대한 순차적이고 체계적인 학습을 제공함으로써 입학 초기 기초 문식성을 지원하도록 한다. 특히 단어를 다룰 때는 소리와 표기가 일치하는 단어부터 소리와 표기가 일치하지 않는 단어로 학습 범위를 점차 확장하여, 소리와 표기가 일치하지 않지만 자주 쓰이는 단어를 어법에 맞게 적고 바르게 읽을 수 있도록 지도한다. 이를 통해 한글 학습 및 맞춤법의 기초를 닦을 수 있도록 한다. 
• 기초적인 한글 학습을 위해 문법을 지도할 때는 성취기준 설정 취지에 맞게 단계적이고 순차적으로 학습 요소를 설정한다. 또한 다양한 국어 자료를 바탕으로 말놀이나 신체 놀이, 수수께끼 등 흥미로운 활동을 계획하여, 학습자들의 수준이 다르더라도 소외되는 학습자 없이 문법 활동에 모두 적극적으로 참여할 수 있도록 지도한다.
• 한글에 대해 관심과 흥미를 가질 수 있도록 다양한 글이나 담화 자료뿐만 아니라 일상에서 접할 수 있는 다양한 매체 자료를 두루 활용하여, 학습자들이 국어의 표기 수단인 한글에 호기심을 가질 수 있도록 지도한다. "
1~2,국어,문법,"⋅문법은 국어의 형식과 내용을 이루는 틀로서 규칙과 원리로 구성⋅운영되며, 문법 탐구는 문법에 대해 사고하는 활동으로 국어에 대한 총체적 앎을 이끈다. 
⋅국어는 체계와 구조를 갖춘 의미 생성 자원이자, 사회적으로 구성된 관습적 규약이며, 공동체의 사고와 가치를 표상하는 문화적 산물이다. 
⋅국어 자료는 다양한 맥락에서 만들어지는 의사소통의 결과물로서, 국어 현상을 파악하고 국어 문제를 발견할 수 있는 문법 탐구의 대상이다. 
⋅국어 사용자는 일상생활에서 국어 현상과 국어 문제를 탐구하고 성찰하면서 언어 주체로서의 정체성과 국어 의식을 형성한다.",2국04-02,소리와 표기가 다를 수 있음을 알고 단어를 바르게 읽고 쓴다.,소리와 표기가 같거나 다를 수 있음을 정확하게 알고 단어를 바르게 읽고 쓸 수 있다.,소리와 표기가 같거나 다를 수 있음을 알고 단어를 읽고 쓸 수 있다.,소리와 표기가 같거나 다를 수 있음을 부분적인 수준에서 알고 단어를 읽고 쓴다.,,"• 읽기 영역의 ‘읽기의 기초’, 쓰기 영역의 ‘쓰기의 기초’ 성취기준과 연계하여 ‘낱자, 글자, 단어, 문장’에 대한 순차적이고 체계적인 학습을 제공함으로써 입학 초기 기초 문식성을 지원하도록 한다. 특히 단어를 다룰 때는 소리와 표기가 일치하는 단어부터 소리와 표기가 일치하지 않는 단어로 학습 범위를 점차 확장하여, 소리와 표기가 일치하지 않지만 자주 쓰이는 단어를 어법에 맞게 적고 바르게 읽을 수 있도록 지도한다. 이를 통해 한글 학습 및 맞춤법의 기초를 닦을 수 있도록 한다. 
• 기초적인 한글 학습을 위해 문법을 지도할 때는 성취기준 설정 취지에 맞게 단계적이고 순차적으로 학습 요소를 설정한다. 또한 다양한 국어 자료를 바탕으로 말놀이나 신체 놀이, 수수께끼 등 흥미로운 활동을 계획하여, 학습자들의 수준이 다르더라도 소외되는 학습자 없이 문법 활동에 모두 적극적으로 참여할 수 있도록 지도한다.
• 한글에 대해 관심과 흥미를 가질 수 있도록 다양한 글이나 담화 자료뿐만 아니라 일상에서 접할 수 있는 다양한 매체 자료를 두루 활용하여, 학습자들이 국어의 표기 수단인 한글에 호기심을 가질 수 있도록 지도한다. "
1~2,국어,문법,"⋅문법은 국어의 형식과 내용을 이루는 틀로서 규칙과 원리로 구성⋅운영되며, 문법 탐구는 문법에 대해 사고하는 활동으로 국어에 대한 총체적 앎을 이끈다. 
⋅국어는 체계와 구조를 갖춘 의미 생성 자원이자, 사회적으로 구성된 관습적 규약이며, 공동체의 사고와 가치를 표상하는 문화적 산물이다. 
⋅국어 자료는 다양한 맥락에서 만들어지는 의사소통의 결과물로서, 국어 현상을 파악하고 국어 문제를 발견할 수 있는 문법 탐구의 대상이다. 
⋅국어 사용자는 일상생활에서 국어 현상과 국어 문제를 탐구하고 성찰하면서 언어 주체로서의 정체성과 국어 의식을 형성한다.",2국04-03,문장과 문장 부호를 알맞게 쓰고 한글에 호기심을 가진다.,"문장 부호를 정확하게 알며, 문장과 문장 부호를 적절하게 쓰고 한글에 지속적인 호기심을 가진다.","문장 부호를 알며, 문장과 문장 부호를 적절하게 쓰고 한글에 호기심을 가진다.","문장 부호를 일부 알며, 문장과 문장 부호를 쓰고 한글에 호기심을 가진다.","[2국04-03] 이 성취기준은 문장으로 의사소통하기 위해 필요한 기초적인 문식성을 기르고, 글자, 단어, 문장을 주의 깊게 관찰하고 탐구하는 자세를 기르기 위해 설정하였다. 자신의 생각을 문장으로 쓰는 것은 의사소통 능력의 핵심으로서, 특히 한글 학습 초기에는 음성 언어와는 다른 문자 언어의 특성을 이해하는 것이 중요하다. 문장 부호의 이름과 쓰임, 평서문⋅의문문⋅감탄문 등 다양한 종류의 문장 쓰기와 그에 따른 문장 부호 사용하기를 다루되, 문장 부호 사용의 필요성을 깨닫고 문장을 비롯하여 문장을 이루는 글자, 단어에도 호기심을 갖도록 한다.","• 읽기 영역의 ‘읽기의 기초’, 쓰기 영역의 ‘쓰기의 기초’ 성취기준과 연계하여 ‘낱자, 글자, 단어, 문장’에 대한 순차적이고 체계적인 학습을 제공함으로써 입학 초기 기초 문식성을 지원하도록 한다. 특히 단어를 다룰 때는 소리와 표기가 일치하는 단어부터 소리와 표기가 일치하지 않는 단어로 학습 범위를 점차 확장하여, 소리와 표기가 일치하지 않지만 자주 쓰이는 단어를 어법에 맞게 적고 바르게 읽을 수 있도록 지도한다. 이를 통해 한글 학습 및 맞춤법의 기초를 닦을 수 있도록 한다. 
• 기초적인 한글 학습을 위해 문법을 지도할 때는 성취기준 설정 취지에 맞게 단계적이고 순차적으로 학습 요소를 설정한다. 또한 다양한 국어 자료를 바탕으로 말놀이나 신체 놀이, 수수께끼 등 흥미로운 활동을 계획하여, 학습자들의 수준이 다르더라도 소외되는 학습자 없이 문법 활동에 모두 적극적으로 참여할 수 있도록 지도한다.
• 한글에 대해 관심과 흥미를 가질 수 있도록 다양한 글이나 담화 자료뿐만 아니라 일상에서 접할 수 있는 다양한 매체 자료를 두루 활용하여, 학습자들이 국어의 표기 수단인 한글에 호기심을 가질 수 있도록 지도한다. "
1~2,국어,문학,"⋅문학은 인간의 삶을 언어로 형상화한 작품을 통해 즐거움과 깨달음을 얻고 타자와 소통하는 행위이다. 
⋅문학 작품을 통한 소통은 작품의 갈래, 작가와 독자, 사회와 문화, 문학사의 영향 등을 고려하며 이루어진다. 
⋅문학 수용⋅생산 능력은 문학의 해석, 감상, 비평, 창작 활동을 통해 향상된다. 
⋅인간은 문학을 향유하면서 자아를 성찰하고 타자를 이해하며 공동체의 일원으로 성장한다.",2국05-01,"말놀이, 낭송 등을 통해 말의 재미와 즐거움을 느낀다.",말놀이에 적극적으로 참여하고 분위기를 살려 작품을 낭송하며 말의 재미와 즐거움을 느낄 수 있다.,말놀이에 참여하고 작품을 낭송하며 말의 재미와 즐거움을 느낄 수 있다.,간단한 말놀이나 작품 낭송에서 말의 재미를 느낀다.,"[2국05-01] 이 성취기준은 흥미로운 말놀이와 분위기를 살린 낭송을 통해 언어 활동의 재미와 즐거움을 느끼며 언어적 감수성을 기르게 하기 위해 설정하였다. 일상에서 쉽게 접할 수 있는 작품은 물론 일상적 대화 등을 통해 언어의 놀이적 성격을 인지하도록 하고, 의성어와 의태어, 규칙적으로 반복되는 소리, 언어유희, 재치 있는 문답, 수수께끼, 끝말잇기 등에서 말놀이의 재미와 가치를 느끼게 한다. 또한 작품의 느낌과 분위기를 살려 낭송해 보면서 목소리 크기나 말의 속도, 어조 등을 달리함에 따라 다양한 느낌을 전달할 수 있음을 알고 문학을 즐겨 향유하도록 한다.","• 학습자가 문학에 친밀감과 흥미를 느끼게 하는 데 중점을 둔다. 재미있는 발상과 표현이 담긴 작품을 활용하여 말의 재미를 느끼고, 작품을 읽은 뒤 자신의 생각이나 느낌, 작품과 관련된 경험을 다양하게 표현하는 활동을 통해 문학을 향유하는 데 필요한 기초 소양을 기르도록 한다.
• 작품에 대한 생각과 느낌을 표현하는 활동을 할 때는 학습자가 어렵지 않게 수행할 수 있는 수준에서 다른 영역 성취기준과 연계하여 통합적인 국어 능력이 신장될 수 있게 한다.
• 다문화 배경 학습자나 느린 학습자 등 특별한 지원이 필요한 경우 해당 성취기준에 대한 수준별 교과 수업, 협력 수업, 교과 수업 이외의 보충 수업, 기타 학업 지원을 통해 말놀이나 낭송, 작품에 대해 생각한 점 말하기 등의 활동이 충실히 이루어질 수 있도록 지도한다.
• 낭송이나 낭독을 지도할 때는 작품의 분위기나 느낌을 살려서 표현하는 데에 중점을 두되, 같은 작품이라도 낭송하는 사람에 따라 개성 있는 느낌과 분위기를 만들어 낼 수 있으므로 융통성을 가지고 허용적인 분위기 속에서 다양한 활동이 이루어지게 한다.
• 교과 외 시간에도 시나 노래, 이야기에 흥미를 가지고 즐겨 접하도록 독려함으로써 문학을 생활화하는 태도를 기르게 한다. 수업 시간에 작품의 일부만을 다루었거나 관련 있는 작품들을 더 읽는 것이 필요한 경우, 작품 전체 읽기, 다른 작품 함께 읽기 등을 통해 부족한 부분을 보완하도록 한다."
1~2,국어,문학,"⋅문학은 인간의 삶을 언어로 형상화한 작품을 통해 즐거움과 깨달음을 얻고 타자와 소통하는 행위이다. 
⋅문학 작품을 통한 소통은 작품의 갈래, 작가와 독자, 사회와 문화, 문학사의 영향 등을 고려하며 이루어진다. 
⋅문학 수용⋅생산 능력은 문학의 해석, 감상, 비평, 창작 활동을 통해 향상된다. 
⋅인간은 문학을 향유하면서 자아를 성찰하고 타자를 이해하며 공동체의 일원으로 성장한다.",2국05-02,작품을 듣거나 읽으면서 느끼거나 생각한 점을 말한다.,작품을 듣거나 읽으면서 느끼거나 생각한 점을 구체적으로 말하며 감상을 다른 사람과 즐겨 나눌 수 있다.,작품을 듣거나 읽으면서 느끼거나 생각한 점을 말하며 감상을 다른 사람과 나눌 수 있다.,작품을 듣거나 읽으면서 느끼거나 생각한 점을 간단한 말로 표현한다.,"[2국05-02] 이 성취기준은 학습자들이 작품에 대해 느끼거나 생각한 점을 다른 이들과 나누는 과정에서 문학에 대해 더욱 흥미를 느끼고, 주체적으로 작품을 수용하는 능력을 기르게 하기 위해 설정하였다. 학습자의 발달과 정서적 측면을 고려하여 시, 노래, 이야기 등 다양한 갈래의 작품을 제시하고, 학습자가 이들 작품을 대상으로 자신의 생각이나 느낌을 표현할 수 있도록 한다. 이 과정에서 학습자로 하여금 작품에 대한 다른 학습자들의 말을 경청하게 하고, 사람마다 작품을 다르게 받아들일 수 있다는 점을 이해하게 한다.","• 학습자가 문학에 친밀감과 흥미를 느끼게 하는 데 중점을 둔다. 재미있는 발상과 표현이 담긴 작품을 활용하여 말의 재미를 느끼고, 작품을 읽은 뒤 자신의 생각이나 느낌, 작품과 관련된 경험을 다양하게 표현하는 활동을 통해 문학을 향유하는 데 필요한 기초 소양을 기르도록 한다.
• 작품에 대한 생각과 느낌을 표현하는 활동을 할 때는 학습자가 어렵지 않게 수행할 수 있는 수준에서 다른 영역 성취기준과 연계하여 통합적인 국어 능력이 신장될 수 있게 한다.
• 다문화 배경 학습자나 느린 학습자 등 특별한 지원이 필요한 경우 해당 성취기준에 대한 수준별 교과 수업, 협력 수업, 교과 수업 이외의 보충 수업, 기타 학업 지원을 통해 말놀이나 낭송, 작품에 대해 생각한 점 말하기 등의 활동이 충실히 이루어질 수 있도록 지도한다.
• 낭송이나 낭독을 지도할 때는 작품의 분위기나 느낌을 살려서 표현하는 데에 중점을 두되, 같은 작품이라도 낭송하는 사람에 따라 개성 있는 느낌과 분위기를 만들어 낼 수 있으므로 융통성을 가지고 허용적인 분위기 속에서 다양한 활동이 이루어지게 한다.
• 교과 외 시간에도 시나 노래, 이야기에 흥미를 가지고 즐겨 접하도록 독려함으로써 문학을 생활화하는 태도를 기르게 한다. 수업 시간에 작품의 일부만을 다루었거나 관련 있는 작품들을 더 읽는 것이 필요한 경우, 작품 전체 읽기, 다른 작품 함께 읽기 등을 통해 부족한 부분을 보완하도록 한다."
1~2,국어,문학,"⋅문학은 인간의 삶을 언어로 형상화한 작품을 통해 즐거움과 깨달음을 얻고 타자와 소통하는 행위이다. 
⋅문학 작품을 통한 소통은 작품의 갈래, 작가와 독자, 사회와 문화, 문학사의 영향 등을 고려하며 이루어진다. 
⋅문학 수용⋅생산 능력은 문학의 해석, 감상, 비평, 창작 활동을 통해 향상된다. 
⋅인간은 문학을 향유하면서 자아를 성찰하고 타자를 이해하며 공동체의 일원으로 성장한다.",2국05-03,"작품 속 인물의 모습, 행동, 마음을 상상하여 시, 노래, 이야기, 그림 등으로 표현한다.","작품 속 인물의 모습, 행동, 마음을 구체적으로 상상하여 시, 노래, 이야기, 그림 등 다양한 방식으로 창의적으로 표현할 수 있다.","작품 속 인물의 모습, 행동, 마음을 상상하여 시, 노래, 이야기, 그림 등으로 표현할 수 있다.","작품 속 인물의 모습, 행동, 마음을 일부 상상하여 시, 노래, 이야기, 그림 등으로 간단하게 표현한다.",,"• 학습자가 문학에 친밀감과 흥미를 느끼게 하는 데 중점을 둔다. 재미있는 발상과 표현이 담긴 작품을 활용하여 말의 재미를 느끼고, 작품을 읽은 뒤 자신의 생각이나 느낌, 작품과 관련된 경험을 다양하게 표현하는 활동을 통해 문학을 향유하는 데 필요한 기초 소양을 기르도록 한다.
• 작품에 대한 생각과 느낌을 표현하는 활동을 할 때는 학습자가 어렵지 않게 수행할 수 있는 수준에서 다른 영역 성취기준과 연계하여 통합적인 국어 능력이 신장될 수 있게 한다.
• 다문화 배경 학습자나 느린 학습자 등 특별한 지원이 필요한 경우 해당 성취기준에 대한 수준별 교과 수업, 협력 수업, 교과 수업 이외의 보충 수업, 기타 학업 지원을 통해 말놀이나 낭송, 작품에 대해 생각한 점 말하기 등의 활동이 충실히 이루어질 수 있도록 지도한다.
• 낭송이나 낭독을 지도할 때는 작품의 분위기나 느낌을 살려서 표현하는 데에 중점을 두되, 같은 작품이라도 낭송하는 사람에 따라 개성 있는 느낌과 분위기를 만들어 낼 수 있으므로 융통성을 가지고 허용적인 분위기 속에서 다양한 활동이 이루어지게 한다.
• 교과 외 시간에도 시나 노래, 이야기에 흥미를 가지고 즐겨 접하도록 독려함으로써 문학을 생활화하는 태도를 기르게 한다. 수업 시간에 작품의 일부만을 다루었거나 관련 있는 작품들을 더 읽는 것이 필요한 경우, 작품 전체 읽기, 다른 작품 함께 읽기 등을 통해 부족한 부분을 보완하도록 한다."
1~2,국어,문학,"⋅문학은 인간의 삶을 언어로 형상화한 작품을 통해 즐거움과 깨달음을 얻고 타자와 소통하는 행위이다. 
⋅문학 작품을 통한 소통은 작품의 갈래, 작가와 독자, 사회와 문화, 문학사의 영향 등을 고려하며 이루어진다. 
⋅문학 수용⋅생산 능력은 문학의 해석, 감상, 비평, 창작 활동을 통해 향상된다. 
⋅인간은 문학을 향유하면서 자아를 성찰하고 타자를 이해하며 공동체의 일원으로 성장한다.",2국05-04,"시나 노래, 이야기에 흥미를 가진다.","다양한 시나 노래, 이야기를 스스로 찾아 감상하며 흥미를 가진다.","다양한 시나 노래, 이야기를 감상하는 데에 흥미를 가진다.","시나 노래, 이야기를 듣거나 읽는 데 관심을 가진다.",,"• 학습자가 문학에 친밀감과 흥미를 느끼게 하는 데 중점을 둔다. 재미있는 발상과 표현이 담긴 작품을 활용하여 말의 재미를 느끼고, 작품을 읽은 뒤 자신의 생각이나 느낌, 작품과 관련된 경험을 다양하게 표현하는 활동을 통해 문학을 향유하는 데 필요한 기초 소양을 기르도록 한다.
• 작품에 대한 생각과 느낌을 표현하는 활동을 할 때는 학습자가 어렵지 않게 수행할 수 있는 수준에서 다른 영역 성취기준과 연계하여 통합적인 국어 능력이 신장될 수 있게 한다.
• 다문화 배경 학습자나 느린 학습자 등 특별한 지원이 필요한 경우 해당 성취기준에 대한 수준별 교과 수업, 협력 수업, 교과 수업 이외의 보충 수업, 기타 학업 지원을 통해 말놀이나 낭송, 작품에 대해 생각한 점 말하기 등의 활동이 충실히 이루어질 수 있도록 지도한다.
• 낭송이나 낭독을 지도할 때는 작품의 분위기나 느낌을 살려서 표현하는 데에 중점을 두되, 같은 작품이라도 낭송하는 사람에 따라 개성 있는 느낌과 분위기를 만들어 낼 수 있으므로 융통성을 가지고 허용적인 분위기 속에서 다양한 활동이 이루어지게 한다.
• 교과 외 시간에도 시나 노래, 이야기에 흥미를 가지고 즐겨 접하도록 독려함으로써 문학을 생활화하는 태도를 기르게 한다. 수업 시간에 작품의 일부만을 다루었거나 관련 있는 작품들을 더 읽는 것이 필요한 경우, 작품 전체 읽기, 다른 작품 함께 읽기 등을 통해 부족한 부분을 보완하도록 한다."
1~2,국어,매체,"⋅매체는 소통을 매개하는 도구, 기술, 환경으로 당대 사회의 소통 방식과 소통 문화에 영향을 미친다. 
⋅매체 이용자는 매체 자료의 주체적인 수용과 생산을 통해 정체성을 형성하고 사회적 의미 구성 과정에 관여한다. 
⋅매체 이용자는 매체 및 매체 소통의 영향력에 대한 이해와 자신과 타인의 권리를 지키기 위한 적극적인 노력을 통해 건강한 소통 공동체를 형성한다.",2국06-01,일상의 다양한 매체와 매체 자료에 흥미와 관심을 가진다.,일상의 다양한 매체와 매체 자료에 대해 흥미와 관심이 높고 매체와 매체 자료의 종류와 특징을 구체적으로 안다.,일상의 다양한 매체와 매체 자료에 대해 흥미와 관심이 있고 매체와 매체 자료의 종류를 안다.,"매체와 매체 자료에 대한 흥미나 관심을 가지고, 매체와 매체 자료의 일부 종류를 안다.","[2국06-01] 이 성취기준은 매체와 관련된 일상 경험을 나눔으로써 매체와 매체 자료에 대한 흥미와 관심을 가지고 매체의 가치와 필요성을 자연스럽게 인식하도록 하기 위해 설정하였다. 매체란 소통을 매개하는 도구, 기술, 환경으로, 책, TV, 스마트폰, 컴퓨터, 태블릿, 인터넷 등이 이에 속하며, 매체 자료에는 그림책, 만화, 뉴스, 광고, 웹툰, 애니메이션, 영화 등이 있다. 이 성취기준에서는 학습자가 친숙한 매체와 매체 자료를 토대로 일상의 경험을 매체와 연결 지어 이야기하여 매체와 매체 자료의 개념과 쓰임을 이해하고 다양한 매체와 매체 자료에 흥미와 관심을 갖도록 한다.","• 매체 경험을 나눌 때는 학습자가 교육적으로 적절한 매체 자료를 선정할 수 있도록 안내를 제공할 필요가 있다. 또한 각자의 고유한 매체 이용 경험을 자유롭게 공유하도록 함으로써 학습자가 매체 및 매체 자료에 대한 흥미와 관심을 가질 수 있도록 한다. 
• 일상의 매체 자료에 대해 흥미와 관심을 갖는 활동은 읽기 영역에서 읽기에 흥미를 가지고 즐겨 있는 태도를 함양하는 활동([2국02-05])과 연계할 수 있다. 그리고 일상의 경험을 글과 그림으로 표현해 보는 활동은 쓰기 영역에서 자신의 생각이나 느낌을 문장으로 표현해 보는 활동([2국03-02]), 문학 영역에서 작품 속 내용을 시, 노래, 이야기, 그림 등으로 표현해 보는 활동([2국05-03])과 연계할 수 있다."
1~2,국어,매체,"⋅매체는 소통을 매개하는 도구, 기술, 환경으로 당대 사회의 소통 방식과 소통 문화에 영향을 미친다. 
⋅매체 이용자는 매체 자료의 주체적인 수용과 생산을 통해 정체성을 형성하고 사회적 의미 구성 과정에 관여한다. 
⋅매체 이용자는 매체 및 매체 소통의 영향력에 대한 이해와 자신과 타인의 권리를 지키기 위한 적극적인 노력을 통해 건강한 소통 공동체를 형성한다.",2국06-02,일상의 경험과 생각을 글과 그림으로 표현한다.,다양한 방식으로 글과 그림을 활용하여 일상의 경험과 자신의 생각을 효과적으로 표현할 수 있다.,글과 그림을 활용하여 일상의 경험과 자신의 생각을 표현할 수 있다.,글이나 그림을 일부 활용하여 자신의 경험이나 생각을 부분적으로 표현한다.,"[2국06-02] 이 성취기준은 글과 그림으로 자신의 생각과 느낌을 표현하는 즐거움을 경험하도록 하기 위해 설정하였다. 글, 그림(또는 사진, 이모티콘 등)을 활용하여 자신, 친구, 가족, 학교, 교실 등 친숙한 주제에 대해 표현하거나 그림일기를 작성해 보는 활동을 통해 자신의 경험과 생각을 다양한 방식으로 표현해 보는 데 중점을 둔다.","• 매체 경험을 나눌 때는 학습자가 교육적으로 적절한 매체 자료를 선정할 수 있도록 안내를 제공할 필요가 있다. 또한 각자의 고유한 매체 이용 경험을 자유롭게 공유하도록 함으로써 학습자가 매체 및 매체 자료에 대한 흥미와 관심을 가질 수 있도록 한다. 
• 일상의 매체 자료에 대해 흥미와 관심을 갖는 활동은 읽기 영역에서 읽기에 흥미를 가지고 즐겨 있는 태도를 함양하는 활동([2국02-05])과 연계할 수 있다. 그리고 일상의 경험을 글과 그림으로 표현해 보는 활동은 쓰기 영역에서 자신의 생각이나 느낌을 문장으로 표현해 보는 활동([2국03-02]), 문학 영역에서 작품 속 내용을 시, 노래, 이야기, 그림 등으로 표현해 보는 활동([2국05-03])과 연계할 수 있다."
1~2,수학,수와연산,"⋅사물의 양은 자연수, 분수, 소수 등으로 표현되며, 수는 자연수에서 정수, 유리수, 실수로 확장된다. 
⋅사칙계산은 자연수에 대해 정의되며 정수, 유리수, 실수의 사칙계산으로 확장되고 이때 연산의 성질이 일관되게 성립한다. 
⋅수와 사칙계산은 수학 학습의 기본이 되며, 실생활 문제를 포함한 다양한 문제를 해결하는 데 유용하게 활용된다.",2수01-01,"수의 필요성을 인식하면서 0과 100까지의 수 개념을 이해하고, 수를 세고 읽고 쓸 수 있다.","수가 사용되는 여러 가지 실생활 상황에서 수의 필요성을 말하고, 0과 50까지 또는 100까지의 수를 10개씩 묶음과 낱개로 나타내며, 수를 읽고 쓸 수 있다.","실생활에서 수가 사용되는 상황을 말하고, 10개씩 묶음과 낱개를 이용하여 0과 50까지 또는 100까지의 수 개념을 이해하며, 수를 읽고 쓸 수 있다.","실생활에서 수가 사용됨을 알고, 구체물을 세어 0과 50까지 또는 100까지의 수 개념을 이해하며, 수를 읽고 쓸 수 있다.",,"• ‘수와 연산’ 영역에서는 용어와 기호로 ‘덧셈, 뺄셈, 곱셈, 짝수, 홀수, , , , , , ’를 다룬다.
• 자연수가 개수, 순서, 이름 등을 나타내는 경우가 있음을 알고, 실생활에서 수가 사용되는 사례를 통하여 네 자리 이하의 수의 필요성을 인식하게 한다.
• 두 자리 수를 10개씩 묶음과 낱개로 나타내게 함으로써 위치적 기수법의 기초 개념을 형성하게 한다.
• 저학년 학생들의 한글 학습 정도를 고려하여 수를 ‘여덟’, ‘마흔아홉’, ‘칠십육’, ‘첫째’ 등과 같이 한글로 쓰게 하는 것은 지양한다.
• 수 세기가 필요한 장면에서 묶어 세기, 뛰어 세기의 방법으로 수를 세어 보게 한다.
• 짝수와 홀수는 20 이하의 수의 범위에서 다루고, 실생활 상황에서 둘씩 묶어 보는 활동을 통하여 짝수와 홀수를 직관적으로 이해하게 한다.
• 십의 자리 수가 0인 세 자리 수, 백의 자리 수나 십의 자리 수가 0인 네 자리 수를 활용하여 자릿값을 이해하게 할 수 있다.
• 수를 분해하고 합성하는 활동은 20 이하의 수의 범위에서 한다.
• ‘∼보다 ∼만큼 더 큰 수’, ‘∼보다 ∼만큼 더 작은 수’, ‘더한다’, ‘합한다’, ‘뺀다’, ‘덜어 낸다’, ‘합’, ‘차’ 등의 일상용어를 사용하여 덧셈과 뺄셈의 의미에 친숙하게 한다.
• 한 자리 수인 두 수를 바꾸어 더해 보고 그 결과를 비교하는 활동을 통하여 덧셈의 교환법칙을 직관적으로 이해하게 한다.
• 덧셈과 뺄셈을 여러 가지 방법으로 계산하는 활동을 통하여 연산 감각을 기르게 하되, 이를 지나치게 형식화하여 다루지 않는다.
• 학생들에게 친근한 실생활 상황을 이용하여 덧셈과 뺄셈에 관련된 문제를 만들고 해결하게 한다.
• 덧셈식, 뺄셈식, 곱셈식에서 등호()의 양쪽에 있는 양이 서로 같음을 이해하게 한다.
• 한 가지 상황을 간단한 덧셈식과 뺄셈식으로 나타내는 활동을 통하여 덧셈과 뺄셈의 관계를 이해하게 한다.
• 세 수의 덧셈에서는 세 수를 앞에서부터 순서대로 더한 결과와 합이 10이 되는 두 수를 먼저 더하고 나머지 수를 더한 결과를 비교하는 활동을 통하여 덧셈의 결합법칙을 직관적으로 이해하게 한다.
• □가 사용된 덧셈식과 뺄셈식은 □의 값을 직관적으로 구할 수 있는 수준으로 다룬다.
• 곱셈의 의미는 배의 개념과 동수누가를 통하여 다루고, 1의 곱과 0의 곱은 실생활과 관련지어 다룬다.
• 곱셈표를 이용해서 두 수를 바꾸어 곱해도 곱이 같음을 비교하는 활동을 통하여 곱셈의 교환법칙을 직관적으로 이해하게 한다.
• ‘수와 연산’ 영역의 문제 상황에 적합한 문제해결 전략을 지도하여 문제해결 역량을 기르게 한다."
1~2,수학,수와연산,"⋅사물의 양은 자연수, 분수, 소수 등으로 표현되며, 수는 자연수에서 정수, 유리수, 실수로 확장된다. 
⋅사칙계산은 자연수에 대해 정의되며 정수, 유리수, 실수의 사칙계산으로 확장되고 이때 연산의 성질이 일관되게 성립한다. 
⋅수와 사칙계산은 수학 학습의 기본이 되며, 실생활 문제를 포함한 다양한 문제를 해결하는 데 유용하게 활용된다.",2수01-02,"일, 십, 백, 천의 자릿값과 위치적 기수법을 이해하고, 네 자리 이하의 수를 읽고 쓸 수 있다.","세 자리 수 또는 네 자리 수를 각 자리의 숫자가 나타내는 수들의 합으로 나타내고, 수를 읽고 쓸 수 있다.","세 자리 수 또는 네 자리 수에서 각 자리의 숫자가 나타내는 수를 말하고, 수를 읽고 쓸 수 있다.","일, 십, 백 또는 천의 자리를 알고, 세 자리 수 또는 네 자리 수를 읽고 쓸 수 있다.",,"• ‘수와 연산’ 영역에서는 용어와 기호로 ‘덧셈, 뺄셈, 곱셈, 짝수, 홀수, , , , , , ’를 다룬다.
• 자연수가 개수, 순서, 이름 등을 나타내는 경우가 있음을 알고, 실생활에서 수가 사용되는 사례를 통하여 네 자리 이하의 수의 필요성을 인식하게 한다.
• 두 자리 수를 10개씩 묶음과 낱개로 나타내게 함으로써 위치적 기수법의 기초 개념을 형성하게 한다.
• 저학년 학생들의 한글 학습 정도를 고려하여 수를 ‘여덟’, ‘마흔아홉’, ‘칠십육’, ‘첫째’ 등과 같이 한글로 쓰게 하는 것은 지양한다.
• 수 세기가 필요한 장면에서 묶어 세기, 뛰어 세기의 방법으로 수를 세어 보게 한다.
• 짝수와 홀수는 20 이하의 수의 범위에서 다루고, 실생활 상황에서 둘씩 묶어 보는 활동을 통하여 짝수와 홀수를 직관적으로 이해하게 한다.
• 십의 자리 수가 0인 세 자리 수, 백의 자리 수나 십의 자리 수가 0인 네 자리 수를 활용하여 자릿값을 이해하게 할 수 있다.
• 수를 분해하고 합성하는 활동은 20 이하의 수의 범위에서 한다.
• ‘∼보다 ∼만큼 더 큰 수’, ‘∼보다 ∼만큼 더 작은 수’, ‘더한다’, ‘합한다’, ‘뺀다’, ‘덜어 낸다’, ‘합’, ‘차’ 등의 일상용어를 사용하여 덧셈과 뺄셈의 의미에 친숙하게 한다.
• 한 자리 수인 두 수를 바꾸어 더해 보고 그 결과를 비교하는 활동을 통하여 덧셈의 교환법칙을 직관적으로 이해하게 한다.
• 덧셈과 뺄셈을 여러 가지 방법으로 계산하는 활동을 통하여 연산 감각을 기르게 하되, 이를 지나치게 형식화하여 다루지 않는다.
• 학생들에게 친근한 실생활 상황을 이용하여 덧셈과 뺄셈에 관련된 문제를 만들고 해결하게 한다.
• 덧셈식, 뺄셈식, 곱셈식에서 등호()의 양쪽에 있는 양이 서로 같음을 이해하게 한다.
• 한 가지 상황을 간단한 덧셈식과 뺄셈식으로 나타내는 활동을 통하여 덧셈과 뺄셈의 관계를 이해하게 한다.
• 세 수의 덧셈에서는 세 수를 앞에서부터 순서대로 더한 결과와 합이 10이 되는 두 수를 먼저 더하고 나머지 수를 더한 결과를 비교하는 활동을 통하여 덧셈의 결합법칙을 직관적으로 이해하게 한다.
• □가 사용된 덧셈식과 뺄셈식은 □의 값을 직관적으로 구할 수 있는 수준으로 다룬다.
• 곱셈의 의미는 배의 개념과 동수누가를 통하여 다루고, 1의 곱과 0의 곱은 실생활과 관련지어 다룬다.
• 곱셈표를 이용해서 두 수를 바꾸어 곱해도 곱이 같음을 비교하는 활동을 통하여 곱셈의 교환법칙을 직관적으로 이해하게 한다.
• ‘수와 연산’ 영역의 문제 상황에 적합한 문제해결 전략을 지도하여 문제해결 역량을 기르게 한다."
1~2,수학,수와연산,"⋅사물의 양은 자연수, 분수, 소수 등으로 표현되며, 수는 자연수에서 정수, 유리수, 실수로 확장된다. 
⋅사칙계산은 자연수에 대해 정의되며 정수, 유리수, 실수의 사칙계산으로 확장되고 이때 연산의 성질이 일관되게 성립한다. 
⋅수와 사칙계산은 수학 학습의 기본이 되며, 실생활 문제를 포함한 다양한 문제를 해결하는 데 유용하게 활용된다.",2수01-03,"네 자리 이하의 수의 범위에서 수의 계열을 이해하고, 수의 크기를 비교할 수 있다.","네 자리 이하의 수의 범위에서 수의 계열을 이해하고 여러 가지 방법으로 수를 세며, 수의 크기를 비교하고 그 방법을 설명할 수 있다.","네 자리 이하의 수의 범위에서 수의 계열을 이해하여 뛰어 세기를 하고, 수의 크기를 비교할 수 있다.","네 자리 이하의 수의 범위에서 수를 순서대로 말하고, 구체적인 조작 활동을 통하여 수의 크기를 비교할 수 있다.",,"• ‘수와 연산’ 영역에서는 용어와 기호로 ‘덧셈, 뺄셈, 곱셈, 짝수, 홀수, , , , , , ’를 다룬다.
• 자연수가 개수, 순서, 이름 등을 나타내는 경우가 있음을 알고, 실생활에서 수가 사용되는 사례를 통하여 네 자리 이하의 수의 필요성을 인식하게 한다.
• 두 자리 수를 10개씩 묶음과 낱개로 나타내게 함으로써 위치적 기수법의 기초 개념을 형성하게 한다.
• 저학년 학생들의 한글 학습 정도를 고려하여 수를 ‘여덟’, ‘마흔아홉’, ‘칠십육’, ‘첫째’ 등과 같이 한글로 쓰게 하는 것은 지양한다.
• 수 세기가 필요한 장면에서 묶어 세기, 뛰어 세기의 방법으로 수를 세어 보게 한다.
• 짝수와 홀수는 20 이하의 수의 범위에서 다루고, 실생활 상황에서 둘씩 묶어 보는 활동을 통하여 짝수와 홀수를 직관적으로 이해하게 한다.
• 십의 자리 수가 0인 세 자리 수, 백의 자리 수나 십의 자리 수가 0인 네 자리 수를 활용하여 자릿값을 이해하게 할 수 있다.
• 수를 분해하고 합성하는 활동은 20 이하의 수의 범위에서 한다.
• ‘∼보다 ∼만큼 더 큰 수’, ‘∼보다 ∼만큼 더 작은 수’, ‘더한다’, ‘합한다’, ‘뺀다’, ‘덜어 낸다’, ‘합’, ‘차’ 등의 일상용어를 사용하여 덧셈과 뺄셈의 의미에 친숙하게 한다.
• 한 자리 수인 두 수를 바꾸어 더해 보고 그 결과를 비교하는 활동을 통하여 덧셈의 교환법칙을 직관적으로 이해하게 한다.
• 덧셈과 뺄셈을 여러 가지 방법으로 계산하는 활동을 통하여 연산 감각을 기르게 하되, 이를 지나치게 형식화하여 다루지 않는다.
• 학생들에게 친근한 실생활 상황을 이용하여 덧셈과 뺄셈에 관련된 문제를 만들고 해결하게 한다.
• 덧셈식, 뺄셈식, 곱셈식에서 등호()의 양쪽에 있는 양이 서로 같음을 이해하게 한다.
• 한 가지 상황을 간단한 덧셈식과 뺄셈식으로 나타내는 활동을 통하여 덧셈과 뺄셈의 관계를 이해하게 한다.
• 세 수의 덧셈에서는 세 수를 앞에서부터 순서대로 더한 결과와 합이 10이 되는 두 수를 먼저 더하고 나머지 수를 더한 결과를 비교하는 활동을 통하여 덧셈의 결합법칙을 직관적으로 이해하게 한다.
• □가 사용된 덧셈식과 뺄셈식은 □의 값을 직관적으로 구할 수 있는 수준으로 다룬다.
• 곱셈의 의미는 배의 개념과 동수누가를 통하여 다루고, 1의 곱과 0의 곱은 실생활과 관련지어 다룬다.
• 곱셈표를 이용해서 두 수를 바꾸어 곱해도 곱이 같음을 비교하는 활동을 통하여 곱셈의 교환법칙을 직관적으로 이해하게 한다.
• ‘수와 연산’ 영역의 문제 상황에 적합한 문제해결 전략을 지도하여 문제해결 역량을 기르게 한다."
1~2,수학,수와연산,"⋅사물의 양은 자연수, 분수, 소수 등으로 표현되며, 수는 자연수에서 정수, 유리수, 실수로 확장된다. 
⋅사칙계산은 자연수에 대해 정의되며 정수, 유리수, 실수의 사칙계산으로 확장되고 이때 연산의 성질이 일관되게 성립한다. 
⋅수와 사칙계산은 수학 학습의 기본이 되며, 실생활 문제를 포함한 다양한 문제를 해결하는 데 유용하게 활용된다.",2수01-04,하나의 수를 두 수로 분해하고 두 수를 하나의 수로 합성하는 활동을 통하여 수 감각을 기른다.,"수 감각을 바탕으로 하나의 수를 여러 가지 경우의 두 수로 가르고, 두 수를 하나의 수로 모을 수 있다.","수 감각을 바탕으로 하나의 수를 두 수로 가르고, 두 수를 하나의 수로 모을 수 있다.","구체물을 이용하여 하나의 수를 두 수로 가르고, 두 수를 하나의 수로 모을 수 있다.",,"• ‘수와 연산’ 영역에서는 용어와 기호로 ‘덧셈, 뺄셈, 곱셈, 짝수, 홀수, , , , , , ’를 다룬다.
• 자연수가 개수, 순서, 이름 등을 나타내는 경우가 있음을 알고, 실생활에서 수가 사용되는 사례를 통하여 네 자리 이하의 수의 필요성을 인식하게 한다.
• 두 자리 수를 10개씩 묶음과 낱개로 나타내게 함으로써 위치적 기수법의 기초 개념을 형성하게 한다.
• 저학년 학생들의 한글 학습 정도를 고려하여 수를 ‘여덟’, ‘마흔아홉’, ‘칠십육’, ‘첫째’ 등과 같이 한글로 쓰게 하는 것은 지양한다.
• 수 세기가 필요한 장면에서 묶어 세기, 뛰어 세기의 방법으로 수를 세어 보게 한다.
• 짝수와 홀수는 20 이하의 수의 범위에서 다루고, 실생활 상황에서 둘씩 묶어 보는 활동을 통하여 짝수와 홀수를 직관적으로 이해하게 한다.
• 십의 자리 수가 0인 세 자리 수, 백의 자리 수나 십의 자리 수가 0인 네 자리 수를 활용하여 자릿값을 이해하게 할 수 있다.
• 수를 분해하고 합성하는 활동은 20 이하의 수의 범위에서 한다.
• ‘∼보다 ∼만큼 더 큰 수’, ‘∼보다 ∼만큼 더 작은 수’, ‘더한다’, ‘합한다’, ‘뺀다’, ‘덜어 낸다’, ‘합’, ‘차’ 등의 일상용어를 사용하여 덧셈과 뺄셈의 의미에 친숙하게 한다.
• 한 자리 수인 두 수를 바꾸어 더해 보고 그 결과를 비교하는 활동을 통하여 덧셈의 교환법칙을 직관적으로 이해하게 한다.
• 덧셈과 뺄셈을 여러 가지 방법으로 계산하는 활동을 통하여 연산 감각을 기르게 하되, 이를 지나치게 형식화하여 다루지 않는다.
• 학생들에게 친근한 실생활 상황을 이용하여 덧셈과 뺄셈에 관련된 문제를 만들고 해결하게 한다.
• 덧셈식, 뺄셈식, 곱셈식에서 등호()의 양쪽에 있는 양이 서로 같음을 이해하게 한다.
• 한 가지 상황을 간단한 덧셈식과 뺄셈식으로 나타내는 활동을 통하여 덧셈과 뺄셈의 관계를 이해하게 한다.
• 세 수의 덧셈에서는 세 수를 앞에서부터 순서대로 더한 결과와 합이 10이 되는 두 수를 먼저 더하고 나머지 수를 더한 결과를 비교하는 활동을 통하여 덧셈의 결합법칙을 직관적으로 이해하게 한다.
• □가 사용된 덧셈식과 뺄셈식은 □의 값을 직관적으로 구할 수 있는 수준으로 다룬다.
• 곱셈의 의미는 배의 개념과 동수누가를 통하여 다루고, 1의 곱과 0의 곱은 실생활과 관련지어 다룬다.
• 곱셈표를 이용해서 두 수를 바꾸어 곱해도 곱이 같음을 비교하는 활동을 통하여 곱셈의 교환법칙을 직관적으로 이해하게 한다.
• ‘수와 연산’ 영역의 문제 상황에 적합한 문제해결 전략을 지도하여 문제해결 역량을 기르게 한다."
1~2,수학,수와연산,"⋅사물의 양은 자연수, 분수, 소수 등으로 표현되며, 수는 자연수에서 정수, 유리수, 실수로 확장된다. 
⋅사칙계산은 자연수에 대해 정의되며 정수, 유리수, 실수의 사칙계산으로 확장되고 이때 연산의 성질이 일관되게 성립한다. 
⋅수와 사칙계산은 수학 학습의 기본이 되며, 실생활 문제를 포함한 다양한 문제를 해결하는 데 유용하게 활용된다.",2수01-05,덧셈과 뺄셈이 이루어지는 실생활 상황과 연결하여 덧셈과 뺄셈의 의미를 이해한다.,"덧셈과 뺄셈이 이루어지는 실생활 상황과 연결하여 덧셈과 뺄셈의 의미를 말하고, 그 상황을 덧셈식이나 뺄셈식으로 나타낼 수 있다.",실생활 상황을 덧셈식이나 뺄셈식으로 나타낼 수 있다.,"안내된 절차에 따라 덧셈이 이루어지는 상황을 덧셈식으로, 뺄셈이 이루어지는 상황을 뺄셈식으로 나타낼 수 있다.",,"• ‘수와 연산’ 영역에서는 용어와 기호로 ‘덧셈, 뺄셈, 곱셈, 짝수, 홀수, , , , , , ’를 다룬다.
• 자연수가 개수, 순서, 이름 등을 나타내는 경우가 있음을 알고, 실생활에서 수가 사용되는 사례를 통하여 네 자리 이하의 수의 필요성을 인식하게 한다.
• 두 자리 수를 10개씩 묶음과 낱개로 나타내게 함으로써 위치적 기수법의 기초 개념을 형성하게 한다.
• 저학년 학생들의 한글 학습 정도를 고려하여 수를 ‘여덟’, ‘마흔아홉’, ‘칠십육’, ‘첫째’ 등과 같이 한글로 쓰게 하는 것은 지양한다.
• 수 세기가 필요한 장면에서 묶어 세기, 뛰어 세기의 방법으로 수를 세어 보게 한다.
• 짝수와 홀수는 20 이하의 수의 범위에서 다루고, 실생활 상황에서 둘씩 묶어 보는 활동을 통하여 짝수와 홀수를 직관적으로 이해하게 한다.
• 십의 자리 수가 0인 세 자리 수, 백의 자리 수나 십의 자리 수가 0인 네 자리 수를 활용하여 자릿값을 이해하게 할 수 있다.
• 수를 분해하고 합성하는 활동은 20 이하의 수의 범위에서 한다.
• ‘∼보다 ∼만큼 더 큰 수’, ‘∼보다 ∼만큼 더 작은 수’, ‘더한다’, ‘합한다’, ‘뺀다’, ‘덜어 낸다’, ‘합’, ‘차’ 등의 일상용어를 사용하여 덧셈과 뺄셈의 의미에 친숙하게 한다.
• 한 자리 수인 두 수를 바꾸어 더해 보고 그 결과를 비교하는 활동을 통하여 덧셈의 교환법칙을 직관적으로 이해하게 한다.
• 덧셈과 뺄셈을 여러 가지 방법으로 계산하는 활동을 통하여 연산 감각을 기르게 하되, 이를 지나치게 형식화하여 다루지 않는다.
• 학생들에게 친근한 실생활 상황을 이용하여 덧셈과 뺄셈에 관련된 문제를 만들고 해결하게 한다.
• 덧셈식, 뺄셈식, 곱셈식에서 등호()의 양쪽에 있는 양이 서로 같음을 이해하게 한다.
• 한 가지 상황을 간단한 덧셈식과 뺄셈식으로 나타내는 활동을 통하여 덧셈과 뺄셈의 관계를 이해하게 한다.
• 세 수의 덧셈에서는 세 수를 앞에서부터 순서대로 더한 결과와 합이 10이 되는 두 수를 먼저 더하고 나머지 수를 더한 결과를 비교하는 활동을 통하여 덧셈의 결합법칙을 직관적으로 이해하게 한다.
• □가 사용된 덧셈식과 뺄셈식은 □의 값을 직관적으로 구할 수 있는 수준으로 다룬다.
• 곱셈의 의미는 배의 개념과 동수누가를 통하여 다루고, 1의 곱과 0의 곱은 실생활과 관련지어 다룬다.
• 곱셈표를 이용해서 두 수를 바꾸어 곱해도 곱이 같음을 비교하는 활동을 통하여 곱셈의 교환법칙을 직관적으로 이해하게 한다.
• ‘수와 연산’ 영역의 문제 상황에 적합한 문제해결 전략을 지도하여 문제해결 역량을 기르게 한다."
1~2,수학,수와연산,"⋅사물의 양은 자연수, 분수, 소수 등으로 표현되며, 수는 자연수에서 정수, 유리수, 실수로 확장된다. 
⋅사칙계산은 자연수에 대해 정의되며 정수, 유리수, 실수의 사칙계산으로 확장되고 이때 연산의 성질이 일관되게 성립한다. 
⋅수와 사칙계산은 수학 학습의 기본이 되며, 실생활 문제를 포함한 다양한 문제를 해결하는 데 유용하게 활용된다.",2수01-06,두 자리 수의 범위에서 덧셈과 뺄셈의 계산 원리를 이해하고 그 계산을 할 수 있다.,"두 자리 수의 범위에서 덧셈과 뺄셈을 하고, 그 계산 원리를 말할 수 있다.","두 자리 수의 범위에서 덧셈과 뺄셈의 계산 원리를 이해하고, 그 계산을 할 수 있다.",안내된 절차에 따라 두 자리 수의 범위에서 간단한 덧셈과 뺄셈을 할 수 있다.,"[2수01-06] 덧셈은 두 자리 수의 범위에서 다루되, 합이 세 자리 수인 경우도 포함한다.","• ‘수와 연산’ 영역에서는 용어와 기호로 ‘덧셈, 뺄셈, 곱셈, 짝수, 홀수, , , , , , ’를 다룬다.
• 자연수가 개수, 순서, 이름 등을 나타내는 경우가 있음을 알고, 실생활에서 수가 사용되는 사례를 통하여 네 자리 이하의 수의 필요성을 인식하게 한다.
• 두 자리 수를 10개씩 묶음과 낱개로 나타내게 함으로써 위치적 기수법의 기초 개념을 형성하게 한다.
• 저학년 학생들의 한글 학습 정도를 고려하여 수를 ‘여덟’, ‘마흔아홉’, ‘칠십육’, ‘첫째’ 등과 같이 한글로 쓰게 하는 것은 지양한다.
• 수 세기가 필요한 장면에서 묶어 세기, 뛰어 세기의 방법으로 수를 세어 보게 한다.
• 짝수와 홀수는 20 이하의 수의 범위에서 다루고, 실생활 상황에서 둘씩 묶어 보는 활동을 통하여 짝수와 홀수를 직관적으로 이해하게 한다.
• 십의 자리 수가 0인 세 자리 수, 백의 자리 수나 십의 자리 수가 0인 네 자리 수를 활용하여 자릿값을 이해하게 할 수 있다.
• 수를 분해하고 합성하는 활동은 20 이하의 수의 범위에서 한다.
• ‘∼보다 ∼만큼 더 큰 수’, ‘∼보다 ∼만큼 더 작은 수’, ‘더한다’, ‘합한다’, ‘뺀다’, ‘덜어 낸다’, ‘합’, ‘차’ 등의 일상용어를 사용하여 덧셈과 뺄셈의 의미에 친숙하게 한다.
• 한 자리 수인 두 수를 바꾸어 더해 보고 그 결과를 비교하는 활동을 통하여 덧셈의 교환법칙을 직관적으로 이해하게 한다.
• 덧셈과 뺄셈을 여러 가지 방법으로 계산하는 활동을 통하여 연산 감각을 기르게 하되, 이를 지나치게 형식화하여 다루지 않는다.
• 학생들에게 친근한 실생활 상황을 이용하여 덧셈과 뺄셈에 관련된 문제를 만들고 해결하게 한다.
• 덧셈식, 뺄셈식, 곱셈식에서 등호()의 양쪽에 있는 양이 서로 같음을 이해하게 한다.
• 한 가지 상황을 간단한 덧셈식과 뺄셈식으로 나타내는 활동을 통하여 덧셈과 뺄셈의 관계를 이해하게 한다.
• 세 수의 덧셈에서는 세 수를 앞에서부터 순서대로 더한 결과와 합이 10이 되는 두 수를 먼저 더하고 나머지 수를 더한 결과를 비교하는 활동을 통하여 덧셈의 결합법칙을 직관적으로 이해하게 한다.
• □가 사용된 덧셈식과 뺄셈식은 □의 값을 직관적으로 구할 수 있는 수준으로 다룬다.
• 곱셈의 의미는 배의 개념과 동수누가를 통하여 다루고, 1의 곱과 0의 곱은 실생활과 관련지어 다룬다.
• 곱셈표를 이용해서 두 수를 바꾸어 곱해도 곱이 같음을 비교하는 활동을 통하여 곱셈의 교환법칙을 직관적으로 이해하게 한다.
• ‘수와 연산’ 영역의 문제 상황에 적합한 문제해결 전략을 지도하여 문제해결 역량을 기르게 한다."
1~2,수학,수와연산,"⋅사물의 양은 자연수, 분수, 소수 등으로 표현되며, 수는 자연수에서 정수, 유리수, 실수로 확장된다. 
⋅사칙계산은 자연수에 대해 정의되며 정수, 유리수, 실수의 사칙계산으로 확장되고 이때 연산의 성질이 일관되게 성립한다. 
⋅수와 사칙계산은 수학 학습의 기본이 되며, 실생활 문제를 포함한 다양한 문제를 해결하는 데 유용하게 활용된다.",2수01-07,덧셈과 뺄셈의 관계를 이해한다.,"한 가지 상황을 덧셈식과 뺄셈식으로 나타내고, 그 상황과 연계해서 덧셈식과 뺄셈식의 관계를 말할 수 있다.",한 가지 상황을 덧셈식과 뺄셈식으로 나타낼 수 있다.,"안내된 절차에 따라 덧셈식을 뺄셈식으로, 뺄셈식을 덧셈식으로 나타낼 수 있다.",,"• ‘수와 연산’ 영역에서는 용어와 기호로 ‘덧셈, 뺄셈, 곱셈, 짝수, 홀수, , , , , , ’를 다룬다.
• 자연수가 개수, 순서, 이름 등을 나타내는 경우가 있음을 알고, 실생활에서 수가 사용되는 사례를 통하여 네 자리 이하의 수의 필요성을 인식하게 한다.
• 두 자리 수를 10개씩 묶음과 낱개로 나타내게 함으로써 위치적 기수법의 기초 개념을 형성하게 한다.
• 저학년 학생들의 한글 학습 정도를 고려하여 수를 ‘여덟’, ‘마흔아홉’, ‘칠십육’, ‘첫째’ 등과 같이 한글로 쓰게 하는 것은 지양한다.
• 수 세기가 필요한 장면에서 묶어 세기, 뛰어 세기의 방법으로 수를 세어 보게 한다.
• 짝수와 홀수는 20 이하의 수의 범위에서 다루고, 실생활 상황에서 둘씩 묶어 보는 활동을 통하여 짝수와 홀수를 직관적으로 이해하게 한다.
• 십의 자리 수가 0인 세 자리 수, 백의 자리 수나 십의 자리 수가 0인 네 자리 수를 활용하여 자릿값을 이해하게 할 수 있다.
• 수를 분해하고 합성하는 활동은 20 이하의 수의 범위에서 한다.
• ‘∼보다 ∼만큼 더 큰 수’, ‘∼보다 ∼만큼 더 작은 수’, ‘더한다’, ‘합한다’, ‘뺀다’, ‘덜어 낸다’, ‘합’, ‘차’ 등의 일상용어를 사용하여 덧셈과 뺄셈의 의미에 친숙하게 한다.
• 한 자리 수인 두 수를 바꾸어 더해 보고 그 결과를 비교하는 활동을 통하여 덧셈의 교환법칙을 직관적으로 이해하게 한다.
• 덧셈과 뺄셈을 여러 가지 방법으로 계산하는 활동을 통하여 연산 감각을 기르게 하되, 이를 지나치게 형식화하여 다루지 않는다.
• 학생들에게 친근한 실생활 상황을 이용하여 덧셈과 뺄셈에 관련된 문제를 만들고 해결하게 한다.
• 덧셈식, 뺄셈식, 곱셈식에서 등호()의 양쪽에 있는 양이 서로 같음을 이해하게 한다.
• 한 가지 상황을 간단한 덧셈식과 뺄셈식으로 나타내는 활동을 통하여 덧셈과 뺄셈의 관계를 이해하게 한다.
• 세 수의 덧셈에서는 세 수를 앞에서부터 순서대로 더한 결과와 합이 10이 되는 두 수를 먼저 더하고 나머지 수를 더한 결과를 비교하는 활동을 통하여 덧셈의 결합법칙을 직관적으로 이해하게 한다.
• □가 사용된 덧셈식과 뺄셈식은 □의 값을 직관적으로 구할 수 있는 수준으로 다룬다.
• 곱셈의 의미는 배의 개념과 동수누가를 통하여 다루고, 1의 곱과 0의 곱은 실생활과 관련지어 다룬다.
• 곱셈표를 이용해서 두 수를 바꾸어 곱해도 곱이 같음을 비교하는 활동을 통하여 곱셈의 교환법칙을 직관적으로 이해하게 한다.
• ‘수와 연산’ 영역의 문제 상황에 적합한 문제해결 전략을 지도하여 문제해결 역량을 기르게 한다."
1~2,수학,수와연산,"⋅사물의 양은 자연수, 분수, 소수 등으로 표현되며, 수는 자연수에서 정수, 유리수, 실수로 확장된다. 
⋅사칙계산은 자연수에 대해 정의되며 정수, 유리수, 실수의 사칙계산으로 확장되고 이때 연산의 성질이 일관되게 성립한다. 
⋅수와 사칙계산은 수학 학습의 기본이 되며, 실생활 문제를 포함한 다양한 문제를 해결하는 데 유용하게 활용된다.",2수01-08,두 자리 수의 범위에서 세 수의 덧셈과 뺄셈을 할 수 있다.,"두 자리 수의 범위에서 세 수의 덧셈과 뺄셈을 계산하고, 그 방법을 말할 수 있다.",두 자리 수의 범위에서 세 수의 덧셈과 뺄셈을 계산할 수 있다.,안내된 절차에 따라 두 자리 수의 범위에서 간단한 세 수의 덧셈과 뺄셈을 할 수 있다.,,"• ‘수와 연산’ 영역에서는 용어와 기호로 ‘덧셈, 뺄셈, 곱셈, 짝수, 홀수, , , , , , ’를 다룬다.
• 자연수가 개수, 순서, 이름 등을 나타내는 경우가 있음을 알고, 실생활에서 수가 사용되는 사례를 통하여 네 자리 이하의 수의 필요성을 인식하게 한다.
• 두 자리 수를 10개씩 묶음과 낱개로 나타내게 함으로써 위치적 기수법의 기초 개념을 형성하게 한다.
• 저학년 학생들의 한글 학습 정도를 고려하여 수를 ‘여덟’, ‘마흔아홉’, ‘칠십육’, ‘첫째’ 등과 같이 한글로 쓰게 하는 것은 지양한다.
• 수 세기가 필요한 장면에서 묶어 세기, 뛰어 세기의 방법으로 수를 세어 보게 한다.
• 짝수와 홀수는 20 이하의 수의 범위에서 다루고, 실생활 상황에서 둘씩 묶어 보는 활동을 통하여 짝수와 홀수를 직관적으로 이해하게 한다.
• 십의 자리 수가 0인 세 자리 수, 백의 자리 수나 십의 자리 수가 0인 네 자리 수를 활용하여 자릿값을 이해하게 할 수 있다.
• 수를 분해하고 합성하는 활동은 20 이하의 수의 범위에서 한다.
• ‘∼보다 ∼만큼 더 큰 수’, ‘∼보다 ∼만큼 더 작은 수’, ‘더한다’, ‘합한다’, ‘뺀다’, ‘덜어 낸다’, ‘합’, ‘차’ 등의 일상용어를 사용하여 덧셈과 뺄셈의 의미에 친숙하게 한다.
• 한 자리 수인 두 수를 바꾸어 더해 보고 그 결과를 비교하는 활동을 통하여 덧셈의 교환법칙을 직관적으로 이해하게 한다.
• 덧셈과 뺄셈을 여러 가지 방법으로 계산하는 활동을 통하여 연산 감각을 기르게 하되, 이를 지나치게 형식화하여 다루지 않는다.
• 학생들에게 친근한 실생활 상황을 이용하여 덧셈과 뺄셈에 관련된 문제를 만들고 해결하게 한다.
• 덧셈식, 뺄셈식, 곱셈식에서 등호()의 양쪽에 있는 양이 서로 같음을 이해하게 한다.
• 한 가지 상황을 간단한 덧셈식과 뺄셈식으로 나타내는 활동을 통하여 덧셈과 뺄셈의 관계를 이해하게 한다.
• 세 수의 덧셈에서는 세 수를 앞에서부터 순서대로 더한 결과와 합이 10이 되는 두 수를 먼저 더하고 나머지 수를 더한 결과를 비교하는 활동을 통하여 덧셈의 결합법칙을 직관적으로 이해하게 한다.
• □가 사용된 덧셈식과 뺄셈식은 □의 값을 직관적으로 구할 수 있는 수준으로 다룬다.
• 곱셈의 의미는 배의 개념과 동수누가를 통하여 다루고, 1의 곱과 0의 곱은 실생활과 관련지어 다룬다.
• 곱셈표를 이용해서 두 수를 바꾸어 곱해도 곱이 같음을 비교하는 활동을 통하여 곱셈의 교환법칙을 직관적으로 이해하게 한다.
• ‘수와 연산’ 영역의 문제 상황에 적합한 문제해결 전략을 지도하여 문제해결 역량을 기르게 한다."
1~2,수학,수와연산,"⋅사물의 양은 자연수, 분수, 소수 등으로 표현되며, 수는 자연수에서 정수, 유리수, 실수로 확장된다. 
⋅사칙계산은 자연수에 대해 정의되며 정수, 유리수, 실수의 사칙계산으로 확장되고 이때 연산의 성질이 일관되게 성립한다. 
⋅수와 사칙계산은 수학 학습의 기본이 되며, 실생활 문제를 포함한 다양한 문제를 해결하는 데 유용하게 활용된다.",2수01-09,"□가 사용된 덧셈식과 뺄셈식을 만들고, □의 값을 구할 수 있다.","실생활 상황을 □가 사용된 덧셈식과 뺄셈식으로 나타내며, □의 값을 구하고 그 방법을 말할 수 있다.","주어진 상황을 □가 사용된 덧셈식과 뺄셈식으로 나타내고, □의 값을 구할 수 있다.",안내된 절차에 따라 □가 사용된 간단한 덧셈식과 뺄셈식에서 □의 값을 구할 수 있다.,,"• ‘수와 연산’ 영역에서는 용어와 기호로 ‘덧셈, 뺄셈, 곱셈, 짝수, 홀수, , , , , , ’를 다룬다.
• 자연수가 개수, 순서, 이름 등을 나타내는 경우가 있음을 알고, 실생활에서 수가 사용되는 사례를 통하여 네 자리 이하의 수의 필요성을 인식하게 한다.
• 두 자리 수를 10개씩 묶음과 낱개로 나타내게 함으로써 위치적 기수법의 기초 개념을 형성하게 한다.
• 저학년 학생들의 한글 학습 정도를 고려하여 수를 ‘여덟’, ‘마흔아홉’, ‘칠십육’, ‘첫째’ 등과 같이 한글로 쓰게 하는 것은 지양한다.
• 수 세기가 필요한 장면에서 묶어 세기, 뛰어 세기의 방법으로 수를 세어 보게 한다.
• 짝수와 홀수는 20 이하의 수의 범위에서 다루고, 실생활 상황에서 둘씩 묶어 보는 활동을 통하여 짝수와 홀수를 직관적으로 이해하게 한다.
• 십의 자리 수가 0인 세 자리 수, 백의 자리 수나 십의 자리 수가 0인 네 자리 수를 활용하여 자릿값을 이해하게 할 수 있다.
• 수를 분해하고 합성하는 활동은 20 이하의 수의 범위에서 한다.
• ‘∼보다 ∼만큼 더 큰 수’, ‘∼보다 ∼만큼 더 작은 수’, ‘더한다’, ‘합한다’, ‘뺀다’, ‘덜어 낸다’, ‘합’, ‘차’ 등의 일상용어를 사용하여 덧셈과 뺄셈의 의미에 친숙하게 한다.
• 한 자리 수인 두 수를 바꾸어 더해 보고 그 결과를 비교하는 활동을 통하여 덧셈의 교환법칙을 직관적으로 이해하게 한다.
• 덧셈과 뺄셈을 여러 가지 방법으로 계산하는 활동을 통하여 연산 감각을 기르게 하되, 이를 지나치게 형식화하여 다루지 않는다.
• 학생들에게 친근한 실생활 상황을 이용하여 덧셈과 뺄셈에 관련된 문제를 만들고 해결하게 한다.
• 덧셈식, 뺄셈식, 곱셈식에서 등호()의 양쪽에 있는 양이 서로 같음을 이해하게 한다.
• 한 가지 상황을 간단한 덧셈식과 뺄셈식으로 나타내는 활동을 통하여 덧셈과 뺄셈의 관계를 이해하게 한다.
• 세 수의 덧셈에서는 세 수를 앞에서부터 순서대로 더한 결과와 합이 10이 되는 두 수를 먼저 더하고 나머지 수를 더한 결과를 비교하는 활동을 통하여 덧셈의 결합법칙을 직관적으로 이해하게 한다.
• □가 사용된 덧셈식과 뺄셈식은 □의 값을 직관적으로 구할 수 있는 수준으로 다룬다.
• 곱셈의 의미는 배의 개념과 동수누가를 통하여 다루고, 1의 곱과 0의 곱은 실생활과 관련지어 다룬다.
• 곱셈표를 이용해서 두 수를 바꾸어 곱해도 곱이 같음을 비교하는 활동을 통하여 곱셈의 교환법칙을 직관적으로 이해하게 한다.
• ‘수와 연산’ 영역의 문제 상황에 적합한 문제해결 전략을 지도하여 문제해결 역량을 기르게 한다."
1~2,수학,수와연산,"⋅사물의 양은 자연수, 분수, 소수 등으로 표현되며, 수는 자연수에서 정수, 유리수, 실수로 확장된다. 
⋅사칙계산은 자연수에 대해 정의되며 정수, 유리수, 실수의 사칙계산으로 확장되고 이때 연산의 성질이 일관되게 성립한다. 
⋅수와 사칙계산은 수학 학습의 기본이 되며, 실생활 문제를 포함한 다양한 문제를 해결하는 데 유용하게 활용된다.",2수01-10,곱셈이 이루어지는 실생활 상황과 연결하여 곱셈의 의미를 이해한다.,"곱셈이 이루어지는 실생활 상황과 연결하여 곱셈의 의미를 말하고, 그 상황을 곱셈식으로 나타낼 수 있다.",곱셈이 이루어지는 실생활 상황을 곱셈식으로 나타낼 수 있다.,안내된 절차에 따라 곱셈이 이루어지는 실생활 상황을 곱셈식으로 나타낼 수 있다.,,"• ‘수와 연산’ 영역에서는 용어와 기호로 ‘덧셈, 뺄셈, 곱셈, 짝수, 홀수, , , , , , ’를 다룬다.
• 자연수가 개수, 순서, 이름 등을 나타내는 경우가 있음을 알고, 실생활에서 수가 사용되는 사례를 통하여 네 자리 이하의 수의 필요성을 인식하게 한다.
• 두 자리 수를 10개씩 묶음과 낱개로 나타내게 함으로써 위치적 기수법의 기초 개념을 형성하게 한다.
• 저학년 학생들의 한글 학습 정도를 고려하여 수를 ‘여덟’, ‘마흔아홉’, ‘칠십육’, ‘첫째’ 등과 같이 한글로 쓰게 하는 것은 지양한다.
• 수 세기가 필요한 장면에서 묶어 세기, 뛰어 세기의 방법으로 수를 세어 보게 한다.
• 짝수와 홀수는 20 이하의 수의 범위에서 다루고, 실생활 상황에서 둘씩 묶어 보는 활동을 통하여 짝수와 홀수를 직관적으로 이해하게 한다.
• 십의 자리 수가 0인 세 자리 수, 백의 자리 수나 십의 자리 수가 0인 네 자리 수를 활용하여 자릿값을 이해하게 할 수 있다.
• 수를 분해하고 합성하는 활동은 20 이하의 수의 범위에서 한다.
• ‘∼보다 ∼만큼 더 큰 수’, ‘∼보다 ∼만큼 더 작은 수’, ‘더한다’, ‘합한다’, ‘뺀다’, ‘덜어 낸다’, ‘합’, ‘차’ 등의 일상용어를 사용하여 덧셈과 뺄셈의 의미에 친숙하게 한다.
• 한 자리 수인 두 수를 바꾸어 더해 보고 그 결과를 비교하는 활동을 통하여 덧셈의 교환법칙을 직관적으로 이해하게 한다.
• 덧셈과 뺄셈을 여러 가지 방법으로 계산하는 활동을 통하여 연산 감각을 기르게 하되, 이를 지나치게 형식화하여 다루지 않는다.
• 학생들에게 친근한 실생활 상황을 이용하여 덧셈과 뺄셈에 관련된 문제를 만들고 해결하게 한다.
• 덧셈식, 뺄셈식, 곱셈식에서 등호()의 양쪽에 있는 양이 서로 같음을 이해하게 한다.
• 한 가지 상황을 간단한 덧셈식과 뺄셈식으로 나타내는 활동을 통하여 덧셈과 뺄셈의 관계를 이해하게 한다.
• 세 수의 덧셈에서는 세 수를 앞에서부터 순서대로 더한 결과와 합이 10이 되는 두 수를 먼저 더하고 나머지 수를 더한 결과를 비교하는 활동을 통하여 덧셈의 결합법칙을 직관적으로 이해하게 한다.
• □가 사용된 덧셈식과 뺄셈식은 □의 값을 직관적으로 구할 수 있는 수준으로 다룬다.
• 곱셈의 의미는 배의 개념과 동수누가를 통하여 다루고, 1의 곱과 0의 곱은 실생활과 관련지어 다룬다.
• 곱셈표를 이용해서 두 수를 바꾸어 곱해도 곱이 같음을 비교하는 활동을 통하여 곱셈의 교환법칙을 직관적으로 이해하게 한다.
• ‘수와 연산’ 영역의 문제 상황에 적합한 문제해결 전략을 지도하여 문제해결 역량을 기르게 한다."
1~2,수학,수와연산,"⋅사물의 양은 자연수, 분수, 소수 등으로 표현되며, 수는 자연수에서 정수, 유리수, 실수로 확장된다. 
⋅사칙계산은 자연수에 대해 정의되며 정수, 유리수, 실수의 사칙계산으로 확장되고 이때 연산의 성질이 일관되게 성립한다. 
⋅수와 사칙계산은 수학 학습의 기본이 되며, 실생활 문제를 포함한 다양한 문제를 해결하는 데 유용하게 활용된다.",2수01-11,"곱셈구구를 이해하고, 한 자리 수의 곱셈을 할 수 있다.","곱셈구구의 원리에 대한 이해를 바탕으로 한 자리 수의 곱셈을 하고, 곱셈구구를 유창하게 말할 수 있다.","곱셈구구의 원리에 대한 이해를 바탕으로 한 자리 수의 곱셈을 하고, 곱셈구구를 말할 수 있다.",안내된 절차에 따라 곱셈구구를 말할 수 있다.,,"• ‘수와 연산’ 영역에서는 용어와 기호로 ‘덧셈, 뺄셈, 곱셈, 짝수, 홀수, , , , , , ’를 다룬다.
• 자연수가 개수, 순서, 이름 등을 나타내는 경우가 있음을 알고, 실생활에서 수가 사용되는 사례를 통하여 네 자리 이하의 수의 필요성을 인식하게 한다.
• 두 자리 수를 10개씩 묶음과 낱개로 나타내게 함으로써 위치적 기수법의 기초 개념을 형성하게 한다.
• 저학년 학생들의 한글 학습 정도를 고려하여 수를 ‘여덟’, ‘마흔아홉’, ‘칠십육’, ‘첫째’ 등과 같이 한글로 쓰게 하는 것은 지양한다.
• 수 세기가 필요한 장면에서 묶어 세기, 뛰어 세기의 방법으로 수를 세어 보게 한다.
• 짝수와 홀수는 20 이하의 수의 범위에서 다루고, 실생활 상황에서 둘씩 묶어 보는 활동을 통하여 짝수와 홀수를 직관적으로 이해하게 한다.
• 십의 자리 수가 0인 세 자리 수, 백의 자리 수나 십의 자리 수가 0인 네 자리 수를 활용하여 자릿값을 이해하게 할 수 있다.
• 수를 분해하고 합성하는 활동은 20 이하의 수의 범위에서 한다.
• ‘∼보다 ∼만큼 더 큰 수’, ‘∼보다 ∼만큼 더 작은 수’, ‘더한다’, ‘합한다’, ‘뺀다’, ‘덜어 낸다’, ‘합’, ‘차’ 등의 일상용어를 사용하여 덧셈과 뺄셈의 의미에 친숙하게 한다.
• 한 자리 수인 두 수를 바꾸어 더해 보고 그 결과를 비교하는 활동을 통하여 덧셈의 교환법칙을 직관적으로 이해하게 한다.
• 덧셈과 뺄셈을 여러 가지 방법으로 계산하는 활동을 통하여 연산 감각을 기르게 하되, 이를 지나치게 형식화하여 다루지 않는다.
• 학생들에게 친근한 실생활 상황을 이용하여 덧셈과 뺄셈에 관련된 문제를 만들고 해결하게 한다.
• 덧셈식, 뺄셈식, 곱셈식에서 등호()의 양쪽에 있는 양이 서로 같음을 이해하게 한다.
• 한 가지 상황을 간단한 덧셈식과 뺄셈식으로 나타내는 활동을 통하여 덧셈과 뺄셈의 관계를 이해하게 한다.
• 세 수의 덧셈에서는 세 수를 앞에서부터 순서대로 더한 결과와 합이 10이 되는 두 수를 먼저 더하고 나머지 수를 더한 결과를 비교하는 활동을 통하여 덧셈의 결합법칙을 직관적으로 이해하게 한다.
• □가 사용된 덧셈식과 뺄셈식은 □의 값을 직관적으로 구할 수 있는 수준으로 다룬다.
• 곱셈의 의미는 배의 개념과 동수누가를 통하여 다루고, 1의 곱과 0의 곱은 실생활과 관련지어 다룬다.
• 곱셈표를 이용해서 두 수를 바꾸어 곱해도 곱이 같음을 비교하는 활동을 통하여 곱셈의 교환법칙을 직관적으로 이해하게 한다.
• ‘수와 연산’ 영역의 문제 상황에 적합한 문제해결 전략을 지도하여 문제해결 역량을 기르게 한다."
1~2,수학,변화와 관계,"⋅변화하는 현상에 반복적인 요소로 들어있는 규칙은 수나 식으로 표현될 수 있으며, 규칙을 탐구하는 것은 수학적으로 추측하고 일반화하는 데 기반이 된다. 
⋅동치 관계, 대응 관계, 비례 관계 등은 여러 현상에 들어있는 대상들 사이의 다양한 관계를 기술하고 복잡한 문제를 해결하는 데 유용하게 활용된다. 
⋅수와 그 계산은 문자와 식을 사용하여 일반화되며, 특정한 관계를 만족시키는 미지의 값은 방정식과 부등식을 해결하는 적절한 절차를 거쳐 구해진다. 
⋅한 양이 변함에 따라 다른 양이 하나씩 정해지는 두 양 사이의 대응 관계를 나타내는 함수와 그 그래프는 변화하는 현상 속의 다양한 관계를 수학적으로 표현한다.",2수02-01,"물체, 무늬, 수 등의 배열에서 규칙을 찾아 여러 가지 방법으로 표현할 수 있다.","물체, 무늬, 수 등의 배열에서 규칙을 찾아 말하고, 여러 가지 방법으로 표현할 수 있다.","물체, 무늬, 수 등의 배열에서 규칙을 찾아 말, 수, 그림, 구체물 등을 이용하여 표현할 수 있다.","안내된 절차에 따라 물체, 무늬, 수 등의 간단한 배열에서 규칙을 찾을 수 있다.","[2수02-01] 물체, 무늬, 수 등의 배열을 관찰하여 일정하게 반복되거나 증가하는 규칙을 찾고 말, 수, 그림, 기호, 구체물, 행동 등의 다양한 방법으로 표현하게 한다. 그리고 물체, 무늬, 수의 배열에서 다음에 올 것이나 중간에 빠진 것을 추측하게 한다.","• 학생이 스스로 만든 규칙에 따라 물체, 무늬, 수 등을 배열하는 활동을 통해 수학에 대한 흥미를 느끼게 할 수 있다.
• 수의 배열뿐만 아니라 수 배열표, 덧셈표, 곱셈표를 활용하여 수의 다양한 규칙을 찾게 한다.
• 물체, 무늬, 수 등의 배열에서는 크기, 색깔, 위치, 순서 등에 대한 단순한 규칙을 다루고, 지나치게 복잡한 배열에 대한 평가는 지양한다.
• 다른 사람의 배열에서 규칙을 찾아보거나 규칙에 대해 서로 말하게 한다.
• ‘변화와 관계’ 영역의 문제 상황에 적합한 문제해결 전략을 지도하여 문제해결 역량을 기르게 한다."
1~2,수학,변화와 관계,"⋅변화하는 현상에 반복적인 요소로 들어있는 규칙은 수나 식으로 표현될 수 있으며, 규칙을 탐구하는 것은 수학적으로 추측하고 일반화하는 데 기반이 된다. 
⋅동치 관계, 대응 관계, 비례 관계 등은 여러 현상에 들어있는 대상들 사이의 다양한 관계를 기술하고 복잡한 문제를 해결하는 데 유용하게 활용된다. 
⋅수와 그 계산은 문자와 식을 사용하여 일반화되며, 특정한 관계를 만족시키는 미지의 값은 방정식과 부등식을 해결하는 적절한 절차를 거쳐 구해진다. 
⋅한 양이 변함에 따라 다른 양이 하나씩 정해지는 두 양 사이의 대응 관계를 나타내는 함수와 그 그래프는 변화하는 현상 속의 다양한 관계를 수학적으로 표현한다.",2수02-02,"자신이 정한 규칙에 따라 물체, 무늬, 수 등을 배열할 수 있다.","여러 가지 규칙을 정하고, 그 규칙에 따라 물체, 무늬, 수 등을 배열할 수 있다.","규칙을 정하고, 그 규칙에 따라 물체, 무늬, 수 등을 배열할 수 있다.","주어진 규칙에 따라 물체, 무늬, 수 등을 배열할 수 있다.",,"• 학생이 스스로 만든 규칙에 따라 물체, 무늬, 수 등을 배열하는 활동을 통해 수학에 대한 흥미를 느끼게 할 수 있다.
• 수의 배열뿐만 아니라 수 배열표, 덧셈표, 곱셈표를 활용하여 수의 다양한 규칙을 찾게 한다.
• 물체, 무늬, 수 등의 배열에서는 크기, 색깔, 위치, 순서 등에 대한 단순한 규칙을 다루고, 지나치게 복잡한 배열에 대한 평가는 지양한다.
• 다른 사람의 배열에서 규칙을 찾아보거나 규칙에 대해 서로 말하게 한다.
• ‘변화와 관계’ 영역의 문제 상황에 적합한 문제해결 전략을 지도하여 문제해결 역량을 기르게 한다."
1~2,수학,도형과 측정,"⋅평면도형과 입체도형은 여러 가지 모양을 범주화한 것이며, 각각의 평면도형과 입체도형은 고유한 성질을 갖는다. 
⋅도형의 성질과 관계를 탐구하고 정당화하는 것은 논리적이고 비판적으로 사고하는 데 기반이 된다. 
⋅측정은 여러 가지 속성의 양을 비교하고 속성에 따른 단위를 이용하여 양을 수치화함으로써 여러 가지 현상을 해석하거나 실생활 문제를 해결하는 데 활용된다.",2수03-01,"교실 및 생활 주변에서 여러 가지 물건을 관찰하여 직육면체, 원기둥, 구의 모양을 찾고, 이를 이용하여 여러 가지 모양을 만들 수 있다.","주변 물건을 직육면체, 원기둥, 구의 모양으로 분류하여 특징을 말하고, 그 모양들을 이용하여 여러 가지 모양을 만들 수 있다.","주변 물건에서 직육면체, 원기둥, 구의 모양을 찾고, 그 모양들을 이용하여 여러 가지 모양을 만들 수 있다.","주어진 물건에서 직육면체, 원기둥, 구의 모양을 찾고, 그 모양들을 이용하여 간단한 모양을 만들 수 있다.",,"• ‘도형과 측정’ 영역에서는 용어와 기호로 ‘삼각형, 사각형, 원, 꼭짓점, 변, 시, 분, 약, cm, m’를 다룬다.
• 입체도형과 평면도형의 모양을 다룰 때 모양의 특징을 직관적으로 파악하여 모양을 분류하고, 분류한 모양을 지칭하기 위해 일상용어를 사용하게 할 수 있다.
• 입체도형과 평면도형의 모양을 이용한 모양 만들기의 주제는 학생들에게 친근한 소재인 동물, 탈 것, 건물 등으로 다양하게 제시하여 수학에 대한 흥미와 관심을 갖게 한다.
• 쌓기나무, 칠교판 등의 구체물을 이용한 모양 만들기를 통하여 도형에 대한 공간 감각을 기르게 한다.
• 양의 비교는 학생들에게 친근한 실생활 상황을 이용하고, 직관적인 비교, 직접 비교, 간접 비교 등을 상황에 따라 알맞게 다룬다.
• 저학년 학생들의 한글 학습 정도를 고려하여 양을 비교할 때 ‘짧다’, ‘많다’, ‘넓다’ 등과 같이 한글로 쓰게 하는 것은 지양한다.
• 학생들이 모형 시계를 조작하여 ‘몇 시’, ‘몇 시 30분’, ‘몇 시 몇 분’, ‘몇 시 몇 분 전’ 등의 시각을 읽게 한다.
• ‘몇 시 몇 분 전’의 시각 읽기에서 5분 전, 10분 전과 같이 간단한 경우를 다루고, 13분 전과 같이 복잡한 경우는 다루지 않는다.
• 시간의 여러 가지 단위를 지도할 때는 단위 사이의 관계를 이해하는 데 중점을 두고, 지나친 단위 환산은 다루지 않는다.
• 1일, 1주일, 1개월, 1년 사이의 관계를 지도할 때는 실생활 상황에서 달력을 이용하여 그 관계를 이해하게 한다.
• 구체물의 길이를 재는 과정에서 자의 눈금과 일치하지 않는 길이의 측정값을 ‘약’으로 표현할 수 있음을 알게 한다. 
• ‘도형과 측정’ 영역의 문제 상황에 적합한 문제해결 전략을 지도하여 문제해결 역량을 기르게 한다."
1~2,수학,도형과 측정,"⋅평면도형과 입체도형은 여러 가지 모양을 범주화한 것이며, 각각의 평면도형과 입체도형은 고유한 성질을 갖는다. 
⋅도형의 성질과 관계를 탐구하고 정당화하는 것은 논리적이고 비판적으로 사고하는 데 기반이 된다. 
⋅측정은 여러 가지 속성의 양을 비교하고 속성에 따른 단위를 이용하여 양을 수치화함으로써 여러 가지 현상을 해석하거나 실생활 문제를 해결하는 데 활용된다.",2수03-02,"쌓기나무를 이용하여 여러 가지 입체도형의 모양을 만들고, 그 모양에 대해 위치나 방향을 이용하여 말할 수 있다.","쌓기나무를 이용하여 다양한 입체도형의 모양을 만들고, 그 모양에 대해 위치나 방향을 이용하여 여러 가지 방법으로 말할 수 있다.","쌓기나무를 이용하여 입체도형의 모양을 만들고, 그 모양에 대해 위치나 방향을 이용하여 말할 수 있다.","안내된 절차에 따라 쌓기나무로 간단한 입체도형의 모양을 만들고, 그 모양에 대해 위치나 방향을 이용하여 말할 수 있다.","[2수03-02] 쌓기나무로 만든 입체도형의 모양에 대해서 ‘∼의 앞’, ‘∼의 오른쪽’, ‘∼의 위’, ‘2층’ 등을 사용하여 말하게 한다.","• ‘도형과 측정’ 영역에서는 용어와 기호로 ‘삼각형, 사각형, 원, 꼭짓점, 변, 시, 분, 약, cm, m’를 다룬다.
• 입체도형과 평면도형의 모양을 다룰 때 모양의 특징을 직관적으로 파악하여 모양을 분류하고, 분류한 모양을 지칭하기 위해 일상용어를 사용하게 할 수 있다.
• 입체도형과 평면도형의 모양을 이용한 모양 만들기의 주제는 학생들에게 친근한 소재인 동물, 탈 것, 건물 등으로 다양하게 제시하여 수학에 대한 흥미와 관심을 갖게 한다.
• 쌓기나무, 칠교판 등의 구체물을 이용한 모양 만들기를 통하여 도형에 대한 공간 감각을 기르게 한다.
• 양의 비교는 학생들에게 친근한 실생활 상황을 이용하고, 직관적인 비교, 직접 비교, 간접 비교 등을 상황에 따라 알맞게 다룬다.
• 저학년 학생들의 한글 학습 정도를 고려하여 양을 비교할 때 ‘짧다’, ‘많다’, ‘넓다’ 등과 같이 한글로 쓰게 하는 것은 지양한다.
• 학생들이 모형 시계를 조작하여 ‘몇 시’, ‘몇 시 30분’, ‘몇 시 몇 분’, ‘몇 시 몇 분 전’ 등의 시각을 읽게 한다.
• ‘몇 시 몇 분 전’의 시각 읽기에서 5분 전, 10분 전과 같이 간단한 경우를 다루고, 13분 전과 같이 복잡한 경우는 다루지 않는다.
• 시간의 여러 가지 단위를 지도할 때는 단위 사이의 관계를 이해하는 데 중점을 두고, 지나친 단위 환산은 다루지 않는다.
• 1일, 1주일, 1개월, 1년 사이의 관계를 지도할 때는 실생활 상황에서 달력을 이용하여 그 관계를 이해하게 한다.
• 구체물의 길이를 재는 과정에서 자의 눈금과 일치하지 않는 길이의 측정값을 ‘약’으로 표현할 수 있음을 알게 한다. 
• ‘도형과 측정’ 영역의 문제 상황에 적합한 문제해결 전략을 지도하여 문제해결 역량을 기르게 한다."
1~2,수학,도형과 측정,"⋅평면도형과 입체도형은 여러 가지 모양을 범주화한 것이며, 각각의 평면도형과 입체도형은 고유한 성질을 갖는다. 
⋅도형의 성질과 관계를 탐구하고 정당화하는 것은 논리적이고 비판적으로 사고하는 데 기반이 된다. 
⋅측정은 여러 가지 속성의 양을 비교하고 속성에 따른 단위를 이용하여 양을 수치화함으로써 여러 가지 현상을 해석하거나 실생활 문제를 해결하는 데 활용된다.",2수03-03,"교실 및 생활 주변에서 여러 가지 물건을 관찰하여 삼각형, 사각형, 원의 모양을 찾고, 이를 이용하여 여러 가지 모양을 만들 수 있다.","주변 물건을 삼각형, 사각형, 원의 모양으로 분류하여 특징을 말하고, 그 모양들을 이용하여 여러 가지 모양을 만들 수 있다.","주변 물건에서 삼각형, 사각형, 원의 모양을 찾고, 그 모양들을 이용하여 여러 가지 모양을 만들 수 있다.","주어진 물건에서 삼각형, 사각형, 원의 모양을 찾고, 이를 이용하여 간단한 모양을 만들 수 있다.",,"• ‘도형과 측정’ 영역에서는 용어와 기호로 ‘삼각형, 사각형, 원, 꼭짓점, 변, 시, 분, 약, cm, m’를 다룬다.
• 입체도형과 평면도형의 모양을 다룰 때 모양의 특징을 직관적으로 파악하여 모양을 분류하고, 분류한 모양을 지칭하기 위해 일상용어를 사용하게 할 수 있다.
• 입체도형과 평면도형의 모양을 이용한 모양 만들기의 주제는 학생들에게 친근한 소재인 동물, 탈 것, 건물 등으로 다양하게 제시하여 수학에 대한 흥미와 관심을 갖게 한다.
• 쌓기나무, 칠교판 등의 구체물을 이용한 모양 만들기를 통하여 도형에 대한 공간 감각을 기르게 한다.
• 양의 비교는 학생들에게 친근한 실생활 상황을 이용하고, 직관적인 비교, 직접 비교, 간접 비교 등을 상황에 따라 알맞게 다룬다.
• 저학년 학생들의 한글 학습 정도를 고려하여 양을 비교할 때 ‘짧다’, ‘많다’, ‘넓다’ 등과 같이 한글로 쓰게 하는 것은 지양한다.
• 학생들이 모형 시계를 조작하여 ‘몇 시’, ‘몇 시 30분’, ‘몇 시 몇 분’, ‘몇 시 몇 분 전’ 등의 시각을 읽게 한다.
• ‘몇 시 몇 분 전’의 시각 읽기에서 5분 전, 10분 전과 같이 간단한 경우를 다루고, 13분 전과 같이 복잡한 경우는 다루지 않는다.
• 시간의 여러 가지 단위를 지도할 때는 단위 사이의 관계를 이해하는 데 중점을 두고, 지나친 단위 환산은 다루지 않는다.
• 1일, 1주일, 1개월, 1년 사이의 관계를 지도할 때는 실생활 상황에서 달력을 이용하여 그 관계를 이해하게 한다.
• 구체물의 길이를 재는 과정에서 자의 눈금과 일치하지 않는 길이의 측정값을 ‘약’으로 표현할 수 있음을 알게 한다. 
• ‘도형과 측정’ 영역의 문제 상황에 적합한 문제해결 전략을 지도하여 문제해결 역량을 기르게 한다."
1~2,수학,도형과 측정,"⋅평면도형과 입체도형은 여러 가지 모양을 범주화한 것이며, 각각의 평면도형과 입체도형은 고유한 성질을 갖는다. 
⋅도형의 성질과 관계를 탐구하고 정당화하는 것은 논리적이고 비판적으로 사고하는 데 기반이 된다. 
⋅측정은 여러 가지 속성의 양을 비교하고 속성에 따른 단위를 이용하여 양을 수치화함으로써 여러 가지 현상을 해석하거나 실생활 문제를 해결하는 데 활용된다.",2수03-04,"삼각형, 사각형, 원을 직관적으로 이해하고, 그 모양을 그릴 수 있다.","삼각형, 사각형, 원의 예인 것과 아닌 것을 각각 분류하고, 여러 가지 모양의 삼각형, 사각형, 원을 그릴 수 있다.","도형의 예를 통해 삼각형, 사각형, 원을 직관적으로 이해하고, 여러 가지 방법(본뜨기, 도형판 이용 등)으로 삼각형, 사각형, 원을 그릴 수 있다.","주어진 도형에서 삼각형, 사각형, 원을 찾고, 물건을 본떠서 삼각형, 사각형, 원을 그릴 수 있다.","[2수03-04] 삼각형, 사각형, 원은 예인 것과 예가 아닌 것을 분류하는 활동을 통하여 직관적으로 이해하게 한다. 본뜨기, 도형판을 이용한 활동 등을 통해 삼각형, 사각형, 원의 모양을 그리게 할 수 있다.","• ‘도형과 측정’ 영역에서는 용어와 기호로 ‘삼각형, 사각형, 원, 꼭짓점, 변, 시, 분, 약, cm, m’를 다룬다.
• 입체도형과 평면도형의 모양을 다룰 때 모양의 특징을 직관적으로 파악하여 모양을 분류하고, 분류한 모양을 지칭하기 위해 일상용어를 사용하게 할 수 있다.
• 입체도형과 평면도형의 모양을 이용한 모양 만들기의 주제는 학생들에게 친근한 소재인 동물, 탈 것, 건물 등으로 다양하게 제시하여 수학에 대한 흥미와 관심을 갖게 한다.
• 쌓기나무, 칠교판 등의 구체물을 이용한 모양 만들기를 통하여 도형에 대한 공간 감각을 기르게 한다.
• 양의 비교는 학생들에게 친근한 실생활 상황을 이용하고, 직관적인 비교, 직접 비교, 간접 비교 등을 상황에 따라 알맞게 다룬다.
• 저학년 학생들의 한글 학습 정도를 고려하여 양을 비교할 때 ‘짧다’, ‘많다’, ‘넓다’ 등과 같이 한글로 쓰게 하는 것은 지양한다.
• 학생들이 모형 시계를 조작하여 ‘몇 시’, ‘몇 시 30분’, ‘몇 시 몇 분’, ‘몇 시 몇 분 전’ 등의 시각을 읽게 한다.
• ‘몇 시 몇 분 전’의 시각 읽기에서 5분 전, 10분 전과 같이 간단한 경우를 다루고, 13분 전과 같이 복잡한 경우는 다루지 않는다.
• 시간의 여러 가지 단위를 지도할 때는 단위 사이의 관계를 이해하는 데 중점을 두고, 지나친 단위 환산은 다루지 않는다.
• 1일, 1주일, 1개월, 1년 사이의 관계를 지도할 때는 실생활 상황에서 달력을 이용하여 그 관계를 이해하게 한다.
• 구체물의 길이를 재는 과정에서 자의 눈금과 일치하지 않는 길이의 측정값을 ‘약’으로 표현할 수 있음을 알게 한다. 
• ‘도형과 측정’ 영역의 문제 상황에 적합한 문제해결 전략을 지도하여 문제해결 역량을 기르게 한다."
1~2,수학,도형과 측정,"⋅평면도형과 입체도형은 여러 가지 모양을 범주화한 것이며, 각각의 평면도형과 입체도형은 고유한 성질을 갖는다. 
⋅도형의 성질과 관계를 탐구하고 정당화하는 것은 논리적이고 비판적으로 사고하는 데 기반이 된다. 
⋅측정은 여러 가지 속성의 양을 비교하고 속성에 따른 단위를 이용하여 양을 수치화함으로써 여러 가지 현상을 해석하거나 실생활 문제를 해결하는 데 활용된다.",2수03-05,"삼각형, 사각형에서 각각의 공통점을 찾아 말할 수 있다.","삼각형 또는 사각형에서 각 도형의 여러 가지 공통점을 찾고, 이를 이용하여 주어진 도형이 삼각형 또는 사각형임을 말할 수 있다.",삼각형 또는 사각형에서 각 도형의 여러 가지 공통점을 찾아 말할 수 있다.,안내된 절차에 따라 삼각형 또는 사각형에서 각 도형의 공통점을 찾을 수 있다.,,"• ‘도형과 측정’ 영역에서는 용어와 기호로 ‘삼각형, 사각형, 원, 꼭짓점, 변, 시, 분, 약, cm, m’를 다룬다.
• 입체도형과 평면도형의 모양을 다룰 때 모양의 특징을 직관적으로 파악하여 모양을 분류하고, 분류한 모양을 지칭하기 위해 일상용어를 사용하게 할 수 있다.
• 입체도형과 평면도형의 모양을 이용한 모양 만들기의 주제는 학생들에게 친근한 소재인 동물, 탈 것, 건물 등으로 다양하게 제시하여 수학에 대한 흥미와 관심을 갖게 한다.
• 쌓기나무, 칠교판 등의 구체물을 이용한 모양 만들기를 통하여 도형에 대한 공간 감각을 기르게 한다.
• 양의 비교는 학생들에게 친근한 실생활 상황을 이용하고, 직관적인 비교, 직접 비교, 간접 비교 등을 상황에 따라 알맞게 다룬다.
• 저학년 학생들의 한글 학습 정도를 고려하여 양을 비교할 때 ‘짧다’, ‘많다’, ‘넓다’ 등과 같이 한글로 쓰게 하는 것은 지양한다.
• 학생들이 모형 시계를 조작하여 ‘몇 시’, ‘몇 시 30분’, ‘몇 시 몇 분’, ‘몇 시 몇 분 전’ 등의 시각을 읽게 한다.
• ‘몇 시 몇 분 전’의 시각 읽기에서 5분 전, 10분 전과 같이 간단한 경우를 다루고, 13분 전과 같이 복잡한 경우는 다루지 않는다.
• 시간의 여러 가지 단위를 지도할 때는 단위 사이의 관계를 이해하는 데 중점을 두고, 지나친 단위 환산은 다루지 않는다.
• 1일, 1주일, 1개월, 1년 사이의 관계를 지도할 때는 실생활 상황에서 달력을 이용하여 그 관계를 이해하게 한다.
• 구체물의 길이를 재는 과정에서 자의 눈금과 일치하지 않는 길이의 측정값을 ‘약’으로 표현할 수 있음을 알게 한다. 
• ‘도형과 측정’ 영역의 문제 상황에 적합한 문제해결 전략을 지도하여 문제해결 역량을 기르게 한다."
1~2,수학,도형과 측정,"⋅평면도형과 입체도형은 여러 가지 모양을 범주화한 것이며, 각각의 평면도형과 입체도형은 고유한 성질을 갖는다. 
⋅도형의 성질과 관계를 탐구하고 정당화하는 것은 논리적이고 비판적으로 사고하는 데 기반이 된다. 
⋅측정은 여러 가지 속성의 양을 비교하고 속성에 따른 단위를 이용하여 양을 수치화함으로써 여러 가지 현상을 해석하거나 실생활 문제를 해결하는 데 활용된다.",2수03-06,"구체물의 길이, 들이, 무게, 넓이를 비교하여 각각 ‘길다, 짧다’, ‘많다, 적다’, ‘무겁다, 가볍다’, ‘넓다, 좁다’ 등을 구별하여 말할 수 있다.","구체물의 길이, 들이, 무게, 넓이를 여러 가지 방법으로 비교하여 각각 ‘길다, 짧다’, ‘많다, 적다’, ‘무겁다, 가볍다’, ‘넓다, 좁다’ 등을 구별하여 말할 수 있다.","구체물의 길이, 들이, 무게, 넓이를 비교하여 각각 ‘길다, 짧다’, ‘많다, 적다’, ‘무겁다, 가볍다’, ‘넓다, 좁다’ 등을 구별할 수 있다.","안내된 절차에 따라 구체물의 길이, 들이, 무게, 넓이를 비교하여 어느 것이 더 긴지, 더 많은지, 더 무거운지, 더 넓은지를 구별할 수 있다.",,"• ‘도형과 측정’ 영역에서는 용어와 기호로 ‘삼각형, 사각형, 원, 꼭짓점, 변, 시, 분, 약, cm, m’를 다룬다.
• 입체도형과 평면도형의 모양을 다룰 때 모양의 특징을 직관적으로 파악하여 모양을 분류하고, 분류한 모양을 지칭하기 위해 일상용어를 사용하게 할 수 있다.
• 입체도형과 평면도형의 모양을 이용한 모양 만들기의 주제는 학생들에게 친근한 소재인 동물, 탈 것, 건물 등으로 다양하게 제시하여 수학에 대한 흥미와 관심을 갖게 한다.
• 쌓기나무, 칠교판 등의 구체물을 이용한 모양 만들기를 통하여 도형에 대한 공간 감각을 기르게 한다.
• 양의 비교는 학생들에게 친근한 실생활 상황을 이용하고, 직관적인 비교, 직접 비교, 간접 비교 등을 상황에 따라 알맞게 다룬다.
• 저학년 학생들의 한글 학습 정도를 고려하여 양을 비교할 때 ‘짧다’, ‘많다’, ‘넓다’ 등과 같이 한글로 쓰게 하는 것은 지양한다.
• 학생들이 모형 시계를 조작하여 ‘몇 시’, ‘몇 시 30분’, ‘몇 시 몇 분’, ‘몇 시 몇 분 전’ 등의 시각을 읽게 한다.
• ‘몇 시 몇 분 전’의 시각 읽기에서 5분 전, 10분 전과 같이 간단한 경우를 다루고, 13분 전과 같이 복잡한 경우는 다루지 않는다.
• 시간의 여러 가지 단위를 지도할 때는 단위 사이의 관계를 이해하는 데 중점을 두고, 지나친 단위 환산은 다루지 않는다.
• 1일, 1주일, 1개월, 1년 사이의 관계를 지도할 때는 실생활 상황에서 달력을 이용하여 그 관계를 이해하게 한다.
• 구체물의 길이를 재는 과정에서 자의 눈금과 일치하지 않는 길이의 측정값을 ‘약’으로 표현할 수 있음을 알게 한다. 
• ‘도형과 측정’ 영역의 문제 상황에 적합한 문제해결 전략을 지도하여 문제해결 역량을 기르게 한다."
1~2,수학,도형과 측정,"⋅평면도형과 입체도형은 여러 가지 모양을 범주화한 것이며, 각각의 평면도형과 입체도형은 고유한 성질을 갖는다. 
⋅도형의 성질과 관계를 탐구하고 정당화하는 것은 논리적이고 비판적으로 사고하는 데 기반이 된다. 
⋅측정은 여러 가지 속성의 양을 비교하고 속성에 따른 단위를 이용하여 양을 수치화함으로써 여러 가지 현상을 해석하거나 실생활 문제를 해결하는 데 활용된다.",2수03-07,시계를 보고 시각을 ‘몇 시 몇 분’까지 읽을 수 있다.,"시계가 나타내는 여러 가지 시각을 ‘몇 시’, ‘몇 시 30분’, ‘몇 시 몇 분’ 등으로 읽고, 주어진 시각을 시계에 나타낼 수 있다.","시계가 나타내는 여러 가지 시각을 ‘몇 시’, ‘몇 시 30분’, ‘몇 시 몇 분’ 등으로 읽을 수 있다.","시계에서 짧은바늘은 ‘시’, 긴바늘은 ‘분’을 나타냄을 알고, 안내된 절차에 따라 간단한 시각을 읽을 수 있다.",,"• ‘도형과 측정’ 영역에서는 용어와 기호로 ‘삼각형, 사각형, 원, 꼭짓점, 변, 시, 분, 약, cm, m’를 다룬다.
• 입체도형과 평면도형의 모양을 다룰 때 모양의 특징을 직관적으로 파악하여 모양을 분류하고, 분류한 모양을 지칭하기 위해 일상용어를 사용하게 할 수 있다.
• 입체도형과 평면도형의 모양을 이용한 모양 만들기의 주제는 학생들에게 친근한 소재인 동물, 탈 것, 건물 등으로 다양하게 제시하여 수학에 대한 흥미와 관심을 갖게 한다.
• 쌓기나무, 칠교판 등의 구체물을 이용한 모양 만들기를 통하여 도형에 대한 공간 감각을 기르게 한다.
• 양의 비교는 학생들에게 친근한 실생활 상황을 이용하고, 직관적인 비교, 직접 비교, 간접 비교 등을 상황에 따라 알맞게 다룬다.
• 저학년 학생들의 한글 학습 정도를 고려하여 양을 비교할 때 ‘짧다’, ‘많다’, ‘넓다’ 등과 같이 한글로 쓰게 하는 것은 지양한다.
• 학생들이 모형 시계를 조작하여 ‘몇 시’, ‘몇 시 30분’, ‘몇 시 몇 분’, ‘몇 시 몇 분 전’ 등의 시각을 읽게 한다.
• ‘몇 시 몇 분 전’의 시각 읽기에서 5분 전, 10분 전과 같이 간단한 경우를 다루고, 13분 전과 같이 복잡한 경우는 다루지 않는다.
• 시간의 여러 가지 단위를 지도할 때는 단위 사이의 관계를 이해하는 데 중점을 두고, 지나친 단위 환산은 다루지 않는다.
• 1일, 1주일, 1개월, 1년 사이의 관계를 지도할 때는 실생활 상황에서 달력을 이용하여 그 관계를 이해하게 한다.
• 구체물의 길이를 재는 과정에서 자의 눈금과 일치하지 않는 길이의 측정값을 ‘약’으로 표현할 수 있음을 알게 한다. 
• ‘도형과 측정’ 영역의 문제 상황에 적합한 문제해결 전략을 지도하여 문제해결 역량을 기르게 한다."
1~2,수학,도형과 측정,"⋅평면도형과 입체도형은 여러 가지 모양을 범주화한 것이며, 각각의 평면도형과 입체도형은 고유한 성질을 갖는다. 
⋅도형의 성질과 관계를 탐구하고 정당화하는 것은 논리적이고 비판적으로 사고하는 데 기반이 된다. 
⋅측정은 여러 가지 속성의 양을 비교하고 속성에 따른 단위를 이용하여 양을 수치화함으로써 여러 가지 현상을 해석하거나 실생활 문제를 해결하는 데 활용된다.",2수03-08,"1시간과 1분의 관계를 이해하고, 시간을 ‘시간’, ‘분’으로 표현할 수 있다.",1시간과 1분의 관계를 이용하여 실생활 상황에서 시간을 ‘몇 시간 몇 분’과 ‘몇 분’으로 각각 나타낼 수 있다.,"1시간과 1분의 관계를 이용하여 ‘몇 시간 몇 분’을 ‘몇 분’으로, ‘몇 분’을 ‘몇 시간 몇 분’으로 나타낼 수 있다.","1시간이 60분임을 알고, 안내된 절차에 따라 ‘몇 시간’을 ‘몇 분’으로, ‘몇 분’을 ‘몇 시간’으로 나타낼 수 있다.",,"• ‘도형과 측정’ 영역에서는 용어와 기호로 ‘삼각형, 사각형, 원, 꼭짓점, 변, 시, 분, 약, cm, m’를 다룬다.
• 입체도형과 평면도형의 모양을 다룰 때 모양의 특징을 직관적으로 파악하여 모양을 분류하고, 분류한 모양을 지칭하기 위해 일상용어를 사용하게 할 수 있다.
• 입체도형과 평면도형의 모양을 이용한 모양 만들기의 주제는 학생들에게 친근한 소재인 동물, 탈 것, 건물 등으로 다양하게 제시하여 수학에 대한 흥미와 관심을 갖게 한다.
• 쌓기나무, 칠교판 등의 구체물을 이용한 모양 만들기를 통하여 도형에 대한 공간 감각을 기르게 한다.
• 양의 비교는 학생들에게 친근한 실생활 상황을 이용하고, 직관적인 비교, 직접 비교, 간접 비교 등을 상황에 따라 알맞게 다룬다.
• 저학년 학생들의 한글 학습 정도를 고려하여 양을 비교할 때 ‘짧다’, ‘많다’, ‘넓다’ 등과 같이 한글로 쓰게 하는 것은 지양한다.
• 학생들이 모형 시계를 조작하여 ‘몇 시’, ‘몇 시 30분’, ‘몇 시 몇 분’, ‘몇 시 몇 분 전’ 등의 시각을 읽게 한다.
• ‘몇 시 몇 분 전’의 시각 읽기에서 5분 전, 10분 전과 같이 간단한 경우를 다루고, 13분 전과 같이 복잡한 경우는 다루지 않는다.
• 시간의 여러 가지 단위를 지도할 때는 단위 사이의 관계를 이해하는 데 중점을 두고, 지나친 단위 환산은 다루지 않는다.
• 1일, 1주일, 1개월, 1년 사이의 관계를 지도할 때는 실생활 상황에서 달력을 이용하여 그 관계를 이해하게 한다.
• 구체물의 길이를 재는 과정에서 자의 눈금과 일치하지 않는 길이의 측정값을 ‘약’으로 표현할 수 있음을 알게 한다. 
• ‘도형과 측정’ 영역의 문제 상황에 적합한 문제해결 전략을 지도하여 문제해결 역량을 기르게 한다."
1~2,수학,도형과 측정,"⋅평면도형과 입체도형은 여러 가지 모양을 범주화한 것이며, 각각의 평면도형과 입체도형은 고유한 성질을 갖는다. 
⋅도형의 성질과 관계를 탐구하고 정당화하는 것은 논리적이고 비판적으로 사고하는 데 기반이 된다. 
⋅측정은 여러 가지 속성의 양을 비교하고 속성에 따른 단위를 이용하여 양을 수치화함으로써 여러 가지 현상을 해석하거나 실생활 문제를 해결하는 데 활용된다.",2수03-09,"실생활 문제 상황과 연결하여 1분, 1시간, 1일, 1주일, 1개월, 1년 사이의 관계를 이해한다.","1분, 1시간, 1일 사이의 관계와 1일, 1주일, 1개월, 1년 사이의 관계를 말하고, 이를 실생활 상황에 적용할 수 있다.","1시간은 60분, 1일은 24시간임을 이용하여 1분, 1시간, 1일 사이의 관계를 말하고, 달력을 이용하여 1일, 1주일, 1개월, 1년 사이의 관계를 말할 수 있다.","1시간은 60분, 1일은 24시간, 1주일은 7일, 1년은 12개월임을 말할 수 있다.",,"• ‘도형과 측정’ 영역에서는 용어와 기호로 ‘삼각형, 사각형, 원, 꼭짓점, 변, 시, 분, 약, cm, m’를 다룬다.
• 입체도형과 평면도형의 모양을 다룰 때 모양의 특징을 직관적으로 파악하여 모양을 분류하고, 분류한 모양을 지칭하기 위해 일상용어를 사용하게 할 수 있다.
• 입체도형과 평면도형의 모양을 이용한 모양 만들기의 주제는 학생들에게 친근한 소재인 동물, 탈 것, 건물 등으로 다양하게 제시하여 수학에 대한 흥미와 관심을 갖게 한다.
• 쌓기나무, 칠교판 등의 구체물을 이용한 모양 만들기를 통하여 도형에 대한 공간 감각을 기르게 한다.
• 양의 비교는 학생들에게 친근한 실생활 상황을 이용하고, 직관적인 비교, 직접 비교, 간접 비교 등을 상황에 따라 알맞게 다룬다.
• 저학년 학생들의 한글 학습 정도를 고려하여 양을 비교할 때 ‘짧다’, ‘많다’, ‘넓다’ 등과 같이 한글로 쓰게 하는 것은 지양한다.
• 학생들이 모형 시계를 조작하여 ‘몇 시’, ‘몇 시 30분’, ‘몇 시 몇 분’, ‘몇 시 몇 분 전’ 등의 시각을 읽게 한다.
• ‘몇 시 몇 분 전’의 시각 읽기에서 5분 전, 10분 전과 같이 간단한 경우를 다루고, 13분 전과 같이 복잡한 경우는 다루지 않는다.
• 시간의 여러 가지 단위를 지도할 때는 단위 사이의 관계를 이해하는 데 중점을 두고, 지나친 단위 환산은 다루지 않는다.
• 1일, 1주일, 1개월, 1년 사이의 관계를 지도할 때는 실생활 상황에서 달력을 이용하여 그 관계를 이해하게 한다.
• 구체물의 길이를 재는 과정에서 자의 눈금과 일치하지 않는 길이의 측정값을 ‘약’으로 표현할 수 있음을 알게 한다. 
• ‘도형과 측정’ 영역의 문제 상황에 적합한 문제해결 전략을 지도하여 문제해결 역량을 기르게 한다."
1~2,수학,도형과 측정,"⋅평면도형과 입체도형은 여러 가지 모양을 범주화한 것이며, 각각의 평면도형과 입체도형은 고유한 성질을 갖는다. 
⋅도형의 성질과 관계를 탐구하고 정당화하는 것은 논리적이고 비판적으로 사고하는 데 기반이 된다. 
⋅측정은 여러 가지 속성의 양을 비교하고 속성에 따른 단위를 이용하여 양을 수치화함으로써 여러 가지 현상을 해석하거나 실생활 문제를 해결하는 데 활용된다.",2수03-10,"길이 단위 1cm와 1m를 알고, 이를 이용하여 주변 사물의 길이를 측정할 수 있다.","임의 단위와 표준 단위를 비교하여 표준 단위의 필요성을 말하고, 1cm 또는 1m의 단위로 여러 가지 물건의 길이를 측정하여 비교할 수 있다.","표준 단위의 필요성을 알고, 1cm 또는 1m의 단위로 여러 가지 물건의 길이를 측정할 수 있다.",안내된 절차에 따라 1cm 또는 1m의 단위로 주어진 사물의 길이를 측정할 수 있다.,[2수03-10] 길이의 표준 단위를 도입하기 전에 구체물을 직접 비교해 보거나 여러 가지 임의 단위를 사용하여 구체물의 길이를 재어보는 활동을 통해 표준 단위의 필요성을 알게 한다.,"• ‘도형과 측정’ 영역에서는 용어와 기호로 ‘삼각형, 사각형, 원, 꼭짓점, 변, 시, 분, 약, cm, m’를 다룬다.
• 입체도형과 평면도형의 모양을 다룰 때 모양의 특징을 직관적으로 파악하여 모양을 분류하고, 분류한 모양을 지칭하기 위해 일상용어를 사용하게 할 수 있다.
• 입체도형과 평면도형의 모양을 이용한 모양 만들기의 주제는 학생들에게 친근한 소재인 동물, 탈 것, 건물 등으로 다양하게 제시하여 수학에 대한 흥미와 관심을 갖게 한다.
• 쌓기나무, 칠교판 등의 구체물을 이용한 모양 만들기를 통하여 도형에 대한 공간 감각을 기르게 한다.
• 양의 비교는 학생들에게 친근한 실생활 상황을 이용하고, 직관적인 비교, 직접 비교, 간접 비교 등을 상황에 따라 알맞게 다룬다.
• 저학년 학생들의 한글 학습 정도를 고려하여 양을 비교할 때 ‘짧다’, ‘많다’, ‘넓다’ 등과 같이 한글로 쓰게 하는 것은 지양한다.
• 학생들이 모형 시계를 조작하여 ‘몇 시’, ‘몇 시 30분’, ‘몇 시 몇 분’, ‘몇 시 몇 분 전’ 등의 시각을 읽게 한다.
• ‘몇 시 몇 분 전’의 시각 읽기에서 5분 전, 10분 전과 같이 간단한 경우를 다루고, 13분 전과 같이 복잡한 경우는 다루지 않는다.
• 시간의 여러 가지 단위를 지도할 때는 단위 사이의 관계를 이해하는 데 중점을 두고, 지나친 단위 환산은 다루지 않는다.
• 1일, 1주일, 1개월, 1년 사이의 관계를 지도할 때는 실생활 상황에서 달력을 이용하여 그 관계를 이해하게 한다.
• 구체물의 길이를 재는 과정에서 자의 눈금과 일치하지 않는 길이의 측정값을 ‘약’으로 표현할 수 있음을 알게 한다. 
• ‘도형과 측정’ 영역의 문제 상황에 적합한 문제해결 전략을 지도하여 문제해결 역량을 기르게 한다."
1~2,수학,도형과 측정,"⋅평면도형과 입체도형은 여러 가지 모양을 범주화한 것이며, 각각의 평면도형과 입체도형은 고유한 성질을 갖는다. 
⋅도형의 성질과 관계를 탐구하고 정당화하는 것은 논리적이고 비판적으로 사고하는 데 기반이 된다. 
⋅측정은 여러 가지 속성의 양을 비교하고 속성에 따른 단위를 이용하여 양을 수치화함으로써 여러 가지 현상을 해석하거나 실생활 문제를 해결하는 데 활용된다.",2수03-11,"1m와 1cm의 관계를 이해하고, 길이를 ‘몇 m 몇 cm’와 ‘몇 cm’로 표현할 수 있다.",1m와 1cm의 관계를 이용하여 실생활 상황에서 여러 가지 길이를 ‘몇 m 몇 cm’와 ‘몇 cm’로 표현할 수 있다.,"1m와 1cm의 관계를 이용하여 ‘몇 m 몇 cm’를 ‘몇 cm’로, ‘몇 cm’를 ‘몇 m 몇cm’로 나타낼 수 있다.","1m가 100cm임을 알고, 안내된 절차에 따라 ‘몇 m’를 ‘몇 cm’로, ‘몇 cm’를 ‘몇 m’로 나타낼 수 있다.",,"• ‘도형과 측정’ 영역에서는 용어와 기호로 ‘삼각형, 사각형, 원, 꼭짓점, 변, 시, 분, 약, cm, m’를 다룬다.
• 입체도형과 평면도형의 모양을 다룰 때 모양의 특징을 직관적으로 파악하여 모양을 분류하고, 분류한 모양을 지칭하기 위해 일상용어를 사용하게 할 수 있다.
• 입체도형과 평면도형의 모양을 이용한 모양 만들기의 주제는 학생들에게 친근한 소재인 동물, 탈 것, 건물 등으로 다양하게 제시하여 수학에 대한 흥미와 관심을 갖게 한다.
• 쌓기나무, 칠교판 등의 구체물을 이용한 모양 만들기를 통하여 도형에 대한 공간 감각을 기르게 한다.
• 양의 비교는 학생들에게 친근한 실생활 상황을 이용하고, 직관적인 비교, 직접 비교, 간접 비교 등을 상황에 따라 알맞게 다룬다.
• 저학년 학생들의 한글 학습 정도를 고려하여 양을 비교할 때 ‘짧다’, ‘많다’, ‘넓다’ 등과 같이 한글로 쓰게 하는 것은 지양한다.
• 학생들이 모형 시계를 조작하여 ‘몇 시’, ‘몇 시 30분’, ‘몇 시 몇 분’, ‘몇 시 몇 분 전’ 등의 시각을 읽게 한다.
• ‘몇 시 몇 분 전’의 시각 읽기에서 5분 전, 10분 전과 같이 간단한 경우를 다루고, 13분 전과 같이 복잡한 경우는 다루지 않는다.
• 시간의 여러 가지 단위를 지도할 때는 단위 사이의 관계를 이해하는 데 중점을 두고, 지나친 단위 환산은 다루지 않는다.
• 1일, 1주일, 1개월, 1년 사이의 관계를 지도할 때는 실생활 상황에서 달력을 이용하여 그 관계를 이해하게 한다.
• 구체물의 길이를 재는 과정에서 자의 눈금과 일치하지 않는 길이의 측정값을 ‘약’으로 표현할 수 있음을 알게 한다. 
• ‘도형과 측정’ 영역의 문제 상황에 적합한 문제해결 전략을 지도하여 문제해결 역량을 기르게 한다."
1~2,수학,도형과 측정,"⋅평면도형과 입체도형은 여러 가지 모양을 범주화한 것이며, 각각의 평면도형과 입체도형은 고유한 성질을 갖는다. 
⋅도형의 성질과 관계를 탐구하고 정당화하는 것은 논리적이고 비판적으로 사고하는 데 기반이 된다. 
⋅측정은 여러 가지 속성의 양을 비교하고 속성에 따른 단위를 이용하여 양을 수치화함으로써 여러 가지 현상을 해석하거나 실생활 문제를 해결하는 데 활용된다.",2수03-12,"여러 가지 물건의 길이를 어림하고, 길이에 대한 양감을 기른다.","길이에 대한 양감을 이용하여 물건의 길이를 여러 가지 방법으로 어림하고, 어림한 방법을 말할 수 있다.","길이에 대한 양감을 바탕으로 주어진 물건의 길이를 어림하고, 어림한 길이를 자로 잰 길이와 비교할 수 있다.",안내된 절차에 따라 1cm 또는 1m와 비교하여 물건의 길이를 어림할 수 있다.,[2수03-12] 생활 주변의 여러 가지 물건들의 길이를 어림해 보고 자로 측정하여 확인하는 활동과 주어진 길이에 해당하는 선분을 그려 보는 활동을 통해 길이에 대한 양감을 기르게 한다.,"• ‘도형과 측정’ 영역에서는 용어와 기호로 ‘삼각형, 사각형, 원, 꼭짓점, 변, 시, 분, 약, cm, m’를 다룬다.
• 입체도형과 평면도형의 모양을 다룰 때 모양의 특징을 직관적으로 파악하여 모양을 분류하고, 분류한 모양을 지칭하기 위해 일상용어를 사용하게 할 수 있다.
• 입체도형과 평면도형의 모양을 이용한 모양 만들기의 주제는 학생들에게 친근한 소재인 동물, 탈 것, 건물 등으로 다양하게 제시하여 수학에 대한 흥미와 관심을 갖게 한다.
• 쌓기나무, 칠교판 등의 구체물을 이용한 모양 만들기를 통하여 도형에 대한 공간 감각을 기르게 한다.
• 양의 비교는 학생들에게 친근한 실생활 상황을 이용하고, 직관적인 비교, 직접 비교, 간접 비교 등을 상황에 따라 알맞게 다룬다.
• 저학년 학생들의 한글 학습 정도를 고려하여 양을 비교할 때 ‘짧다’, ‘많다’, ‘넓다’ 등과 같이 한글로 쓰게 하는 것은 지양한다.
• 학생들이 모형 시계를 조작하여 ‘몇 시’, ‘몇 시 30분’, ‘몇 시 몇 분’, ‘몇 시 몇 분 전’ 등의 시각을 읽게 한다.
• ‘몇 시 몇 분 전’의 시각 읽기에서 5분 전, 10분 전과 같이 간단한 경우를 다루고, 13분 전과 같이 복잡한 경우는 다루지 않는다.
• 시간의 여러 가지 단위를 지도할 때는 단위 사이의 관계를 이해하는 데 중점을 두고, 지나친 단위 환산은 다루지 않는다.
• 1일, 1주일, 1개월, 1년 사이의 관계를 지도할 때는 실생활 상황에서 달력을 이용하여 그 관계를 이해하게 한다.
• 구체물의 길이를 재는 과정에서 자의 눈금과 일치하지 않는 길이의 측정값을 ‘약’으로 표현할 수 있음을 알게 한다. 
• ‘도형과 측정’ 영역의 문제 상황에 적합한 문제해결 전략을 지도하여 문제해결 역량을 기르게 한다."
1~2,수학,도형과 측정,"⋅평면도형과 입체도형은 여러 가지 모양을 범주화한 것이며, 각각의 평면도형과 입체도형은 고유한 성질을 갖는다. 
⋅도형의 성질과 관계를 탐구하고 정당화하는 것은 논리적이고 비판적으로 사고하는 데 기반이 된다. 
⋅측정은 여러 가지 속성의 양을 비교하고 속성에 따른 단위를 이용하여 양을 수치화함으로써 여러 가지 현상을 해석하거나 실생활 문제를 해결하는 데 활용된다.",2수03-13,실생활 문제 상황과 연결하여 길이의 덧셈과 뺄셈을 할 수 있다.,"실생활 문제 상황을 길이의 덧셈과 뺄셈으로 나타내어 계산하고, 그 과정을 말할 수 있다.","실생활 문제 상황을 길이의 덧셈과 뺄셈으로 나타내고, 그 계산을 할 수 있다.",안내된 절차에 따라 간단한 길이의 덧셈과 뺄셈을 할 수 있다.,,"• ‘도형과 측정’ 영역에서는 용어와 기호로 ‘삼각형, 사각형, 원, 꼭짓점, 변, 시, 분, 약, cm, m’를 다룬다.
• 입체도형과 평면도형의 모양을 다룰 때 모양의 특징을 직관적으로 파악하여 모양을 분류하고, 분류한 모양을 지칭하기 위해 일상용어를 사용하게 할 수 있다.
• 입체도형과 평면도형의 모양을 이용한 모양 만들기의 주제는 학생들에게 친근한 소재인 동물, 탈 것, 건물 등으로 다양하게 제시하여 수학에 대한 흥미와 관심을 갖게 한다.
• 쌓기나무, 칠교판 등의 구체물을 이용한 모양 만들기를 통하여 도형에 대한 공간 감각을 기르게 한다.
• 양의 비교는 학생들에게 친근한 실생활 상황을 이용하고, 직관적인 비교, 직접 비교, 간접 비교 등을 상황에 따라 알맞게 다룬다.
• 저학년 학생들의 한글 학습 정도를 고려하여 양을 비교할 때 ‘짧다’, ‘많다’, ‘넓다’ 등과 같이 한글로 쓰게 하는 것은 지양한다.
• 학생들이 모형 시계를 조작하여 ‘몇 시’, ‘몇 시 30분’, ‘몇 시 몇 분’, ‘몇 시 몇 분 전’ 등의 시각을 읽게 한다.
• ‘몇 시 몇 분 전’의 시각 읽기에서 5분 전, 10분 전과 같이 간단한 경우를 다루고, 13분 전과 같이 복잡한 경우는 다루지 않는다.
• 시간의 여러 가지 단위를 지도할 때는 단위 사이의 관계를 이해하는 데 중점을 두고, 지나친 단위 환산은 다루지 않는다.
• 1일, 1주일, 1개월, 1년 사이의 관계를 지도할 때는 실생활 상황에서 달력을 이용하여 그 관계를 이해하게 한다.
• 구체물의 길이를 재는 과정에서 자의 눈금과 일치하지 않는 길이의 측정값을 ‘약’으로 표현할 수 있음을 알게 한다. 
• ‘도형과 측정’ 영역의 문제 상황에 적합한 문제해결 전략을 지도하여 문제해결 역량을 기르게 한다."
1~2,수학,자료와 가능성,"⋅자료를 수집, 정리, 해석하는 통계는 자료의 특징을 파악하고 두 집단을 비교하며 자료의 관계를 탐구하는 데 활용된다. 
⋅사건이 일어날 가능성을 여러 가지 방법으로 표현하는 것은 불확실성을 이해하는 데 도움이 되며, 가능성을 확률로 수치화하면 불확실성을 수학적으로 다룰 수 있게 된다. 
⋅자료를 이용하여 통계적 문제해결 과정을 실천하고 생활 속의 가능성을 탐구하는 것은 미래를 예측하고 합리적인 의사 결정을 하는 데 기반이 된다.",2수04-01,"여러 가지 사물을 정해진 기준 또는 자신이 정한 기준으로 분류하여 개수를 세어 보고, 기준에 따른 결과를 말할 수 있다.","사물을 여러 가지 기준으로 분류하고, 분류한 결과와 분류할 때 분명한 기준이 필요함을 말할 수 있다.","사물을 정해진 기준 또는 자신이 정한 기준으로 분류하고, 개수를 세어 분류한 결과를 말할 수 있다.","안내된 절차에 따라 사물을 간단한 기준으로 분류하고, 개수를 셀 수 있다.",,"• ‘자료와 가능성’ 영역에서는 용어와 기호로 ‘표, 그래프’를 다룬다.
• 분류하기에서는 학생들이 실생활에서 친근하게 느낄 수 있는 소재를 활용한다.
• 기준을 정하여 분류할 때는 학생들이 정한 다양한 기준을 존중하되, 분명하지 않은 기준으로는 분류하기가 어렵다는 점을 인식하게 한다.
• 자료를 분류하여 표나 그래프를 만들 때는 자료가 중복되거나 빠지지 않도록 세어 보는 방법을 함께 지도한다.
• 표와 그래프로 나타내기는 실생활이나 환경과 관련된 자료들을 활용하되, 학생들의 수준에 비해 어려운 분류 대상이나 분류 기준을 사용하지 않는다.
• ‘자료와 가능성’ 영역의 문제 상황에 적합한 문제해결 전략을 지도하여 문제해결 역량을 기르게 한다."
1~2,수학,자료와 가능성,"⋅자료를 수집, 정리, 해석하는 통계는 자료의 특징을 파악하고 두 집단을 비교하며 자료의 관계를 탐구하는 데 활용된다. 
⋅사건이 일어날 가능성을 여러 가지 방법으로 표현하는 것은 불확실성을 이해하는 데 도움이 되며, 가능성을 확률로 수치화하면 불확실성을 수학적으로 다룰 수 있게 된다. 
⋅자료를 이용하여 통계적 문제해결 과정을 실천하고 생활 속의 가능성을 탐구하는 것은 미래를 예측하고 합리적인 의사 결정을 하는 데 기반이 된다.",2수04-02,"자료를 분류하여 표로 나타내고, 자료를 표로 나타내면 편리한 점을 말할 수 있다.","자료를 분류하여 표로 나타내고, 표를 보고 알게 된 사실과 자료를 표로 나타내면 편리한 점을 말할 수 있다.","분류한 자료를 표로 나타내고, 자료를 표로 나타내면 편리한 점을 말할 수 있다.",자료를 보고 일부가 주어진 표를 완성할 수 있다.,"[2수04-02] 표를 이용하여 자료의 크기를 수로 정리하면, 자료의 크기를 나타내고 비교하는 데 편리하다는 점을 통해 수학의 유용성을 인식하게 한다.","• ‘자료와 가능성’ 영역에서는 용어와 기호로 ‘표, 그래프’를 다룬다.
• 분류하기에서는 학생들이 실생활에서 친근하게 느낄 수 있는 소재를 활용한다.
• 기준을 정하여 분류할 때는 학생들이 정한 다양한 기준을 존중하되, 분명하지 않은 기준으로는 분류하기가 어렵다는 점을 인식하게 한다.
• 자료를 분류하여 표나 그래프를 만들 때는 자료가 중복되거나 빠지지 않도록 세어 보는 방법을 함께 지도한다.
• 표와 그래프로 나타내기는 실생활이나 환경과 관련된 자료들을 활용하되, 학생들의 수준에 비해 어려운 분류 대상이나 분류 기준을 사용하지 않는다.
• ‘자료와 가능성’ 영역의 문제 상황에 적합한 문제해결 전략을 지도하여 문제해결 역량을 기르게 한다."
1~2,수학,자료와 가능성,"⋅자료를 수집, 정리, 해석하는 통계는 자료의 특징을 파악하고 두 집단을 비교하며 자료의 관계를 탐구하는 데 활용된다. 
⋅사건이 일어날 가능성을 여러 가지 방법으로 표현하는 것은 불확실성을 이해하는 데 도움이 되며, 가능성을 확률로 수치화하면 불확실성을 수학적으로 다룰 수 있게 된다. 
⋅자료를 이용하여 통계적 문제해결 과정을 실천하고 생활 속의 가능성을 탐구하는 것은 미래를 예측하고 합리적인 의사 결정을 하는 데 기반이 된다.",2수04-03,"자료를 분류하여 ○, ×, / 등을 이용한 그래프로 나타내고, 자료를 그래프로 나타내면 편리한 점을 말할 수 있다.","자료를 분류하여 ○, ×, / 등을 이용한 그래프로 나타내고, 그래프를 보고 알게 된 사실과 자료를 그래프로 나타내면 편리한 점을 말할 수 있다.","분류한 자료를 ○, ×, / 등을 이용한 그래프로 나타내고, 자료를 그래프로 나타내면 편리한 점을 말할 수 있다.","표를 보고 일부가 주어진 ○, ×, / 등을 이용한 그래프를 완성할 수 있다.","[2수04-03] 그래프를 이용하여 자료의 크기를 시각적으로 나타내면, 자료의 크기를 한눈에 비교하는 데 편리하다는 점을 통해 수학의 유용성을 인식하게 한다.","• ‘자료와 가능성’ 영역에서는 용어와 기호로 ‘표, 그래프’를 다룬다.
• 분류하기에서는 학생들이 실생활에서 친근하게 느낄 수 있는 소재를 활용한다.
• 기준을 정하여 분류할 때는 학생들이 정한 다양한 기준을 존중하되, 분명하지 않은 기준으로는 분류하기가 어렵다는 점을 인식하게 한다.
• 자료를 분류하여 표나 그래프를 만들 때는 자료가 중복되거나 빠지지 않도록 세어 보는 방법을 함께 지도한다.
• 표와 그래프로 나타내기는 실생활이나 환경과 관련된 자료들을 활용하되, 학생들의 수준에 비해 어려운 분류 대상이나 분류 기준을 사용하지 않는다.
• ‘자료와 가능성’ 영역의 문제 상황에 적합한 문제해결 전략을 지도하여 문제해결 역량을 기르게 한다."
1~2,바른 생활,우리는 누구로 살아갈까,"⋅우리는 내가 누구인지 생각하며 생활한다. 
⋅우리는 서로 관계를 맺으며 생활한다.",2바01-01,학교 생활 습관과 학습 습관을 형성하여 안전하고 건강하게 생활한다.,"학교에서 지켜야 할 규칙과 올바른 학습 습관이 필요한 이유와 중요성을 이해하고 스스로 실천하여 습관화하며, 안전하고 건강한 학교생활을 한다.",학교에서 지켜야 할 규칙을 알고 올바른 학습 습관의 필요성을 이해하고 실천하여 안전하고 건강한 학교생활을 한다.,학교에서 지켜야 할 규칙과 올바른 학습 습관의 필요성을 일부 이해하고 실천하여 안전하고 건강한 생활을 하고자 노력한다.,,"• 이 영역의 모든 성취기준을 적용할 때 학교라는 새로운 생활의 장에서 학생이 마주하는 다양한 사회적 관계에 심리적으로 안정을 느끼며 적응할 수 있도록 하고, 무엇보다 학교에서 안전하게 생활할 수 있도록 생활 안전 교육, 교통 안전 교육과 연계할 수 있다. 또 교육 내용으로 ‘나’를 다룰 때는 내 몸이 소중하다는 인식을 바탕으로, 성폭력, 실종, 유괴 등 폭력예방 및 신변보호 교육도 병행할 수 있다.
• [2바01-01] 초등학교 적응 활동에 초점을 맞춘다. 그리고 안전 교육이 필요할 때 바른 생활과 모든 성취기준과 함께 적용할 수 있다."
1~2,바른 생활,우리는 누구로 살아갈까,"⋅우리는 내가 누구인지 생각하며 생활한다. 
⋅우리는 서로 관계를 맺으며 생활한다.",2바01-02,나를 이해하고 존중하며 생활한다.,"몸과 마음을 소중하게 생각해야 하는 까닭과 필요한 상황을 알고, 나를 이해하고 존중하며 자신감을 가지고 매사에 긍정적인 태도로 자신의 일을 스스로 해결한다.","몸과 마음을 소중하게 생각해 행동해야 하는 상황을 알고, 나에게 긍정적인 태도로 자신의 일을 해결한다.",몸과 마음이 소중함을 알고 자신의 일을 해결하려고 노력한다.,,"• 이 영역의 모든 성취기준을 적용할 때 학교라는 새로운 생활의 장에서 학생이 마주하는 다양한 사회적 관계에 심리적으로 안정을 느끼며 적응할 수 있도록 하고, 무엇보다 학교에서 안전하게 생활할 수 있도록 생활 안전 교육, 교통 안전 교육과 연계할 수 있다. 또 교육 내용으로 ‘나’를 다룰 때는 내 몸이 소중하다는 인식을 바탕으로, 성폭력, 실종, 유괴 등 폭력예방 및 신변보호 교육도 병행할 수 있다.
• [2바01-02] 진로 교육과 연계할 수 있다."
1~2,바른 생활,우리는 누구로 살아갈까,"⋅우리는 내가 누구인지 생각하며 생활한다. 
⋅우리는 서로 관계를 맺으며 생활한다.",2바01-03,가족이나 주변 사람을 배려하며 관계를 맺는다.,"타인 존중 및 배려의 의미와 그것이 필요한 상황을 이해하며 가족이나 주변 사람에게 배려와 나눔을 실천하고, 예의를 지키며 감사의 마음을 적극적으로 표현한다.",타인을 존중해야 하는 상황을 이해하고 가족이나 주변 사람에게 배려와 나눔을 실천하며 감사하는 마음을 갖는다.,타인을 존중해야 하는 상황을 구별하고 가족이나 주변 사람에게 배려와 나눔을 실천하려고 노력하며 주변 사람에게 관심을 갖는다.,,"• 이 영역의 모든 성취기준을 적용할 때 학교라는 새로운 생활의 장에서 학생이 마주하는 다양한 사회적 관계에 심리적으로 안정을 느끼며 적응할 수 있도록 하고, 무엇보다 학교에서 안전하게 생활할 수 있도록 생활 안전 교육, 교통 안전 교육과 연계할 수 있다. 또 교육 내용으로 ‘나’를 다룰 때는 내 몸이 소중하다는 인식을 바탕으로, 성폭력, 실종, 유괴 등 폭력예방 및 신변보호 교육도 병행할 수 있다.
• [2바01-03] 자신이 속해 있는 가족의 형태를 이해하고, 주변에서 만나는 다양한 형태의 가족을 존중할 수 있도록 안내한다. 여기에 다문화 교육을 연계할 수 있다."
1~2,바른 생활,우리는 누구로 살아갈까,"⋅우리는 내가 누구인지 생각하며 생활한다. 
⋅우리는 서로 관계를 맺으며 생활한다.",2바01-04,생태환경에서 더불어 살기 위해 노력한다.,"우리 주변의 생태환경과 나의 삶과의 관계를 이해하고, 지속가능한 생태환경을 만드는데 필요한 행동을 적극적으로 실천한다.","우리 주변의 생태환경과 나의 삶과의 관계를 이해하고, 지속가능한 생태환경을 만드는데 필요한 행동을 실천한다.",생태환경과 나의 삶과의 관계를 생각해 보며 생태환경을 만들기 위해 실천하려고 노력한다.,"[2바01-04]의 ‘생태환경’은 자연, 사람을 포함한 생명체들이 더불어 살아갈 수 있는 환경을 의미한다. 이 성취기준에서는 이를 위한 여러 가지 방법을 알고 알아낸 것을 소통하며 서로 공감하고 실천하는 활동들을 포함한다.",
1~2,바른 생활,우리는 어디서 살아갈까,"⋅우리는 여러 공동체 속에서 생활한다. 
⋅우리는 삶의 공간을 넓히며 생활한다.",2바02-01,공동체에서 내가 할 수 있는 일을 찾아보고 실천한다.,"우리 집과 학교, 마을이 내가 속한 공동체임을 알고, 공동체 생활에서 내가 할 수 있는 일을 적극적으로 찾아 꾸준히 실천하는 태도를 갖는다.","우리 집과 학교, 마을이 내가 속한 공동체임을 알고, 공동체 생활에서 내가 할 수 있는 일을 찾아 실천한다.","우리 집과 학교, 마을을 위해 내가 할 수 있는 일을 구별하며, 공동체 생활에서 내가 할 수 있는 일을 찾아 실천하려고 노력한다.",[2바02-01]에서 ‘공동체’의 범위는 나와 관련 있거나 내가 참여하는 공동체이다.,"• 타인과의 관계에서 발생하는 문제에 대한 올바른 인식 및 실천에 필요한 역량을 함양하여 원만한 인간관계를 형성할 수 있도록 한다. 이 영역의 모든 성취기준을 적용할 때 가정, 마을 등 학생이 접하는 공간에서 안전하게 생활하는 데 필요한 안전 수칙을 다루며 가정과 연계하여 습관화하도록 한다. 특히 가정, 마을에 있는 다양한 도구와 시설을 안전하게 사용하는 방법을 다루도록 한다.
• [2바02-01] 공동체에 대한 관심을 학교에서 마을로 확대하며 민주시민 교육에 활용할 수 있다."
1~2,바른 생활,우리는 어디서 살아갈까,"⋅우리는 여러 공동체 속에서 생활한다. 
⋅우리는 삶의 공간을 넓히며 생활한다.",2바02-02,우리나라의 소중함을 알고 사랑하는 마음을 기른다.,"우리나라 상징과 문화에 대하여 이해하고 나라에 대한 긍지를 가지며, 나라를 위해 애쓰신 분들에게 감사하는 마음을 적극적으로 표현하고, 나라를 사랑하는 마음을 갖는다.","우리나라의 상징과 문화에 대하여 이해하고 존중하며, 나라를 위해 애쓰신 분들에게 감사하는 마음을 표현하고, 나라를 사랑하는 마음을 갖는다.","우리나라의 상징과 문화에 대하여 알고, 나라를 위해 애쓰신 분들의 사례를 이해하며, 나라의 소중함을 느낀다.",,"• 타인과의 관계에서 발생하는 문제에 대한 올바른 인식 및 실천에 필요한 역량을 함양하여 원만한 인간관계를 형성할 수 있도록 한다. 이 영역의 모든 성취기준을 적용할 때 가정, 마을 등 학생이 접하는 공간에서 안전하게 생활하는 데 필요한 안전 수칙을 다루며 가정과 연계하여 습관화하도록 한다. 특히 가정, 마을에 있는 다양한 도구와 시설을 안전하게 사용하는 방법을 다루도록 한다.
• [2바02-02] 우월적⋅배타적 민족주의 관점으로 접근하지 않도록 유의한다. 3학년 도덕과의 통일 교육, 독도 교육과 연계하여 적용할 수 있다. "
1~2,바른 생활,우리는 어디서 살아갈까,"⋅우리는 여러 공동체 속에서 생활한다. 
⋅우리는 삶의 공간을 넓히며 생활한다.",2바02-03,차이나 다양성을 서로 존중하면서 생활한다.,"다른 나라의 언어, 의상, 음식 및 놀이 등 다양한 문화에 대하여 호기심을 가지고 조사하며, 서로 다른 문화를 이해하고 차이를 존중하며 공감하는 태도를 갖는다.","다른 나라의 언어, 의상, 음식 및 놀이의 종류를 조사하고, 서로 다른 문화를 존중하고 공감하는 태도를 갖는다.",다른 문화에 대하여 알아보고 서로 다름을 존중하려는 태도를 기르기 위해 노력한다.,"[2바02-03]에서 ‘차이나 다양성 존중’은 공동체마다 언어, 의상, 음식, 놀이 등이 어우러진 문화를 형성하며 살아간다는 것을 이해한다는 의미이다.","• 타인과의 관계에서 발생하는 문제에 대한 올바른 인식 및 실천에 필요한 역량을 함양하여 원만한 인간관계를 형성할 수 있도록 한다. 이 영역의 모든 성취기준을 적용할 때 가정, 마을 등 학생이 접하는 공간에서 안전하게 생활하는 데 필요한 안전 수칙을 다루며 가정과 연계하여 습관화하도록 한다. 특히 가정, 마을에 있는 다양한 도구와 시설을 안전하게 사용하는 방법을 다루도록 한다."
1~2,바른 생활,우리는 어디서 살아갈까,"⋅우리는 여러 공동체 속에서 생활한다. 
⋅우리는 삶의 공간을 넓히며 생활한다.",2바02-04,새로운 활동에 호기심을 갖고 도전한다.,"여러 디지털 도구와 매체의 효과적인 활용법을 익혀 우리 주변의 다양한 공간을 탐구하며, 새로운 일에 호기심을 갖고 적극적으로 도전한다.","디지털 도구와 매체의 사용법을 익혀 우리 주변의 다양한 공간에 대하여 알아보며, 새로운 일에 관심을 갖고 도전한다.","디지털 도구와 매체의 사용법을 알기 위해 노력하며 우리 주변의 공간을 살피고, 새로운 일에 관심을 가진다.",[2바02-04]의 ‘새로운 활동’은 일상적인 삶의 공간에서 학생들이 호기심을 갖고 새롭게 도전하거나 시도해 볼 가치가 있는 활동이다.,"• 타인과의 관계에서 발생하는 문제에 대한 올바른 인식 및 실천에 필요한 역량을 함양하여 원만한 인간관계를 형성할 수 있도록 한다. 이 영역의 모든 성취기준을 적용할 때 가정, 마을 등 학생이 접하는 공간에서 안전하게 생활하는 데 필요한 안전 수칙을 다루며 가정과 연계하여 습관화하도록 한다. 특히 가정, 마을에 있는 다양한 도구와 시설을 안전하게 사용하는 방법을 다루도록 한다.
• [2바02-04] 새로운 활동에 대한 도전과 관련하여 자기 인식과 자신감, 자기주도성, 위험 감수, 비판적 사고, 창의성, 문제 해결력 등을 다룰 수 있다. 또한 다양한 매체를 활용하면서 디지털 소양과 연계할 수 있다."
1~2,바른 생활,우리는 지금 어떻게 살아갈까,"⋅우리는 여러 유형의 주기로 생활한다. 
⋅우리는 과거, 현재, 미래를 생각하며 생활한다.",2바03-01,하루의 가치를 느끼며 지금을 소중히 여긴다.,"생활 습관의 의미와 중요성을 알고, 올바른 하루 생활 습관 계획을 수립하여 실천하며, 자신의 생활을 스스로 관리해 하루를 소중히 여긴다.","생활 습관의 의미와 중요성을 알고, 하루 생활 습관 계획을 수립해 실천한다.","생활 습관의 의미를 알고, 지금을 소중히 여기는 마음가짐을 갖는다.",,"• 안전 교육에서는 습관화가 중요하다. 이 영역의 모든 성취기준을 적용할 때 학생의 일상적 삶과 밀접한 보행자 안전, 자전거⋅자동차 안전, 도구와 전기 사용 안전, 화재 예방, 학교폭력 예방, 계절별 감염병 예방 등을 꾸준히 다룸으로써 학생이 일상생활에서 안전 수칙을 지킬 수 있도록 한다. 
• [2바03-01] 사람들은 나름의 주기(흐름, 리듬, 패턴)에 따라 생활한다. 따라서 변화, 성장, 발달을 의식하며 일상의 삶에 자신만의 주기를 형성하게 할 수 있다."
1~2,바른 생활,우리는 지금 어떻게 살아갈까,"⋅우리는 여러 유형의 주기로 생활한다. 
⋅우리는 과거, 현재, 미래를 생각하며 생활한다.",2바03-02,계절의 변화에 대응하며 생활한다.,"계절의 특징과 관련지어 계절에 알맞은 생활 모습을 파악하며, 계절에 따른 생활 모습의 변화가 중요한 이유를 발견해 이를 일상생활에 적용하며 계절 변화에 대응한다.",계절에 따라 알맞은 생활 모습이 달라지는 이유를 알고 중요성을 파악해 일상생활에서 실천한다.,계절에 따라 알맞은 생활 모습의 차이를 구분하며 일상생활에서 계절의 변화에 관심을 갖는다.,,"• 안전 교육에서는 습관화가 중요하다. 이 영역의 모든 성취기준을 적용할 때 학생의 일상적 삶과 밀접한 보행자 안전, 자전거⋅자동차 안전, 도구와 전기 사용 안전, 화재 예방, 학교폭력 예방, 계절별 감염병 예방 등을 꾸준히 다룸으로써 학생이 일상생활에서 안전 수칙을 지킬 수 있도록 한다. 
• [2바03-02] 계절이나 날씨의 특징 등을 다루면서 범교과 주제인 환경⋅지속가능발전 교육을 연계할 수 있고 생태전환 교육도 고려할 수 있다. "
1~2,바른 생활,우리는 지금 어떻게 살아갈까,"⋅우리는 여러 유형의 주기로 생활한다. 
⋅우리는 과거, 현재, 미래를 생각하며 생활한다.",2바03-03,여러 인물의 삶을 통해 공동체성을 기른다.,"함께 사는 삶을 위해 노력한 인물을 조사해 훌륭한 점을 살펴보며, 공동체를 위해 우리가 할 수 있는 일을 구체적으로 찾아 실천한다.",함께 사는 삶을 위해 노력한 인물에 대해 알아보고 공동체를 위해 우리가 할 수 있는 일을 실천한다.,함께 사는 삶을 위해 노력한 인물을 알고 공동체를 위해 우리가 할 수 있는 일을 실천하려고 노력한다.,"[2바03-03]에서 ‘공동체성’은 함께 사는 삶을 위해 발휘하고 실천해야 할 행동 양식을 의미한다. 또한 여기서의 ‘인물’은 과거에 살았거나 현재 살고 있는 사람 중에서도 특히 공동체성을 발휘한 위인, 의인, 봉사하는 사람 등을 이른다.","• 안전 교육에서는 습관화가 중요하다. 이 영역의 모든 성취기준을 적용할 때 학생의 일상적 삶과 밀접한 보행자 안전, 자전거⋅자동차 안전, 도구와 전기 사용 안전, 화재 예방, 학교폭력 예방, 계절별 감염병 예방 등을 꾸준히 다룸으로써 학생이 일상생활에서 안전 수칙을 지킬 수 있도록 한다. 
• [2바03-03] 과거 현재를 구분하지 않고 공동체성을 발휘한 여러 인물을 다룰 수 있다. 이러한 인물이 한 일을 통해서 함께 사는 삶을 위해 우리가 지금 해야 할 일, 할 수 있는 일을 찾아 실천할 수 있도록 한다. 여기에 인성 교육을 연계할 수 있다."
1~2,바른 생활,우리는 지금 어떻게 살아갈까,"⋅우리는 여러 유형의 주기로 생활한다. 
⋅우리는 과거, 현재, 미래를 생각하며 생활한다.",2바03-04,공동체 속에서 지속가능성을 위한 삶의 방식을 찾아 실천한다.,"자원 절약 등 공동체 생활에 필요한 생활 태도의 중요성을 이해하고, 지속가능성을 위한 삶의 방식을 탐색하여 생활 속에서 실천한다.","자원 절약 등 공동체 속의 생활 태도를 알고, 지속가능성을 위한 생활 방식을 찾아 실천한다.","자원 절약 등 공동체 속의 생활 태도를 구별하고, 생활 속에서 실천하고자 노력한다.",[2바03-04]의 ‘지속가능성을 위한 삶의 방식을 찾아 실천한다’는 것은 범지구적인 관점에서 상생에 필요한 생활 방식을 이야기하고 지금 실천할 수 있는 일을 다룬다.,"• 안전 교육에서는 습관화가 중요하다. 이 영역의 모든 성취기준을 적용할 때 학생의 일상적 삶과 밀접한 보행자 안전, 자전거⋅자동차 안전, 도구와 전기 사용 안전, 화재 예방, 학교폭력 예방, 계절별 감염병 예방 등을 꾸준히 다룸으로써 학생이 일상생활에서 안전 수칙을 지킬 수 있도록 한다. 
• [2바03-04] 범지구적인 문제들(기후변화, 먹을거리, 소비, 에너지, 자원순환, 생물 다양성, 지진, 태풍, 가뭄, 홍수, 감염병, 미세먼지, 전쟁)이 현재와 미래 우리 삶에 미치는 영향을 생각해 보는 기회로 삼을 수 있다. 이와 관련하여 지금, 여기의 교수⋅학습 상황을 고려하여 학생과 교사가 구체적인 활동을 선정할 수 있으며 범지구적인 재난과 관련한 안전 교육, 민주시민 교육, 생태전환 교육과 연계할 수 있다."
1~2,바른 생활,우리는 무엇을 하며 살아갈까,"⋅우리는 경험 하고 상상하고 만들며 생활 한다. 
⋅우리는 느끼고 생각하고 표현하며 생활한다.",2바04-01,모두를 위한 생활환경을 만드는 데 참여한다.,"생활에서 불편함을 겪는 사람들의 사례를 통해 당사자들의 어려움을 발견하고 공감하며, 개선하기 위한 방법을 탐색하고 실천한다.","생활에서 불편함을 겪는 사람들의 사례를 통해 당사자들의 어려움에 관심을 가지고, 개선 방법을 찾아 실천한다.","생활에서 불편함을 겪는 사람들이 있다는 것을 알고, 당사자들의 어려움에 대해 관심을 가진다.","[2바04-01]에서 ‘모두를 위한 생활환경’은 보편적 설계를 풀어쓴 용어로 연령, 성별, 국적, 장애의 유무 등과 관계없이 누구나 불편 없이 이용하고 편안하게 생활할 수 있는 환경을 의미한다.","• 이 영역의 모든 성취기준을 적용할 때는 여러 사람이 모여 함께 활동할 때 필요한 안전 교육을 할 수 있다. 특히 학생의 질병 감염을 최소화하고 건강을 유지하기 위해 필수적인 손 씻기, 위생용품 사용하기 등을 다룰 수 있다.
• [2바04-01] 우리 사회에서 간과하기 쉬운 불편함을 찾아 모두를 이롭게 하는 환경으로 구축하는 경험을 할 수 있다. 여기에 더불어 살아가는 태도를 기르는 민주시민 교육, 인권 교육과 연계할 수 있다."
1~2,바른 생활,우리는 무엇을 하며 살아갈까,"⋅우리는 경험 하고 상상하고 만들며 생활 한다. 
⋅우리는 느끼고 생각하고 표현하며 생활한다.",2바04-02,다양한 생각이나 의견에 대해 개방적인 태도를 형성한다.,"개방적인 태도로 소통해야 하는 이유와 방법, 필요한 상황을 정확하게 이해하고, 상대를 존중하며 소통한다.",개방적인 태도로 소통해야 하는 이유와 방법을 알고 상대와 소통한다.,"나와 상대의 의견이 다를 수 있음을 알고, 다른 사람의 생각이나 의견을 경청하려고 노력한다.",,"• 이 영역의 모든 성취기준을 적용할 때는 여러 사람이 모여 함께 활동할 때 필요한 안전 교육을 할 수 있다. 특히 학생의 질병 감염을 최소화하고 건강을 유지하기 위해 필수적인 손 씻기, 위생용품 사용하기 등을 다룰 수 있다.
• [2바04-02] 다양한 아이디어 발산 장면을 통해 서로 소통할 때 상대의 의도를 충실히 파악하고 다른 사람의 의견을 경청하며 호혜적으로 해석하는 기회로 삼을 수 있다. 이를 통해 민주시민의 소양을 형성할 수 있다."
1~2,바른 생활,우리는 무엇을 하며 살아갈까,"⋅우리는 경험 하고 상상하고 만들며 생활 한다. 
⋅우리는 느끼고 생각하고 표현하며 생활한다.",2바04-03,여럿이 하는 활동에 관심을 갖고 자발적으로 협력한다.,"다른 사람과 협력하는 삶의 의미와 협력하며 살아가야 하는 까닭을 이해하고, 여럿이 함께 하는 활동에 관심을 가지며 자발적으로 협력한다.","다른 사람과 협력하며 살아가야 하는 까닭을 이해하고, 여럿이 함께 하는 활동에 협력한다.","다른 사람과 협력하며 살아가는 삶의 필요성을 알고, 여럿이 함께 하는 활동에서 협력하려고 노력한다.",,"• 이 영역의 모든 성취기준을 적용할 때는 여러 사람이 모여 함께 활동할 때 필요한 안전 교육을 할 수 있다. 특히 학생의 질병 감염을 최소화하고 건강을 유지하기 위해 필수적인 손 씻기, 위생용품 사용하기 등을 다룰 수 있다.
• [2바04-03] 경쟁적 삶의 방식과 협력적 삶의 방식의 예시를 찾아보고 나는 지금 어떠한 삶을 살아가고 있는지 생각해 볼 수 있다. 또한 자신이 실천할 수 있는 협력적 삶의 방식을 다루며 인성 교육, 민주시민 교육과 연계할 수 있다."
1~2,바른 생활,우리는 무엇을 하며 살아갈까,"⋅우리는 경험 하고 상상하고 만들며 생활 한다. 
⋅우리는 느끼고 생각하고 표현하며 생활한다.",2바04-04,지금까지의 생활 습관과 학습 습관을 되돌아본다.,올바른 생활 습관과 학습 습관이 무엇인지 알아보고 자신의 습관을 스스로 점검한 후 더 나아지기 위한 계획을 세운다.,올바른 생활 습관과 학습 습관이 무엇인지 알고 자신의 습관을 점검하여 되돌아보고 반성한다.,올바른 생활 습관과 학습 습관이 무엇인지 관심을 갖고 자신의 습관과 관련지어 생각한다.,,"• 이 영역의 모든 성취기준을 적용할 때는 여러 사람이 모여 함께 활동할 때 필요한 안전 교육을 할 수 있다. 특히 학생의 질병 감염을 최소화하고 건강을 유지하기 위해 필수적인 손 씻기, 위생용품 사용하기 등을 다룰 수 있다.
• [2바04-04] 1~2학년군에서 배운 것을 친구들과 되돌아보며 3학년 이후 교과 교육과 연계할 수 있다."
1~2,슬기로운 생활,우리는 누구로 살아갈까,"⋅우리는 내가 누구인지 생각하며 생활한다.
⋅우리는 서로 관계를 맺으며 생활한다.",2슬01-01,학교 안팎의 모습과 생활을 탐색하며 안전한 학교 생활을 한다.,"학교 안팎의 다양한 시설의 이름과 모습을 파악하고, 학교 안팎에서의 생활 모습을 탐색하며, 안전 수칙을 익혀 안전하게 생활한다.","학교 안팎의 주요 시설을 알고, 학교 안팎에서의 생활 모습을 관찰하며, 안전하게 생활하는 태도를 기른다.","학교 안팎의 주요 시설을 둘러보고, 학교 안팎에서의 생활 모습을 살펴보며, 안전하게 생활하고자 노력한다.",,"• 이 영역의 모든 성취기준을 적용할 때 학교 안팎을 탐색할 때는 교실, 복도, 학교 공공시설, 특별실 등에서 지켜야 할 안전 수칙을 다룬다. 나의 몸과 마음을 다루면서 아팠던 경험을 바탕으로 어떻게 대처할지 혹은 특정 증상(심폐소생술이 필요한 상황 등)에 대한 응급 처치는 구체적으로 어떻게 할지 등을 다루면서 안전 교육과 연계할 수 있다. 
• [2슬01-01] 유⋅초 연계 강화 일환으로 입학 초기 적응 활동 중심으로 다룬다. 그리고 안전 교육이 필요할 때 슬기로운 생활과 모든 성취기준과 함께 적용할 수 있다."
1~2,슬기로운 생활,우리는 누구로 살아갈까,"⋅우리는 내가 누구인지 생각하며 생활한다.
⋅우리는 서로 관계를 맺으며 생활한다.",2슬01-02,나를 탐색하여 나에 대해 설명한다.,내가 무엇을 잘하고 무엇을 좋아하는지 알아보는 탐색 활동에 적극 참여하여 나’에 대해 알게 된 내용을 다른 사람에게 구체적으로 설명한다.,내가 무엇을 잘하고 무엇을 좋아하는지 알아보는 탐색 활동에 참여하며 나’에 대해 알게 된 내용을 말한다.,"내가 잘하거나 좋아하는 것은 무엇인지 탐색하며, 나’에 대해 관심을 가진다.",,"• 이 영역의 모든 성취기준을 적용할 때 학교 안팎을 탐색할 때는 교실, 복도, 학교 공공시설, 특별실 등에서 지켜야 할 안전 수칙을 다룬다. 나의 몸과 마음을 다루면서 아팠던 경험을 바탕으로 어떻게 대처할지 혹은 특정 증상(심폐소생술이 필요한 상황 등)에 대한 응급 처치는 구체적으로 어떻게 할지 등을 다루면서 안전 교육과 연계할 수 있다. 
• [2슬01-02] 내가 좋아하는 것, 잘하는 것, 흥미를 갖는 것이 무엇인지 찾아보고 자기를 이해하는 경험을 가짐으로써 진로 교육의 자기 이해 부분을 다룰 수 있다."
1~2,슬기로운 생활,우리는 누구로 살아갈까,"⋅우리는 내가 누구인지 생각하며 생활한다.
⋅우리는 서로 관계를 맺으며 생활한다.",2슬01-03,가족이나 주변 사람에게 관심을 갖고 함께 살아가는 모습을 탐구한다.,"가족, 친구, 선생님, 이웃 등 나를 둘러싼 주변 사람들에 관심을 가지며 그 관계에 대해 이해하고, 이들이 함께 살아가는 모습을 적극적으로 탐구한다.","나의 가족이나 친구 등 주변 사람들을 알고 관심을 가지며, 이들이 함께 살아가는 모습을 조사한다.","나의 가족이나 친구들에게 관심을 가지고, 이들이 살아가는 모습을 살펴본다.","[2슬01-03]의 ‘주변 사람’은 물리적으로 가까운 사람뿐만 아니라 오가며 지내는 사람, 마음을 나누는 사람 등을 포함한다.","• 이 영역의 모든 성취기준을 적용할 때 학교 안팎을 탐색할 때는 교실, 복도, 학교 공공시설, 특별실 등에서 지켜야 할 안전 수칙을 다룬다. 나의 몸과 마음을 다루면서 아팠던 경험을 바탕으로 어떻게 대처할지 혹은 특정 증상(심폐소생술이 필요한 상황 등)에 대한 응급 처치는 구체적으로 어떻게 할지 등을 다루면서 안전 교육과 연계할 수 있다. 
• [2슬01-03] 다문화 교육이나 인권 교육과 연계할 수 있다. "
1~2,슬기로운 생활,우리는 누구로 살아갈까,"⋅우리는 내가 누구인지 생각하며 생활한다.
⋅우리는 서로 관계를 맺으며 생활한다.",2슬01-04,"사람과 자연, 동식물이 어우러져 사는 생태를 탐구한다.","인간은 동식물과 함께하는 자연 생태의 일부임을 알고, 사람과 자연, 동식물이 어우러져 사는 생태에 대해 호기심을 갖고 탐구한다.","인간은 동식물과 함께 자연 속에서 살아감을 알고, 사람과 자연, 동식물이 어우러져 사는 생태의 모습을 조사한다.","인간은 자연 속에서 살아감을 알고, 주변의 동식물을 살펴본다.","[2슬01-04]의 ‘생태’는 지금, 여기에서 우리와 함께 살아가며 상호 작용하는 생물과 영향을 주고받는 환경을 모두 아우르는 개념이다.",
1~2,슬기로운 생활,우리는 어디서 살아갈까,"⋅우리는 여러 공동체 속에서 생활한다.
⋅우리는 삶의 공간을 넓히며 생활한다.",2슬02-01,우리가 살고 있는 마을과 사람들이 생활하는 모습을 살펴본다.,"우리가 사는 마을의 모습과 마을 사람들이 하는 일을 적극적으로 살펴 사람들의 생활 모습을 파악하며, 마을에서 안전한 장소와 도움을 청할 수 있는 장소를 확인하여 소개한다.","우리가 사는 마을의 모습과 사람들의 생활 모습을 살펴보고 사람들이 하는 일을 파악하며, 마을에서 안전한 장소와 도움을 청할 수 있는 곳을 찾아본다.","우리가 사는 마을의 모습과 마을 사람들이 하는 일을 살펴보고, 마을의 안전을 지켜주는 곳과 도움을 청할 수 있는 곳에 관심을 갖는다.",,"• 이 영역의 모든 성취기준을 적용할 때 마을을 탐색할 때는 마을에서 안전한 장소와 도움을 청할 수 있는 장소가 어디 있는지, 안전한 통학로는 어디인지, 화재와 관련하여 소방서나 다양한 생활 중 사건 사고와 관련하여 경찰서 등이 어디 있는지 나와 마을의 안전을 지켜주는 곳은 어디인지 등 안전과 관련된 곳을 다루는 데 중점을 둔다. 
• [2슬02-01] 마을 사람들이 하는 일을 살펴보고 조사하는 활동 과정에서 진로 교육, 마을을 중심으로 한 경제⋅금융 교육, 민주시민 교육과 연계할 수 있다. "
1~2,슬기로운 생활,우리는 어디서 살아갈까,"⋅우리는 여러 공동체 속에서 생활한다.
⋅우리는 삶의 공간을 넓히며 생활한다.",2슬02-02,우리나라의 모습이나 문화를 조사한다.,"우리나라의 모습과 상징 및 특징, 문화에 대해 조사하여 그 내용을 이해하고, 나라를 사랑하는 마음을 갖는다.","우리나라의 문화에 대해 조사하여 그 내용을 이해하고, 우리나라의 소중함을 깨닫는다.","우리나라의 모습과 상징을 조사하여 주요 내용을 이해하고, 우리나라에 관심을 갖는다.","[2슬02-02]의 ‘우리나라의 모습’은 우리나라 모습, 상징, 특징 등을 의미하며, 우리나라 문화란 우리 고유의 생활양식으로 남북한이 공유하는 문화까지 포괄한다.","• 이 영역의 모든 성취기준을 적용할 때 마을을 탐색할 때는 마을에서 안전한 장소와 도움을 청할 수 있는 장소가 어디 있는지, 안전한 통학로는 어디인지, 화재와 관련하여 소방서나 다양한 생활 중 사건 사고와 관련하여 경찰서 등이 어디 있는지 나와 마을의 안전을 지켜주는 곳은 어디인지 등 안전과 관련된 곳을 다루는 데 중점을 둔다. 
• [2슬02-02] 바른 생활과와 연계하여 통일 교육, 독도 교육을 할 수 있다. "
1~2,슬기로운 생활,우리는 어디서 살아갈까,"⋅우리는 여러 공동체 속에서 생활한다.
⋅우리는 삶의 공간을 넓히며 생활한다.",2슬02-03,알고 싶은 나라를 탐구하며 다른 나라에 관심을 갖는다.,"알고 싶은 나라를 선택하여 다양한 방법으로 탐구하며, 나라마다 가진 문화의 차이를 이해하고 존중하는 태도를 갖는다.","알고 싶은 나라에 대해 탐구하고, 그 나라의 문화를 존중하는 태도를 갖는다.","알고 싶은 나라를 떠올리고 그 나라에 대해 조사하며, 다른 나라에 관심을 갖는 태도를 기른다.",,"• 이 영역의 모든 성취기준을 적용할 때 마을을 탐색할 때는 마을에서 안전한 장소와 도움을 청할 수 있는 장소가 어디 있는지, 안전한 통학로는 어디인지, 화재와 관련하여 소방서나 다양한 생활 중 사건 사고와 관련하여 경찰서 등이 어디 있는지 나와 마을의 안전을 지켜주는 곳은 어디인지 등 안전과 관련된 곳을 다루는 데 중점을 둔다. 
• [2슬02-03] 학생이 알고 싶은 나라를 중심으로 탐색할 수 있도록 한다. 학생이 조사할 나라, 조사할 내용과 방법을 정할 수 있도록 하고 자신이 알아낸 정보를 조직해 볼 수 있도록 한다. "
1~2,슬기로운 생활,우리는 어디서 살아갈까,"⋅우리는 여러 공동체 속에서 생활한다.
⋅우리는 삶의 공간을 넓히며 생활한다.",2슬02-04,궁금한 세계를 다양한 매체로 탐색한다.,"우주, 바닷속, 땅속, 가상 공간 등 궁금한 세계에 대해 흥미를 가지고 다양한 매체를 활용하여 탐색하며, 새로운 것에 호기심을 갖고 탐구하는 태도를 가진다.","우주, 바닷속, 땅속, 가상 공간 등 궁금한 세계에 흥미를 가지고 매체를 활용하여 탐색하며, 새로운 것에 호기심을 가진다.","우주, 바닷속, 땅속, 가상 공간 등 궁금한 세계에 대해 상상하고, 매체를 활용하여 관련 내용을 확인하려는 태도를 지닌다.","[2슬02-04]에서 ‘궁금한 세계’는 우주나 바닷속, 땅속, 가상 공간 등과 같이 내가 살고 있는 곳과 멀리 떨어져 있는 물리적, 심리적 공간을 의미한다.","• 이 영역의 모든 성취기준을 적용할 때 마을을 탐색할 때는 마을에서 안전한 장소와 도움을 청할 수 있는 장소가 어디 있는지, 안전한 통학로는 어디인지, 화재와 관련하여 소방서나 다양한 생활 중 사건 사고와 관련하여 경찰서 등이 어디 있는지 나와 마을의 안전을 지켜주는 곳은 어디인지 등 안전과 관련된 곳을 다루는 데 중점을 둔다. 
• [2슬02-04] 궁금한 세계를 탐색할 때는 영상물, 사진, 책, 누리집 등 다양한 매체를 활용할 수 있어 디지털 소양 교육을 겸할 수 있다. 궁금한 세계에 대해 밝혀진 사실을 아는 데 중점을 두기보다는 학생의 흥미를 중심으로 밝혀지지 않은 부분에 대해 자유롭게 상상할 수 있도록 안내한다. 단, 상위 학년 군의 교육 내용을 직접 다루지 않도록 유의한다."
1~2,슬기로운 생활,우리는 지금 어떻게 살아갈까,"⋅우리는 여러 유형의 주기로 생활한다.
⋅우리는 과거, 현재, 미래를 생각하며 생활한다.",2슬03-01,하루의 변화와 사람들이 하루를 살아가는 모습을 탐색한다.,"하루의 변화를 이해하고 하루 동안 사람들의 생활 모습을 탐색하며, 나의 하루와 비교하여 같은 시각 사람들은 무엇을 하고 있을지 구체적으로 예측한다.","하루의 변화를 알고 하루 동안 사람들의 생활 모습을 탐색하며, 같은 시각 사람들은 무엇을 하고 있을지 예측한다.",하루의 변화를 알고 하루 동안 사람들의 생활 모습을 살펴보며 같은 시각 사람들은 무엇을 하고 있을지 관심을 가진다.,[2슬03-01]에서 ‘하루’는 낮과 밤으로 구분하는 자연적 시간이라는 의미와 낮과 밤에 따라 살아가는 사람들의 생활을 구분하는 사회적 시간이라는 의미를 포괄한다.,"• 이 영역의 모든 성취기준을 적용할 때 계절과 생활의 관계 탐구와 관련하여 황사, 폭염, 집중호우, 태풍, 낙뢰, 폭설, 한파 등 계절별 재난과 물놀이 안전, 벌레 물림, 가을철 열성 질환, 계절별 감염, 빙판길 안전 등 계절별로 빈번히 일어나는 다양한 재난 안전 교육을 연계할 수 있다.
• [2슬03-01] 다른 사람의 하루가 나의 하루와 다를 수 있음을 이해하고, 우리가 사는 하루를 위해 애쓰는 사람들이 있음을 경험하며 민주시민 교육과 연계할 수 있다."
1~2,슬기로운 생활,우리는 지금 어떻게 살아갈까,"⋅우리는 여러 유형의 주기로 생활한다.
⋅우리는 과거, 현재, 미래를 생각하며 생활한다.",2슬03-02,계절과 생활의 관계를 탐구한다.,"계절의 변화에 따라 영향을 받는 생활 모습을 자료(그림이나 표 등)로 파악하고, 기초적인 탐구과정에 따라 계절의 변화에 영향을 받는 사람들의 생활 모습을 탐구한다.","계절의 변화에 따라 영향을 받는 생활 모습을 알고, 계절의 변화에 따른 사람들의 생활 모습을 조사한다.","계절의 변화에 따라 영향을 받는 생활 모습을 알고, 계절별 사람들의 생활 모습을 살펴본다.",,"• 이 영역의 모든 성취기준을 적용할 때 계절과 생활의 관계 탐구와 관련하여 황사, 폭염, 집중호우, 태풍, 낙뢰, 폭설, 한파 등 계절별 재난과 물놀이 안전, 벌레 물림, 가을철 열성 질환, 계절별 감염, 빙판길 안전 등 계절별로 빈번히 일어나는 다양한 재난 안전 교육을 연계할 수 있다.
• [2슬03-02] 계절은 학생이 살면서 경험하는 대표적인 자연현상이다. ‘봄-여름-가을-겨울’로 반복하는 자연의 시간을 다루면서 동시에 사람들이 사는 사회적 시간과 연결하여 다룰 수 있다."
1~2,슬기로운 생활,우리는 지금 어떻게 살아갈까,"⋅우리는 여러 유형의 주기로 생활한다.
⋅우리는 과거, 현재, 미래를 생각하며 생활한다.",2슬03-03,관심 있는 대상의 과거와 현재를 살펴보고 미래를 상상한다.,"내가 관심을 갖는 대상의 특징을 이해하고, 이 대상이 과거부터 현재까지 어떻게 변화해왔는지를 탐구하며, 이를 바탕으로 미래에는 어떻게 변화할지 상상한다.","내가 관심을 가진 대상이 과거부터 현재까지 변화해온 모습을 살펴보며, 미래에는 어떻게 달라질지 상상한다.","내가 관심을 가진 대상의 과거와 현재의 모습을 살펴보며, 미래의 모습에 관심을 가진다.",,"• 이 영역의 모든 성취기준을 적용할 때 계절과 생활의 관계 탐구와 관련하여 황사, 폭염, 집중호우, 태풍, 낙뢰, 폭설, 한파 등 계절별 재난과 물놀이 안전, 벌레 물림, 가을철 열성 질환, 계절별 감염, 빙판길 안전 등 계절별로 빈번히 일어나는 다양한 재난 안전 교육을 연계할 수 있다.
• [2슬03-03] 미래를 상상할 때는 앞으로 어떠한 직업이 생겨나고 사람들이 어떠한 일을 할지 고려해 볼 수 있다."
1~2,슬기로운 생활,우리는 지금 어떻게 살아갈까,"⋅우리는 여러 유형의 주기로 생활한다.
⋅우리는 과거, 현재, 미래를 생각하며 생활한다.",2슬03-04,우리의 생활과 관련된 지속가능성의 다양한 사례를 찾고 탐색한다.,"우리 생활과 관련된 지속가능성의 사례를 찾아 삶과 연관지어 파악하고, 지속가능한 삶을 위해 내가 할 수 있는 일을 다양하게 탐색한다.","우리 생활과 관련된 지속가능성의 사례를 파악하고, 지속가능한 삶을 위해 내가 할 수 있는 일을 탐색한다.","우리 생활과 관련된 지속가능성의 사례를 알고, 지속가능한 삶을 위해 내가 할 수 있는 일을 떠올린다.","[2슬03-04]의 ‘지속가능성의 사례’는 인류의 보편적 문제, 지구 환경 문제, 경제⋅사회 문제 등을 포함한다.","• 이 영역의 모든 성취기준을 적용할 때 계절과 생활의 관계 탐구와 관련하여 황사, 폭염, 집중호우, 태풍, 낙뢰, 폭설, 한파 등 계절별 재난과 물놀이 안전, 벌레 물림, 가을철 열성 질환, 계절별 감염, 빙판길 안전 등 계절별로 빈번히 일어나는 다양한 재난 안전 교육을 연계할 수 있다.
• [2슬03-04] 지속가능성과 관련된 사례(기후변화, 에너지 문제, 환경오염, 질병, 전쟁 등)를 다룰 때, 학생의 삶과 관련한 문제를 중심으로 지금 무엇을 할 수 있는지, 그리고 미래에 어떤 영향을 미치는지를 다양하게 예측해 볼 수 있다. 이 과정에서 민주시민으로서 자신의 역할을 생각해 볼 수 있다."
1~2,슬기로운 생활,우리는 무엇을 하며 살아갈까,"⋅우리는 경험 하고 상상하고 만들며 생활 한다. 
⋅우리는 느끼고 생각하고 표현하며 생활한다.",2슬04-01,생활도구의 모양이나 기능을 탐색하고 바꾸어본다.,"생활에 필요한 다양한 도구의 모양과 기능, 쓰임새를 탐색하며, 생활 도구를 새롭게 바꾸어 보고, 대상을 바라보는 여러 가지 관점을 수용하는 태도를 갖는다.","생활에 필요한 도구의 모양과 기능을 알아보고, 생활 도구를 새롭게 바꿔보며, 대상을 바라보는 여러 가지 관점을 수용하려고 노력한다.","생활에 필요한 도구에는 무엇이 있는지 알고, 생활도구의 모양이나 기능의 일부를 바꾸어보며 대상을 바라보는 여러 가지 관점이 있음을 느낀다.",,"• 이 영역의 모든 성취기준을 적용할 때 다양한 매체를 다루는데 있어 개인 정보, 건전한 사이버 생활, 새로운 매체의 활용 등 안전한 매체 사용과 관련한 안전 교육을 병행할 수 있다. 
• [2슬04-01] 생각의 전환을 통해 생활 도구를 새롭게 볼 수 있도록 한다. 사람마다 관점과 발상이 다르다는 것, 내가 보지 못하는 것을 다른 친구들이 볼 수 있다는 것을 수업 과정에서 경험하도록 한다."
1~2,슬기로운 생활,우리는 무엇을 하며 살아갈까,"⋅우리는 경험 하고 상상하고 만들며 생활 한다. 
⋅우리는 느끼고 생각하고 표현하며 생활한다.",2슬04-02,상상한 것을 다양한 매체와 재료로 구현한다.,"대상을 떠올리며 엉뚱하고 기발하게 상상하고, 매체의 정확한 사용법과 재료의 특징을 파악하여 상상한 것을 창의적으로 구현한다.","대상을 떠올리며 다양하게 상상하고, 매체의 기초적인 사용법과 재료의 특징을 파악하여 상상한 것을 구현한다.","대상을 떠올리며 상상하고, 주어진 매체와 재료를 활용하여 상상한 것을 구현한다.",,"• 이 영역의 모든 성취기준을 적용할 때 다양한 매체를 다루는데 있어 개인 정보, 건전한 사이버 생활, 새로운 매체의 활용 등 안전한 매체 사용과 관련한 안전 교육을 병행할 수 있다. 
• [2슬04-02] 엉뚱하고 기발한 상상력, 실현 가능성은 없지만 신선한 자극을 주는 것은 학생의 생각을 발전시키는 데 중요하다. 다양한 매체가 학생이 상상한 것을 구현하는 데 도움을 줄 수 있음을 고려하고 가능한 한 매체와 재료의 제한을 두지 않도록 한다. "
1~2,슬기로운 생활,우리는 무엇을 하며 살아갈까,"⋅우리는 경험 하고 상상하고 만들며 생활 한다. 
⋅우리는 느끼고 생각하고 표현하며 생활한다.",2슬04-03,경험한 것 중에서 관심 있는 주제를 정하고 조사한다.,"자신이 경험한 것들을 연결 지어 이해하고, 관심 있는 주제를 정해 다양한 매체를 바르게 활용하여 조사한다.","자신이 경험한 것들의 내용을 비교하며, 관심 있는 주제를 정해 매체를 활용하여 조사한다.","자신이 경험한 내용을 떠올리고, 주제를 정해 매체를 활용하여 조사한다.",[2슬04-03]에서 ‘관심 있는 주제’는 학생이 몰입해서 흥미 있게 탐구할 수 있는 주제를 의미한다.,"• 이 영역의 모든 성취기준을 적용할 때 다양한 매체를 다루는데 있어 개인 정보, 건전한 사이버 생활, 새로운 매체의 활용 등 안전한 매체 사용과 관련한 안전 교육을 병행할 수 있다. 
• [2슬04-03] 다양한 원천으로부터 주제를 찾도록 안내하고 주제 탐구 과정에서 사용하는 매체와 관련해서 디지털 소양 교육을 할 수 있다. "
1~2,슬기로운 생활,우리는 무엇을 하며 살아갈까,"⋅우리는 경험 하고 상상하고 만들며 생활 한다. 
⋅우리는 느끼고 생각하고 표현하며 생활한다.",2슬04-04,배운 것과 배울 것을 연결하며 앞으로의 배움을 상상한다.,이번 학년에서 배운 것을 이해하고 다음 학년에서 배울 내용과 연결하여 앞으로의 배움에 관심과 흥미를 가진다.,이번 학년에서 배운 것을 알고 다음 학년에서 배울 내용과 연결하며 앞으로의 배움에 관심을 가진다.,이번 학년에서 배운 것을 떠올리고 다음 학년에서의 배움을 상상하며 관심을 가진다.,,"• 이 영역의 모든 성취기준을 적용할 때 다양한 매체를 다루는데 있어 개인 정보, 건전한 사이버 생활, 새로운 매체의 활용 등 안전한 매체 사용과 관련한 안전 교육을 병행할 수 있다. 
• [2슬04-04] 주제학습을 성찰하면서 3학년 이후 교과 교육에 대한 기대감을 형성할 기회를 제공할 수 있다. "
1~2,즐거운 생활,우리는 누구로 살아갈까,"⋅우리는 내가 누구인지 생각하며 생활한다.
⋅우리는 서로 관계를 맺으며 생활한다.",2즐01-01,"즐겁게 놀이하며, 건강하고 안전하게 생활한다.",놀이 장소의 안전 상황을 명확하게 파악하고 놀이 규칙을 적극적으로 준수하여 창의적으로 놀이 활동에 참여한다.,놀이 장소의 안전 상황을 살피고 놀이 규칙을 준수하여 놀이 활동에 참여한다.,안전한 놀이 장소의 중요성을 알고 놀이 활동에 참여한다.,"[2즐01-01], [2즐01-02]의 ‘놀이’는 일정한 규칙이나 방법에 따라 노는 좁은 의미의 놀이 활동뿐만 아니라 학생이 자발적으로 참여하고 몰입함으로써 자유로움과 즐거움을 느낄 수 있는 모든 활동을 의미한다.","• 영역 내 모든 성취기준을 다룰 때는 놀이를 통한 기본 움직임 활동과 안전하게 생활하는 데 필요한 안전 교육을 주제 학습과 연계한다. 놀이할 때는 놀이 장소의 안전 상황을 살피고 안전하게 놀 수 있도록 한다. 놀이터에서 놀이하는 사람들의 밀집도, 놀이 도구 사용 상의 안전성, 놀잇감의 유해성 등과 관련해서 구체적인 안전 교육을 할 수 있다.
• [2즐01-01] 초등학교 적응 활동에 초점을 맞춘다. 놀이를 하며 몸을 움직임으로써 학생의 신체 활동 욕구를 충족시켜 주고 감각, 정서, 사회성 발달 등을 도모할 수 있다. 그리고 안전 교육이 필요할 때 즐거운 생활과 모든 성취기준과 함께 적용할 수 있다."
1~2,즐거운 생활,우리는 누구로 살아갈까,"⋅우리는 내가 누구인지 생각하며 생활한다.
⋅우리는 서로 관계를 맺으며 생활한다.",2즐01-02,놀이하며 내 몸의 움직임이나 감각을 느낀다.,신체를 이용한 여러 가지 놀이를 수행하며 자신의 신체 움직임과 감각을 인식하고 다양한 놀이에 적극적으로 참여한다.,신체를 이용한 놀이를 수행하고 자신의 신체 움직임과 감각을 인식하며 놀이 활동에 참여한다.,자신의 신체 변화와 몸의 움직임을 느끼고 놀이 활동에 참여한다.,"[2즐01-01], [2즐01-02]의 ‘놀이’는 일정한 규칙이나 방법에 따라 노는 좁은 의미의 놀이 활동뿐만 아니라 학생이 자발적으로 참여하고 몰입함으로써 자유로움과 즐거움을 느낄 수 있는 모든 활동을 의미한다.","• 영역 내 모든 성취기준을 다룰 때는 놀이를 통한 기본 움직임 활동과 안전하게 생활하는 데 필요한 안전 교육을 주제 학습과 연계한다. 놀이할 때는 놀이 장소의 안전 상황을 살피고 안전하게 놀 수 있도록 한다. 놀이터에서 놀이하는 사람들의 밀집도, 놀이 도구 사용 상의 안전성, 놀잇감의 유해성 등과 관련해서 구체적인 안전 교육을 할 수 있다.
• [2즐01-02] 움직임이 큰 신체 놀이, 감각 체험 놀이, 다양한 방법의 표현 놀이 등 신체를 이용한 여러 놀이에 참여함으로써 학생이 건강하고 즐겁게 생활하는 데 초점을 둔다."
1~2,즐거운 생활,우리는 누구로 살아갈까,"⋅우리는 내가 누구인지 생각하며 생활한다.
⋅우리는 서로 관계를 맺으며 생활한다.",2즐01-03,가족이나 주변 사람과 소통하며 어울린다.,"가족, 친구, 이웃 등 주변 사람들에 대해 관심을 가지고 존중하는 태도로 서로 의견을 주고받으며 함께 활동한다.","가족, 친구, 이웃 등 주변 사람들에 대해 관심을 가지고 서로 의견을 주고받으며 함께 활동한다.","가족, 친구, 이웃 등 주변 사람들과 이야기를 나누며 함께 활동한다.",,"• 영역 내 모든 성취기준을 다룰 때는 놀이를 통한 기본 움직임 활동과 안전하게 생활하는 데 필요한 안전 교육을 주제 학습과 연계한다. 놀이할 때는 놀이 장소의 안전 상황을 살피고 안전하게 놀 수 있도록 한다. 놀이터에서 놀이하는 사람들의 밀집도, 놀이 도구 사용 상의 안전성, 놀잇감의 유해성 등과 관련해서 구체적인 안전 교육을 할 수 있다.
• [2즐01-03] 학생들이 소통할 가족, 친척, 친구, 이웃 등 주변 사람의 배경에 따라 다양한 지역이나 국가의 문화 예술 활동과 연계할 수 있다."
1~2,즐거운 생활,우리는 누구로 살아갈까,"⋅우리는 내가 누구인지 생각하며 생활한다.
⋅우리는 서로 관계를 맺으며 생활한다.",2즐01-04,우리를 둘러싼 자연의 아름다움을 감상한다.,계절의 변화를 인식하고 일상 속 자연이 주는 아름다움을 적극적으로 감상하고 표현한다.,계절의 변화를 알고 일상 속 자연의 아름다움에 대한 감상을 표현한다.,자연의 아름다움에 대한 자신의 느낌을 간단히 표현한다.,,"• 영역 내 모든 성취기준을 다룰 때는 놀이를 통한 기본 움직임 활동과 안전하게 생활하는 데 필요한 안전 교육을 주제 학습과 연계한다. 놀이할 때는 놀이 장소의 안전 상황을 살피고 안전하게 놀 수 있도록 한다. 놀이터에서 놀이하는 사람들의 밀집도, 놀이 도구 사용 상의 안전성, 놀잇감의 유해성 등과 관련해서 구체적인 안전 교육을 할 수 있다."
1~2,즐거운 생활,우리는 어디서 살아갈까,"⋅우리는 여러 공동체 속에서 생활한다.
⋅우리는 삶의 공간을 넓히며 생활한다.",2즐02-01,내가 참여할 수 있는 문화 예술을 향유한다.,"자신이 참여할 수 있는 놀이, 표현, 감상 활동을 명확히 이해해 일상생활 속 문화 예술 활동에 적극적으로 참여하며 즐긴다.","자신이 참여할 수 있는 놀이, 표현, 감상 활동을 알고 일상생활 속 문화 예술 활동에 참여한다.","자신이 참여할 수 있는 놀이, 표현, 감상 활동을 알고 일상생활에서 즐긴다.","[2즐02-01], [2즐02-02], [2즐02-03]의 ‘문화 예술’은 공간적, 물리적 한계를 넘어서 멀리 있더라도 참여할 수 있는 다양한 놀이, 표현, 감상 활동 등을 포함한다.","• 영역 내 모든 성취기준을 다룰 때는 놀이를 통한 기본 움직임 활동과 안전하게 생활하는 데 필요한 안전 교육을 주제 학습과 연계한다. 특히 사람들이 많이 모이는 극장, 공연장, 전시관, 미술관 등에서 공연, 전시, 관람 등 다양한 문화 예술 활동을 할 때는 예절과 함께 필요한 안전 수칙을 학생이 미리 숙지할 수 있도록 유의한다. 
• [2즐02-01] 주변에서 열리는 지역 축제 등 문화 예술 활동에 공연자나 관람자로 참여하면서 창조적 활동을 경험할 수 있다. "
1~2,즐거운 생활,우리는 어디서 살아갈까,"⋅우리는 여러 공동체 속에서 생활한다.
⋅우리는 삶의 공간을 넓히며 생활한다.",2즐02-02,우리나라의 문화 예술을 즐긴다.,우리나라 문화 예술에 대해 흥미와 호기심을 가지고 적극적인 태도로 문화 예술 활동에 즐겁게 스스로 참여한다.,우리나라 문화 예술에 대해 관심을 가지고 문화 예술 활동에 참여한다.,우리나라 문화 예술을 경험하고 문화 예술 활동에 참여한다.,"[2즐02-01], [2즐02-02], [2즐02-03]의 ‘문화 예술’은 공간적, 물리적 한계를 넘어서 멀리 있더라도 참여할 수 있는 다양한 놀이, 표현, 감상 활동 등을 포함한다.","• 영역 내 모든 성취기준을 다룰 때는 놀이를 통한 기본 움직임 활동과 안전하게 생활하는 데 필요한 안전 교육을 주제 학습과 연계한다. 특히 사람들이 많이 모이는 극장, 공연장, 전시관, 미술관 등에서 공연, 전시, 관람 등 다양한 문화 예술 활동을 할 때는 예절과 함께 필요한 안전 수칙을 학생이 미리 숙지할 수 있도록 유의한다. "
1~2,즐거운 생활,우리는 어디서 살아갈까,"⋅우리는 여러 공동체 속에서 생활한다.
⋅우리는 삶의 공간을 넓히며 생활한다.",2즐02-03,다른 나라의 문화 예술을 체험한다.,다른 나라 문화 예술의 다양한 특징을 알고 즐겁게 경험하며 각 나라의 문화 다양성을 존중한다.,다른 나라 문화 예술의 특징을 알고 경험하며 각 나라의 문화 다양성을 존중한다.,다른 나라의 문화 예술을 경험하며 각 나라의 문화 다양성을 인식한다.,"[2즐02-01], [2즐02-02], [2즐02-03]의 ‘문화 예술’은 공간적, 물리적 한계를 넘어서 멀리 있더라도 참여할 수 있는 다양한 놀이, 표현, 감상 활동 등을 포함한다.","• 영역 내 모든 성취기준을 다룰 때는 놀이를 통한 기본 움직임 활동과 안전하게 생활하는 데 필요한 안전 교육을 주제 학습과 연계한다. 특히 사람들이 많이 모이는 극장, 공연장, 전시관, 미술관 등에서 공연, 전시, 관람 등 다양한 문화 예술 활동을 할 때는 예절과 함께 필요한 안전 수칙을 학생이 미리 숙지할 수 있도록 유의한다. 
• [2즐02-03] 여러 나라의 놀이, 노래, 축제 등을 접하는 과정에서 다문화 교육과 연계할 수 있다. "
1~2,즐거운 생활,우리는 어디서 살아갈까,"⋅우리는 여러 공동체 속에서 생활한다.
⋅우리는 삶의 공간을 넓히며 생활한다.",2즐02-04,다양한 세상을 상상하고 표현한다.,다양한 세상의 영역을 자세하게 파악하고 창의적인 생각과 폭넓은 상상을 통해 자신의 생각을 적극적으로 표현한다.,다양한 세상의 영역을 파악하고 폭넓은 상상을 통해 자신의 생각을 표현한다.,다양한 세상의 영역을 알고 자신의 생각을 표현한다.,"[2즐02-04]의 ‘다양한 세상’은 학생이 경험한 세상뿐만 아니라 미지의 우주, 바닷속이나 땅속, 온라인 기반의 상상할 수 있는 세상 등을 포함한다.","• 영역 내 모든 성취기준을 다룰 때는 놀이를 통한 기본 움직임 활동과 안전하게 생활하는 데 필요한 안전 교육을 주제 학습과 연계한다. 특히 사람들이 많이 모이는 극장, 공연장, 전시관, 미술관 등에서 공연, 전시, 관람 등 다양한 문화 예술 활동을 할 때는 예절과 함께 필요한 안전 수칙을 학생이 미리 숙지할 수 있도록 유의한다. 
• [2즐02-04] 창의적인 생각과 다양한 상상을 존중하고 허용하는 분위기를 조성하는 데 유의한다. 특히 매체를 사용할 때는 디지털 소양 교육과 연계할 수 있다. "
1~2,즐거운 생활,우리는 지금 어떻게 살아갈까,"⋅우리는 여러 유형의 주기로 생활한다.
⋅우리는 과거, 현재, 미래를 생각하며 생활한다.",2즐03-01,하루를 건강하고 활기차게 지낸다.,"건강을 위해 자신이 실천할 수 있는 운동과 생활 습관을 알고, 건강하고 활기차게 생활하기 위한 다양한 습관을 형성한다.","건강에 도움이 되는 운동과 생활 습관을 알고, 건강하고 활기차게 생활하기 위한 습관을 형성한다.","건강이 운동과 생활 습관에 영향을 받음을 알고, 건강하고 활기차게 생활하기 위한 습관을 기르기 위해 노력한다.",,"• 영역 내 모든 성취기준을 다룰 때는 놀이를 통한 기본 움직임 활동을 주제 학습과 연계한다. 특히 아동의 안전과 안녕을 다룰 때 가정폭력 및 학교폭력 예방, 아동학대 및 유기 대처 방안, 적극적인 자기 신변 보호 교육 등을 UN 아동 권리 협약에서 보장하는 내용과 연결할 수 있다. 
• [2즐03-01] 규칙적인 운동이나 건강을 위한 습관을 형성하고 좋아하는 신체 활동을 통해서 하루를 활기차게 생활하도록 안내할 수 있다. "
1~2,즐거운 생활,우리는 지금 어떻게 살아갈까,"⋅우리는 여러 유형의 주기로 생활한다.
⋅우리는 과거, 현재, 미래를 생각하며 생활한다.",2즐03-02,자연의 변화를 느끼며 놀이한다.,"날씨와 계절의 변화에 따른 놀이의 차이를 이해하고, 자연이 변화하는 특징을 살려 놀이한다.","날씨와 계절에 따라 달라지는 놀이의 다양한 사례를 알고, 자연의 특징을 살려 놀이한다.","날씨와 계절에 따라 놀이가 달라진다는 것을 알고, 자연에 대한 놀이를 한다.",,"• 영역 내 모든 성취기준을 다룰 때는 놀이를 통한 기본 움직임 활동을 주제 학습과 연계한다. 특히 아동의 안전과 안녕을 다룰 때 가정폭력 및 학교폭력 예방, 아동학대 및 유기 대처 방안, 적극적인 자기 신변 보호 교육 등을 UN 아동 권리 협약에서 보장하는 내용과 연결할 수 있다. 
• [2즐03-02] 학생이 생활 속에서 접할 수 있는 계절별 생태놀이, 날씨에 영향을 받는 놀이, 전통놀이, 절기나 풍습과 관련된 놀이 등을 다양하게 즐길 수 있도록 하고 이를 생태전환 교육과 연계할 수 있다. "
1~2,즐거운 생활,우리는 지금 어떻게 살아갈까,"⋅우리는 여러 유형의 주기로 생활한다.
⋅우리는 과거, 현재, 미래를 생각하며 생활한다.",2즐03-03,전통문화를 새롭게 표현한다.,"전통문화를 창의적으로 해석하여 주제를 표현하며, 전통문화를 소중히 여긴다.","전통문화를 반영하여 주제를 표현하며, 전통문화의 중요성을 느낀다.","전통문화와 관련된 내용을 포함하여 표현하며, 전통문화의 중요성을 느낀다.",,"• 영역 내 모든 성취기준을 다룰 때는 놀이를 통한 기본 움직임 활동을 주제 학습과 연계한다. 특히 아동의 안전과 안녕을 다룰 때 가정폭력 및 학교폭력 예방, 아동학대 및 유기 대처 방안, 적극적인 자기 신변 보호 교육 등을 UN 아동 권리 협약에서 보장하는 내용과 연결할 수 있다. 
• [2즐03-03] 전통문화를 새로운 시각으로 현재에 맞게 재창조할 수 있는 기회를 만든다."
1~2,즐거운 생활,우리는 지금 어떻게 살아갈까,"⋅우리는 여러 유형의 주기로 생활한다.
⋅우리는 과거, 현재, 미래를 생각하며 생활한다.",2즐03-04,안전과 안녕을 위한 아동의 권리가 있음을 알고 누린다.,"아동 권리를 일상 장면에 적용하고, 다양한 상황에서 적용되는 아동 권리를 효과적으로 표현하며, 안전하고 안녕한 생활을 일상화한다.","아동 권리를 보호하는 사례를 알고, 다양한 상황에서 적용되는 아동 권리를 표현하며, 안전하고 안녕한 생활을 일상화하고자 한다.","아동 권리의 의미에 대해 알고, 일부 상황에서 적용되는 아동 권리를 표현하며, 안전하고 안녕한 생활을 하기 위해 노력한다.",,"• 영역 내 모든 성취기준을 다룰 때는 놀이를 통한 기본 움직임 활동을 주제 학습과 연계한다. 특히 아동의 안전과 안녕을 다룰 때 가정폭력 및 학교폭력 예방, 아동학대 및 유기 대처 방안, 적극적인 자기 신변 보호 교육 등을 UN 아동 권리 협약에서 보장하는 내용과 연결할 수 있다. 
• [2즐03-04] 아동이 누려야 할 여러 가지 권리 내용을 알아보면서 전쟁, 기아, 자연재해와 같은 범지구적인 문제와 관련시킬 수 있다. 아동의 안전과 안녕을 위해 학생이 스스로 자신의 의견이나 목소리를 낼 수 있도록 하며 인권 교육과 연계할 수 있다. "
1~2,즐거운 생활,우리는 무엇을 하며 살아갈까,"⋅우리는 경험 하고 상상하고 만들며 생활 한다. 
⋅우리는 느끼고 생각하고 표현하며 생활한다.",2즐04-01,주변의 물건을 활용하여 놀잇감을 만든다.,제작의 즐거움을 느끼며 주변의 다양한 재료의 특징을 고려하여 창의적으로 놀잇감을 만든다.,제작에 관심을 보이며 주변의 다양한 재료의 특징을 고려하여 놀잇감을 만든다.,제작에 참여하여 주변의 재료를 활용해 놀잇감을 만든다.,,"• 영역 내 모든 성취기준을 다룰 때는 놀이를 통한 기본 움직임 활동을 주제 학습과 연계한다. 놀이나 활동에 활용하는 도구나 물건을 안전하게 사용할 수 있도록 유의한다. 
• [2즐04-01] 익숙한 물건을 낯설게 보거나 기존의 놀잇감에서 새로운 재미를 찾아보면서 엉뚱하고 기발한 상상, 창작의 기쁨을 느낄 수 있도록 한다. 기존의 놀잇감을 새로운 놀잇감으로 고쳐 만들거나 주변의 물건을 놀잇감으로 만드는 과정에서 안전이나 실용성을 고려하되 이를 지나치게 강조하여 상상력이나 창의성을 위축하지 않도록 유의한다. "
1~2,즐거운 생활,우리는 무엇을 하며 살아갈까,"⋅우리는 경험 하고 상상하고 만들며 생활 한다. 
⋅우리는 느끼고 생각하고 표현하며 생활한다.",2즐04-02,자유롭게 상상하며 놀이한다.,"상황에 어울리는 창의적인 방식으로 놀이하고, 자유롭게 상상하는 활동에 몰입하여 참여한다.","상황에 어울리는 방식으로 놀이하고, 자유롭게 상상하는 활동에 관심을 갖고 참여한다.","상황에 따라 놀이를 하고, 자유롭게 상상하는 활동에 참여한다.",,"• 영역 내 모든 성취기준을 다룰 때는 놀이를 통한 기본 움직임 활동을 주제 학습과 연계한다. 놀이나 활동에 활용하는 도구나 물건을 안전하게 사용할 수 있도록 유의한다. 
• [2즐04-02] 학생들이 자유롭게 상상하고 표현하며 놀이에 몰입하여 즐기는 한편, 안심하고 마음껏 활동할 수 있도록 안전하면서도 허용적인 환경을 조성하는 데 주의를 기울인다. "
1~2,즐거운 생활,우리는 무엇을 하며 살아갈까,"⋅우리는 경험 하고 상상하고 만들며 생활 한다. 
⋅우리는 느끼고 생각하고 표현하며 생활한다.",2즐04-03,생각이나 느낌을 살려 전시나 공연 활동을 한다.,"주제에 대한 다른 사람의 다양한 생각과 느낌을 이해하고, 여럿의 생각과 느낌을 살려 창의적으로 전시나 공연을 준비해 적극적으로 수행한다.","주제에 대한 생각과 느낌이 사람마다 다를 수 있음을 알고, 생각과 느낌이 드러나도록 전시나 공연을 준비하고 수행한다.","주제에 대한 자신의 생각과 느낌을 알고, 전시나 공연을 준비하고 수행하는 과제에 소극적으로 참여한다.",,"• 영역 내 모든 성취기준을 다룰 때는 놀이를 통한 기본 움직임 활동을 주제 학습과 연계한다. 놀이나 활동에 활용하는 도구나 물건을 안전하게 사용할 수 있도록 유의한다. 
• [2즐04-03] 여럿이 생각을 모아서 전시나 공연 및 놀이에 참여할 기회를 만드는 데 중점을 둔다. 이 과정에서 협력을 경험하고 민주시민 교육과 연계할 수 있다. "
1~2,즐거운 생활,우리는 무엇을 하며 살아갈까,"⋅우리는 경험 하고 상상하고 만들며 생활 한다. 
⋅우리는 느끼고 생각하고 표현하며 생활한다.",2즐04-04,기억에 남는 경험을 떠올리며 의미를 부여한다.,"시간의 연속성에 대해 이해하고, 과거의 경험을 토대로 앞으로 하고 싶은 일을 떠올리며, 과거의 경험에 의미를 부여하고 미래를 기대한다.","과거·현재·미래의 관계에 대해 이해하고, 과거의 일과 가까운 미래에 하고 싶은 일을 떠올리며, 과거의 경험에 대해 감정을 느끼고 미래를 기대한다.","시간을 나타내는 말을 알고, 과거의 일을 떠올리며 감정을 느낀다.",[2즐04-04]에서 ‘의미’는 특별히 기억에 남는 경험에 대한 개인적이고 맥락적인 생각이나 느낌 또는 그 경험에 대해 나름대로 부여하는 가치를 말한다.,"• 영역 내 모든 성취기준을 다룰 때는 놀이를 통한 기본 움직임 활동을 주제 학습과 연계한다. 놀이나 활동에 활용하는 도구나 물건을 안전하게 사용할 수 있도록 유의한다. 
• [2즐04-04] 학교 안팎에서 한 경험 중 기억에 남은 경험에 대해 자기만의 의미를 부여해 보는 다양한 활동을 해 보고, 이를 3학년이 되어서 하고 싶은 경험에 대한 기대와 연결할 수 있다."
3~4,국어,듣기⋅말하기,"⋅듣기⋅말하기는 언어, 준언어, 비언어, 매체 등을 활용하여 서로의 생각과 감정을 주고받는 행위이다.
⋅화자와 청자는 상황 맥락 및 사회⋅문화적 맥락 속에서 의사소통 목적을 달성하기 위하여 다양한 유형의 담화를 듣고 말한다.
⋅화자와 청자는 의사소통 과정에 협력적으로 참여하고 듣기⋅말하기 과정에서의 문제를 해결하기 위해 적절한 전략을 사용하여 듣고 말한다.
⋅화자와 청자는 듣기⋅말하기에 흥미를 가지고 적극적으로 참여하면서 담화 공동체 구성원으로 성장하고, 상호 존중하고 공감하는 소통 문화를 만들어 간다.",4국01-01,중요한 내용과 주제를 파악하며 듣고 그 내용을 요약한다.,"중요한 내용과 주제를 정확하게 파악하며 듣고, 중심 내용과 세부 내용을 구분하여 자신의 언어로 요약할 수 있다.","중요한 내용과 주제를 파악하며 듣고, 중심 내용과 세부 내용을 구분하여 요약할 수 있다.","중요한 내용과 주제의 일부를 파악하며 듣고, 자신이 파악한 내용을 중심으로 요약한다.",,"• 일상생활과 교과 학습에 필요한 듣기⋅말하기 능력을 갖출 수 있도록 한다. 학습자 생활 주변의 친숙한 주제에 대해 대화하는 상황, 교과 학습 과정에서 일정한 자료를 정리한 결과를 교사나 동료 학습자 앞에서 발표하는 상황, 학교생활 중 문제를 해결하기 위해 토의하는 상황 등을 중심으로 듣기⋅말하기 활동이 이루어지도록 한다.
• 대화, 발표, 토의 담화 수행을 위한 상황 맥락을 설정할 때는 학습자들의 발달 수준, 경험, 흥미와 관심사를 고려하여 학습자들이 적극적으로 참여할 수 있도록 한다.
• 구어 의사소통에 즐겁게 참여할 수 있도록 드라마, 애니메이션, 다큐멘터리 등 각종 영상 자료를 활용하거나 역할 놀이 등 다양한 방법을 활용한다.
• 상황과 상대의 입장 이해하기, 예의를 지키며 듣고 말하기, 목적과 주제를 고려하여 말하기 등의 기능은 대화나 발표 담화에서뿐만 아니라 일반적인 구어 의사소통 과정에서 두루 필요함을 고려하여 지도한다.
• 듣기⋅말하기 과정과 전략에 대해 점검하고 조정하기 기능은 준언어⋅비언어적 표현이 효과적인지, 대화 과정에서 예의에 어긋남이 없는지, 발표 내용이 목적과 주제에 알맞은지, 토의에서 제시한 의견이 주제에 적절하고 이유가 의견을 뒷받침하고 있는지 등을 듣기⋅말하기 중이나 후에 점검하고 조정하는 활동을 통해 지도한다. 
• 화자와 청자로서의 효능감을 가질 수 있도록 발표를 비롯한 다양한 담화 상황에 자신감 있게 참여하고 상대방과 긍정적으로 상호 작용할 수 있는 기회를 제공한다. 동료 학습자의 듣기⋅말하기 활동에 대해 피드백을 할 때는 화자나 청자로서의 강점을 중심으로 의견을 나누고, 개선할 점에 대해 언급할 때는 화자나 청자로서의 효능감을 훼손하지 않도록 주의하여 지도한다.
• 예의를 지키며 대화하기를 지도할 때는 학습자의 삶과 연계해 예의를 지키는 대화 습관을 형성할 수 있도록 한다. 대화가 이루어지는 시간과 장소, 대화의 목적, 상대의 입장 등 다양한 상황을 고려하여, 그에 알맞은 호칭어 사용하기, 인사 예절 지키기, 높임 표현 활용하기, 준언어⋅비언어적 표현 활용하기, 비속어 경계하기, 온라인 대화 예절 지키기 등을 문법 영역, 매체 영역 등과 연계하여 지도한다. 또한 언어 예절을 지키며 대화하는 과정을 스스로 점검하고 평가하여 가정에서도 예의를 지키며 대화하기를 실천하도록 한다. 
• 토의하기를 지도할 때는 학습자들이 토의 담화에 입문하는 단계임을 고려하여 토의 집단을 짝, 소집단, 대집단으로 서서히 확대하고, 학습자가 소속된 학급에서 경험한 실제적 문제와 관련된 주제를 선정하여 토의에 흥미를 갖도록 한다. 토의의 절차나 형식을 지나치게 강조하지 않으며, 학급 회의나 원탁회의 등을 활용하여 학습자들이 자신의 생각을 자유롭게 나눌 수 있도록 한다. 상대의 의견을 존중하며 경청하는 태도와 자신의 의견만을 고집하지 않는 자세도 함께 지도하여, 협력에 기반한 집단 의사소통을 통해 민주시민으로서의 기초 소양을 함양할 수 있도록 한다."
3~4,국어,듣기⋅말하기,"⋅듣기⋅말하기는 언어, 준언어, 비언어, 매체 등을 활용하여 서로의 생각과 감정을 주고받는 행위이다.
⋅화자와 청자는 상황 맥락 및 사회⋅문화적 맥락 속에서 의사소통 목적을 달성하기 위하여 다양한 유형의 담화를 듣고 말한다.
⋅화자와 청자는 의사소통 과정에 협력적으로 참여하고 듣기⋅말하기 과정에서의 문제를 해결하기 위해 적절한 전략을 사용하여 듣고 말한다.
⋅화자와 청자는 듣기⋅말하기에 흥미를 가지고 적극적으로 참여하면서 담화 공동체 구성원으로 성장하고, 상호 존중하고 공감하는 소통 문화를 만들어 간다.",4국01-02,원인과 결과의 관계를 고려하여 내용을 예측하며 듣고 말한다.,"원인과 결과의 관계를 올바르게 고려하여 이어질 내용을 예측하며 듣고, 원인과 결과가 분명히 드러나게 말할 수 있다.",,"원인과 결과의 관계를 알고 이어질 내용을 부분적으로 예측하며 듣고, 원인이나 결과가 일부 드러나게 말한다.",,"• 일상생활과 교과 학습에 필요한 듣기⋅말하기 능력을 갖출 수 있도록 한다. 학습자 생활 주변의 친숙한 주제에 대해 대화하는 상황, 교과 학습 과정에서 일정한 자료를 정리한 결과를 교사나 동료 학습자 앞에서 발표하는 상황, 학교생활 중 문제를 해결하기 위해 토의하는 상황 등을 중심으로 듣기⋅말하기 활동이 이루어지도록 한다.
• 대화, 발표, 토의 담화 수행을 위한 상황 맥락을 설정할 때는 학습자들의 발달 수준, 경험, 흥미와 관심사를 고려하여 학습자들이 적극적으로 참여할 수 있도록 한다.
• 구어 의사소통에 즐겁게 참여할 수 있도록 드라마, 애니메이션, 다큐멘터리 등 각종 영상 자료를 활용하거나 역할 놀이 등 다양한 방법을 활용한다.
• 상황과 상대의 입장 이해하기, 예의를 지키며 듣고 말하기, 목적과 주제를 고려하여 말하기 등의 기능은 대화나 발표 담화에서뿐만 아니라 일반적인 구어 의사소통 과정에서 두루 필요함을 고려하여 지도한다.
• 듣기⋅말하기 과정과 전략에 대해 점검하고 조정하기 기능은 준언어⋅비언어적 표현이 효과적인지, 대화 과정에서 예의에 어긋남이 없는지, 발표 내용이 목적과 주제에 알맞은지, 토의에서 제시한 의견이 주제에 적절하고 이유가 의견을 뒷받침하고 있는지 등을 듣기⋅말하기 중이나 후에 점검하고 조정하는 활동을 통해 지도한다. 
• 화자와 청자로서의 효능감을 가질 수 있도록 발표를 비롯한 다양한 담화 상황에 자신감 있게 참여하고 상대방과 긍정적으로 상호 작용할 수 있는 기회를 제공한다. 동료 학습자의 듣기⋅말하기 활동에 대해 피드백을 할 때는 화자나 청자로서의 강점을 중심으로 의견을 나누고, 개선할 점에 대해 언급할 때는 화자나 청자로서의 효능감을 훼손하지 않도록 주의하여 지도한다.
• 예의를 지키며 대화하기를 지도할 때는 학습자의 삶과 연계해 예의를 지키는 대화 습관을 형성할 수 있도록 한다. 대화가 이루어지는 시간과 장소, 대화의 목적, 상대의 입장 등 다양한 상황을 고려하여, 그에 알맞은 호칭어 사용하기, 인사 예절 지키기, 높임 표현 활용하기, 준언어⋅비언어적 표현 활용하기, 비속어 경계하기, 온라인 대화 예절 지키기 등을 문법 영역, 매체 영역 등과 연계하여 지도한다. 또한 언어 예절을 지키며 대화하는 과정을 스스로 점검하고 평가하여 가정에서도 예의를 지키며 대화하기를 실천하도록 한다. 
• 토의하기를 지도할 때는 학습자들이 토의 담화에 입문하는 단계임을 고려하여 토의 집단을 짝, 소집단, 대집단으로 서서히 확대하고, 학습자가 소속된 학급에서 경험한 실제적 문제와 관련된 주제를 선정하여 토의에 흥미를 갖도록 한다. 토의의 절차나 형식을 지나치게 강조하지 않으며, 학급 회의나 원탁회의 등을 활용하여 학습자들이 자신의 생각을 자유롭게 나눌 수 있도록 한다. 상대의 의견을 존중하며 경청하는 태도와 자신의 의견만을 고집하지 않는 자세도 함께 지도하여, 협력에 기반한 집단 의사소통을 통해 민주시민으로서의 기초 소양을 함양할 수 있도록 한다."
3~4,국어,듣기⋅말하기,"⋅듣기⋅말하기는 언어, 준언어, 비언어, 매체 등을 활용하여 서로의 생각과 감정을 주고받는 행위이다.
⋅화자와 청자는 상황 맥락 및 사회⋅문화적 맥락 속에서 의사소통 목적을 달성하기 위하여 다양한 유형의 담화를 듣고 말한다.
⋅화자와 청자는 의사소통 과정에 협력적으로 참여하고 듣기⋅말하기 과정에서의 문제를 해결하기 위해 적절한 전략을 사용하여 듣고 말한다.
⋅화자와 청자는 듣기⋅말하기에 흥미를 가지고 적극적으로 참여하면서 담화 공동체 구성원으로 성장하고, 상호 존중하고 공감하는 소통 문화를 만들어 간다.",4국01-03,상황에 적절한 준언어⋅비언어적 표현을 활용하여 듣고 말한다.,담화 상황에 적절한 준언어ㆍ비언어적 표현을 활용하여 의미를 효과적으로 전달하고 이해하며 듣고 말할 수 있다.,담화 상황에 적절한 준언어ㆍ비언어적 표현을 활용하여 의미를 전달하고 이해하며 듣고 말할 수 있다.,담화 상황에서 준언어ㆍ비언어적 표현을 일부 활용하여 듣고 말한다.,"이 성취기준은 구어 의사소통 상황에서 억양, 어조, 속도 등의 준언어적 표현과 표정, 시선, 몸동작, 자세 등의 비언어적 표현을 활용하여 의미를 효과적으로 전달하고 이해할 수 있는 능력을 기르기 위해 설정하였다. 다양한 상황에 알맞은 준언어⋅비언어적 표현의 중요성 이해하기, 준언어⋅비언어적 표현의 의미와 효과 파악하기, 준언어⋅비언어적 표현의 적절성 점검하기, 상황에 적절한 준언어⋅비언어적 표현 활용하기 등을 학습한다.","• 일상생활과 교과 학습에 필요한 듣기⋅말하기 능력을 갖출 수 있도록 한다. 학습자 생활 주변의 친숙한 주제에 대해 대화하는 상황, 교과 학습 과정에서 일정한 자료를 정리한 결과를 교사나 동료 학습자 앞에서 발표하는 상황, 학교생활 중 문제를 해결하기 위해 토의하는 상황 등을 중심으로 듣기⋅말하기 활동이 이루어지도록 한다.
• 대화, 발표, 토의 담화 수행을 위한 상황 맥락을 설정할 때는 학습자들의 발달 수준, 경험, 흥미와 관심사를 고려하여 학습자들이 적극적으로 참여할 수 있도록 한다.
• 구어 의사소통에 즐겁게 참여할 수 있도록 드라마, 애니메이션, 다큐멘터리 등 각종 영상 자료를 활용하거나 역할 놀이 등 다양한 방법을 활용한다.
• 상황과 상대의 입장 이해하기, 예의를 지키며 듣고 말하기, 목적과 주제를 고려하여 말하기 등의 기능은 대화나 발표 담화에서뿐만 아니라 일반적인 구어 의사소통 과정에서 두루 필요함을 고려하여 지도한다.
• 듣기⋅말하기 과정과 전략에 대해 점검하고 조정하기 기능은 준언어⋅비언어적 표현이 효과적인지, 대화 과정에서 예의에 어긋남이 없는지, 발표 내용이 목적과 주제에 알맞은지, 토의에서 제시한 의견이 주제에 적절하고 이유가 의견을 뒷받침하고 있는지 등을 듣기⋅말하기 중이나 후에 점검하고 조정하는 활동을 통해 지도한다. 
• 화자와 청자로서의 효능감을 가질 수 있도록 발표를 비롯한 다양한 담화 상황에 자신감 있게 참여하고 상대방과 긍정적으로 상호 작용할 수 있는 기회를 제공한다. 동료 학습자의 듣기⋅말하기 활동에 대해 피드백을 할 때는 화자나 청자로서의 강점을 중심으로 의견을 나누고, 개선할 점에 대해 언급할 때는 화자나 청자로서의 효능감을 훼손하지 않도록 주의하여 지도한다.
• 예의를 지키며 대화하기를 지도할 때는 학습자의 삶과 연계해 예의를 지키는 대화 습관을 형성할 수 있도록 한다. 대화가 이루어지는 시간과 장소, 대화의 목적, 상대의 입장 등 다양한 상황을 고려하여, 그에 알맞은 호칭어 사용하기, 인사 예절 지키기, 높임 표현 활용하기, 준언어⋅비언어적 표현 활용하기, 비속어 경계하기, 온라인 대화 예절 지키기 등을 문법 영역, 매체 영역 등과 연계하여 지도한다. 또한 언어 예절을 지키며 대화하는 과정을 스스로 점검하고 평가하여 가정에서도 예의를 지키며 대화하기를 실천하도록 한다. 
• 토의하기를 지도할 때는 학습자들이 토의 담화에 입문하는 단계임을 고려하여 토의 집단을 짝, 소집단, 대집단으로 서서히 확대하고, 학습자가 소속된 학급에서 경험한 실제적 문제와 관련된 주제를 선정하여 토의에 흥미를 갖도록 한다. 토의의 절차나 형식을 지나치게 강조하지 않으며, 학급 회의나 원탁회의 등을 활용하여 학습자들이 자신의 생각을 자유롭게 나눌 수 있도록 한다. 상대의 의견을 존중하며 경청하는 태도와 자신의 의견만을 고집하지 않는 자세도 함께 지도하여, 협력에 기반한 집단 의사소통을 통해 민주시민으로서의 기초 소양을 함양할 수 있도록 한다."
3~4,국어,듣기⋅말하기,"⋅듣기⋅말하기는 언어, 준언어, 비언어, 매체 등을 활용하여 서로의 생각과 감정을 주고받는 행위이다.
⋅화자와 청자는 상황 맥락 및 사회⋅문화적 맥락 속에서 의사소통 목적을 달성하기 위하여 다양한 유형의 담화를 듣고 말한다.
⋅화자와 청자는 의사소통 과정에 협력적으로 참여하고 듣기⋅말하기 과정에서의 문제를 해결하기 위해 적절한 전략을 사용하여 듣고 말한다.
⋅화자와 청자는 듣기⋅말하기에 흥미를 가지고 적극적으로 참여하면서 담화 공동체 구성원으로 성장하고, 상호 존중하고 공감하는 소통 문화를 만들어 간다.",4국01-04,상황과 상대의 입장을 이해하고 예의를 지키며 대화한다.,"상황과 상대의 입장을 정확히 이해하고, 상대를 배려하는 표현을 적극적으로 활용하여 예의를 지키며 대화할 수 있다.","상황과 상대의 입장을 이해하고, 상대를 배려하는 표현을 사용하여 예의를 지키며 대화할 수 있다.","상황과 상대의 입장을 부분적으로 이해하고, 일부 상황에서 예의를 지키며 대화한다.",,"• 일상생활과 교과 학습에 필요한 듣기⋅말하기 능력을 갖출 수 있도록 한다. 학습자 생활 주변의 친숙한 주제에 대해 대화하는 상황, 교과 학습 과정에서 일정한 자료를 정리한 결과를 교사나 동료 학습자 앞에서 발표하는 상황, 학교생활 중 문제를 해결하기 위해 토의하는 상황 등을 중심으로 듣기⋅말하기 활동이 이루어지도록 한다.
• 대화, 발표, 토의 담화 수행을 위한 상황 맥락을 설정할 때는 학습자들의 발달 수준, 경험, 흥미와 관심사를 고려하여 학습자들이 적극적으로 참여할 수 있도록 한다.
• 구어 의사소통에 즐겁게 참여할 수 있도록 드라마, 애니메이션, 다큐멘터리 등 각종 영상 자료를 활용하거나 역할 놀이 등 다양한 방법을 활용한다.
• 상황과 상대의 입장 이해하기, 예의를 지키며 듣고 말하기, 목적과 주제를 고려하여 말하기 등의 기능은 대화나 발표 담화에서뿐만 아니라 일반적인 구어 의사소통 과정에서 두루 필요함을 고려하여 지도한다.
• 듣기⋅말하기 과정과 전략에 대해 점검하고 조정하기 기능은 준언어⋅비언어적 표현이 효과적인지, 대화 과정에서 예의에 어긋남이 없는지, 발표 내용이 목적과 주제에 알맞은지, 토의에서 제시한 의견이 주제에 적절하고 이유가 의견을 뒷받침하고 있는지 등을 듣기⋅말하기 중이나 후에 점검하고 조정하는 활동을 통해 지도한다. 
• 화자와 청자로서의 효능감을 가질 수 있도록 발표를 비롯한 다양한 담화 상황에 자신감 있게 참여하고 상대방과 긍정적으로 상호 작용할 수 있는 기회를 제공한다. 동료 학습자의 듣기⋅말하기 활동에 대해 피드백을 할 때는 화자나 청자로서의 강점을 중심으로 의견을 나누고, 개선할 점에 대해 언급할 때는 화자나 청자로서의 효능감을 훼손하지 않도록 주의하여 지도한다.
• 예의를 지키며 대화하기를 지도할 때는 학습자의 삶과 연계해 예의를 지키는 대화 습관을 형성할 수 있도록 한다. 대화가 이루어지는 시간과 장소, 대화의 목적, 상대의 입장 등 다양한 상황을 고려하여, 그에 알맞은 호칭어 사용하기, 인사 예절 지키기, 높임 표현 활용하기, 준언어⋅비언어적 표현 활용하기, 비속어 경계하기, 온라인 대화 예절 지키기 등을 문법 영역, 매체 영역 등과 연계하여 지도한다. 또한 언어 예절을 지키며 대화하는 과정을 스스로 점검하고 평가하여 가정에서도 예의를 지키며 대화하기를 실천하도록 한다. 
• 토의하기를 지도할 때는 학습자들이 토의 담화에 입문하는 단계임을 고려하여 토의 집단을 짝, 소집단, 대집단으로 서서히 확대하고, 학습자가 소속된 학급에서 경험한 실제적 문제와 관련된 주제를 선정하여 토의에 흥미를 갖도록 한다. 토의의 절차나 형식을 지나치게 강조하지 않으며, 학급 회의나 원탁회의 등을 활용하여 학습자들이 자신의 생각을 자유롭게 나눌 수 있도록 한다. 상대의 의견을 존중하며 경청하는 태도와 자신의 의견만을 고집하지 않는 자세도 함께 지도하여, 협력에 기반한 집단 의사소통을 통해 민주시민으로서의 기초 소양을 함양할 수 있도록 한다."
3~4,국어,듣기⋅말하기,"⋅듣기⋅말하기는 언어, 준언어, 비언어, 매체 등을 활용하여 서로의 생각과 감정을 주고받는 행위이다.
⋅화자와 청자는 상황 맥락 및 사회⋅문화적 맥락 속에서 의사소통 목적을 달성하기 위하여 다양한 유형의 담화를 듣고 말한다.
⋅화자와 청자는 의사소통 과정에 협력적으로 참여하고 듣기⋅말하기 과정에서의 문제를 해결하기 위해 적절한 전략을 사용하여 듣고 말한다.
⋅화자와 청자는 듣기⋅말하기에 흥미를 가지고 적극적으로 참여하면서 담화 공동체 구성원으로 성장하고, 상호 존중하고 공감하는 소통 문화를 만들어 간다.",4국01-05,목적과 주제에 알맞게 자료를 정리하여 자신감 있게 발표한다.,"주어진 자료에서 발표 목적과 주제에 알맞은 내용을 중심으로 발표 내용을 정리하고, 발표 전 연습을 통해 점검한 사항을 바탕으로 자신감 있게 발표할 수 있다.","주어진 자료에서 발표 목적과 주제에 알맞은 내용을 중심으로 발표 내용을 정리하고, 자신감 있게 발표할 수 있다.","주어진 자료에서 발표 목적과 주제를 부분적으로 고려하여 발표 내용을 정리하고, 이를 나열하는 수준에서 발표한다.","이 성취기준은 교과 학습 상황을 비롯하여 다양한 상황에서 필요한 기초적인 발표 능력을 기르기 위해 설정하였다. 주어진 자료에서 발표 목적과 주제에 알맞은 내용을 중심으로 발표 내용 정리하기, 준비한 내용이 명확하게 전달되는지를 점검하며 발표 연습하기, 준언어⋅비언어적 표현을 효과적으로 사용하는지 점검하며 발표 연습하기, 연습 과정에서 부족했던 부분을 조정하여 자신감을 가지고 발표하기 등을 학습한다.","• 일상생활과 교과 학습에 필요한 듣기⋅말하기 능력을 갖출 수 있도록 한다. 학습자 생활 주변의 친숙한 주제에 대해 대화하는 상황, 교과 학습 과정에서 일정한 자료를 정리한 결과를 교사나 동료 학습자 앞에서 발표하는 상황, 학교생활 중 문제를 해결하기 위해 토의하는 상황 등을 중심으로 듣기⋅말하기 활동이 이루어지도록 한다.
• 대화, 발표, 토의 담화 수행을 위한 상황 맥락을 설정할 때는 학습자들의 발달 수준, 경험, 흥미와 관심사를 고려하여 학습자들이 적극적으로 참여할 수 있도록 한다.
• 구어 의사소통에 즐겁게 참여할 수 있도록 드라마, 애니메이션, 다큐멘터리 등 각종 영상 자료를 활용하거나 역할 놀이 등 다양한 방법을 활용한다.
• 상황과 상대의 입장 이해하기, 예의를 지키며 듣고 말하기, 목적과 주제를 고려하여 말하기 등의 기능은 대화나 발표 담화에서뿐만 아니라 일반적인 구어 의사소통 과정에서 두루 필요함을 고려하여 지도한다.
• 듣기⋅말하기 과정과 전략에 대해 점검하고 조정하기 기능은 준언어⋅비언어적 표현이 효과적인지, 대화 과정에서 예의에 어긋남이 없는지, 발표 내용이 목적과 주제에 알맞은지, 토의에서 제시한 의견이 주제에 적절하고 이유가 의견을 뒷받침하고 있는지 등을 듣기⋅말하기 중이나 후에 점검하고 조정하는 활동을 통해 지도한다. 
• 화자와 청자로서의 효능감을 가질 수 있도록 발표를 비롯한 다양한 담화 상황에 자신감 있게 참여하고 상대방과 긍정적으로 상호 작용할 수 있는 기회를 제공한다. 동료 학습자의 듣기⋅말하기 활동에 대해 피드백을 할 때는 화자나 청자로서의 강점을 중심으로 의견을 나누고, 개선할 점에 대해 언급할 때는 화자나 청자로서의 효능감을 훼손하지 않도록 주의하여 지도한다.
• 예의를 지키며 대화하기를 지도할 때는 학습자의 삶과 연계해 예의를 지키는 대화 습관을 형성할 수 있도록 한다. 대화가 이루어지는 시간과 장소, 대화의 목적, 상대의 입장 등 다양한 상황을 고려하여, 그에 알맞은 호칭어 사용하기, 인사 예절 지키기, 높임 표현 활용하기, 준언어⋅비언어적 표현 활용하기, 비속어 경계하기, 온라인 대화 예절 지키기 등을 문법 영역, 매체 영역 등과 연계하여 지도한다. 또한 언어 예절을 지키며 대화하는 과정을 스스로 점검하고 평가하여 가정에서도 예의를 지키며 대화하기를 실천하도록 한다. 
• 토의하기를 지도할 때는 학습자들이 토의 담화에 입문하는 단계임을 고려하여 토의 집단을 짝, 소집단, 대집단으로 서서히 확대하고, 학습자가 소속된 학급에서 경험한 실제적 문제와 관련된 주제를 선정하여 토의에 흥미를 갖도록 한다. 토의의 절차나 형식을 지나치게 강조하지 않으며, 학급 회의나 원탁회의 등을 활용하여 학습자들이 자신의 생각을 자유롭게 나눌 수 있도록 한다. 상대의 의견을 존중하며 경청하는 태도와 자신의 의견만을 고집하지 않는 자세도 함께 지도하여, 협력에 기반한 집단 의사소통을 통해 민주시민으로서의 기초 소양을 함양할 수 있도록 한다."
3~4,국어,듣기⋅말하기,"⋅듣기⋅말하기는 언어, 준언어, 비언어, 매체 등을 활용하여 서로의 생각과 감정을 주고받는 행위이다.
⋅화자와 청자는 상황 맥락 및 사회⋅문화적 맥락 속에서 의사소통 목적을 달성하기 위하여 다양한 유형의 담화를 듣고 말한다.
⋅화자와 청자는 의사소통 과정에 협력적으로 참여하고 듣기⋅말하기 과정에서의 문제를 해결하기 위해 적절한 전략을 사용하여 듣고 말한다.
⋅화자와 청자는 듣기⋅말하기에 흥미를 가지고 적극적으로 참여하면서 담화 공동체 구성원으로 성장하고, 상호 존중하고 공감하는 소통 문화를 만들어 간다.",4국01-06,주제에 적절한 의견과 이유를 제시하고 서로의 생각을 교환하며 토의한다.,"주제에 적절한 의견과 타당한 이유를 분명하게 제시하고, 서로의 생각을 적극적으로 교환하며 다른 사람을 존중하는 태도로 토의에 참여할 수 있다.","주제에 적절한 의견과 이유를 제시하고, 서로의 생각을 교환하며 다른 사람을 존중하는 태도로 토의에 참여할 수 있다.","주제에 대한 의견과 이유를 일부 제시하고, 서로의 생각을 부분적으로 묻고 답하며 토의에 참여한다.","이 성취기준은 문제를 합리적으로 해결하기 위한 기초 능력으로서 토의 능력을 기르기 위해 설정하였다. 주제에 적절한 의견을 이유와 함께 제시하기, 상대의 의견을 구체적으로 파악하거나 의견과 이유의 적절성을 점검하기 위해 서로 묻고 답하기, 다른 사람의 생각 존중하기 등을 학습한다.","• 일상생활과 교과 학습에 필요한 듣기⋅말하기 능력을 갖출 수 있도록 한다. 학습자 생활 주변의 친숙한 주제에 대해 대화하는 상황, 교과 학습 과정에서 일정한 자료를 정리한 결과를 교사나 동료 학습자 앞에서 발표하는 상황, 학교생활 중 문제를 해결하기 위해 토의하는 상황 등을 중심으로 듣기⋅말하기 활동이 이루어지도록 한다.
• 대화, 발표, 토의 담화 수행을 위한 상황 맥락을 설정할 때는 학습자들의 발달 수준, 경험, 흥미와 관심사를 고려하여 학습자들이 적극적으로 참여할 수 있도록 한다.
• 구어 의사소통에 즐겁게 참여할 수 있도록 드라마, 애니메이션, 다큐멘터리 등 각종 영상 자료를 활용하거나 역할 놀이 등 다양한 방법을 활용한다.
• 상황과 상대의 입장 이해하기, 예의를 지키며 듣고 말하기, 목적과 주제를 고려하여 말하기 등의 기능은 대화나 발표 담화에서뿐만 아니라 일반적인 구어 의사소통 과정에서 두루 필요함을 고려하여 지도한다.
• 듣기⋅말하기 과정과 전략에 대해 점검하고 조정하기 기능은 준언어⋅비언어적 표현이 효과적인지, 대화 과정에서 예의에 어긋남이 없는지, 발표 내용이 목적과 주제에 알맞은지, 토의에서 제시한 의견이 주제에 적절하고 이유가 의견을 뒷받침하고 있는지 등을 듣기⋅말하기 중이나 후에 점검하고 조정하는 활동을 통해 지도한다. 
• 화자와 청자로서의 효능감을 가질 수 있도록 발표를 비롯한 다양한 담화 상황에 자신감 있게 참여하고 상대방과 긍정적으로 상호 작용할 수 있는 기회를 제공한다. 동료 학습자의 듣기⋅말하기 활동에 대해 피드백을 할 때는 화자나 청자로서의 강점을 중심으로 의견을 나누고, 개선할 점에 대해 언급할 때는 화자나 청자로서의 효능감을 훼손하지 않도록 주의하여 지도한다.
• 예의를 지키며 대화하기를 지도할 때는 학습자의 삶과 연계해 예의를 지키는 대화 습관을 형성할 수 있도록 한다. 대화가 이루어지는 시간과 장소, 대화의 목적, 상대의 입장 등 다양한 상황을 고려하여, 그에 알맞은 호칭어 사용하기, 인사 예절 지키기, 높임 표현 활용하기, 준언어⋅비언어적 표현 활용하기, 비속어 경계하기, 온라인 대화 예절 지키기 등을 문법 영역, 매체 영역 등과 연계하여 지도한다. 또한 언어 예절을 지키며 대화하는 과정을 스스로 점검하고 평가하여 가정에서도 예의를 지키며 대화하기를 실천하도록 한다. 
• 토의하기를 지도할 때는 학습자들이 토의 담화에 입문하는 단계임을 고려하여 토의 집단을 짝, 소집단, 대집단으로 서서히 확대하고, 학습자가 소속된 학급에서 경험한 실제적 문제와 관련된 주제를 선정하여 토의에 흥미를 갖도록 한다. 토의의 절차나 형식을 지나치게 강조하지 않으며, 학급 회의나 원탁회의 등을 활용하여 학습자들이 자신의 생각을 자유롭게 나눌 수 있도록 한다. 상대의 의견을 존중하며 경청하는 태도와 자신의 의견만을 고집하지 않는 자세도 함께 지도하여, 협력에 기반한 집단 의사소통을 통해 민주시민으로서의 기초 소양을 함양할 수 있도록 한다."
3~4,국어,읽기,"⋅읽기는 독자가 자신의 배경지식이나 경험을 활용하여 언어를 비롯한 다양한 기호나 매체로 표현된 글의 의미를 능동적으로 구성하는 행위이다. 
⋅독자는 다양한 상황 맥락과 사회⋅문화적 맥락 속에서 자신의 읽기 목적을 달성하기 위하여 다양한 유형의 글을 읽는다. 
⋅독자는 읽기 과정을 점검⋅조정하며 읽기 과정에서 부딪히는 문제를 해결하기 위해 적절한 읽기 전략을 사용하여 글을 읽는다. 
⋅독자는 읽기 경험을 통해 읽기에 대한 긍정적 정서를 형성하고 삶과 공동체의 문제 해결을 위해 공동체 구성원과 함께 독서를 통해 소통함으로써 사회적 독서 문화를 만들어 간다.",4국02-01,글의 의미를 파악하며 유창하게 글을 읽는다.,"글의 의미를 정확하게 파악하고, 글의 의미를 효과적으로 표현하는 방법을 사용하여 유창하게 소리 내어 글을 읽을 수 있다.","글의 의미를 파악하고, 글의 의미를 효과적으로 표현하는 방법을 사용하여 유창하게 글을 읽을 수 있다.",글의 의미를 부분적으로 파악하며 글을 소리 내어 읽는다.,"이 성취기준은 글의 의미를 효과적으로 표현하는 방법을 사용하여 유창하게 글을 읽는 능력을 기르기 위해 설정하였다. 글의 유형에 따라 글의 분위기, 장면, 인물의 특성 등을 파악하고 이를 고려하되, 어조, 억양, 속도, 강세 등의 표현 요소를 활용하여 글을 읽으면서 글의 의미를 효과적으로 표현하기 등을 학습한다.","• 글의 내용을 파악하고 글에 담긴 의미를 추론하고 평가하는 등 기본적인 읽기 능력을 갖출 수 있도록, 읽기 유창성을 고려한 읽기 상황, 중심 내용을 파악하는 읽기 상황, 질문과 예측을 활용한 능동적인 읽기 상황, 사실과 의견을 구분하거나 출처의 신뢰성을 평가하는 상황 등을 중심으로 읽기 활동이 이루어지도록 한다. 
• 읽기 유창성을 지도할 때는 먼저 혼자 읽은 후에 짝과 함께 상호 점검하며 읽을 수 있도록 지도한다. 또한 글을 읽을 때 빠르고 정확하게 읽는 읽기 유창성이 충분히 숙달되었는지 점검하면서 글의 의미를 효과적으로 표현할 수 있는 방법을 사용하여 유창하게 글을 읽는지 살피고, 학습자의 읽기 유창성의 수준을 고려하며 지도한다. 1~2학년의 소리 내어 읽기와 알맞게 띄어 읽기의 학습이 충실히 이루어졌는지 연계하여 지도함으로써 한글 깨치기의 어려움을 진단하고 이를 보정하면서 소리 내어 읽기, 알맞게 띄어 읽기 기능이 숙달될 수 있도록 지도한다. 일반 학습자를 포함하여, 다문화 배경 학습자나 느린 학습자 등의 특별한 요구가 있는 경우에는 해당 성취기준에 대한 개별화 맞춤형 수업을 통해 한글 깨치기 학습이 충실히 이루어질 수 있도록 지도한다.
• 중심 내용 간추리기를 지도할 때는 문단별로 중요 단어와 중심 문장을 파악하고 이를 바탕으로 글 전체의 중심 내용을 파악하여 간추리도록 지도한다. 문단별로 보충, 반복된 문장은 삭제하고, 중심 생각이 잘 드러나지 않은 문장은 학습자가 재구성할 수 있도록 한다. 그런 다음 문단별로 중심 문장을 통합하여 글 전체의 중심 내용을 파악할 수 있도록 지도한다. 이때 밑줄 긋기, 메모하기, 중요도 평정 등의 전략 등을 안내하고 이를 적용할 수 있도록 지도한다. 해당 성취기준은 타 교과 학습을 위한 교과서 읽기, 학습 자료 읽기 등의 상황과 연계하여 지도함으로써 교과 학습 능력과 읽기 능력이 균형 있게 발달할 수 있도록 한다.
• 문맥을 고려하여 모르는 단어의 의미를 짐작하도록 지도할 때는 우선 학습자가 단어의 의미를 짐작한 후 그 의미를 확인하게 한다. 그리고 이 과정을 문법 성취기준과 연계함으로써 국어사전을 활용하여 모르는 단어를 찾도록 지도할 수 있다. 또한, 학습자의 어휘력을 기르기 위해 글을 읽으면서 연관 어휘를 익히거나, 의미 관계를 중심으로 비슷한 말이나 반대말 등을 찾게 할 수 있다. 이때 연상 활동이나 말놀이, 어휘망 그리기 등을 활용할 수 있고, 나만의 단어 사전이나 그림 사전 등을 만들어 다른 학습자들과 공유하도록 지도할 수 있다. 
• 이 시기는 학습자가 바람직한 독서 습관을 형성하고 읽기에 대한 효능감을 형성하도록 함으로써 지속적으로 읽기에 참여할 수 있는 태도를 형성하는 데 매우 중요한 시기이다. 교사는 학습자가 자신의 수준과 흥미에 맞는 읽을거리를 스스로 찾고, 독서 시간과 분량 등을 고려하여 독서 계획을 세움으로써 한 권의 책을 완독할 수 있는 습관을 형성할 수 있도록 지도한다. 또한 교사는 학습자의 읽기 어려움을 점검하고 이를 해결할 수 있는 피드백을 제공함으로써 학습자가 성공적인 읽기 경험을 통해 읽기 효능감을 높이도록 지도할 수 있다. 이때 읽기 효능감을 높일 수 있도록 어려움을 겪는 학습자의 독서 활동에 대해 교사와 동료 학습자들이 격려와 칭찬과 같은 긍정적인 피드백을 제공하도록 한다. 또한 교사는 수업 상황을 고려하여 학급 전체가 같은 책을 읽거나, 모둠끼리 같은 책을 읽거나, 학습자 개인별로 원하는 책을 읽도록 할 수 있다. "
3~4,국어,읽기,"⋅읽기는 독자가 자신의 배경지식이나 경험을 활용하여 언어를 비롯한 다양한 기호나 매체로 표현된 글의 의미를 능동적으로 구성하는 행위이다. 
⋅독자는 다양한 상황 맥락과 사회⋅문화적 맥락 속에서 자신의 읽기 목적을 달성하기 위하여 다양한 유형의 글을 읽는다. 
⋅독자는 읽기 과정을 점검⋅조정하며 읽기 과정에서 부딪히는 문제를 해결하기 위해 적절한 읽기 전략을 사용하여 글을 읽는다. 
⋅독자는 읽기 경험을 통해 읽기에 대한 긍정적 정서를 형성하고 삶과 공동체의 문제 해결을 위해 공동체 구성원과 함께 독서를 통해 소통함으로써 사회적 독서 문화를 만들어 간다.",4국02-02,문단과 글에서 중심 생각을 파악하고 내용을 간추린다.,"문단별로 중요 단어와 중심 문장을 정확하게 파악하고, 문단별 중심 내용을 통합하여 글의 중심 생각을 파악할 수 있으며, 이를 자신의 말로 바꾸어 간추릴 수 있다.","문단별로 중요 단어와 중심 문장을 파악하고, 문단별 중심 내용을 통합하여 글의 중심 생각을 파악할 수 있으며, 이를 간추릴 수 있다.","문단별 중심 내용을 일부 파악하고, 글의 중심 생각을 부분적으로 파악하여 이를 간추린다.",,"• 글의 내용을 파악하고 글에 담긴 의미를 추론하고 평가하는 등 기본적인 읽기 능력을 갖출 수 있도록, 읽기 유창성을 고려한 읽기 상황, 중심 내용을 파악하는 읽기 상황, 질문과 예측을 활용한 능동적인 읽기 상황, 사실과 의견을 구분하거나 출처의 신뢰성을 평가하는 상황 등을 중심으로 읽기 활동이 이루어지도록 한다. 
• 읽기 유창성을 지도할 때는 먼저 혼자 읽은 후에 짝과 함께 상호 점검하며 읽을 수 있도록 지도한다. 또한 글을 읽을 때 빠르고 정확하게 읽는 읽기 유창성이 충분히 숙달되었는지 점검하면서 글의 의미를 효과적으로 표현할 수 있는 방법을 사용하여 유창하게 글을 읽는지 살피고, 학습자의 읽기 유창성의 수준을 고려하며 지도한다. 1~2학년의 소리 내어 읽기와 알맞게 띄어 읽기의 학습이 충실히 이루어졌는지 연계하여 지도함으로써 한글 깨치기의 어려움을 진단하고 이를 보정하면서 소리 내어 읽기, 알맞게 띄어 읽기 기능이 숙달될 수 있도록 지도한다. 일반 학습자를 포함하여, 다문화 배경 학습자나 느린 학습자 등의 특별한 요구가 있는 경우에는 해당 성취기준에 대한 개별화 맞춤형 수업을 통해 한글 깨치기 학습이 충실히 이루어질 수 있도록 지도한다.
• 중심 내용 간추리기를 지도할 때는 문단별로 중요 단어와 중심 문장을 파악하고 이를 바탕으로 글 전체의 중심 내용을 파악하여 간추리도록 지도한다. 문단별로 보충, 반복된 문장은 삭제하고, 중심 생각이 잘 드러나지 않은 문장은 학습자가 재구성할 수 있도록 한다. 그런 다음 문단별로 중심 문장을 통합하여 글 전체의 중심 내용을 파악할 수 있도록 지도한다. 이때 밑줄 긋기, 메모하기, 중요도 평정 등의 전략 등을 안내하고 이를 적용할 수 있도록 지도한다. 해당 성취기준은 타 교과 학습을 위한 교과서 읽기, 학습 자료 읽기 등의 상황과 연계하여 지도함으로써 교과 학습 능력과 읽기 능력이 균형 있게 발달할 수 있도록 한다.
• 문맥을 고려하여 모르는 단어의 의미를 짐작하도록 지도할 때는 우선 학습자가 단어의 의미를 짐작한 후 그 의미를 확인하게 한다. 그리고 이 과정을 문법 성취기준과 연계함으로써 국어사전을 활용하여 모르는 단어를 찾도록 지도할 수 있다. 또한, 학습자의 어휘력을 기르기 위해 글을 읽으면서 연관 어휘를 익히거나, 의미 관계를 중심으로 비슷한 말이나 반대말 등을 찾게 할 수 있다. 이때 연상 활동이나 말놀이, 어휘망 그리기 등을 활용할 수 있고, 나만의 단어 사전이나 그림 사전 등을 만들어 다른 학습자들과 공유하도록 지도할 수 있다. 
• 이 시기는 학습자가 바람직한 독서 습관을 형성하고 읽기에 대한 효능감을 형성하도록 함으로써 지속적으로 읽기에 참여할 수 있는 태도를 형성하는 데 매우 중요한 시기이다. 교사는 학습자가 자신의 수준과 흥미에 맞는 읽을거리를 스스로 찾고, 독서 시간과 분량 등을 고려하여 독서 계획을 세움으로써 한 권의 책을 완독할 수 있는 습관을 형성할 수 있도록 지도한다. 또한 교사는 학습자의 읽기 어려움을 점검하고 이를 해결할 수 있는 피드백을 제공함으로써 학습자가 성공적인 읽기 경험을 통해 읽기 효능감을 높이도록 지도할 수 있다. 이때 읽기 효능감을 높일 수 있도록 어려움을 겪는 학습자의 독서 활동에 대해 교사와 동료 학습자들이 격려와 칭찬과 같은 긍정적인 피드백을 제공하도록 한다. 또한 교사는 수업 상황을 고려하여 학급 전체가 같은 책을 읽거나, 모둠끼리 같은 책을 읽거나, 학습자 개인별로 원하는 책을 읽도록 할 수 있다. "
3~4,국어,읽기,"⋅읽기는 독자가 자신의 배경지식이나 경험을 활용하여 언어를 비롯한 다양한 기호나 매체로 표현된 글의 의미를 능동적으로 구성하는 행위이다. 
⋅독자는 다양한 상황 맥락과 사회⋅문화적 맥락 속에서 자신의 읽기 목적을 달성하기 위하여 다양한 유형의 글을 읽는다. 
⋅독자는 읽기 과정을 점검⋅조정하며 읽기 과정에서 부딪히는 문제를 해결하기 위해 적절한 읽기 전략을 사용하여 글을 읽는다. 
⋅독자는 읽기 경험을 통해 읽기에 대한 긍정적 정서를 형성하고 삶과 공동체의 문제 해결을 위해 공동체 구성원과 함께 독서를 통해 소통함으로써 사회적 독서 문화를 만들어 간다.",4국02-03,질문을 활용하여 글을 예측하며 읽고 자신의 읽기 과정을 점검한다.,질문을 활용하여 글의 의미나 내용을 예측하며 읽고 글에 대한 이해 수준과 읽기 과정에서 겪는 어려움을 적극적으로 점검하며 읽을 수 있다.,질문을 활용하여 글의 내용을 예측하며 읽고 자신의 읽기 과정에서 겪는 어려움을 점검할 수 있다.,질문을 활용하여 부분적으로 글을 예측하며 읽고 자신의 읽기 과정에서 겪는 어려움을 일부 점검한다.,"이 성취기준은 글을 읽으며 글에 대한 질문을 만들고 이에 대한 답을 예측하면서 글을 읽는 추론적 읽기 능력을 기르기 위해 설정하였다. 읽기 전이나 읽기 중에 이루어지는 질문을 통해 자신의 배경지식이나 경험을 글과 관련짓기, 배경지식이나 경험을 활성화하여 글의 의미 추론하기, 제목이나 글의 차례, 사진이나 그림 등의 자료를 통해 글의 의미 추론하기, 질문을 통해 단어의 의미, 이어질 내용이나 사건의 전후를 예측하기, 질문을 통해 글을 이해한 정도를 점검하거나 읽기 과정에서 겪는 어려움을 점검하기 등을 학습한다.","• 글의 내용을 파악하고 글에 담긴 의미를 추론하고 평가하는 등 기본적인 읽기 능력을 갖출 수 있도록, 읽기 유창성을 고려한 읽기 상황, 중심 내용을 파악하는 읽기 상황, 질문과 예측을 활용한 능동적인 읽기 상황, 사실과 의견을 구분하거나 출처의 신뢰성을 평가하는 상황 등을 중심으로 읽기 활동이 이루어지도록 한다. 
• 읽기 유창성을 지도할 때는 먼저 혼자 읽은 후에 짝과 함께 상호 점검하며 읽을 수 있도록 지도한다. 또한 글을 읽을 때 빠르고 정확하게 읽는 읽기 유창성이 충분히 숙달되었는지 점검하면서 글의 의미를 효과적으로 표현할 수 있는 방법을 사용하여 유창하게 글을 읽는지 살피고, 학습자의 읽기 유창성의 수준을 고려하며 지도한다. 1~2학년의 소리 내어 읽기와 알맞게 띄어 읽기의 학습이 충실히 이루어졌는지 연계하여 지도함으로써 한글 깨치기의 어려움을 진단하고 이를 보정하면서 소리 내어 읽기, 알맞게 띄어 읽기 기능이 숙달될 수 있도록 지도한다. 일반 학습자를 포함하여, 다문화 배경 학습자나 느린 학습자 등의 특별한 요구가 있는 경우에는 해당 성취기준에 대한 개별화 맞춤형 수업을 통해 한글 깨치기 학습이 충실히 이루어질 수 있도록 지도한다.
• 중심 내용 간추리기를 지도할 때는 문단별로 중요 단어와 중심 문장을 파악하고 이를 바탕으로 글 전체의 중심 내용을 파악하여 간추리도록 지도한다. 문단별로 보충, 반복된 문장은 삭제하고, 중심 생각이 잘 드러나지 않은 문장은 학습자가 재구성할 수 있도록 한다. 그런 다음 문단별로 중심 문장을 통합하여 글 전체의 중심 내용을 파악할 수 있도록 지도한다. 이때 밑줄 긋기, 메모하기, 중요도 평정 등의 전략 등을 안내하고 이를 적용할 수 있도록 지도한다. 해당 성취기준은 타 교과 학습을 위한 교과서 읽기, 학습 자료 읽기 등의 상황과 연계하여 지도함으로써 교과 학습 능력과 읽기 능력이 균형 있게 발달할 수 있도록 한다.
• 문맥을 고려하여 모르는 단어의 의미를 짐작하도록 지도할 때는 우선 학습자가 단어의 의미를 짐작한 후 그 의미를 확인하게 한다. 그리고 이 과정을 문법 성취기준과 연계함으로써 국어사전을 활용하여 모르는 단어를 찾도록 지도할 수 있다. 또한, 학습자의 어휘력을 기르기 위해 글을 읽으면서 연관 어휘를 익히거나, 의미 관계를 중심으로 비슷한 말이나 반대말 등을 찾게 할 수 있다. 이때 연상 활동이나 말놀이, 어휘망 그리기 등을 활용할 수 있고, 나만의 단어 사전이나 그림 사전 등을 만들어 다른 학습자들과 공유하도록 지도할 수 있다. 
• 이 시기는 학습자가 바람직한 독서 습관을 형성하고 읽기에 대한 효능감을 형성하도록 함으로써 지속적으로 읽기에 참여할 수 있는 태도를 형성하는 데 매우 중요한 시기이다. 교사는 학습자가 자신의 수준과 흥미에 맞는 읽을거리를 스스로 찾고, 독서 시간과 분량 등을 고려하여 독서 계획을 세움으로써 한 권의 책을 완독할 수 있는 습관을 형성할 수 있도록 지도한다. 또한 교사는 학습자의 읽기 어려움을 점검하고 이를 해결할 수 있는 피드백을 제공함으로써 학습자가 성공적인 읽기 경험을 통해 읽기 효능감을 높이도록 지도할 수 있다. 이때 읽기 효능감을 높일 수 있도록 어려움을 겪는 학습자의 독서 활동에 대해 교사와 동료 학습자들이 격려와 칭찬과 같은 긍정적인 피드백을 제공하도록 한다. 또한 교사는 수업 상황을 고려하여 학급 전체가 같은 책을 읽거나, 모둠끼리 같은 책을 읽거나, 학습자 개인별로 원하는 책을 읽도록 할 수 있다. "
3~4,국어,읽기,"⋅읽기는 독자가 자신의 배경지식이나 경험을 활용하여 언어를 비롯한 다양한 기호나 매체로 표현된 글의 의미를 능동적으로 구성하는 행위이다. 
⋅독자는 다양한 상황 맥락과 사회⋅문화적 맥락 속에서 자신의 읽기 목적을 달성하기 위하여 다양한 유형의 글을 읽는다. 
⋅독자는 읽기 과정을 점검⋅조정하며 읽기 과정에서 부딪히는 문제를 해결하기 위해 적절한 읽기 전략을 사용하여 글을 읽는다. 
⋅독자는 읽기 경험을 통해 읽기에 대한 긍정적 정서를 형성하고 삶과 공동체의 문제 해결을 위해 공동체 구성원과 함께 독서를 통해 소통함으로써 사회적 독서 문화를 만들어 간다.",4국02-04,글에 나타난 사실과 의견을 구분하고 필자와 자신의 의견을 비교한다.,글에 나타난 사실과 의견을 구분하고 의견에 대한 타당성 평가를 바탕으로 필자와 자신의 의견을 적극적으로 비교할 수 있다.,글에 나타난 사실과 의견을 구분하고 필자의 의견을 일방적으로 수용하지 않고 자신의 의견을 비교할 수 있다.,"글에 나타난 사실과 의견을 부분적으로 구분하고, 필자와 자신의 의견을 일부 비교한다.","이 성취기준은 글에 나타난 사실과 의견을 구별하고 필자와 자신의 의견을 비교하면서 필자의 의견을 일방적으로 수용하지 않고 글을 비판적으로 읽는 능력을 기르기 위해 설정하였다. 글을 읽고 필자의 의견과 객관적 사실을 구별하기, 필자의 의견과 자신의 의견을 비교하기, 필자의 의견에 대한 타당성을 평가하기, 동일한 주제나 상황에 대한 서로 다른 의견 비교하기 등을 학습한다.","• 글의 내용을 파악하고 글에 담긴 의미를 추론하고 평가하는 등 기본적인 읽기 능력을 갖출 수 있도록, 읽기 유창성을 고려한 읽기 상황, 중심 내용을 파악하는 읽기 상황, 질문과 예측을 활용한 능동적인 읽기 상황, 사실과 의견을 구분하거나 출처의 신뢰성을 평가하는 상황 등을 중심으로 읽기 활동이 이루어지도록 한다. 
• 읽기 유창성을 지도할 때는 먼저 혼자 읽은 후에 짝과 함께 상호 점검하며 읽을 수 있도록 지도한다. 또한 글을 읽을 때 빠르고 정확하게 읽는 읽기 유창성이 충분히 숙달되었는지 점검하면서 글의 의미를 효과적으로 표현할 수 있는 방법을 사용하여 유창하게 글을 읽는지 살피고, 학습자의 읽기 유창성의 수준을 고려하며 지도한다. 1~2학년의 소리 내어 읽기와 알맞게 띄어 읽기의 학습이 충실히 이루어졌는지 연계하여 지도함으로써 한글 깨치기의 어려움을 진단하고 이를 보정하면서 소리 내어 읽기, 알맞게 띄어 읽기 기능이 숙달될 수 있도록 지도한다. 일반 학습자를 포함하여, 다문화 배경 학습자나 느린 학습자 등의 특별한 요구가 있는 경우에는 해당 성취기준에 대한 개별화 맞춤형 수업을 통해 한글 깨치기 학습이 충실히 이루어질 수 있도록 지도한다.
• 중심 내용 간추리기를 지도할 때는 문단별로 중요 단어와 중심 문장을 파악하고 이를 바탕으로 글 전체의 중심 내용을 파악하여 간추리도록 지도한다. 문단별로 보충, 반복된 문장은 삭제하고, 중심 생각이 잘 드러나지 않은 문장은 학습자가 재구성할 수 있도록 한다. 그런 다음 문단별로 중심 문장을 통합하여 글 전체의 중심 내용을 파악할 수 있도록 지도한다. 이때 밑줄 긋기, 메모하기, 중요도 평정 등의 전략 등을 안내하고 이를 적용할 수 있도록 지도한다. 해당 성취기준은 타 교과 학습을 위한 교과서 읽기, 학습 자료 읽기 등의 상황과 연계하여 지도함으로써 교과 학습 능력과 읽기 능력이 균형 있게 발달할 수 있도록 한다.
• 문맥을 고려하여 모르는 단어의 의미를 짐작하도록 지도할 때는 우선 학습자가 단어의 의미를 짐작한 후 그 의미를 확인하게 한다. 그리고 이 과정을 문법 성취기준과 연계함으로써 국어사전을 활용하여 모르는 단어를 찾도록 지도할 수 있다. 또한, 학습자의 어휘력을 기르기 위해 글을 읽으면서 연관 어휘를 익히거나, 의미 관계를 중심으로 비슷한 말이나 반대말 등을 찾게 할 수 있다. 이때 연상 활동이나 말놀이, 어휘망 그리기 등을 활용할 수 있고, 나만의 단어 사전이나 그림 사전 등을 만들어 다른 학습자들과 공유하도록 지도할 수 있다. 
• 이 시기는 학습자가 바람직한 독서 습관을 형성하고 읽기에 대한 효능감을 형성하도록 함으로써 지속적으로 읽기에 참여할 수 있는 태도를 형성하는 데 매우 중요한 시기이다. 교사는 학습자가 자신의 수준과 흥미에 맞는 읽을거리를 스스로 찾고, 독서 시간과 분량 등을 고려하여 독서 계획을 세움으로써 한 권의 책을 완독할 수 있는 습관을 형성할 수 있도록 지도한다. 또한 교사는 학습자의 읽기 어려움을 점검하고 이를 해결할 수 있는 피드백을 제공함으로써 학습자가 성공적인 읽기 경험을 통해 읽기 효능감을 높이도록 지도할 수 있다. 이때 읽기 효능감을 높일 수 있도록 어려움을 겪는 학습자의 독서 활동에 대해 교사와 동료 학습자들이 격려와 칭찬과 같은 긍정적인 피드백을 제공하도록 한다. 또한 교사는 수업 상황을 고려하여 학급 전체가 같은 책을 읽거나, 모둠끼리 같은 책을 읽거나, 학습자 개인별로 원하는 책을 읽도록 할 수 있다. "
3~4,국어,읽기,"⋅읽기는 독자가 자신의 배경지식이나 경험을 활용하여 언어를 비롯한 다양한 기호나 매체로 표현된 글의 의미를 능동적으로 구성하는 행위이다. 
⋅독자는 다양한 상황 맥락과 사회⋅문화적 맥락 속에서 자신의 읽기 목적을 달성하기 위하여 다양한 유형의 글을 읽는다. 
⋅독자는 읽기 과정을 점검⋅조정하며 읽기 과정에서 부딪히는 문제를 해결하기 위해 적절한 읽기 전략을 사용하여 글을 읽는다. 
⋅독자는 읽기 경험을 통해 읽기에 대한 긍정적 정서를 형성하고 삶과 공동체의 문제 해결을 위해 공동체 구성원과 함께 독서를 통해 소통함으로써 사회적 독서 문화를 만들어 간다.",4국02-05,글이나 자료의 출처가 믿을 만한지 판단한다.,글이나 자료를 찾아 읽을 때 출처를 정확하게 확인하고 평가 기준에 따라 출처가 믿을 만한지 능동적으로 판단할 수 있다.,글이나 자료를 찾아 읽을 때 출처를 확인하고 평가 기준에 따라 출처가 믿을 만한지 판단할 수 있다.,글이나 자료를 찾아 읽을 때 출처를 일부 확인하고 출처가 믿을 만한지 부분적으로 판단한다.,"이 성취기준은 도서관이나 인터넷 등을 통해 글이나 자료를 찾아 읽을 때 출처의 신뢰성을 평가하며 읽고 믿을 만한 글이나 자료를 선별하는 능력을 기르기 위해 설정하였다. 글이나 자료의 출처 확인 방법이나 필요성 이해하기, 다양한 매체를 활용하여 글이나 자료 탐색하기, 글이나 자료의 정보 출처 파악하기, 정보 출처의 유형이나 정보의 최신성 확인하기, 권위나 공신력 등을 고려한 신뢰성 평가하기, 여러 정보를 비교하며 내용의 신뢰성 평가하기 등을 학습한다.","• 글의 내용을 파악하고 글에 담긴 의미를 추론하고 평가하는 등 기본적인 읽기 능력을 갖출 수 있도록, 읽기 유창성을 고려한 읽기 상황, 중심 내용을 파악하는 읽기 상황, 질문과 예측을 활용한 능동적인 읽기 상황, 사실과 의견을 구분하거나 출처의 신뢰성을 평가하는 상황 등을 중심으로 읽기 활동이 이루어지도록 한다. 
• 읽기 유창성을 지도할 때는 먼저 혼자 읽은 후에 짝과 함께 상호 점검하며 읽을 수 있도록 지도한다. 또한 글을 읽을 때 빠르고 정확하게 읽는 읽기 유창성이 충분히 숙달되었는지 점검하면서 글의 의미를 효과적으로 표현할 수 있는 방법을 사용하여 유창하게 글을 읽는지 살피고, 학습자의 읽기 유창성의 수준을 고려하며 지도한다. 1~2학년의 소리 내어 읽기와 알맞게 띄어 읽기의 학습이 충실히 이루어졌는지 연계하여 지도함으로써 한글 깨치기의 어려움을 진단하고 이를 보정하면서 소리 내어 읽기, 알맞게 띄어 읽기 기능이 숙달될 수 있도록 지도한다. 일반 학습자를 포함하여, 다문화 배경 학습자나 느린 학습자 등의 특별한 요구가 있는 경우에는 해당 성취기준에 대한 개별화 맞춤형 수업을 통해 한글 깨치기 학습이 충실히 이루어질 수 있도록 지도한다.
• 중심 내용 간추리기를 지도할 때는 문단별로 중요 단어와 중심 문장을 파악하고 이를 바탕으로 글 전체의 중심 내용을 파악하여 간추리도록 지도한다. 문단별로 보충, 반복된 문장은 삭제하고, 중심 생각이 잘 드러나지 않은 문장은 학습자가 재구성할 수 있도록 한다. 그런 다음 문단별로 중심 문장을 통합하여 글 전체의 중심 내용을 파악할 수 있도록 지도한다. 이때 밑줄 긋기, 메모하기, 중요도 평정 등의 전략 등을 안내하고 이를 적용할 수 있도록 지도한다. 해당 성취기준은 타 교과 학습을 위한 교과서 읽기, 학습 자료 읽기 등의 상황과 연계하여 지도함으로써 교과 학습 능력과 읽기 능력이 균형 있게 발달할 수 있도록 한다.
• 문맥을 고려하여 모르는 단어의 의미를 짐작하도록 지도할 때는 우선 학습자가 단어의 의미를 짐작한 후 그 의미를 확인하게 한다. 그리고 이 과정을 문법 성취기준과 연계함으로써 국어사전을 활용하여 모르는 단어를 찾도록 지도할 수 있다. 또한, 학습자의 어휘력을 기르기 위해 글을 읽으면서 연관 어휘를 익히거나, 의미 관계를 중심으로 비슷한 말이나 반대말 등을 찾게 할 수 있다. 이때 연상 활동이나 말놀이, 어휘망 그리기 등을 활용할 수 있고, 나만의 단어 사전이나 그림 사전 등을 만들어 다른 학습자들과 공유하도록 지도할 수 있다. 
• 이 시기는 학습자가 바람직한 독서 습관을 형성하고 읽기에 대한 효능감을 형성하도록 함으로써 지속적으로 읽기에 참여할 수 있는 태도를 형성하는 데 매우 중요한 시기이다. 교사는 학습자가 자신의 수준과 흥미에 맞는 읽을거리를 스스로 찾고, 독서 시간과 분량 등을 고려하여 독서 계획을 세움으로써 한 권의 책을 완독할 수 있는 습관을 형성할 수 있도록 지도한다. 또한 교사는 학습자의 읽기 어려움을 점검하고 이를 해결할 수 있는 피드백을 제공함으로써 학습자가 성공적인 읽기 경험을 통해 읽기 효능감을 높이도록 지도할 수 있다. 이때 읽기 효능감을 높일 수 있도록 어려움을 겪는 학습자의 독서 활동에 대해 교사와 동료 학습자들이 격려와 칭찬과 같은 긍정적인 피드백을 제공하도록 한다. 또한 교사는 수업 상황을 고려하여 학급 전체가 같은 책을 읽거나, 모둠끼리 같은 책을 읽거나, 학습자 개인별로 원하는 책을 읽도록 할 수 있다. "
3~4,국어,읽기,"⋅읽기는 독자가 자신의 배경지식이나 경험을 활용하여 언어를 비롯한 다양한 기호나 매체로 표현된 글의 의미를 능동적으로 구성하는 행위이다. 
⋅독자는 다양한 상황 맥락과 사회⋅문화적 맥락 속에서 자신의 읽기 목적을 달성하기 위하여 다양한 유형의 글을 읽는다. 
⋅독자는 읽기 과정을 점검⋅조정하며 읽기 과정에서 부딪히는 문제를 해결하기 위해 적절한 읽기 전략을 사용하여 글을 읽는다. 
⋅독자는 읽기 경험을 통해 읽기에 대한 긍정적 정서를 형성하고 삶과 공동체의 문제 해결을 위해 공동체 구성원과 함께 독서를 통해 소통함으로써 사회적 독서 문화를 만들어 간다.",4국02-06,바람직한 읽기 습관을 형성하고 읽기에 대한 자신감을 기른다.,"다양한 읽기 활동에 적극적으로 참여하면서 바람직한 읽기 습관을 형성하고, 읽기에 대한 자신감을 갖는다.","읽기 경험을 통해 바람직한 읽기 습관을 형성하고, 읽기에 대한 자신감을 기를 수 있다.",바람직한 읽기 습관과 읽기에 대한 자신감의 형성이 제한적이다.,,"• 글의 내용을 파악하고 글에 담긴 의미를 추론하고 평가하는 등 기본적인 읽기 능력을 갖출 수 있도록, 읽기 유창성을 고려한 읽기 상황, 중심 내용을 파악하는 읽기 상황, 질문과 예측을 활용한 능동적인 읽기 상황, 사실과 의견을 구분하거나 출처의 신뢰성을 평가하는 상황 등을 중심으로 읽기 활동이 이루어지도록 한다. 
• 읽기 유창성을 지도할 때는 먼저 혼자 읽은 후에 짝과 함께 상호 점검하며 읽을 수 있도록 지도한다. 또한 글을 읽을 때 빠르고 정확하게 읽는 읽기 유창성이 충분히 숙달되었는지 점검하면서 글의 의미를 효과적으로 표현할 수 있는 방법을 사용하여 유창하게 글을 읽는지 살피고, 학습자의 읽기 유창성의 수준을 고려하며 지도한다. 1~2학년의 소리 내어 읽기와 알맞게 띄어 읽기의 학습이 충실히 이루어졌는지 연계하여 지도함으로써 한글 깨치기의 어려움을 진단하고 이를 보정하면서 소리 내어 읽기, 알맞게 띄어 읽기 기능이 숙달될 수 있도록 지도한다. 일반 학습자를 포함하여, 다문화 배경 학습자나 느린 학습자 등의 특별한 요구가 있는 경우에는 해당 성취기준에 대한 개별화 맞춤형 수업을 통해 한글 깨치기 학습이 충실히 이루어질 수 있도록 지도한다.
• 중심 내용 간추리기를 지도할 때는 문단별로 중요 단어와 중심 문장을 파악하고 이를 바탕으로 글 전체의 중심 내용을 파악하여 간추리도록 지도한다. 문단별로 보충, 반복된 문장은 삭제하고, 중심 생각이 잘 드러나지 않은 문장은 학습자가 재구성할 수 있도록 한다. 그런 다음 문단별로 중심 문장을 통합하여 글 전체의 중심 내용을 파악할 수 있도록 지도한다. 이때 밑줄 긋기, 메모하기, 중요도 평정 등의 전략 등을 안내하고 이를 적용할 수 있도록 지도한다. 해당 성취기준은 타 교과 학습을 위한 교과서 읽기, 학습 자료 읽기 등의 상황과 연계하여 지도함으로써 교과 학습 능력과 읽기 능력이 균형 있게 발달할 수 있도록 한다.
• 문맥을 고려하여 모르는 단어의 의미를 짐작하도록 지도할 때는 우선 학습자가 단어의 의미를 짐작한 후 그 의미를 확인하게 한다. 그리고 이 과정을 문법 성취기준과 연계함으로써 국어사전을 활용하여 모르는 단어를 찾도록 지도할 수 있다. 또한, 학습자의 어휘력을 기르기 위해 글을 읽으면서 연관 어휘를 익히거나, 의미 관계를 중심으로 비슷한 말이나 반대말 등을 찾게 할 수 있다. 이때 연상 활동이나 말놀이, 어휘망 그리기 등을 활용할 수 있고, 나만의 단어 사전이나 그림 사전 등을 만들어 다른 학습자들과 공유하도록 지도할 수 있다. 
• 이 시기는 학습자가 바람직한 독서 습관을 형성하고 읽기에 대한 효능감을 형성하도록 함으로써 지속적으로 읽기에 참여할 수 있는 태도를 형성하는 데 매우 중요한 시기이다. 교사는 학습자가 자신의 수준과 흥미에 맞는 읽을거리를 스스로 찾고, 독서 시간과 분량 등을 고려하여 독서 계획을 세움으로써 한 권의 책을 완독할 수 있는 습관을 형성할 수 있도록 지도한다. 또한 교사는 학습자의 읽기 어려움을 점검하고 이를 해결할 수 있는 피드백을 제공함으로써 학습자가 성공적인 읽기 경험을 통해 읽기 효능감을 높이도록 지도할 수 있다. 이때 읽기 효능감을 높일 수 있도록 어려움을 겪는 학습자의 독서 활동에 대해 교사와 동료 학습자들이 격려와 칭찬과 같은 긍정적인 피드백을 제공하도록 한다. 또한 교사는 수업 상황을 고려하여 학급 전체가 같은 책을 읽거나, 모둠끼리 같은 책을 읽거나, 학습자 개인별로 원하는 책을 읽도록 할 수 있다. "
3~4,국어,쓰기,"⋅쓰기는 언어를 비롯한 다양한 기호나 매체를 활용하여 인간의 생각과 감정을 글로 표현함으로써 의미를 구성하는 행위이다. 
⋅필자는 상황 맥락 및 사회⋅문화적 맥락 속에서 자신의 의사소통 목적을 달성하기 위하여 다양한 유형의 글을 쓴다. 
⋅필자는 쓰기 과정에서 부딪히는 문제를 해결하기 위하여 적절한 쓰기 전략을 사용하여 글을 쓴다. 
⋅필자는 쓰기 경험을 통해 언어 공동체의 구성원으로 성장하고, 쓰기 윤리를 갖추어 독자와 소통함으로써 바람직한 의사소통 문화를 만들어 간다.",4국03-01,"중심 문장과 뒷받침 문장을 갖추어 문단을 쓰고, 문장과 문단을 중심으로 고쳐 쓴다.","중심 문장과 뒷받침 문장을 갖추어 문단을 짜임새 있게 쓸 수 있고, 문장과 문단을 중심으로 글의 내용과 표현을 효과적으로 고쳐 쓸 수 있다.","중심 문장과 뒷받침 문장을 갖추어 문단을 쓸 수 있고, 문장과 문단을 중심으로 글의 내용과 표현을 고쳐 쓸 수 있다.","중심 문장이 있는 문단을 쓰고, 문장을 중심으로 글의 내용이나 표현을 일부 고쳐 쓴다.","이 성취기준은 문단을 짜임새 있게 쓰는 능력을 길러 글을 쓰는 과정에서 이를 적용할 수 있도록 하기 위해 설정하였다. 문단의 개념, 문단의 기능과 역할, 중심 문장과 뒷받침 문장의 관계, 중심 문장과 뒷받침 문장을 쓰는 방법, 중심 문장과 뒷받침 문장을 갖추어 문단을 쓰는 방법, 문장과 문단을 중심으로 글을 고쳐 쓰는 방법 등을 학습한다.","• 쓰기는 특정한 상황 안에서 이루어지는 의미 구성 행위이다. 쓰기가 이루어지는 상황 맥락에 대한 이해 없이는 필자의 의도, 전달하고자 하는 바를 효과적으로 표현할 수 없다. 이때의 상황 맥락은 텍스트의 생산⋅수용 과정에 직접적으로 개입하는 맥락을 의미한다. 쓰기의 상황 맥락 요인으로는 예상 독자, 글의 주제, 글의 목적, 매체 등을 들 수 있다. 다양한 쓰기 과제를 제시하여 상황 맥락 요인에 따라 쓰기 과정과 결과가 달라질 수 있음을 지도한다.
• 쓰기 활동을 위해 쓰기 과제를 설계할 때는 다양한 사회⋅문화적 배경의 학습자들이 소외되지 않고 쓰기 활동에 적극적으로 참여할 수 있는 상황 맥락을 설정한다. 나아가 이들 학습자들의 사회⋅문화적 경험을 활용하여 글을 쓸 수 있도록 함으로써 쓰기 학습 과정에서 다양성을 경험할 수 있도록 지도한다.
• 글은 문단들로 구성되며, 하나의 문단은 중심 문장과 이 중심 문장의 내용을 구체적으로 보충하고 뒷받침하는 뒷받침 문장으로 구성된다. 문단을 구성하는 것은 한 편의 글을 구성하는 과정에서 필요한 능력이다. 문단 쓰기를 지도할 때에는 다양한 예시 글을 활용하여 중심 문장과 뒷받침 문장의 개념을 이해한 후 학습자가 글을 쓰는 과정에서 이를 실제로 적용할 수 있도록 지도한다.
• 학습에 필요한 기본적인 쓰기 능력과 태도를 갖출 수 있도록, 교과 학습의 토대가 되는 쓰기 활동이 이루어지도록 한다. 특히 국어과 내 타 영역의 성취기준, 타 교과의 성취기준, 범교과 학습 주제와 관련된 쓰기 활동을 계획하여 쓰기 활동이 학습자의 교과 학습에 실제적으로 기여할 수 있도록 지도한다.
• 보고하는 글 쓰기를 지도할 때는 체험 학습 보고서, 과학 실험 보고서, 조사 보고서 등의 글을 다루도록 한다. 보고하는 목적과 주제에 맞게 보고서에 들어갈 핵심 내용을 구성하고 형식을 갖추어 간결하고 정확하게 보고하는 글을 쓰도록 지도한다. 또한 보고하는 글이 내용적으로 사실에 기반해야 함을 이해하고, 과장되거나 왜곡된 내용을 경계하여 정확하게 표현하는 글을 쓸 수 있도록 지도한다. 
• 자신의 의견을 밝히는 글 쓰기를 지도할 때는 학급, 학교, 이웃과 관련하여 쟁점이 되는 사안을 화제로 선정하고, 자신의 배경지식과 경험을 기초로 의견을 뒷받침하는 이유를 들어 글을 쓰도록 지도한다. 글을 쓰는 과정에서 자신의 의견을 명료화, 구체화함으로써 논리적으로 글을 쓰는 기초 능력을 기르는 데에 중점을 둔다. 
• 고쳐쓰기를 지도할 때는 학습자들이 자신의 글을 점검하는 데에 익숙하지 않을 수 있으므로, 동료 학습자를 통해 실제 독자의 반응을 접하고 이를 반영하여 자신의 글을 점검하고 수정할 수 있도록 격려한다. 고쳐쓰기는 글을 쓰는 전 과정에서 이루어져야 하지만, 초고 쓰기 이후에 집중적으로 지도하는 것도 가능하다.
• 예상 독자에 대한 인식이 형성되기 시작하는 시기이므로 학습자에게 자신의 글을 읽을 예상 독자를 생각하며 글을 쓰도록 안내하고 실제 독자와 소통하는 기회를 제공할 필요가 있다. 실제 독자를 고려하여 편지의 형식을 갖추어 글을 쓰거나 사회 관계망 서비스(SNS) 등의 인터넷 매체를 활용하여 글을 쓸 수 있도록 지도한다. 쓴 글을 상대에게 전달하고 독자의 반응을 접함으로써 글이 소통의 매개가 됨을 이해하고 독자를 고려한 글쓰기의 필요성을 인식하며 필자로서의 효능감을 느낄 수 있도록 하는 데에 중점을 둔다. "
3~4,국어,쓰기,"⋅쓰기는 언어를 비롯한 다양한 기호나 매체를 활용하여 인간의 생각과 감정을 글로 표현함으로써 의미를 구성하는 행위이다. 
⋅필자는 상황 맥락 및 사회⋅문화적 맥락 속에서 자신의 의사소통 목적을 달성하기 위하여 다양한 유형의 글을 쓴다. 
⋅필자는 쓰기 과정에서 부딪히는 문제를 해결하기 위하여 적절한 쓰기 전략을 사용하여 글을 쓴다. 
⋅필자는 쓰기 경험을 통해 언어 공동체의 구성원으로 성장하고, 쓰기 윤리를 갖추어 독자와 소통함으로써 바람직한 의사소통 문화를 만들어 간다.",4국03-02,절차와 결과가 드러나게 정확한 표현으로 보고하는 글을 쓴다.,"절차와 결과가 드러나게 글의 내용을 짜임새 있게 조직하고, 사실에 기반한 내용을 간결하고 정확한 표현으로 보고하는 글을 쓸 수 있다.",절차와 결과가 드러나게 글의 내용을 조직하고 사실에 기반한 내용과 정확한 표현으로 보고하는 글을 쓸 수 있다.,절차와 결과가 부분적으로 드러나게 글의 내용을 조직하고 일부 정확한 표현을 사용하여 보고하는 글을 쓴다.,"이 성취기준은 교과 학습의 기초가 되는 보고하는 글을 쓰는 능력을 기르기 위해 설정하였다. 보고하는 글의 개념, 보고하는 글에 들어가야 할 내용 요소, 절차와 결과가 드러나게 글의 내용을 조직하는 방법, 절차와 결과를 정확하게 표현해야 하는 이유, 정확한 표현으로 보고하는 글 쓰기 등을 학습한다.","• 쓰기는 특정한 상황 안에서 이루어지는 의미 구성 행위이다. 쓰기가 이루어지는 상황 맥락에 대한 이해 없이는 필자의 의도, 전달하고자 하는 바를 효과적으로 표현할 수 없다. 이때의 상황 맥락은 텍스트의 생산⋅수용 과정에 직접적으로 개입하는 맥락을 의미한다. 쓰기의 상황 맥락 요인으로는 예상 독자, 글의 주제, 글의 목적, 매체 등을 들 수 있다. 다양한 쓰기 과제를 제시하여 상황 맥락 요인에 따라 쓰기 과정과 결과가 달라질 수 있음을 지도한다.
• 쓰기 활동을 위해 쓰기 과제를 설계할 때는 다양한 사회⋅문화적 배경의 학습자들이 소외되지 않고 쓰기 활동에 적극적으로 참여할 수 있는 상황 맥락을 설정한다. 나아가 이들 학습자들의 사회⋅문화적 경험을 활용하여 글을 쓸 수 있도록 함으로써 쓰기 학습 과정에서 다양성을 경험할 수 있도록 지도한다.
• 글은 문단들로 구성되며, 하나의 문단은 중심 문장과 이 중심 문장의 내용을 구체적으로 보충하고 뒷받침하는 뒷받침 문장으로 구성된다. 문단을 구성하는 것은 한 편의 글을 구성하는 과정에서 필요한 능력이다. 문단 쓰기를 지도할 때에는 다양한 예시 글을 활용하여 중심 문장과 뒷받침 문장의 개념을 이해한 후 학습자가 글을 쓰는 과정에서 이를 실제로 적용할 수 있도록 지도한다.
• 학습에 필요한 기본적인 쓰기 능력과 태도를 갖출 수 있도록, 교과 학습의 토대가 되는 쓰기 활동이 이루어지도록 한다. 특히 국어과 내 타 영역의 성취기준, 타 교과의 성취기준, 범교과 학습 주제와 관련된 쓰기 활동을 계획하여 쓰기 활동이 학습자의 교과 학습에 실제적으로 기여할 수 있도록 지도한다.
• 보고하는 글 쓰기를 지도할 때는 체험 학습 보고서, 과학 실험 보고서, 조사 보고서 등의 글을 다루도록 한다. 보고하는 목적과 주제에 맞게 보고서에 들어갈 핵심 내용을 구성하고 형식을 갖추어 간결하고 정확하게 보고하는 글을 쓰도록 지도한다. 또한 보고하는 글이 내용적으로 사실에 기반해야 함을 이해하고, 과장되거나 왜곡된 내용을 경계하여 정확하게 표현하는 글을 쓸 수 있도록 지도한다. 
• 자신의 의견을 밝히는 글 쓰기를 지도할 때는 학급, 학교, 이웃과 관련하여 쟁점이 되는 사안을 화제로 선정하고, 자신의 배경지식과 경험을 기초로 의견을 뒷받침하는 이유를 들어 글을 쓰도록 지도한다. 글을 쓰는 과정에서 자신의 의견을 명료화, 구체화함으로써 논리적으로 글을 쓰는 기초 능력을 기르는 데에 중점을 둔다. 
• 고쳐쓰기를 지도할 때는 학습자들이 자신의 글을 점검하는 데에 익숙하지 않을 수 있으므로, 동료 학습자를 통해 실제 독자의 반응을 접하고 이를 반영하여 자신의 글을 점검하고 수정할 수 있도록 격려한다. 고쳐쓰기는 글을 쓰는 전 과정에서 이루어져야 하지만, 초고 쓰기 이후에 집중적으로 지도하는 것도 가능하다.
• 예상 독자에 대한 인식이 형성되기 시작하는 시기이므로 학습자에게 자신의 글을 읽을 예상 독자를 생각하며 글을 쓰도록 안내하고 실제 독자와 소통하는 기회를 제공할 필요가 있다. 실제 독자를 고려하여 편지의 형식을 갖추어 글을 쓰거나 사회 관계망 서비스(SNS) 등의 인터넷 매체를 활용하여 글을 쓸 수 있도록 지도한다. 쓴 글을 상대에게 전달하고 독자의 반응을 접함으로써 글이 소통의 매개가 됨을 이해하고 독자를 고려한 글쓰기의 필요성을 인식하며 필자로서의 효능감을 느낄 수 있도록 하는 데에 중점을 둔다. "
3~4,국어,쓰기,"⋅쓰기는 언어를 비롯한 다양한 기호나 매체를 활용하여 인간의 생각과 감정을 글로 표현함으로써 의미를 구성하는 행위이다. 
⋅필자는 상황 맥락 및 사회⋅문화적 맥락 속에서 자신의 의사소통 목적을 달성하기 위하여 다양한 유형의 글을 쓴다. 
⋅필자는 쓰기 과정에서 부딪히는 문제를 해결하기 위하여 적절한 쓰기 전략을 사용하여 글을 쓴다. 
⋅필자는 쓰기 경험을 통해 언어 공동체의 구성원으로 성장하고, 쓰기 윤리를 갖추어 독자와 소통함으로써 바람직한 의사소통 문화를 만들어 간다.",4국03-03,대상에 대한 자신의 의견과 그렇게 생각한 이유가 드러나게 글을 쓴다.,대상에 대해 자신의 의견을 제시하고 의견을 뒷받침하는 이유가 명료하게 드러나도록 글을 쓸 수 있다.,대상에 대해 자신의 의견을 제시하고 의견을 뒷받침하는 이유를 들어 글을 쓸 수 있다.,대상에 대해 자신의 의견을 제한적으로 제시하거나 의견에 대한 이유가 부분적으로 드러나게 글을 쓴다.,"이 성취기준은 어떤 대상이나 사실, 문제에 대한 자신의 의견을 구체적이고 명료하게 글로 쓰는 능력을 기르기 위해 설정하였다. 의견의 개념, 의견을 제시하는 것이 필요한 이유와 상황, 주제를 고려하여 자신의 의견을 제시하는 방법, 의견에 대한 이유를 드는 방법 등을 학습한다.","• 쓰기는 특정한 상황 안에서 이루어지는 의미 구성 행위이다. 쓰기가 이루어지는 상황 맥락에 대한 이해 없이는 필자의 의도, 전달하고자 하는 바를 효과적으로 표현할 수 없다. 이때의 상황 맥락은 텍스트의 생산⋅수용 과정에 직접적으로 개입하는 맥락을 의미한다. 쓰기의 상황 맥락 요인으로는 예상 독자, 글의 주제, 글의 목적, 매체 등을 들 수 있다. 다양한 쓰기 과제를 제시하여 상황 맥락 요인에 따라 쓰기 과정과 결과가 달라질 수 있음을 지도한다.
• 쓰기 활동을 위해 쓰기 과제를 설계할 때는 다양한 사회⋅문화적 배경의 학습자들이 소외되지 않고 쓰기 활동에 적극적으로 참여할 수 있는 상황 맥락을 설정한다. 나아가 이들 학습자들의 사회⋅문화적 경험을 활용하여 글을 쓸 수 있도록 함으로써 쓰기 학습 과정에서 다양성을 경험할 수 있도록 지도한다.
• 글은 문단들로 구성되며, 하나의 문단은 중심 문장과 이 중심 문장의 내용을 구체적으로 보충하고 뒷받침하는 뒷받침 문장으로 구성된다. 문단을 구성하는 것은 한 편의 글을 구성하는 과정에서 필요한 능력이다. 문단 쓰기를 지도할 때에는 다양한 예시 글을 활용하여 중심 문장과 뒷받침 문장의 개념을 이해한 후 학습자가 글을 쓰는 과정에서 이를 실제로 적용할 수 있도록 지도한다.
• 학습에 필요한 기본적인 쓰기 능력과 태도를 갖출 수 있도록, 교과 학습의 토대가 되는 쓰기 활동이 이루어지도록 한다. 특히 국어과 내 타 영역의 성취기준, 타 교과의 성취기준, 범교과 학습 주제와 관련된 쓰기 활동을 계획하여 쓰기 활동이 학습자의 교과 학습에 실제적으로 기여할 수 있도록 지도한다.
• 보고하는 글 쓰기를 지도할 때는 체험 학습 보고서, 과학 실험 보고서, 조사 보고서 등의 글을 다루도록 한다. 보고하는 목적과 주제에 맞게 보고서에 들어갈 핵심 내용을 구성하고 형식을 갖추어 간결하고 정확하게 보고하는 글을 쓰도록 지도한다. 또한 보고하는 글이 내용적으로 사실에 기반해야 함을 이해하고, 과장되거나 왜곡된 내용을 경계하여 정확하게 표현하는 글을 쓸 수 있도록 지도한다. 
• 자신의 의견을 밝히는 글 쓰기를 지도할 때는 학급, 학교, 이웃과 관련하여 쟁점이 되는 사안을 화제로 선정하고, 자신의 배경지식과 경험을 기초로 의견을 뒷받침하는 이유를 들어 글을 쓰도록 지도한다. 글을 쓰는 과정에서 자신의 의견을 명료화, 구체화함으로써 논리적으로 글을 쓰는 기초 능력을 기르는 데에 중점을 둔다. 
• 고쳐쓰기를 지도할 때는 학습자들이 자신의 글을 점검하는 데에 익숙하지 않을 수 있으므로, 동료 학습자를 통해 실제 독자의 반응을 접하고 이를 반영하여 자신의 글을 점검하고 수정할 수 있도록 격려한다. 고쳐쓰기는 글을 쓰는 전 과정에서 이루어져야 하지만, 초고 쓰기 이후에 집중적으로 지도하는 것도 가능하다.
• 예상 독자에 대한 인식이 형성되기 시작하는 시기이므로 학습자에게 자신의 글을 읽을 예상 독자를 생각하며 글을 쓰도록 안내하고 실제 독자와 소통하는 기회를 제공할 필요가 있다. 실제 독자를 고려하여 편지의 형식을 갖추어 글을 쓰거나 사회 관계망 서비스(SNS) 등의 인터넷 매체를 활용하여 글을 쓸 수 있도록 지도한다. 쓴 글을 상대에게 전달하고 독자의 반응을 접함으로써 글이 소통의 매개가 됨을 이해하고 독자를 고려한 글쓰기의 필요성을 인식하며 필자로서의 효능감을 느낄 수 있도록 하는 데에 중점을 둔다. "
3~4,국어,쓰기,"⋅쓰기는 언어를 비롯한 다양한 기호나 매체를 활용하여 인간의 생각과 감정을 글로 표현함으로써 의미를 구성하는 행위이다. 
⋅필자는 상황 맥락 및 사회⋅문화적 맥락 속에서 자신의 의사소통 목적을 달성하기 위하여 다양한 유형의 글을 쓴다. 
⋅필자는 쓰기 과정에서 부딪히는 문제를 해결하기 위하여 적절한 쓰기 전략을 사용하여 글을 쓴다. 
⋅필자는 쓰기 경험을 통해 언어 공동체의 구성원으로 성장하고, 쓰기 윤리를 갖추어 독자와 소통함으로써 바람직한 의사소통 문화를 만들어 간다.",4국03-04,목적과 주제를 고려하여 독자에게 마음을 전하는 글을 쓴다.,목적과 주제와 같은 상황 맥락을 전체적으로 고려하여 독자에게 마음을 전하는 글을 쓸 수 있다.,목적과 주제와 같은 상황 맥락을 고려하여 독자에게 마음을 전하는 글을 쓸 수 있다.,목적 또는 주제를 부분적으로 고려하여 독자에게 마음을 전하는 글을 쓴다.,,"• 쓰기는 특정한 상황 안에서 이루어지는 의미 구성 행위이다. 쓰기가 이루어지는 상황 맥락에 대한 이해 없이는 필자의 의도, 전달하고자 하는 바를 효과적으로 표현할 수 없다. 이때의 상황 맥락은 텍스트의 생산⋅수용 과정에 직접적으로 개입하는 맥락을 의미한다. 쓰기의 상황 맥락 요인으로는 예상 독자, 글의 주제, 글의 목적, 매체 등을 들 수 있다. 다양한 쓰기 과제를 제시하여 상황 맥락 요인에 따라 쓰기 과정과 결과가 달라질 수 있음을 지도한다.
• 쓰기 활동을 위해 쓰기 과제를 설계할 때는 다양한 사회⋅문화적 배경의 학습자들이 소외되지 않고 쓰기 활동에 적극적으로 참여할 수 있는 상황 맥락을 설정한다. 나아가 이들 학습자들의 사회⋅문화적 경험을 활용하여 글을 쓸 수 있도록 함으로써 쓰기 학습 과정에서 다양성을 경험할 수 있도록 지도한다.
• 글은 문단들로 구성되며, 하나의 문단은 중심 문장과 이 중심 문장의 내용을 구체적으로 보충하고 뒷받침하는 뒷받침 문장으로 구성된다. 문단을 구성하는 것은 한 편의 글을 구성하는 과정에서 필요한 능력이다. 문단 쓰기를 지도할 때에는 다양한 예시 글을 활용하여 중심 문장과 뒷받침 문장의 개념을 이해한 후 학습자가 글을 쓰는 과정에서 이를 실제로 적용할 수 있도록 지도한다.
• 학습에 필요한 기본적인 쓰기 능력과 태도를 갖출 수 있도록, 교과 학습의 토대가 되는 쓰기 활동이 이루어지도록 한다. 특히 국어과 내 타 영역의 성취기준, 타 교과의 성취기준, 범교과 학습 주제와 관련된 쓰기 활동을 계획하여 쓰기 활동이 학습자의 교과 학습에 실제적으로 기여할 수 있도록 지도한다.
• 보고하는 글 쓰기를 지도할 때는 체험 학습 보고서, 과학 실험 보고서, 조사 보고서 등의 글을 다루도록 한다. 보고하는 목적과 주제에 맞게 보고서에 들어갈 핵심 내용을 구성하고 형식을 갖추어 간결하고 정확하게 보고하는 글을 쓰도록 지도한다. 또한 보고하는 글이 내용적으로 사실에 기반해야 함을 이해하고, 과장되거나 왜곡된 내용을 경계하여 정확하게 표현하는 글을 쓸 수 있도록 지도한다. 
• 자신의 의견을 밝히는 글 쓰기를 지도할 때는 학급, 학교, 이웃과 관련하여 쟁점이 되는 사안을 화제로 선정하고, 자신의 배경지식과 경험을 기초로 의견을 뒷받침하는 이유를 들어 글을 쓰도록 지도한다. 글을 쓰는 과정에서 자신의 의견을 명료화, 구체화함으로써 논리적으로 글을 쓰는 기초 능력을 기르는 데에 중점을 둔다. 
• 고쳐쓰기를 지도할 때는 학습자들이 자신의 글을 점검하는 데에 익숙하지 않을 수 있으므로, 동료 학습자를 통해 실제 독자의 반응을 접하고 이를 반영하여 자신의 글을 점검하고 수정할 수 있도록 격려한다. 고쳐쓰기는 글을 쓰는 전 과정에서 이루어져야 하지만, 초고 쓰기 이후에 집중적으로 지도하는 것도 가능하다.
• 예상 독자에 대한 인식이 형성되기 시작하는 시기이므로 학습자에게 자신의 글을 읽을 예상 독자를 생각하며 글을 쓰도록 안내하고 실제 독자와 소통하는 기회를 제공할 필요가 있다. 실제 독자를 고려하여 편지의 형식을 갖추어 글을 쓰거나 사회 관계망 서비스(SNS) 등의 인터넷 매체를 활용하여 글을 쓸 수 있도록 지도한다. 쓴 글을 상대에게 전달하고 독자의 반응을 접함으로써 글이 소통의 매개가 됨을 이해하고 독자를 고려한 글쓰기의 필요성을 인식하며 필자로서의 효능감을 느낄 수 있도록 하는 데에 중점을 둔다. "
3~4,국어,쓰기,"⋅쓰기는 언어를 비롯한 다양한 기호나 매체를 활용하여 인간의 생각과 감정을 글로 표현함으로써 의미를 구성하는 행위이다. 
⋅필자는 상황 맥락 및 사회⋅문화적 맥락 속에서 자신의 의사소통 목적을 달성하기 위하여 다양한 유형의 글을 쓴다. 
⋅필자는 쓰기 과정에서 부딪히는 문제를 해결하기 위하여 적절한 쓰기 전략을 사용하여 글을 쓴다. 
⋅필자는 쓰기 경험을 통해 언어 공동체의 구성원으로 성장하고, 쓰기 윤리를 갖추어 독자와 소통함으로써 바람직한 의사소통 문화를 만들어 간다.",4국03-05,자신의 쓰기 과정을 점검하며 쓰기에 자신감을 갖는다.,"자신의 쓰기 과정을 능동적으로 점검하여 글의 내용과 표현을 수정·보완할 수 있고, 다양한 유형의 글을 쓰면서 쓰기에 자신감을 갖는다.","자신의 쓰기 과정을 점검하여 글의 내용이나 표현을 수정·보완할 수 있고, 다양한 유형의 글을 쓰면서 쓰기에 자신감을 갖는다.","자신의 쓰기 과정을 제한적으로 점검하고, 일부 유형의 글을 쓰면서 쓰기에 자신감을 갖는다.",,"• 쓰기는 특정한 상황 안에서 이루어지는 의미 구성 행위이다. 쓰기가 이루어지는 상황 맥락에 대한 이해 없이는 필자의 의도, 전달하고자 하는 바를 효과적으로 표현할 수 없다. 이때의 상황 맥락은 텍스트의 생산⋅수용 과정에 직접적으로 개입하는 맥락을 의미한다. 쓰기의 상황 맥락 요인으로는 예상 독자, 글의 주제, 글의 목적, 매체 등을 들 수 있다. 다양한 쓰기 과제를 제시하여 상황 맥락 요인에 따라 쓰기 과정과 결과가 달라질 수 있음을 지도한다.
• 쓰기 활동을 위해 쓰기 과제를 설계할 때는 다양한 사회⋅문화적 배경의 학습자들이 소외되지 않고 쓰기 활동에 적극적으로 참여할 수 있는 상황 맥락을 설정한다. 나아가 이들 학습자들의 사회⋅문화적 경험을 활용하여 글을 쓸 수 있도록 함으로써 쓰기 학습 과정에서 다양성을 경험할 수 있도록 지도한다.
• 글은 문단들로 구성되며, 하나의 문단은 중심 문장과 이 중심 문장의 내용을 구체적으로 보충하고 뒷받침하는 뒷받침 문장으로 구성된다. 문단을 구성하는 것은 한 편의 글을 구성하는 과정에서 필요한 능력이다. 문단 쓰기를 지도할 때에는 다양한 예시 글을 활용하여 중심 문장과 뒷받침 문장의 개념을 이해한 후 학습자가 글을 쓰는 과정에서 이를 실제로 적용할 수 있도록 지도한다.
• 학습에 필요한 기본적인 쓰기 능력과 태도를 갖출 수 있도록, 교과 학습의 토대가 되는 쓰기 활동이 이루어지도록 한다. 특히 국어과 내 타 영역의 성취기준, 타 교과의 성취기준, 범교과 학습 주제와 관련된 쓰기 활동을 계획하여 쓰기 활동이 학습자의 교과 학습에 실제적으로 기여할 수 있도록 지도한다.
• 보고하는 글 쓰기를 지도할 때는 체험 학습 보고서, 과학 실험 보고서, 조사 보고서 등의 글을 다루도록 한다. 보고하는 목적과 주제에 맞게 보고서에 들어갈 핵심 내용을 구성하고 형식을 갖추어 간결하고 정확하게 보고하는 글을 쓰도록 지도한다. 또한 보고하는 글이 내용적으로 사실에 기반해야 함을 이해하고, 과장되거나 왜곡된 내용을 경계하여 정확하게 표현하는 글을 쓸 수 있도록 지도한다. 
• 자신의 의견을 밝히는 글 쓰기를 지도할 때는 학급, 학교, 이웃과 관련하여 쟁점이 되는 사안을 화제로 선정하고, 자신의 배경지식과 경험을 기초로 의견을 뒷받침하는 이유를 들어 글을 쓰도록 지도한다. 글을 쓰는 과정에서 자신의 의견을 명료화, 구체화함으로써 논리적으로 글을 쓰는 기초 능력을 기르는 데에 중점을 둔다. 
• 고쳐쓰기를 지도할 때는 학습자들이 자신의 글을 점검하는 데에 익숙하지 않을 수 있으므로, 동료 학습자를 통해 실제 독자의 반응을 접하고 이를 반영하여 자신의 글을 점검하고 수정할 수 있도록 격려한다. 고쳐쓰기는 글을 쓰는 전 과정에서 이루어져야 하지만, 초고 쓰기 이후에 집중적으로 지도하는 것도 가능하다.
• 예상 독자에 대한 인식이 형성되기 시작하는 시기이므로 학습자에게 자신의 글을 읽을 예상 독자를 생각하며 글을 쓰도록 안내하고 실제 독자와 소통하는 기회를 제공할 필요가 있다. 실제 독자를 고려하여 편지의 형식을 갖추어 글을 쓰거나 사회 관계망 서비스(SNS) 등의 인터넷 매체를 활용하여 글을 쓸 수 있도록 지도한다. 쓴 글을 상대에게 전달하고 독자의 반응을 접함으로써 글이 소통의 매개가 됨을 이해하고 독자를 고려한 글쓰기의 필요성을 인식하며 필자로서의 효능감을 느낄 수 있도록 하는 데에 중점을 둔다. "
3~4,국어,문법,"⋅문법은 국어의 형식과 내용을 이루는 틀로서 규칙과 원리로 구성⋅운영되며, 문법 탐구는 문법에 대해 사고하는 활동으로 국어에 대한 총체적 앎을 이끈다. 
⋅국어는 체계와 구조를 갖춘 의미 생성 자원이자, 사회적으로 구성된 관습적 규약이며, 공동체의 사고와 가치를 표상하는 문화적 산물이다. 
⋅국어 자료는 다양한 맥락에서 만들어지는 의사소통의 결과물로서, 국어 현상을 파악하고 국어 문제를 발견할 수 있는 문법 탐구의 대상이다. 
⋅국어 사용자는 일상생활에서 국어 현상과 국어 문제를 탐구하고 성찰하면서 언어 주체로서의 정체성과 국어 의식을 형성한다.",4국04-01,단어와 단어 간의 의미 관계를 파악한다.,다양한 단어 간의 의미 관계를 종합적으로 분석할 수 있다.,단어와 단어 간의 의미 관계를 이해할 수 있다.,단어와 단어 간의 의미 관계를 제한적으로 이해한다.,,"• 단어의 의미, 단어 간의 의미 관계, 단어의 분류, 문장의 짜임, 높임 표현과 지시⋅접속 표현 등을 지도할 때는 우리 주변의 글이나 담화 자료를 다양하게 활용하고, 학습한 지식을 바탕으로 어휘력이나 문장 생성 능력을 신장할 수 있도록 연계함으로써, 문법 활동이 학습자의 실제 삶의 맥락 및 국어생활과 밀접히 관련될 수 있도록 한다. 특히, 지시⋅접속 표현을 지도할 때는 유기적인 언어 단위인 글이나 담화의 개념을 이해할 수 있도록 지도한다.
• 전통적인 글 자료 이외에 학습자들이 일상에서 접할 수 있는 다양한 매체 자료를 두루 활용하여 언어 자료의 실제성을 높이고, 매체 자료의 특성과 효과를 이해할 수 있도록 한다. 특히 다양한 형태와 유형의 종이 사전과 웹 사전(유의어⋅반의어 사전, 분류 사전 등)을 적극적으로 참조하고 활용하여 국어생활을 효과적으로 영위할 수 있도록 안내한다.
• 언어의 본질과 맥락 관련 내용 요소는 학교급이 올라감에 따라 지속적으로 심화⋅연계될 수 있도록 지도한다. 예를 들어, 의사소통의 수단인 언어의 기호적 속성은 이후 학년군⋅학교급의 음성 언어와 문자 언어의 특성과 매체, 국어의 음운 체계와 문자 체계 관련 내용 요소와 심화⋅연계될 수 있도록 지도한다. 또한, 높임 표현은 참여자 간의 관계나 장면에 따라 분화되는 선택항으로서, 이후 학년군⋅학교급의 지역에 따른 언어와 표준어, 세대⋅분야⋅매체에 따른 언어 관련 내용 요소와 심화⋅연계될 수 있도록 지도한다.
• 언어가 의사소통 및 관계 형성의 수단임을 지도할 때에는, 언어의 다양한 기능 중 지시적⋅정보적⋅친교적 기능에 중점을 두어 일상생활에서 수집한 다양한 언어 사례를 분석해 봄으로써 언어가 의사소통과 관계 형성의 주요한 도구임을 이해하고 국어를 소중히 하는 태도를 지닐 수 있도록 한다.
• 문법 지식을 학습하는 데만 머무르지 않고 학습자 스스로 자신의 국어생활을 되돌아볼 수 있도록 간단한 형태의 점검표나 관찰 기록표 등을 제공함으로써 일상의 국어생활을 개선하는 계기를 마련한다. "
3~4,국어,문법,"⋅문법은 국어의 형식과 내용을 이루는 틀로서 규칙과 원리로 구성⋅운영되며, 문법 탐구는 문법에 대해 사고하는 활동으로 국어에 대한 총체적 앎을 이끈다. 
⋅국어는 체계와 구조를 갖춘 의미 생성 자원이자, 사회적으로 구성된 관습적 규약이며, 공동체의 사고와 가치를 표상하는 문화적 산물이다. 
⋅국어 자료는 다양한 맥락에서 만들어지는 의사소통의 결과물로서, 국어 현상을 파악하고 국어 문제를 발견할 수 있는 문법 탐구의 대상이다. 
⋅국어 사용자는 일상생활에서 국어 현상과 국어 문제를 탐구하고 성찰하면서 언어 주체로서의 정체성과 국어 의식을 형성한다.",4국04-02,단어를 분류하고 국어사전을 활용하여 능동적인 국어 활동을 한다.,단어를 다양한 기준에 따라 분류하고 국어사전의 정보를 종합적으로 활용하여 능동적인 국어 활동을 할 수 있다.,단어를 분류하고 국어사전의 정보를 활용하여 국어 활동을 할 수 있다.,단어의 분류 기준을 확인하고 국어사전의 정보를 일부 활용하여 국어 활동을 한다.,"이 성취기준은 단어에 대한 기본적인 이해를 바탕으로 국어사전에서 단어를 찾고 국어사전에 수록된 정보를 활용하여 능동적인 국어생활을 할 수 있는 능력을 기르기 위해 설정하였다. 명사, 동사, 형용사에 대한 기본적인 이해를 바탕으로 하되, 상황에 따라 다양하게 해석되는 단어의 의미를 국어사전에서 찾을 수 있도록 동형이의어와 다의어가 국어사전에 수록된 방식을 이해하고, 동사와 형용사의 기본형과 활용형을 구분할 수 있도록 한다. 또한 국어사전을 통해 단어의 표기, 발음, 품사, 의미, 용례 등 다양한 정보를 확인할 수 있음을 이해하고, 단어의 정확한 발음과 표기를 국어사전에서 찾아 어법에 맞는 국어생활을 할 수 있도록 한다.","• 단어의 의미, 단어 간의 의미 관계, 단어의 분류, 문장의 짜임, 높임 표현과 지시⋅접속 표현 등을 지도할 때는 우리 주변의 글이나 담화 자료를 다양하게 활용하고, 학습한 지식을 바탕으로 어휘력이나 문장 생성 능력을 신장할 수 있도록 연계함으로써, 문법 활동이 학습자의 실제 삶의 맥락 및 국어생활과 밀접히 관련될 수 있도록 한다. 특히, 지시⋅접속 표현을 지도할 때는 유기적인 언어 단위인 글이나 담화의 개념을 이해할 수 있도록 지도한다.
• 전통적인 글 자료 이외에 학습자들이 일상에서 접할 수 있는 다양한 매체 자료를 두루 활용하여 언어 자료의 실제성을 높이고, 매체 자료의 특성과 효과를 이해할 수 있도록 한다. 특히 다양한 형태와 유형의 종이 사전과 웹 사전(유의어⋅반의어 사전, 분류 사전 등)을 적극적으로 참조하고 활용하여 국어생활을 효과적으로 영위할 수 있도록 안내한다.
• 언어의 본질과 맥락 관련 내용 요소는 학교급이 올라감에 따라 지속적으로 심화⋅연계될 수 있도록 지도한다. 예를 들어, 의사소통의 수단인 언어의 기호적 속성은 이후 학년군⋅학교급의 음성 언어와 문자 언어의 특성과 매체, 국어의 음운 체계와 문자 체계 관련 내용 요소와 심화⋅연계될 수 있도록 지도한다. 또한, 높임 표현은 참여자 간의 관계나 장면에 따라 분화되는 선택항으로서, 이후 학년군⋅학교급의 지역에 따른 언어와 표준어, 세대⋅분야⋅매체에 따른 언어 관련 내용 요소와 심화⋅연계될 수 있도록 지도한다.
• 언어가 의사소통 및 관계 형성의 수단임을 지도할 때에는, 언어의 다양한 기능 중 지시적⋅정보적⋅친교적 기능에 중점을 두어 일상생활에서 수집한 다양한 언어 사례를 분석해 봄으로써 언어가 의사소통과 관계 형성의 주요한 도구임을 이해하고 국어를 소중히 하는 태도를 지닐 수 있도록 한다.
• 문법 지식을 학습하는 데만 머무르지 않고 학습자 스스로 자신의 국어생활을 되돌아볼 수 있도록 간단한 형태의 점검표나 관찰 기록표 등을 제공함으로써 일상의 국어생활을 개선하는 계기를 마련한다. "
3~4,국어,문법,"⋅문법은 국어의 형식과 내용을 이루는 틀로서 규칙과 원리로 구성⋅운영되며, 문법 탐구는 문법에 대해 사고하는 활동으로 국어에 대한 총체적 앎을 이끈다. 
⋅국어는 체계와 구조를 갖춘 의미 생성 자원이자, 사회적으로 구성된 관습적 규약이며, 공동체의 사고와 가치를 표상하는 문화적 산물이다. 
⋅국어 자료는 다양한 맥락에서 만들어지는 의사소통의 결과물로서, 국어 현상을 파악하고 국어 문제를 발견할 수 있는 문법 탐구의 대상이다. 
⋅국어 사용자는 일상생활에서 국어 현상과 국어 문제를 탐구하고 성찰하면서 언어 주체로서의 정체성과 국어 의식을 형성한다.",4국04-03,기본적인 문장의 짜임을 이해하고 적절하게 사용한다.,다양한 문장에서 기본적인 문장의 짜임을 분석하고 여러 가지 짜임의 문장을 적절하게 사용할 수 있다.,기본적인 문장의 짜임을 이해하고 여러 가지 짜임의 문장을 사용할 수 있다.,기본적인 문장의 짜임을 제한적으로 이해하고 사용한다.,,"• 단어의 의미, 단어 간의 의미 관계, 단어의 분류, 문장의 짜임, 높임 표현과 지시⋅접속 표현 등을 지도할 때는 우리 주변의 글이나 담화 자료를 다양하게 활용하고, 학습한 지식을 바탕으로 어휘력이나 문장 생성 능력을 신장할 수 있도록 연계함으로써, 문법 활동이 학습자의 실제 삶의 맥락 및 국어생활과 밀접히 관련될 수 있도록 한다. 특히, 지시⋅접속 표현을 지도할 때는 유기적인 언어 단위인 글이나 담화의 개념을 이해할 수 있도록 지도한다.
• 전통적인 글 자료 이외에 학습자들이 일상에서 접할 수 있는 다양한 매체 자료를 두루 활용하여 언어 자료의 실제성을 높이고, 매체 자료의 특성과 효과를 이해할 수 있도록 한다. 특히 다양한 형태와 유형의 종이 사전과 웹 사전(유의어⋅반의어 사전, 분류 사전 등)을 적극적으로 참조하고 활용하여 국어생활을 효과적으로 영위할 수 있도록 안내한다.
• 언어의 본질과 맥락 관련 내용 요소는 학교급이 올라감에 따라 지속적으로 심화⋅연계될 수 있도록 지도한다. 예를 들어, 의사소통의 수단인 언어의 기호적 속성은 이후 학년군⋅학교급의 음성 언어와 문자 언어의 특성과 매체, 국어의 음운 체계와 문자 체계 관련 내용 요소와 심화⋅연계될 수 있도록 지도한다. 또한, 높임 표현은 참여자 간의 관계나 장면에 따라 분화되는 선택항으로서, 이후 학년군⋅학교급의 지역에 따른 언어와 표준어, 세대⋅분야⋅매체에 따른 언어 관련 내용 요소와 심화⋅연계될 수 있도록 지도한다.
• 언어가 의사소통 및 관계 형성의 수단임을 지도할 때에는, 언어의 다양한 기능 중 지시적⋅정보적⋅친교적 기능에 중점을 두어 일상생활에서 수집한 다양한 언어 사례를 분석해 봄으로써 언어가 의사소통과 관계 형성의 주요한 도구임을 이해하고 국어를 소중히 하는 태도를 지닐 수 있도록 한다.
• 문법 지식을 학습하는 데만 머무르지 않고 학습자 스스로 자신의 국어생활을 되돌아볼 수 있도록 간단한 형태의 점검표나 관찰 기록표 등을 제공함으로써 일상의 국어생활을 개선하는 계기를 마련한다. "
3~4,국어,문법,"⋅문법은 국어의 형식과 내용을 이루는 틀로서 규칙과 원리로 구성⋅운영되며, 문법 탐구는 문법에 대해 사고하는 활동으로 국어에 대한 총체적 앎을 이끈다. 
⋅국어는 체계와 구조를 갖춘 의미 생성 자원이자, 사회적으로 구성된 관습적 규약이며, 공동체의 사고와 가치를 표상하는 문화적 산물이다. 
⋅국어 자료는 다양한 맥락에서 만들어지는 의사소통의 결과물로서, 국어 현상을 파악하고 국어 문제를 발견할 수 있는 문법 탐구의 대상이다. 
⋅국어 사용자는 일상생활에서 국어 현상과 국어 문제를 탐구하고 성찰하면서 언어 주체로서의 정체성과 국어 의식을 형성한다.",4국04-04,글과 담화에 쓰인 높임 표현과 지시⋅접속 표현을 이해하고 상황에 맞게 표현한다.,글과 담화에 쓰인 다양한 높임 표현과 지시·접속 표현을 분석하고 적절한 표현을 상황에 따라 효과적으로 활용할 수 있다.,글과 담화에 쓰인 다양한 높임 표현과 지시·접속 표현을 이해하고 이를 상황에 따라 표현할 수 있다.,글과 담화에 쓰인 높임 표현과 지시·접속 표현을 확인하고 일부를 상황에 따라 제한적으로 표현한다.,"이 성취기준은 높임 표현과 지시⋅접속 표현이 상황 맥락에 맞는 언어 표현을 선택하거나 글이나 담화를 유기적으로 구성하는 데 필요한 지식임을 이해하고, 글이나 담화에서 높임 표현과 지시⋅접속 표현을 적절히 사용할 수 있는 능력을 기르기 위해 설정하였다. 높임 표현의 기능과 적절한 사용 방식, 앞에 나온 말을 가리키는 지시 표현 및 문장과 문장 등을 연결하는 다양한 접속 표현의 기능과 이러한 표현들의 적절한 사용 방식을 학습한다.","• 단어의 의미, 단어 간의 의미 관계, 단어의 분류, 문장의 짜임, 높임 표현과 지시⋅접속 표현 등을 지도할 때는 우리 주변의 글이나 담화 자료를 다양하게 활용하고, 학습한 지식을 바탕으로 어휘력이나 문장 생성 능력을 신장할 수 있도록 연계함으로써, 문법 활동이 학습자의 실제 삶의 맥락 및 국어생활과 밀접히 관련될 수 있도록 한다. 특히, 지시⋅접속 표현을 지도할 때는 유기적인 언어 단위인 글이나 담화의 개념을 이해할 수 있도록 지도한다.
• 전통적인 글 자료 이외에 학습자들이 일상에서 접할 수 있는 다양한 매체 자료를 두루 활용하여 언어 자료의 실제성을 높이고, 매체 자료의 특성과 효과를 이해할 수 있도록 한다. 특히 다양한 형태와 유형의 종이 사전과 웹 사전(유의어⋅반의어 사전, 분류 사전 등)을 적극적으로 참조하고 활용하여 국어생활을 효과적으로 영위할 수 있도록 안내한다.
• 언어의 본질과 맥락 관련 내용 요소는 학교급이 올라감에 따라 지속적으로 심화⋅연계될 수 있도록 지도한다. 예를 들어, 의사소통의 수단인 언어의 기호적 속성은 이후 학년군⋅학교급의 음성 언어와 문자 언어의 특성과 매체, 국어의 음운 체계와 문자 체계 관련 내용 요소와 심화⋅연계될 수 있도록 지도한다. 또한, 높임 표현은 참여자 간의 관계나 장면에 따라 분화되는 선택항으로서, 이후 학년군⋅학교급의 지역에 따른 언어와 표준어, 세대⋅분야⋅매체에 따른 언어 관련 내용 요소와 심화⋅연계될 수 있도록 지도한다.
• 언어가 의사소통 및 관계 형성의 수단임을 지도할 때에는, 언어의 다양한 기능 중 지시적⋅정보적⋅친교적 기능에 중점을 두어 일상생활에서 수집한 다양한 언어 사례를 분석해 봄으로써 언어가 의사소통과 관계 형성의 주요한 도구임을 이해하고 국어를 소중히 하는 태도를 지닐 수 있도록 한다.
• 문법 지식을 학습하는 데만 머무르지 않고 학습자 스스로 자신의 국어생활을 되돌아볼 수 있도록 간단한 형태의 점검표나 관찰 기록표 등을 제공함으로써 일상의 국어생활을 개선하는 계기를 마련한다. "
3~4,국어,문법,"⋅문법은 국어의 형식과 내용을 이루는 틀로서 규칙과 원리로 구성⋅운영되며, 문법 탐구는 문법에 대해 사고하는 활동으로 국어에 대한 총체적 앎을 이끈다. 
⋅국어는 체계와 구조를 갖춘 의미 생성 자원이자, 사회적으로 구성된 관습적 규약이며, 공동체의 사고와 가치를 표상하는 문화적 산물이다. 
⋅국어 자료는 다양한 맥락에서 만들어지는 의사소통의 결과물로서, 국어 현상을 파악하고 국어 문제를 발견할 수 있는 문법 탐구의 대상이다. 
⋅국어 사용자는 일상생활에서 국어 현상과 국어 문제를 탐구하고 성찰하면서 언어 주체로서의 정체성과 국어 의식을 형성한다.",4국04-05,언어가 의사소통과 관계 형성의 수단임을 이해하고 국어를 소중히 여기는 태도를 지닌다.,언어가 의사소통과 관계 형성의 수단임을 종합적으로 이해하고 국어를 소중히 여기는 태도를 내면화한다.,언어가 의사소통과 관계 형성의 수단임을 이해하고 국어의 소중함을 인식하는 태도를 지닌다.,언어가 의사소통과 관계 형성의 수단임을 확인하고 국어의 소중함에 관심을 가진다.,,"• 단어의 의미, 단어 간의 의미 관계, 단어의 분류, 문장의 짜임, 높임 표현과 지시⋅접속 표현 등을 지도할 때는 우리 주변의 글이나 담화 자료를 다양하게 활용하고, 학습한 지식을 바탕으로 어휘력이나 문장 생성 능력을 신장할 수 있도록 연계함으로써, 문법 활동이 학습자의 실제 삶의 맥락 및 국어생활과 밀접히 관련될 수 있도록 한다. 특히, 지시⋅접속 표현을 지도할 때는 유기적인 언어 단위인 글이나 담화의 개념을 이해할 수 있도록 지도한다.
• 전통적인 글 자료 이외에 학습자들이 일상에서 접할 수 있는 다양한 매체 자료를 두루 활용하여 언어 자료의 실제성을 높이고, 매체 자료의 특성과 효과를 이해할 수 있도록 한다. 특히 다양한 형태와 유형의 종이 사전과 웹 사전(유의어⋅반의어 사전, 분류 사전 등)을 적극적으로 참조하고 활용하여 국어생활을 효과적으로 영위할 수 있도록 안내한다.
• 언어의 본질과 맥락 관련 내용 요소는 학교급이 올라감에 따라 지속적으로 심화⋅연계될 수 있도록 지도한다. 예를 들어, 의사소통의 수단인 언어의 기호적 속성은 이후 학년군⋅학교급의 음성 언어와 문자 언어의 특성과 매체, 국어의 음운 체계와 문자 체계 관련 내용 요소와 심화⋅연계될 수 있도록 지도한다. 또한, 높임 표현은 참여자 간의 관계나 장면에 따라 분화되는 선택항으로서, 이후 학년군⋅학교급의 지역에 따른 언어와 표준어, 세대⋅분야⋅매체에 따른 언어 관련 내용 요소와 심화⋅연계될 수 있도록 지도한다.
• 언어가 의사소통 및 관계 형성의 수단임을 지도할 때에는, 언어의 다양한 기능 중 지시적⋅정보적⋅친교적 기능에 중점을 두어 일상생활에서 수집한 다양한 언어 사례를 분석해 봄으로써 언어가 의사소통과 관계 형성의 주요한 도구임을 이해하고 국어를 소중히 하는 태도를 지닐 수 있도록 한다.
• 문법 지식을 학습하는 데만 머무르지 않고 학습자 스스로 자신의 국어생활을 되돌아볼 수 있도록 간단한 형태의 점검표나 관찰 기록표 등을 제공함으로써 일상의 국어생활을 개선하는 계기를 마련한다. "
3~4,국어,문학,"⋅문학은 인간의 삶을 언어로 형상화한 작품을 통해 즐거움과 깨달음을 얻고 타자와 소통하는 행위이다. 
⋅문학 작품을 통한 소통은 작품의 갈래, 작가와 독자, 사회와 문화, 문학사의 영향 등을 고려하며 이루어진다. 
⋅문학 수용⋅생산 능력은 문학의 해석, 감상, 비평, 창작 활동을 통해 향상된다. 
⋅인간은 문학을 향유하면서 자아를 성찰하고 타자를 이해하며 공동체의 일원으로 성장한다.",4국05-01,인물과 이야기의 흐름을 중심으로 작품을 감상한다.,인물과 이야기의 흐름을 적절하게 파악하며 작품을 능동적으로 감상할 수 있다.,인물과 이야기의 흐름을 파악하며 작품을 감상할 수 있다.,인물과 이야기의 흐름에 관심을 가지며 작품을 감상한다.,"이 성취기준은 문학 작품 속 인물의 특성과 서사의 기본 구조를 파악하며 작품을 이해하는 능력을 기르게 하기 위해 설정하였다. 이야기를 읽을 때 인물의 성격과 역할을 파악하고, 이를 고려하여 시간적 순서나 인과관계를 생각하며 이야기의 흐름을 파악하는 활동에 중점을 둔다. 나아가 작품 속 다양한 인물의 특성을 고려하면서 이어질 이야기를 상상하여 표현해 봄으로써 작품을 능동적으로 이해하고 감상하게 한다.","• 작품으로 형상화된 세계와 현실 세계를 비교하여 이해하고 감상하며, 그 결과를 다양한 방법으로 표현하는 능력을 기르는 데 중점을 둔다. 학습자가 자신의 흥미와 발달 단계에 맞는 작품을 찾아 읽고, 감상의 결과를 능동적으로 표현하면서 문학을 즐기는 태도를 기르도록 한다.
• 마음에 드는 작품을 소개하는 활동을 할 때는 국어과의 다른 영역 성취기준과 연계하여 학습자의 수준에 맞는 통합적 활동을 수행하게 할 수 있다. 작품이 마음에 든 이유, 작품에 대한 자신의 의견 등을 정확히 말하거나 쓰면서 문학을 매개로 이루어지는 소통 활동을 다양하게 경험할 수 있게 한다. 
• 작품을 선정할 때는 서책 형태의 작품은 물론 오디오북, 전자책 등의 매체로 만들어진 작품들, 애니메이션, 영화, 연극 등 다양한 방식으로 구현된 작품들도 함께 고려하여 선정한다.
• 학습자의 성취 정도를 판단할 때는 교수⋅학습에서 다룬 지식이나 개념에 대한 이해에한정하지 않고 작품을 감상하는 과정, 감상 결과를 표현하는 방법, 마음에 드는 작품을 설득력 있게 소개하고자 노력하는 자세, 문학을 즐기는 태도의 형성 등도 고려하여 평가한다."
3~4,국어,문학,"⋅문학은 인간의 삶을 언어로 형상화한 작품을 통해 즐거움과 깨달음을 얻고 타자와 소통하는 행위이다. 
⋅문학 작품을 통한 소통은 작품의 갈래, 작가와 독자, 사회와 문화, 문학사의 영향 등을 고려하며 이루어진다. 
⋅문학 수용⋅생산 능력은 문학의 해석, 감상, 비평, 창작 활동을 통해 향상된다. 
⋅인간은 문학을 향유하면서 자아를 성찰하고 타자를 이해하며 공동체의 일원으로 성장한다.",4국05-02,자신의 경험을 바탕으로 작품 속 세계와 현실 세계를 비교하여 작품을 감상한다.,자신의 경험을 바탕으로 작품 속 세계와 현실 세계의 공통점이나 차이점을 구체적으로 비교하고 작품에 대한 의견을 나누며 적극적으로 감상할 수 있다.,자신의 경험을 바탕으로 작품 속 세계와 현실 세계의 공통점이나 차이점을 비교하며 작품을 감상할 수 있다.,자신의 경험을 바탕으로 작품 속 세계와 현실 세계의 공통점이나 차이점을 부분적으로 비교하며 작품을 감상한다.,"이 성취기준은 작품 속의 세계가 현실 세계를 반영한 것이지만, 허구적 세계로서 현실 세계와 구별된다는 점을 인식하며 작품을 감상할 수 있게 하기 위해 설정하였다. 작품 속의 인물⋅정서⋅상황⋅배경⋅분위기⋅사건 등을 이해할 때 학습자 자신의 경험을 바탕으로 경험과 상상, 사실과 허구를 비교하며 생각하게 하고, 허구적으로 표현한 부분에 대한 의견을 나누며 작품을 감상하도록 한다.","• 작품으로 형상화된 세계와 현실 세계를 비교하여 이해하고 감상하며, 그 결과를 다양한 방법으로 표현하는 능력을 기르는 데 중점을 둔다. 학습자가 자신의 흥미와 발달 단계에 맞는 작품을 찾아 읽고, 감상의 결과를 능동적으로 표현하면서 문학을 즐기는 태도를 기르도록 한다.
• 마음에 드는 작품을 소개하는 활동을 할 때는 국어과의 다른 영역 성취기준과 연계하여 학습자의 수준에 맞는 통합적 활동을 수행하게 할 수 있다. 작품이 마음에 든 이유, 작품에 대한 자신의 의견 등을 정확히 말하거나 쓰면서 문학을 매개로 이루어지는 소통 활동을 다양하게 경험할 수 있게 한다. 
• 작품을 선정할 때는 서책 형태의 작품은 물론 오디오북, 전자책 등의 매체로 만들어진 작품들, 애니메이션, 영화, 연극 등 다양한 방식으로 구현된 작품들도 함께 고려하여 선정한다.
• 학습자의 성취 정도를 판단할 때는 교수⋅학습에서 다룬 지식이나 개념에 대한 이해에한정하지 않고 작품을 감상하는 과정, 감상 결과를 표현하는 방법, 마음에 드는 작품을 설득력 있게 소개하고자 노력하는 자세, 문학을 즐기는 태도의 형성 등도 고려하여 평가한다."
3~4,국어,문학,"⋅문학은 인간의 삶을 언어로 형상화한 작품을 통해 즐거움과 깨달음을 얻고 타자와 소통하는 행위이다. 
⋅문학 작품을 통한 소통은 작품의 갈래, 작가와 독자, 사회와 문화, 문학사의 영향 등을 고려하며 이루어진다. 
⋅문학 수용⋅생산 능력은 문학의 해석, 감상, 비평, 창작 활동을 통해 향상된다. 
⋅인간은 문학을 향유하면서 자아를 성찰하고 타자를 이해하며 공동체의 일원으로 성장한다.",4국05-03,작품을 듣거나 읽고 마음에 드는 작품을 소개한다.,작품을 듣거나 읽고 작품이 마음에 든 이유를 구체적으로 말하며 작품을 자세하게 소개할 수 있다.,작품을 듣거나 읽고 작품이 마음에 든 이유를 말하며 작품을 소개할 수 있다.,작품을 듣거나 읽고 작품에서 마음에 드는 부분을 일부 말한다.,,"• 작품으로 형상화된 세계와 현실 세계를 비교하여 이해하고 감상하며, 그 결과를 다양한 방법으로 표현하는 능력을 기르는 데 중점을 둔다. 학습자가 자신의 흥미와 발달 단계에 맞는 작품을 찾아 읽고, 감상의 결과를 능동적으로 표현하면서 문학을 즐기는 태도를 기르도록 한다.
• 마음에 드는 작품을 소개하는 활동을 할 때는 국어과의 다른 영역 성취기준과 연계하여 학습자의 수준에 맞는 통합적 활동을 수행하게 할 수 있다. 작품이 마음에 든 이유, 작품에 대한 자신의 의견 등을 정확히 말하거나 쓰면서 문학을 매개로 이루어지는 소통 활동을 다양하게 경험할 수 있게 한다. 
• 작품을 선정할 때는 서책 형태의 작품은 물론 오디오북, 전자책 등의 매체로 만들어진 작품들, 애니메이션, 영화, 연극 등 다양한 방식으로 구현된 작품들도 함께 고려하여 선정한다.
• 학습자의 성취 정도를 판단할 때는 교수⋅학습에서 다룬 지식이나 개념에 대한 이해에한정하지 않고 작품을 감상하는 과정, 감상 결과를 표현하는 방법, 마음에 드는 작품을 설득력 있게 소개하고자 노력하는 자세, 문학을 즐기는 태도의 형성 등도 고려하여 평가한다."
3~4,국어,문학,"⋅문학은 인간의 삶을 언어로 형상화한 작품을 통해 즐거움과 깨달음을 얻고 타자와 소통하는 행위이다. 
⋅문학 작품을 통한 소통은 작품의 갈래, 작가와 독자, 사회와 문화, 문학사의 영향 등을 고려하며 이루어진다. 
⋅문학 수용⋅생산 능력은 문학의 해석, 감상, 비평, 창작 활동을 통해 향상된다. 
⋅인간은 문학을 향유하면서 자아를 성찰하고 타자를 이해하며 공동체의 일원으로 성장한다.",4국05-04,"감각적 표현에 유의하여 작품을 감상하고, 감각적 표현을 활용하여 자신의 생각이나 감정을 표현한다.","감각적 표현의 특성과 효과를 파악하며 작품을 감상하고, 감각적 표현을 적절하게 활용하여 자신의 생각이나 감정을 적극적으로 표현할 수 있다.","감각적 표현의 특성을 파악하며 작품을 감상하고, 감각적 표현을 활용하여 자신의 생각이나 감정을 표현할 수 있다.","감각적 표현의 특성을 부분적으로 파악하며 작품을 감상하고, 감각적 표현을 활용하여 자신의 생각이나 감정을 간단하게 표현한다.","이 성취기준은 문학 표현 방식의 효과와 기능을 이해하며 작품을 감상하고, 자신의 생각이나 느낌을 다양한 방법으로 나타내어 다른 이들과 나누게 하기 위해 설정하였다. 학습자로 하여금 감각적 표현을 통해 작품 속에 형상화된 대상을 생동감 있게 체험하면서 문학의 즐거움을 느끼게 하는 데 중점을 둔다. 또한 자신의 생각과 감정을 효과적으로 전달할 수 있는 감각적 표현을 활용하여 말을 하거나 글을 써 보고 감각적 표현을 사용하였을 때와 그렇지 않을 때의 차이를 비교하게 한다.","• 작품으로 형상화된 세계와 현실 세계를 비교하여 이해하고 감상하며, 그 결과를 다양한 방법으로 표현하는 능력을 기르는 데 중점을 둔다. 학습자가 자신의 흥미와 발달 단계에 맞는 작품을 찾아 읽고, 감상의 결과를 능동적으로 표현하면서 문학을 즐기는 태도를 기르도록 한다.
• 마음에 드는 작품을 소개하는 활동을 할 때는 국어과의 다른 영역 성취기준과 연계하여 학습자의 수준에 맞는 통합적 활동을 수행하게 할 수 있다. 작품이 마음에 든 이유, 작품에 대한 자신의 의견 등을 정확히 말하거나 쓰면서 문학을 매개로 이루어지는 소통 활동을 다양하게 경험할 수 있게 한다. 
• 작품을 선정할 때는 서책 형태의 작품은 물론 오디오북, 전자책 등의 매체로 만들어진 작품들, 애니메이션, 영화, 연극 등 다양한 방식으로 구현된 작품들도 함께 고려하여 선정한다.
• 학습자의 성취 정도를 판단할 때는 교수⋅학습에서 다룬 지식이나 개념에 대한 이해에한정하지 않고 작품을 감상하는 과정, 감상 결과를 표현하는 방법, 마음에 드는 작품을 설득력 있게 소개하고자 노력하는 자세, 문학을 즐기는 태도의 형성 등도 고려하여 평가한다."
3~4,국어,문학,"⋅문학은 인간의 삶을 언어로 형상화한 작품을 통해 즐거움과 깨달음을 얻고 타자와 소통하는 행위이다. 
⋅문학 작품을 통한 소통은 작품의 갈래, 작가와 독자, 사회와 문화, 문학사의 영향 등을 고려하며 이루어진다. 
⋅문학 수용⋅생산 능력은 문학의 해석, 감상, 비평, 창작 활동을 통해 향상된다. 
⋅인간은 문학을 향유하면서 자아를 성찰하고 타자를 이해하며 공동체의 일원으로 성장한다.",4국05-05,재미나 감동을 느끼며 작품을 즐겨 감상하는 태도를 지닌다.,재미나 감동을 느끼며 작품을 적극적으로 찾아 읽고 즐겨 감상하는 태도를 지닌다.,재미나 감동을 느끼며 작품을 읽고 즐기는 태도를 지닌다.,주어진 작품을 읽고 재미나 감동을 느끼는 태도를 지닌다.,,"• 작품으로 형상화된 세계와 현실 세계를 비교하여 이해하고 감상하며, 그 결과를 다양한 방법으로 표현하는 능력을 기르는 데 중점을 둔다. 학습자가 자신의 흥미와 발달 단계에 맞는 작품을 찾아 읽고, 감상의 결과를 능동적으로 표현하면서 문학을 즐기는 태도를 기르도록 한다.
• 마음에 드는 작품을 소개하는 활동을 할 때는 국어과의 다른 영역 성취기준과 연계하여 학습자의 수준에 맞는 통합적 활동을 수행하게 할 수 있다. 작품이 마음에 든 이유, 작품에 대한 자신의 의견 등을 정확히 말하거나 쓰면서 문학을 매개로 이루어지는 소통 활동을 다양하게 경험할 수 있게 한다. 
• 작품을 선정할 때는 서책 형태의 작품은 물론 오디오북, 전자책 등의 매체로 만들어진 작품들, 애니메이션, 영화, 연극 등 다양한 방식으로 구현된 작품들도 함께 고려하여 선정한다.
• 학습자의 성취 정도를 판단할 때는 교수⋅학습에서 다룬 지식이나 개념에 대한 이해에한정하지 않고 작품을 감상하는 과정, 감상 결과를 표현하는 방법, 마음에 드는 작품을 설득력 있게 소개하고자 노력하는 자세, 문학을 즐기는 태도의 형성 등도 고려하여 평가한다."
3~4,국어,매체,"⋅매체는 소통을 매개하는 도구, 기술, 환경으로 당대 사회의 소통 방식과 소통 문화에 영향을 미친다. 
⋅매체 이용자는 매체 자료의 주체적인 수용과 생산을 통해 정체성을 형성하고 사회적 의미 구성 과정에 관여한다. 
⋅매체 이용자는 매체 및 매체 소통의 영향력에 대한 이해와 자신과 타인의 권리를 지키기 위한 적극적인 노력을 통해 건강한 소통 공동체를 형성한다.",4국06-01,인터넷에서 학습에 필요한 다양한 자료를 탐색하고 목적에 맞게 자료를 선택한다.,학습 상황에 필요한 다양한 자료를 인터넷에서 효과적으로 탐색하고 목적에 적합한 자료를 선택하여 활용할 수 있다.,학습 상황에 필요한 다양한 자료를 인터넷에서 탐색하고 목적에 적합한 자료를 선택할 수 있다.,학습에 필요한 자료를 인터넷에서 탐색한다.,"이 성취기준은 다양한 교과 학습 맥락에서 인터넷에 접속하여 다양한 자료에 효과적으로 접근하고 유용한 정보를 선택하여 목적에 맞게 활용할 때 필요한 기초 능력을 기르기 위해 설정하였다. 교사의 안내에 따라 디지털 매체를 통해 지정된 인터넷 공간에 접속하기, 다양한 자료 훑어보기, 자료의 내용 파악하기, 유용한 자료 선택하기 등을 수행하고, 이를 통해 인터넷 접속 방법, 비선형적 자료의 탐색 방법, 목적에 맞는 정보 선택 방법 등을 체계적으로 학습한다.","• 학습자들이 이미 학교 밖에서 다양한 인터넷 활동을 경험하고 있음을 고려하여 자료 탐색과 선택, 매체 자료의 활용과 공유 등의 학습 활동 설계 시 학습자들의 실제 삶과 유기적으로 연계될 수 있도록 한다. 
• 인터넷에서 학습에 필요한 다양한 자료를 탐색하고 목적에 맞게 선택하기를 지도할 때는 인터넷 공간을 지정하여 제한된 범위에서 자료 탐색이 이루어질 수 있도록 하여 상위 학년의 내용 요소인 검색하기보다는 접속하기와 자료 훑어보기 등에 초점을 두어 지도한다. 
• 인터넷에서 학습에 필요한 다양한 자료를 탐색하고 목적에 맞게 선택하는 활동은 매체를 활용하여 간단한 발표 자료를 제작하는 활동과 순차적으로 연계될 수 있다. 또한 듣기⋅말하기 영역에서 목적과 주제에 맞게 자료를 정리하여 발표하는 활동([4국01-05])과도 연계하여 발표 자료의 준비, 제작, 발표에 이르는 일련의 과정을 지도할 수도 있다.
• 인터넷 접속 경험이 적고 자료 탐색 활동에 어려움을 겪는 학습자가 있는 경우, 보다 구체적인 안내를 통해 이들이 학습에서 소외되지 않도록 지도한다.
• 매체 소통 윤리와 관련된 활동을 지도할 때는 규범의 당위성만을 강조하기보다는 매체 소통에 참여하는 구성원으로서 지켜야 할 예절, 배려, 준법정신 등의 태도를 강조하고 바람직한 매체 소통 문화 형성에 기여하는 사회 구성원으로서의 소양을 기를 수 있도록 한다."
3~4,국어,매체,"⋅매체는 소통을 매개하는 도구, 기술, 환경으로 당대 사회의 소통 방식과 소통 문화에 영향을 미친다. 
⋅매체 이용자는 매체 자료의 주체적인 수용과 생산을 통해 정체성을 형성하고 사회적 의미 구성 과정에 관여한다. 
⋅매체 이용자는 매체 및 매체 소통의 영향력에 대한 이해와 자신과 타인의 권리를 지키기 위한 적극적인 노력을 통해 건강한 소통 공동체를 형성한다.",4국06-02,매체를 활용하여 간단한 발표 자료를 만든다.,다양한 매체를 활용하여 간단한 발표 자료를 짜임새 있게 만들 수 있다.,매체를 활용하여 간단한 발표 자료를 만들 수 있다.,매체를 활용하여 발표 자료의 일부를 만든다.,,"• 학습자들이 이미 학교 밖에서 다양한 인터넷 활동을 경험하고 있음을 고려하여 자료 탐색과 선택, 매체 자료의 활용과 공유 등의 학습 활동 설계 시 학습자들의 실제 삶과 유기적으로 연계될 수 있도록 한다. 
• 인터넷에서 학습에 필요한 다양한 자료를 탐색하고 목적에 맞게 선택하기를 지도할 때는 인터넷 공간을 지정하여 제한된 범위에서 자료 탐색이 이루어질 수 있도록 하여 상위 학년의 내용 요소인 검색하기보다는 접속하기와 자료 훑어보기 등에 초점을 두어 지도한다. 
• 인터넷에서 학습에 필요한 다양한 자료를 탐색하고 목적에 맞게 선택하는 활동은 매체를 활용하여 간단한 발표 자료를 제작하는 활동과 순차적으로 연계될 수 있다. 또한 듣기⋅말하기 영역에서 목적과 주제에 맞게 자료를 정리하여 발표하는 활동([4국01-05])과도 연계하여 발표 자료의 준비, 제작, 발표에 이르는 일련의 과정을 지도할 수도 있다.
• 인터넷 접속 경험이 적고 자료 탐색 활동에 어려움을 겪는 학습자가 있는 경우, 보다 구체적인 안내를 통해 이들이 학습에서 소외되지 않도록 지도한다.
• 매체 소통 윤리와 관련된 활동을 지도할 때는 규범의 당위성만을 강조하기보다는 매체 소통에 참여하는 구성원으로서 지켜야 할 예절, 배려, 준법정신 등의 태도를 강조하고 바람직한 매체 소통 문화 형성에 기여하는 사회 구성원으로서의 소양을 기를 수 있도록 한다."
3~4,국어,매체,"⋅매체는 소통을 매개하는 도구, 기술, 환경으로 당대 사회의 소통 방식과 소통 문화에 영향을 미친다. 
⋅매체 이용자는 매체 자료의 주체적인 수용과 생산을 통해 정체성을 형성하고 사회적 의미 구성 과정에 관여한다. 
⋅매체 이용자는 매체 및 매체 소통의 영향력에 대한 이해와 자신과 타인의 권리를 지키기 위한 적극적인 노력을 통해 건강한 소통 공동체를 형성한다.",4국06-03,매체 소통 윤리를 고려하여 매체 자료를 활용하고 공유한다.,매체 소통 윤리를 이해하고 이를 지키며 매체 자료를 적극적으로 활용하고 공유할 수 있다.,기본적인 매체 소통 윤리를 이해하면서 매체 자료를 활용하고 공유할 수 있다.,매체 소통 윤리를 부분적으로 이해하면서 매체 자료를 일부 활용하거나 공유한다.,"이 성취기준은 매체 기반의 소통에서 지켜야 할 기본적인 윤리를 이해하고 이를 고려하며 매체 자료를 활용하거나 공유할 수 있는 능력을 기르기 위해 설정하였다. 다양한 매체 자료를 활용하거나 공유하는 과정에서 저작권과 초상권 침해, 개인 정보 유출 등의 문제가 발생할 수 있음을 이해한다. 다양한 사례를 통해 매체 이용자로서 소통 윤리를 지키려는 태도를 기르고, 매체 자료를 안전하고 올바르게 활용하고 공유할 수 있는 방법 등을 학습한다.","• 학습자들이 이미 학교 밖에서 다양한 인터넷 활동을 경험하고 있음을 고려하여 자료 탐색과 선택, 매체 자료의 활용과 공유 등의 학습 활동 설계 시 학습자들의 실제 삶과 유기적으로 연계될 수 있도록 한다. 
• 인터넷에서 학습에 필요한 다양한 자료를 탐색하고 목적에 맞게 선택하기를 지도할 때는 인터넷 공간을 지정하여 제한된 범위에서 자료 탐색이 이루어질 수 있도록 하여 상위 학년의 내용 요소인 검색하기보다는 접속하기와 자료 훑어보기 등에 초점을 두어 지도한다. 
• 인터넷에서 학습에 필요한 다양한 자료를 탐색하고 목적에 맞게 선택하는 활동은 매체를 활용하여 간단한 발표 자료를 제작하는 활동과 순차적으로 연계될 수 있다. 또한 듣기⋅말하기 영역에서 목적과 주제에 맞게 자료를 정리하여 발표하는 활동([4국01-05])과도 연계하여 발표 자료의 준비, 제작, 발표에 이르는 일련의 과정을 지도할 수도 있다.
• 인터넷 접속 경험이 적고 자료 탐색 활동에 어려움을 겪는 학습자가 있는 경우, 보다 구체적인 안내를 통해 이들이 학습에서 소외되지 않도록 지도한다.
• 매체 소통 윤리와 관련된 활동을 지도할 때는 규범의 당위성만을 강조하기보다는 매체 소통에 참여하는 구성원으로서 지켜야 할 예절, 배려, 준법정신 등의 태도를 강조하고 바람직한 매체 소통 문화 형성에 기여하는 사회 구성원으로서의 소양을 기를 수 있도록 한다."
3~4,도덕,자신과의 관계,"⋅성실은 도덕적 가치와 덕목을 일관되게 추구하도록 하여 도덕적 삶으로 이끈다. 
⋅자아에 대한 탐구와 성찰은 자신을 존중하는 마음을 기르는 도덕 공부의 기초이다.",4도01-01,자신의 감정을 소중히 여기며 존중하는 태도를 바탕으로 내가 누구인가를 탐구한다.,자신의 감정을 꾸준히 존중하는 태도를 바탕으로 내가 누구인가를 다각도로 탐구한다.,자신의 감정을 존중하는 태도를 바탕으로 내가 누구인가를 탐구한다.,자신의 감정에 관심을 가지고 내가 누구인가를 탐구하려고 노력한다.,,"● 학생이 성실하게 생활하면서도 자신의 삶에 대한 반성을 통해 도덕적인 삶으로 개선시켜 나갈 수 있도록 하는 것에 중점을 둘 필요가 있다.
● 성취기준의 내용은 핵심 가치인 성실을 비롯하여 자기존중, 정직, 자주, 반성 등이 관련되어 있다. 각각의 내용은 복합적으로 서로 작용하여 학생의 행동으로 드러나므로 통합적으로 다루어질 필요가 있다.
● 성취기준이 주로 자기 이해의 도덕적 성장을 도모하는 내용으로 구성된 점을 감안하여, 학생의 일상생활에서 탐구 활동을 통하여 사례가 확인될 수 있어야 교육의 효과를 극대화할 수 있다."
3~4,도덕,자신과의 관계,"⋅성실은 도덕적 가치와 덕목을 일관되게 추구하도록 하여 도덕적 삶으로 이끈다. 
⋅자아에 대한 탐구와 성찰은 자신을 존중하는 마음을 기르는 도덕 공부의 기초이다.",4도01-02,정직의 의미를 알고 모범적인 사례를 탐색하여 바르게 행동하려는 태도를 기른다.,정직의 의미를 포괄적으로 이해하고 다양한 모범 사례를 탐색하여 생활 전반에서 바르게 행동하려는 태도를 기른다.,정직의 의미를 이해하고 모범 사례를 탐색하여 바르게 행동하려는 태도를 기른다.,정직의 의미를 단편적으로 이해하고 모범 사례 탐색에 관심을 가지며 바르게 행동하려는 태도를 기르고자 노력한다.,,"● 학생이 성실하게 생활하면서도 자신의 삶에 대한 반성을 통해 도덕적인 삶으로 개선시켜 나갈 수 있도록 하는 것에 중점을 둘 필요가 있다.
● 성취기준의 내용은 핵심 가치인 성실을 비롯하여 자기존중, 정직, 자주, 반성 등이 관련되어 있다. 각각의 내용은 복합적으로 서로 작용하여 학생의 행동으로 드러나므로 통합적으로 다루어질 필요가 있다.
● 성취기준이 주로 자기 이해의 도덕적 성장을 도모하는 내용으로 구성된 점을 감안하여, 학생의 일상생활에서 탐구 활동을 통하여 사례가 확인될 수 있어야 교육의 효과를 극대화할 수 있다."
3~4,도덕,자신과의 관계,"⋅성실은 도덕적 가치와 덕목을 일관되게 추구하도록 하여 도덕적 삶으로 이끈다. 
⋅자아에 대한 탐구와 성찰은 자신을 존중하는 마음을 기르는 도덕 공부의 기초이다.",4도01-03,성실한 생활의 모범 사례를 탐색하고 시간 관리를 위한 생활을 계획하여 지속적인 자기 성장을 모색한다.,성실한 생활의 다양한 모범 사례를 탐색하고 생활 전반에 걸쳐 시간 관리를 위한 생활 계획을 세우며 지속적인 자기 성장을 모색한다.,성실한 생활의 모범 사례를 탐색하고 시간 관리를 위한 생활 계획을 세우며 자기 성장을 모색한다.,성실한 생활의 모범 사례를 인식하고 시간 관리를 위한 생활 계획을 세우려 노력하며 자기 성장에 관심을 가진다.,,"● 학생이 성실하게 생활하면서도 자신의 삶에 대한 반성을 통해 도덕적인 삶으로 개선시켜 나갈 수 있도록 하는 것에 중점을 둘 필요가 있다.
● 성취기준의 내용은 핵심 가치인 성실을 비롯하여 자기존중, 정직, 자주, 반성 등이 관련되어 있다. 각각의 내용은 복합적으로 서로 작용하여 학생의 행동으로 드러나므로 통합적으로 다루어질 필요가 있다.
● 성취기준이 주로 자기 이해의 도덕적 성장을 도모하는 내용으로 구성된 점을 감안하여, 학생의 일상생활에서 탐구 활동을 통하여 사례가 확인될 수 있어야 교육의 효과를 극대화할 수 있다."
3~4,도덕,자신과의 관계,"⋅성실은 도덕적 가치와 덕목을 일관되게 추구하도록 하여 도덕적 삶으로 이끈다. 
⋅자아에 대한 탐구와 성찰은 자신을 존중하는 마음을 기르는 도덕 공부의 기초이다.",4도01-04,다른 사람의 관점을 수용할 수 있는지를 도덕적으로 검토하고 도덕규범을 내면화하여 도덕적으로 행동할 수 있는 자세를 기른다.,다른 사람의 관점을 수용할 수 있는지를 도덕적으로 검토하며 생활 전반에서 도덕규범을 내면화하여 도덕적으로 행동할 수 있는 자세를 가진다.,다른 사람의 관점을 수용할 수 있는지를 도덕적으로 검토하며 도덕규범을 내면화하여 도덕적으로 행동할 수 있는 자세를 가진다.,다른 사람의 관점을 수용할 수 있는지를 검토하려고 노력하며 도덕규범에 관심을 가지고 도덕적으로 행동하려고 노력한다.,,"● 학생이 성실하게 생활하면서도 자신의 삶에 대한 반성을 통해 도덕적인 삶으로 개선시켜 나갈 수 있도록 하는 것에 중점을 둘 필요가 있다.
● 성취기준의 내용은 핵심 가치인 성실을 비롯하여 자기존중, 정직, 자주, 반성 등이 관련되어 있다. 각각의 내용은 복합적으로 서로 작용하여 학생의 행동으로 드러나므로 통합적으로 다루어질 필요가 있다.
● 성취기준이 주로 자기 이해의 도덕적 성장을 도모하는 내용으로 구성된 점을 감안하여, 학생의 일상생활에서 탐구 활동을 통하여 사례가 확인될 수 있어야 교육의 효과를 극대화할 수 있다."
3~4,도덕,타인과의 관계,"⋅배려는 타인에 대한 관심과 공감을 기반으로 타인의 삶을 개선한다. 
⋅차이의 존중은 갈등을 평화적으로 해결하고 타인과 더불어 사는 삶으로 이끈다.",4도02-01,"효, 우애의 의미와 필요성을 명료하게 이해하고 가족의 행복을 위해 할 수 있는 일을 탐색하여 실천 계획을 세운다.","효, 우애의 의미와 필요성에 대해 명료하게 이해하고 가족의 행복을 위해 자신이 할 수 있는 다양한 일을 탐색하여 실천 계획을 세운다.","효, 우애의 의미와 필요성에 대해 이해하고 가족의 행복을 위해 자신이 할 수 있는 일을 탐색하여 실천 계획을 세운다.","효, 우애의 의미와 필요성에 대해 대략적으로 이해하고 가족의 행복을 위해 자신이 할 수 있는 일을 탐색하여 실천 계획을 세우는 것에 관심을 가진다.",,"● 다른 사람과의 원만한 관계를 위해 타인과의 관계에서 발생하는 문제를 올바로 인식하고 해결할 수 있는 역량을 함양하도록 한다.
● 배려와 감사, 봉사, 차이 존중 등과 관련된 도덕적 문제 상황에서 문제 해결을 위한 여러 가지 방법을 스스로 찾아보고 그 방법의 타당성을 점검해 볼 수 있는 기회를 제공한다.
● 학생과 인공지능 로봇의 올바른 관계 형성뿐만 아니라 인공지능 윤리의식 함양에도 역점을 둔다.
● 다양한 도덕적 문제 상황에 직면하여 학생 스스로 생각하여 의미 있고 책임 있는 의사 결정을 할 수 있는 역량 함양에 중점을 둔다."
3~4,도덕,타인과의 관계,"⋅배려는 타인에 대한 관심과 공감을 기반으로 타인의 삶을 개선한다. 
⋅차이의 존중은 갈등을 평화적으로 해결하고 타인과 더불어 사는 삶으로 이끈다.",4도02-02,친구 사이의 배려에 대한 올바른 이해를 바탕으로 일상생활에서 배려에 기반한 도덕적 관계를 맺을 수 있는 방안을 탐색한다.,친구 사이의 배려에 대한 올바른 이해를 바탕으로 일상생활에서 배려에 기반한 도덕적 관계를 맺을 수 있는 방안을 다각도로 탐색한다.,친구 사이의 배려에 대한 올바른 이해를 바탕으로 일상생활에서 배려에 기반한 도덕적 관계를 맺을 수 있는 방안을 탐색한다.,친구 사이의 배려에 대한 이해를 바탕으로 배려에 기반한 도덕적 관계를 맺을 수 있는 방안에 관심을 가진다.,,"● 다른 사람과의 원만한 관계를 위해 타인과의 관계에서 발생하는 문제를 올바로 인식하고 해결할 수 있는 역량을 함양하도록 한다.
● 배려와 감사, 봉사, 차이 존중 등과 관련된 도덕적 문제 상황에서 문제 해결을 위한 여러 가지 방법을 스스로 찾아보고 그 방법의 타당성을 점검해 볼 수 있는 기회를 제공한다.
● 학생과 인공지능 로봇의 올바른 관계 형성뿐만 아니라 인공지능 윤리의식 함양에도 역점을 둔다.
● 다양한 도덕적 문제 상황에 직면하여 학생 스스로 생각하여 의미 있고 책임 있는 의사 결정을 할 수 있는 역량 함양에 중점을 둔다."
3~4,도덕,타인과의 관계,"⋅배려는 타인에 대한 관심과 공감을 기반으로 타인의 삶을 개선한다. 
⋅차이의 존중은 갈등을 평화적으로 해결하고 타인과 더불어 사는 삶으로 이끈다.",4도02-03,공감의 태도가 필요한 이유를 이해하고 도덕적 상상력을 바탕으로 대상과 상황에 따라 감정을 나누는 방법을 탐구하여 실천한다.,타인 공감의 태도가 필요한 이유를 포괄적으로 이해하고 도덕적 상상력을 바탕으로 대상과 상황에 따라 감정 나누는 방법을 다각도로 탐구하여 생활 전반에서 실천한다.,타인 공감의 태도가 필요한 이유를 이해하고 도덕적 상상력을 바탕으로 대상과 상황에 따라 감정 나누는 방법을 탐구하여 실천한다.,타인 공감의 태도가 필요한 이유를 단편적으로 이해하고 도덕적 상상력을 바탕으로 대상과 상황에 따라 감정 나누는 방법에 관심을 가지고 실천하려고 노력한다.,,"● 다른 사람과의 원만한 관계를 위해 타인과의 관계에서 발생하는 문제를 올바로 인식하고 해결할 수 있는 역량을 함양하도록 한다.
● 배려와 감사, 봉사, 차이 존중 등과 관련된 도덕적 문제 상황에서 문제 해결을 위한 여러 가지 방법을 스스로 찾아보고 그 방법의 타당성을 점검해 볼 수 있는 기회를 제공한다.
● 학생과 인공지능 로봇의 올바른 관계 형성뿐만 아니라 인공지능 윤리의식 함양에도 역점을 둔다.
● 다양한 도덕적 문제 상황에 직면하여 학생 스스로 생각하여 의미 있고 책임 있는 의사 결정을 할 수 있는 역량 함양에 중점을 둔다."
3~4,도덕,사회⋅공동체와의 관계,"⋅사회 정의는 시민의 인간다운 삶을 보장하는 도덕공동체의 토대가 된다. 
⋅세계시민은 인류의 문제를 이해하고 공감하여 인류 번영과 세계 평화에 기여한다.",4도03-01,"불공정의 사례를 탐구하고, 일상생활에서 공정의 가치를 추구하는 활동을 통해 실천 의지를 함양한다.",불공정의 사례를 다각도로 탐구하고 일상생활에서 공정의 가치를 추구하는 활동을 통해 적극적인 실천 의지를 가진다.,불공정의 사례를 탐구하고 일상생활에서 공정의 가치를 추구하는 활동을 통해 실천 의지를 가진다.,불공정의 사례를 인식하고 일상생활에서 공정의 가치를 추구하는 활동에 관심을 가진다.,이 성취기준의 취지는 학생이 자신의 삶에서 공정이라는 가치에 관해 성찰하는 기회를 갖도록 하여 공정한 사회로 발전해가는 토대를 마련하려는 것이다. 학생이 공정과 불공정의 사례를 스스로 탐구하고 일상에서 공정을 실제로 추구하는 활동을 실천함으로써 공정의 가치를 생활화할 수 있도록 한다.,"● 공동체 구성원 모두 인권을 지니고 있음을 느낄 수 있도록 하며 인권의 의미와 중요성에 대해 탐구하는 과정에서 인권 감수성을 강화할 수 있도록 한다. 
● 학생의 일상에서 공정과 불공정의 사례를 탐색하고 자신의 이익과 공정이라는 가치가 대립할 때 어떻게 판단하고 행동해야 하는지를 구체적으로 다루도록 한다. 
● 인공지능 윤리, 미디어 문해력 등과 관련된 문제를 도덕적인 관점에서 살펴보고 해결 방안을 탐구한다. 
● 통일에 관해 다양한 관점을 탐색하면서 균형 잡힌 통일의식을 함양하고 북한 주민에 대한 이해의 과정을 확장하여 인류애까지 이어지도록 한다."
3~4,도덕,사회⋅공동체와의 관계,"⋅사회 정의는 시민의 인간다운 삶을 보장하는 도덕공동체의 토대가 된다. 
⋅세계시민은 인류의 문제를 이해하고 공감하여 인류 번영과 세계 평화에 기여한다.",4도03-02,"디지털 사회에서 발생하는 다양한 문제를 살펴보고, 해결 방안을 탐구하여 정보통신 윤리에 대한 민감성을 기른다.",디지털 사회에서 발생하는 다양한 문제를 살펴보고 해결 방안을 다각도로 탐구하여 정보통신 윤리에 대한 민감성을 가진다.,디지털 사회에서 발생하는 문제를 살펴보고 해결 방안을 탐구하여 정보통신 윤리에 대한 민감성을 가진다.,디지털 사회에서 발생하는 문제를 살펴보고 해결 방안에 관심을 가지며 정보통신 윤리에 대한 민감성을 기르고자 노력한다.,,"● 공동체 구성원 모두 인권을 지니고 있음을 느낄 수 있도록 하며 인권의 의미와 중요성에 대해 탐구하는 과정에서 인권 감수성을 강화할 수 있도록 한다. 
● 학생의 일상에서 공정과 불공정의 사례를 탐색하고 자신의 이익과 공정이라는 가치가 대립할 때 어떻게 판단하고 행동해야 하는지를 구체적으로 다루도록 한다. 
● 인공지능 윤리, 미디어 문해력 등과 관련된 문제를 도덕적인 관점에서 살펴보고 해결 방안을 탐구한다. 
● 통일에 관해 다양한 관점을 탐색하면서 균형 잡힌 통일의식을 함양하고 북한 주민에 대한 이해의 과정을 확장하여 인류애까지 이어지도록 한다."
3~4,도덕,사회⋅공동체와의 관계,"⋅사회 정의는 시민의 인간다운 삶을 보장하는 도덕공동체의 토대가 된다. 
⋅세계시민은 인류의 문제를 이해하고 공감하여 인류 번영과 세계 평화에 기여한다.",4도03-03,"통일의 필요성을 이해하고, 통일 감수성을 길러 바람직한 통일의 방향을 모색한다.",통일의 필요성에 대해 전반적으로 이해하고 통일 감수성을 길러 바람직한 통일의 방향을 다각도로 모색한다.,통일의 필요성에 대해 이해하고 통일 감수성을 길러 바람직한 통일의 방향을 모색한다.,통일의 필요성에 대해 부분적으로 이해하고 통일 감수성을 기르고자 노력하여 바람직한 통일의 방향에 관심을 가진다.,,"● 공동체 구성원 모두 인권을 지니고 있음을 느낄 수 있도록 하며 인권의 의미와 중요성에 대해 탐구하는 과정에서 인권 감수성을 강화할 수 있도록 한다. 
● 학생의 일상에서 공정과 불공정의 사례를 탐색하고 자신의 이익과 공정이라는 가치가 대립할 때 어떻게 판단하고 행동해야 하는지를 구체적으로 다루도록 한다. 
● 인공지능 윤리, 미디어 문해력 등과 관련된 문제를 도덕적인 관점에서 살펴보고 해결 방안을 탐구한다. 
● 통일에 관해 다양한 관점을 탐색하면서 균형 잡힌 통일의식을 함양하고 북한 주민에 대한 이해의 과정을 확장하여 인류애까지 이어지도록 한다."
3~4,도덕,자연과의 관계,"⋅자연에 대한 윤리적 책임은 자연의 본래 가치에 관한 이해를 높여 생태전환을 이끈다. 
⋅자연을 아끼고 생명을 소중히 여기는 마음은 환경 위기의 극복을 돕는다.",4도04-01,생명 경시 사례를 조사하고 문제 해결 방법을 탐구함으로써 생명의 소중함을 이해한다.,다양한 생명 경시 사례를 조사하고 문제 해결 방법을 다각도로 탐구함으로써 생명의 소중함을 포괄적으로 이해한다.,생명 경시 사례를 조사하고 문제 해결 방법을 탐구함으로써 생명의 소중함을 이해한다.,생명 경시 사례에 관심을 가짐으로써 생명의 소중함을 단편적으로 이해한다.,,"● 생명의 소중함에 대한 인식을 바탕으로 도덕적 정서에 기반을 둔 생태 감수성을 기를 수 있도록 수업을 계획한다.
● 생명 경시 사례, 과도한 개발 문제, 기후 문제 등 지구의 환경 위기 상황을 초래하고 있는 도덕적 쟁점을 주제로 지속가능한 삶에 대하여 탐구하는 기회를 제공한다.
● 미래 세대에 대한 책임이나 자연과의 공생 방법을 탐색할 때 현재 상태를 부정적으로 생각하지 않도록 주의하여 지도한다. 
● 학생 스스로 협력적 연대를 통하여 자연과의 바람직한 공존을 위해 실천가능한 수준에서 문제 해결 방법을 모색할 수 있도록 한다."
3~4,도덕,자연과의 관계,"⋅자연에 대한 윤리적 책임은 자연의 본래 가치에 관한 이해를 높여 생태전환을 이끈다. 
⋅자연을 아끼고 생명을 소중히 여기는 마음은 환경 위기의 극복을 돕는다.",4도04-02,인간과 자연이 함께 살아야 하는 이유를 이해하고 공생을 위한 구체적인 실천 계획을 세우며 생태 감수성을 기른다.,인간과 자연이 함께 살아야 하는 이유를 포괄적으로 이해하고 자연과의 공생을 위한 구체적인 실천 계획을 다양하게 수립하며 생태 감수성을 기른다.,인간과 자연이 함께 살아야 하는 이유를 이해하고 자연과의 공생을 위한 구체적인 실천 계획을 세우며 생태 감수성을 기른다.,인간과 자연이 함께 살아야 하는 이유를 단편적으로 이해하고 자연과의 공생을 위한 실천 계획을 세우는 것에 관심을 가지며 생태 감수성을 기르고자 노력한다.,"[4도04-02] 이 성취기준의 취지는 학생이 일상에서 자연스럽게 생태 감수성과 생태전환적 사고에 따라 실천하도록 하기 위한 것이다. 생태전환과 관련된 도덕적 쟁점을 마주할 때 단순히 생태 체험에만 그치지 않고, 인간중심 사고에서 벗어나 자연과의 공존을 위한 생각과 행동의 변화까지 모색한다.","● 생명의 소중함에 대한 인식을 바탕으로 도덕적 정서에 기반을 둔 생태 감수성을 기를 수 있도록 수업을 계획한다.
● 생명 경시 사례, 과도한 개발 문제, 기후 문제 등 지구의 환경 위기 상황을 초래하고 있는 도덕적 쟁점을 주제로 지속가능한 삶에 대하여 탐구하는 기회를 제공한다.
● 미래 세대에 대한 책임이나 자연과의 공생 방법을 탐색할 때 현재 상태를 부정적으로 생각하지 않도록 주의하여 지도한다. 
● 학생 스스로 협력적 연대를 통하여 자연과의 바람직한 공존을 위해 실천가능한 수준에서 문제 해결 방법을 모색할 수 있도록 한다."
3~4,사회,지리 인식,"⋅지표상에 분포하는 모든 사건과 현상은 절대적, 상대적 위치와 다양한 규모의 영역을 차지한다.
⋅장소는 다른 장소와 차별되는 자연적⋅인문적 성격을 지니며, 특정 장소에 따른 장소감은 개인이나 집단에 따라 다양하다.
⋅지표 세계는 장소적 성격의 동질성, 기능적 상호 관련성, 지역민의 인지 등의 측면에서 다양하게 구분되며, 이렇게 구분된 지역은 고유한 지역성이 나타난다. 
⋅지도를 비롯한 다양한 공간자료와 도구를 통한 지리 정보 수집은 장소와 지역의 여러 현상과 사건을 분석하고 해석하며 추론하는 데 필수적이다.",4사01–01,"주변 여러 장소에서의 경험과 느낌을 다양한 방식으로 표현하고, 장소감을 나누며 서로 존중하는 태도를 지닌다.","주변 여러 장소에서의 경험과 느낌을 다양한 방식으로 표현하며 주변 장소에 관심을 가지고, 다른 사람과 장소감을 비교하며 서로 다른 장소감을 존중하는 태도를 가진다.","주변 여러 장소에서의 경험과 느낌을 다양한 방식으로 표현하고, 다른 사람의 장소감을 관찰하며 서로 다른 장소감을 존중하는 태도를 가진다.","주변 여러 장소에서의 경험과 느낌을 표현하고, 다른 사람의 장소감을 관찰하며 서로 다른 장소감의 차이를 발견할 수 있다.","[4사01-01]은 학생들의 생활이 이루어지는 주변 여러 장소에서의 경험과 느낌을 글, 그림, 심상지도 등의 다양한 방식으로 표현하고, 이를 통해 사람마다 장소감의 차이가 나타날 수 있음을 이해하도록 설정한 것이다. 장소감이란 장소에 대한 인지, 감정, 태도, 행동을 포괄하는 것으로 개인이나 집단이 장소에 부여하는 의미나 관심을 뜻한다. 장소 경험을 공유하는 과정에서 장소감의 차이를 이해하고 서로 존중하며, 주변의 장소를 알아가면서 이에 대한 관심을 심화시키는 데 초점을 맞춘다.","• 우리가 사는 곳의 범위는 생활권을 기반으로 하되 여가, 쇼핑을 위한 이동 및 학생의 경험 등 일상생활이 이루어지는 공간 범위를 고려하여 탄력적으로 설정할 수 있다. 1-2학년군 통합 교과의 ‘동네’, ‘마을’과는 차별적으로 차량을 이용하여 자주 방문하는 장소도 포함할 수 있다. 
• 삶의 터전에 관심을 가지고 학생의 생활과 관련이 깊은 주변의 장소를 탐색하는 데 중점을 둔다. 또한 우리가 사는 곳의 좋은 점, 불편한 점 등을 살펴보면서 살기 좋은 삶터를 만드는 방안을 생각해보고, 이를 알리는 활동을 수행할 수 있다. 
• 우리가 사는 곳의 여러 장소를 탐색할 때는 디지털 영상지도, 사진 등의 자료나 현장답사 등으로 실제 모습을 파악하는 활동을 수행할 수 있다. 
• 장소감을 표현하고 이를 공유하는 과정에서 장소에 대한 관심 정도 및 의사소통 능력과 태도를 평가할 수 있으며, 이때 장소에 대한 감정과 같은 정의적 영역뿐만 아니라 인지적, 행동적 영역을 고려한다."
3~4,사회,지리 인식,"⋅지표상에 분포하는 모든 사건과 현상은 절대적, 상대적 위치와 다양한 규모의 영역을 차지한다.
⋅장소는 다른 장소와 차별되는 자연적⋅인문적 성격을 지니며, 특정 장소에 따른 장소감은 개인이나 집단에 따라 다양하다.
⋅지표 세계는 장소적 성격의 동질성, 기능적 상호 관련성, 지역민의 인지 등의 측면에서 다양하게 구분되며, 이렇게 구분된 지역은 고유한 지역성이 나타난다. 
⋅지도를 비롯한 다양한 공간자료와 도구를 통한 지리 정보 수집은 장소와 지역의 여러 현상과 사건을 분석하고 해석하며 추론하는 데 필수적이다.",4사01–02,"주변의 여러 장소를 살펴보고, 우리가 사는 곳을 더 살기 좋은 곳으로 만드는 방안을 탐색한다.","주변 여러 장소를 조사하여 좋은 점과 불편한 점을 구분하고, 살기 좋은 곳의 조건을 분석하여 우리가 사는 곳을 더 살기 좋은 곳으로 만드는 방법을 제안할 수 있다.","주변의 여러 장소를 조사하여 좋은 점과 불편한 점을 구분하고, 우리가 사는 곳을 더 살기 좋은 곳으로 만드는 방법을 제시할 수 있다.","주변의 여러 장소를 조사하여, 좋은 점과 불편한 점을 나열할 수 있다.","[4사01-02]는 학생들이 생활하는 데 편익을 제공하는 주요 장소 및 시설이나 기관을 살펴보고, 우리가 사는 곳을 더 살기 좋은 곳으로 만드는 방안을 찾아보도록 설정한 것이다. 특히, 우리가 사는 곳의 놀이⋅여가, 안전, 교육⋅문화, 건강⋅의료 등과 관련 있는 장소를 조사하여 좋은 점, 불편한 점 등을 확인하고, 학생들의 관점에서 살기 좋은 곳의 조건을 생각하면서 우리가 사는 곳에 관심을 가지도록 하는 데 중점을 둔다.","• 우리가 사는 곳의 범위는 생활권을 기반으로 하되 여가, 쇼핑을 위한 이동 및 학생의 경험 등 일상생활이 이루어지는 공간 범위를 고려하여 탄력적으로 설정할 수 있다. 1-2학년군 통합 교과의 ‘동네’, ‘마을’과는 차별적으로 차량을 이용하여 자주 방문하는 장소도 포함할 수 있다. 
• 삶의 터전에 관심을 가지고 학생의 생활과 관련이 깊은 주변의 장소를 탐색하는 데 중점을 둔다. 또한 우리가 사는 곳의 좋은 점, 불편한 점 등을 살펴보면서 살기 좋은 삶터를 만드는 방안을 생각해보고, 이를 알리는 활동을 수행할 수 있다. 
• 우리가 사는 곳의 여러 장소를 탐색할 때는 디지털 영상지도, 사진 등의 자료나 현장답사 등으로 실제 모습을 파악하는 활동을 수행할 수 있다. 
• 장소감을 표현하고 이를 공유하는 과정에서 장소에 대한 관심 정도 및 의사소통 능력과 태도를 평가할 수 있으며, 이때 장소에 대한 감정과 같은 정의적 영역뿐만 아니라 인지적, 행동적 영역을 고려한다."
3~4,사회,역사 일반,"⋅시대에 따라 지역, 교통⋅통신, 풍습 등 생활 모습이 달라진다. 
⋅과거의 모습을 보여주는 자료는 역사의 증거로 활용된다. 
⋅일상생활 속 과거에 관심을 가짐으로써 자신을 역사적 존재로 인식한다.",4사02-01,"일상 속에서 시간의 흐름을 경험할 수 있는 사례를 살펴보고, 이를 바탕으로 역사의 시간 개념을 이해한다.",일상 속에서 시간의 흐름을 경험할 수 있는 사례를 분석하여 역사의 시간 개념을 탐구하고 시간의 흐름 속에서 자신의 위치를 확인할 수 있다.,일상 속에서 시간의 흐름을 경험할 수 있는 사례를 찾아보고 이를 바탕으로 역사의 시간 개념을 설명할 수 있다.,일상 속에서 시간의 흐름을 경험할 수 있는 사례를 찾을 수 있다.,"[4사02-01]은 가정, 학교 등 학생 주변의 사례를 활용하여 역사의 시간 개념을 이해하도록 설정한 것이다. 역사에서 자주 사용하는 시간 표현 용어, 시간의 흐름 속에서 어떤 사건의 시간상 위치를 파악하는 등 역사의 시간 개념을 이해한다.","• [4사02-01]은 시간을 표현하는 용어, 사건의 시간적 위치, 과거와 현재의 거리감 등을 통해 역사의 시간 개념을 이해하고 시간 감각을 키우는 데 중점을 둔다. 
• 나와 가족, 학교 등에서 일어난 중요한 일을 조사하여 시간의 흐름에 따라 배열하고 옛 기록이나 일기에서 시간 표현 용어를 찾아보는 등의 활동으로 역사의 시간 개념을 익힌다. 이러한 활동으로 나와 가족의 삶도 역사의 일부임을 자연스럽게 이해한다.
• 학생의 애장품(장난감, 일기장 등), 주변에서 접할 수 있는 오래된 물건이나 건축물 등이 과거를 알려주는 중요한 자료로서 가치가 있음을 이해한다. 
• 과거를 알려주는 물건이나 자료 등을 활용하여 과거의 모습을 합리적으로 추론하며, 어떤 자료를 선택하였는지에 따라 과거에 대한 설명이 달라질 수 있음을 파악한다. 
• 주변 사람들의 증언과 사진, 영상, 문헌 등 자료를 활용해 지역의 변화상과 사람들의 달라진 생활 모습을 살펴본다.
• 지역의 의미는 학생이 살고 있는 현재 행정구역 단위를 기본으로 하되 과거 사람들이 살았던 지역의 범위와 다르다는 점에 유의한다. 
• 학생이 적절한 자료를 활용하여 역사의 시간 개념, 과거를 보여주는 증거, 지역의 변화상과 달라진 사람들의 생활을 이해하였는지 평가한다."
3~4,사회,역사 일반,"⋅시대에 따라 지역, 교통⋅통신, 풍습 등 생활 모습이 달라진다. 
⋅과거의 모습을 보여주는 자료는 역사의 증거로 활용된다. 
⋅일상생활 속 과거에 관심을 가짐으로써 자신을 역사적 존재로 인식한다.",4사02-02,"오래된 물건이나 자료들을 주변에서 찾아보고, 이를 통해 과거의 모습을 살펴볼 수 있음을 이해한다.","주변에서 오래된 물건이나 자료들을 찾아보며 과거의 모습을 탐색하고, 역사가 증거를 바탕으로 구성된다는 것을 추정할 수 있다.","주변에서 오래된 물건이나 자료들을 찾아보고, 이들이 과거의 모습을 알려주는 증거임을 짐작하여 설명할 수 있다.",주변에서 과거의 모습을 살펴볼 수 있는 오래된 물건이나 자료들을 찾을 수 있다.,"[4사02-02]는 주변의 오래된 물건이나 자료 등이 과거 모습을 알려주는 증거 역할을 한다는 것을 이해하도록 설정한 것이다. 학생의 애장품을 비롯해 생활 주변에서 볼 수 있는 오래된 물건이나 자료(신문 기사, 편지, 일기, 노래 가사, 사진 등), 주변 사람들의 증언 등을 활용한다.","• [4사02-02]는 오래된 물건과 자료가 과거를 알려주는 증거임을 이해하고, 이를 통해 역사가 증거를 바탕으로 구성된다는 것을 파악하는 데 중점을 둔다.
• 나와 가족, 학교 등에서 일어난 중요한 일을 조사하여 시간의 흐름에 따라 배열하고 옛 기록이나 일기에서 시간 표현 용어를 찾아보는 등의 활동으로 역사의 시간 개념을 익힌다. 이러한 활동으로 나와 가족의 삶도 역사의 일부임을 자연스럽게 이해한다.
• 학생의 애장품(장난감, 일기장 등), 주변에서 접할 수 있는 오래된 물건이나 건축물 등이 과거를 알려주는 중요한 자료로서 가치가 있음을 이해한다. 
• 과거를 알려주는 물건이나 자료 등을 활용하여 과거의 모습을 합리적으로 추론하며, 어떤 자료를 선택하였는지에 따라 과거에 대한 설명이 달라질 수 있음을 파악한다. 
• 주변 사람들의 증언과 사진, 영상, 문헌 등 자료를 활용해 지역의 변화상과 사람들의 달라진 생활 모습을 살펴본다.
• 지역의 의미는 학생이 살고 있는 현재 행정구역 단위를 기본으로 하되 과거 사람들이 살았던 지역의 범위와 다르다는 점에 유의한다. 
• 학생이 적절한 자료를 활용하여 역사의 시간 개념, 과거를 보여주는 증거, 지역의 변화상과 달라진 사람들의 생활을 이해하였는지 평가한다."
3~4,사회,역사 일반,"⋅시대에 따라 지역, 교통⋅통신, 풍습 등 생활 모습이 달라진다. 
⋅과거의 모습을 보여주는 자료는 역사의 증거로 활용된다. 
⋅일상생활 속 과거에 관심을 가짐으로써 자신을 역사적 존재로 인식한다.",4사02-03,지역의 변화상을 보여주는 역사 자료를 분석하여 지역 사람들의 달라진 생활 모습을 파악한다.,지역의 변화상을 보여주는 다양한 역사 자료를 선정하고 분석하여 지역 사람들의 달라진 생활 모습을 유추할 수 있다.,지역의 변화상을 보여주는 역사 자료를 조사하여 지역 사람들의 달라진 생활 모습을 비교할 수 있다.,지역의 변화상을 보여주는 역사 자료를 통해 지역 사람들의 달라진 생활 모습을 찾을 수 있다.,"[4사02-03]은 지역 사람들의 달라진 생활 모습을 탐구하며 역사의 변화와 지속을 이해하도록 설정한 것이다. 지역의 유래와 관련된 이야기, 지역의 변화를 알려주는 사진이나 영상 등 역사 자료를 활용하여 (변형되어, 혹은 그대로) 이어져 내려온 것, 사라진 것을 찾아 지역 사람들의 생활이 어떻게 달라졌는지 살펴본다.","• 나와 가족, 학교 등에서 일어난 중요한 일을 조사하여 시간의 흐름에 따라 배열하고 옛 기록이나 일기에서 시간 표현 용어를 찾아보는 등의 활동으로 역사의 시간 개념을 익힌다. 이러한 활동으로 나와 가족의 삶도 역사의 일부임을 자연스럽게 이해한다.
• 학생의 애장품(장난감, 일기장 등), 주변에서 접할 수 있는 오래된 물건이나 건축물 등이 과거를 알려주는 중요한 자료로서 가치가 있음을 이해한다. 
• 과거를 알려주는 물건이나 자료 등을 활용하여 과거의 모습을 합리적으로 추론하며, 어떤 자료를 선택하였는지에 따라 과거에 대한 설명이 달라질 수 있음을 파악한다. 
• 주변 사람들의 증언과 사진, 영상, 문헌 등 자료를 활용해 지역의 변화상과 사람들의 달라진 생활 모습을 살펴본다.
• 지역의 의미는 학생이 살고 있는 현재 행정구역 단위를 기본으로 하되 과거 사람들이 살았던 지역의 범위와 다르다는 점에 유의한다. 
• 학생이 적절한 자료를 활용하여 역사의 시간 개념, 과거를 보여주는 증거, 지역의 변화상과 달라진 사람들의 생활을 이해하였는지 평가한다."
3~4,사회,사회⋅문화,"⋅인간은 사회 속에서 성장하면서 사회적 지위를 가지고 역할을 수행하며, 다양한 갈등과 차별을 인식한다. 
⋅우리는 일상생활에서 여러 문화를 접하고 있으며, 이로 인해 다양한 문화를 이해하고 존중하는 태도가 필요하다. 
⋅우리 사회는 급격한 사회 변동과 다양한 사회문제를 경험하고 있으며, 이에 대응하기 위해서는 시민의 역할이 중요하다.",4사03-01,"최근 사회 변화의 양상과 특징을 파악하고, 그로 인해 나타난 생활모습의 변화를 탐색한다.","사례를 통해 최근 사회 변화의 양상과 특징을 도출하고, 그로 인해 변화한 생활모습을 분석할 수 있다.","최근 사회 변화의 양상과 특징을 분석하고, 그로 인해 변화한 생활모습을 설명할 수 있다.",최근 사회 변화의 양상과 특징을 생활모습의 변화와 관련지어 나열할 수 있다.,"[4사03-01]은 사례를 통해 저출산, 고령화, 지능정보화 등 최근 사회 변화가 가져온 현상과 특징을 파악하고, 그로 인해 우리의 생활 모습이 어떻게 변화되는지 분석하도록 설정한 것이다. 이를 통하여 사회 변화에 대응할 수 있는 역량을 기르는 데 초점을 맞추도록 한다.","• 일상생활에서 경험할 수 있는 사례 또는 통계 자료를 활용하여 저출산, 고령화, 지능정보화 같은 사회 변동으로 달라진 생활 모습을 학생이 주도적으로 분석하고 탐구하는 데 중점을 둔다. 
• 최근 우리 사회에서 증가하는 외국인 이주민 증가, 1인 가구와 비혼, 반려동물 양육 등 다양한 문화가 확산되면서 나타난 긍정적 효과와 사회문제를 각종 통계 자료, 언론 기사, 사진 등을 활용하여 학생이 탐구하고 분석하는 과정을 평가하는 데 중점을 둔다. 
• 우리 사회에서 다양한 문화가 확산되면서 나타나는 문제의 해결 방안을 토의하는 과정에서 나와 다른 사람이나 문화에 대한 편견과 차별적 태도를 해소하고, 다른 사람과 문화를 존중하는 태도를 형성하였는지를 평가한다. "
3~4,사회,사회⋅문화,"⋅인간은 사회 속에서 성장하면서 사회적 지위를 가지고 역할을 수행하며, 다양한 갈등과 차별을 인식한다. 
⋅우리는 일상생활에서 여러 문화를 접하고 있으며, 이로 인해 다양한 문화를 이해하고 존중하는 태도가 필요하다. 
⋅우리 사회는 급격한 사회 변동과 다양한 사회문제를 경험하고 있으며, 이에 대응하기 위해서는 시민의 역할이 중요하다.",4사03-02,"우리 사회에 다양한 문화가 확산되면서 나타나는 긍정적 효과와 문제를 분석하고, 나와 다른 사람이나 집단의 문화를 존중하는 태도를 기른다.","다양한 자료를 통해 우리 사회에 다양한 문화가 확산되면서 나타나는 긍정적 효과와 문제를 도출하고, 나와 다른 사람이나 집단의 문화를 존중할 수 있다.","우리 사회에 다양한 문화가 확산되면서 나타나는 긍정적 효과와 문제를 분석하고, 나와 다른 사람이나 집단의 문화를 존중하는 태도를 가진다.","우리 사회에 다양한 문화가 확산되면서 나타나는 긍정적 효과와 문제를 나열하고, 나와 다른 사람의 문화를 존중해야 함을 안다.","[4사03-02]는 외국인 이주민의 증가, 1인 가구와 비혼, 반려동물 양육 등 다양한 문화가 확산⋅공유되면서 나타나는 긍정적 효과와 사회문제를 사례 또는 통계 자료를 통해 파악하도록 설정한 것이다. 이를 바탕으로 나와 다른 사람들의 삶의 방식이나 문화를 존중하는 태도를 함양하는 데 초점을 맞춘다.","• 일상생활에서 경험할 수 있는 사례 또는 통계 자료를 활용하여 저출산, 고령화, 지능정보화 같은 사회 변동으로 달라진 생활 모습을 학생이 주도적으로 분석하고 탐구하는 데 중점을 둔다. 
• 최근 우리 사회에서 증가하는 외국인 이주민 증가, 1인 가구와 비혼, 반려동물 양육 등 다양한 문화가 확산되면서 나타난 긍정적 효과와 사회문제를 각종 통계 자료, 언론 기사, 사진 등을 활용하여 학생이 탐구하고 분석하는 과정을 평가하는 데 중점을 둔다. 
• 우리 사회에서 다양한 문화가 확산되면서 나타나는 문제의 해결 방안을 토의하는 과정에서 나와 다른 사람이나 문화에 대한 편견과 차별적 태도를 해소하고, 다른 사람과 문화를 존중하는 태도를 형성하였는지를 평가한다. "
3~4,사회,역사 일반,"⋅시대에 따라 지역, 교통⋅통신, 풍습 등 생활 모습이 달라진다.
⋅과거의 모습을 보여주는 자료는 역사의 증거로 활용된다. 
⋅일상생활 속 과거에 관심을 가짐으로써 자신을 역사적 존재로 인식한다.",4사04-01,"옛날 풍습에 대해 알아보고, 오늘날과 비교하여 변화상을 파악한다.","옛날 풍습을 조사하고, 오늘날과 비교하여 변화상을 분석할 수 있다.","옛날 풍습을 살펴보고, 오늘날과 비교하여 변화상을 제시할 수 있다.","옛날 풍습의 종류를 설명하고, 오늘날의 풍습과 비교할 수 있다.","[4사04-01]은 옛날의 다양한 풍습을 살펴보며 당시 사람들의 생활을 이해하고, 오늘날과 비교하여 변화상을 파악하도록 설정한 것이다. 놀이, 세시 풍속 등 여러 풍습을 통해 변화상을 알아보고 풍습 속에 담긴 옛날 사람들의 생활과 생각을 이해한다.","• ‘옛날’은 해당 시대에 맞게 설정하여 당시 사람들의 생활 모습을 맥락적으로 파악한다. 또 시대에 따른 사람들의 생활 모습은 다양한 양상으로 나타난다는 점을 이해하고, 현재의 시각만으로 과거를 평가하지 않도록 유의한다. 
• 변화가 발전만을 의미하지 않는다는 점을 이해하고 발전의 성과와 한계를 함께 살펴본다. 
• 도로, 철도, 항만, 공항, 교량 등 교통망의 구축으로 나타나는 생활공간의 확대를 중심으로 사람과 물자의 이동 및 달라진 생활 모습을 종합적으로 파악한다.
• 여가 생활을 포함하여 학생의 일상생활 경험과 관련 있는 소재를 중심으로 교통의 발달이 생활 변화에 미친 영향을 파악한다.
• 세대 간 의사소통 경험을 비교하면서 통신기술 발달에 따른 정보 교류와 의사소통 방식(시간과 빈도, 정보의 질과 양 등)이 달라졌음을 이해하고, 시⋅공간을 초월한 실시간 소통으로 나타난 생활 변화를 파악하는 데 초점을 둔다.
• 교통수단과 통신수단의 발달 과정을 시간 순서대로 배열하는 등의 단순 지식을 평가하는 방법은 지양하고, 교통⋅통신의 변화가 생활에 미친 영향을 이해하고 있는지를 평가한다. "
3~4,사회,역사 일반,"⋅시대에 따라 지역, 교통⋅통신, 풍습 등 생활 모습이 달라진다.
⋅과거의 모습을 보여주는 자료는 역사의 증거로 활용된다. 
⋅일상생활 속 과거에 관심을 가짐으로써 자신을 역사적 존재로 인식한다.",4사04-02,옛날부터 오늘날까지 교통의 변화에 따른 이동과 생활 모습의 변화를 이해한다.,옛날부터 오늘날까지 교통의 변화에 따른 이동과 생활 모습의 변화를 일상생활의 경험과 관련지어 탐구할 수 있다.,옛날부터 오늘날까지 교통의 변화에 따른 이동과 생활 모습의 변화를 설명할 수 있다.,옛날부터 오늘날까지 교통의 변화에 따라 이동 수단이 달라졌음을 말할 수 있다.,[4사04-02]는 교통로 및 교통수단의 변화와 달라진 사람들의 생활 모습과의 관계를 이해하도록 설정한 것이다. 시대에 따른 교통의 변화가 사람과 물자의 이동 및 생활 전반에 어떤 변화를 일으켰는지 살펴본다. 그리고 교통 발달에 따른 생활공간의 확대를 고려하여 변화를 설명한다.,"• ‘옛날’은 해당 시대에 맞게 설정하여 당시 사람들의 생활 모습을 맥락적으로 파악한다. 또 시대에 따른 사람들의 생활 모습은 다양한 양상으로 나타난다는 점을 이해하고, 현재의 시각만으로 과거를 평가하지 않도록 유의한다. 
• 변화가 발전만을 의미하지 않는다는 점을 이해하고 발전의 성과와 한계를 함께 살펴본다. 
• 도로, 철도, 항만, 공항, 교량 등 교통망의 구축으로 나타나는 생활공간의 확대를 중심으로 사람과 물자의 이동 및 달라진 생활 모습을 종합적으로 파악한다.
• 여가 생활을 포함하여 학생의 일상생활 경험과 관련 있는 소재를 중심으로 교통의 발달이 생활 변화에 미친 영향을 파악한다.
• 세대 간 의사소통 경험을 비교하면서 통신기술 발달에 따른 정보 교류와 의사소통 방식(시간과 빈도, 정보의 질과 양 등)이 달라졌음을 이해하고, 시⋅공간을 초월한 실시간 소통으로 나타난 생활 변화를 파악하는 데 초점을 둔다.
• 교통수단과 통신수단의 발달 과정을 시간 순서대로 배열하는 등의 단순 지식을 평가하는 방법은 지양하고, 교통⋅통신의 변화가 생활에 미친 영향을 이해하고 있는지를 평가한다. "
3~4,사회,역사 일반,"⋅시대에 따라 지역, 교통⋅통신, 풍습 등 생활 모습이 달라진다.
⋅과거의 모습을 보여주는 자료는 역사의 증거로 활용된다. 
⋅일상생활 속 과거에 관심을 가짐으로써 자신을 역사적 존재로 인식한다.",4사04-03,옛날부터 오늘날까지 통신수단의 변화에 따른 정보 교류와 의사소통 방식의 변화를 설명한다.,옛날부터 오늘날까지 통신수단의 변화에 따른 정보 교류와 의사소통 방식의 변화를 일상생활의 경험과 관련지어 탐구할 수 있다.,옛날부터 오늘날까지 통신수단의 변화에 따른 정보 교류와 의사소통 방식의 변화를 설명할 수 있다.,옛날부터 오늘날까지 통신수단의 변화에 따라 정보 교류와 의사소통 방식이 달라졌음을 짐작하여 말할 수 있다.,[4사04-03]은 시대에 따른 통신수단의 변화 과정을 파악하고 이를 통해 달라진 사람들의 생활 모습을 파악하도록 설정한 것이다. 정보 교류와 의사소통 방식의 변화를 파악하여 통신 발달에 따른 공간적 변화를 탐색한다.,"• ‘옛날’은 해당 시대에 맞게 설정하여 당시 사람들의 생활 모습을 맥락적으로 파악한다. 또 시대에 따른 사람들의 생활 모습은 다양한 양상으로 나타난다는 점을 이해하고, 현재의 시각만으로 과거를 평가하지 않도록 유의한다. 
• 변화가 발전만을 의미하지 않는다는 점을 이해하고 발전의 성과와 한계를 함께 살펴본다. 
• 도로, 철도, 항만, 공항, 교량 등 교통망의 구축으로 나타나는 생활공간의 확대를 중심으로 사람과 물자의 이동 및 달라진 생활 모습을 종합적으로 파악한다.
• 여가 생활을 포함하여 학생의 일상생활 경험과 관련 있는 소재를 중심으로 교통의 발달이 생활 변화에 미친 영향을 파악한다.
• 세대 간 의사소통 경험을 비교하면서 통신기술 발달에 따른 정보 교류와 의사소통 방식(시간과 빈도, 정보의 질과 양 등)이 달라졌음을 이해하고, 시⋅공간을 초월한 실시간 소통으로 나타난 생활 변화를 파악하는 데 초점을 둔다.
• 교통수단과 통신수단의 발달 과정을 시간 순서대로 배열하는 등의 단순 지식을 평가하는 방법은 지양하고, 교통⋅통신의 변화가 생활에 미친 영향을 이해하고 있는지를 평가한다. "
3~4,사회,지리 인식,"⋅지표상에 분포하는 모든 사건과 현상은 절대적, 상대적 위치와 다양한 규모의 영역을 차지한다. 
⋅장소는 다른 장소와 차별되는 자연적⋅인문적 성격을 지니며, 특정 장소에 따른 장소감은 개인이나 집단에 따라 다양하다. 
⋅지표 세계는 장소적 성격의 동질성, 기능적 상호 관련성, 지역민의 인지 등의 측면에서 다양하게 구분되며, 이렇게 구분된 지역은 고유한 지역성이 나타난다. 
⋅지도를 비롯한 다양한 공간자료와 도구를 통한 지리 정보 수집은 장소와 지역의 여러 현상과 사건을 분석하고 해석하며 추론하는 데 필수적이다.",4사05-01,"우리 지역을 표현한 다양한 종류의 지도를 찾아보고, 지도의 요소를 이해한다.","우리 지역을 표현한 다양한 지도의 종류와 기능을 분석하고 지도에 나타난 요소의 의미와 쓰임을 설명하며, 실생활에서 지도를 활용할 수 있다.","우리 지역을 표현한 다양한 종류의 지도를 조사하고, 지도에 나타난 요소가 의미하는 바를 설명할 수 있다.","우리 지역을 표현한 다양한 종류의 지도를 보고, 지도의 요소를 구별할 수 있다.","[4사05-01]은 우리 지역을 표현한 다양한 종류의 지도를 탐색하고, 우리 지역의 지도를 활용하여 방위, 기호와 범례, 축척, 높낮이 표현 방식 등 지도 제작에 필요한 요소를 파악하도록 설정한 것이다. 여기서는 지도의 요소를 이해하여 일상생활에서 지도를 활용하는 데 초점을 맞춘다.","• 지도의 요소 파악은 지도에 대한 흥미와 지역 이해를 도모하려고 학생들이 거주하는 지역의 지도를 이용할 수 있으며, 상황에 따라 서책형 지도와 디지털 영상지도 등을 융통성 있게 이용한다. 특히 디지털 영상 지도의 축소 및 확대 기능을 이용하여 우리 지역을 살펴보면서 축척 개념도 자연스럽게 이해하도록 한다.
• [4사05-01]과 [4사05-02]에서의 우리 지역은 행정구역상 시⋅군⋅구 단위의 범위를 의미한다. [4사05-02]에서 우리 지역의 위치를 파악할 때는 시⋅도 단위의 행정구역 범위에서 위치를 찾아보고, 우리 지역과 연접한 지역(시⋅군⋅구)도 확인할 수 있다. 또한 전국 시⋅도 단위의 행정구역을 파악함으로써 [4사07-02]의 지역 간 교류 학습에서 다른 지역의 위치를 파악하는 데 도움이 되도록 한다. 
• 지역의 누리집, 통계, 지도, 지역에서 발간하는 홍보물 등 다양한 자료를 이용하여 지역의 지리 정보를 조사한다. 우리 지역의 특징을 이해하기 위해 우리 지역과 다른 지역을 비교하여 지역 간의 차이점이나 상호의존 관계를 파악하는 활동을 수행할 수 있다. 다만 지역 간의 우열을 가리거나 다른 지역에 대한 편견을 가지지 않도록 유의한다. 
• 지도의 요소 이해를 바탕으로 지도를 읽고 해석하는 활동에서 지도를 활용하는 능력을 평가할 수 있다. 이때, 축척 계산, 방위 기입, 기호 식별 등과 같은 지필평가는 지양한다. "
3~4,사회,지리 인식,"⋅지표상에 분포하는 모든 사건과 현상은 절대적, 상대적 위치와 다양한 규모의 영역을 차지한다. 
⋅장소는 다른 장소와 차별되는 자연적⋅인문적 성격을 지니며, 특정 장소에 따른 장소감은 개인이나 집단에 따라 다양하다. 
⋅지표 세계는 장소적 성격의 동질성, 기능적 상호 관련성, 지역민의 인지 등의 측면에서 다양하게 구분되며, 이렇게 구분된 지역은 고유한 지역성이 나타난다. 
⋅지도를 비롯한 다양한 공간자료와 도구를 통한 지리 정보 수집은 장소와 지역의 여러 현상과 사건을 분석하고 해석하며 추론하는 데 필수적이다.",4사05-02,"지도에서 우리 지역의 위치를 파악하고, 우리 지역의 지리 정보를 탐색한다.","지도를 통해 우리 지역의 위치 특성을 분석하고, 우리 지역의 지리 정보를 조사하여 우리 지역의 특징을 다른 지역과 비교하여 설명할 수 있다.","지도에서 우리 지역의 위치를 확인하고, 우리 지역의 지리 정보를 조사하여 우리 지역의 특징을 설명할 수 있다.","지도에서 우리 지역의 위치를 찾고, 우리 지역의 지리 정보를 조사할 수 있다.","[4사05-02]는 행정구역을 나타낸 지도에서 지역의 위치를 파악하고, 지역의 지리 정보를 바탕으로 지역의 특징을 탐구하도록 설정한 것이다. 우리나라 지도에서 시⋅도 단위의 행정구역을 파악하면서 우리 지역(시⋅군⋅구)의 위치를 확인하고, 지역의 지리 정보(위치, 면적, 인구, 지형, 기온, 강수량 등)를 다른 지역과 비교하여 지역이 지닌 특징을 이해하는 데 초점을 맞춘다.","• 지도의 요소 파악은 지도에 대한 흥미와 지역 이해를 도모하려고 학생들이 거주하는 지역의 지도를 이용할 수 있으며, 상황에 따라 서책형 지도와 디지털 영상지도 등을 융통성 있게 이용한다. 특히 디지털 영상 지도의 축소 및 확대 기능을 이용하여 우리 지역을 살펴보면서 축척 개념도 자연스럽게 이해하도록 한다.
• [4사05-01]과 [4사05-02]에서의 우리 지역은 행정구역상 시⋅군⋅구 단위의 범위를 의미한다. [4사05-02]에서 우리 지역의 위치를 파악할 때는 시⋅도 단위의 행정구역 범위에서 위치를 찾아보고, 우리 지역과 연접한 지역(시⋅군⋅구)도 확인할 수 있다. 또한 전국 시⋅도 단위의 행정구역을 파악함으로써 [4사07-02]의 지역 간 교류 학습에서 다른 지역의 위치를 파악하는 데 도움이 되도록 한다. 
• 지역의 누리집, 통계, 지도, 지역에서 발간하는 홍보물 등 다양한 자료를 이용하여 지역의 지리 정보를 조사한다. 우리 지역의 특징을 이해하기 위해 우리 지역과 다른 지역을 비교하여 지역 간의 차이점이나 상호의존 관계를 파악하는 활동을 수행할 수 있다. 다만 지역 간의 우열을 가리거나 다른 지역에 대한 편견을 가지지 않도록 유의한다. 
• 지도의 요소 이해를 바탕으로 지도를 읽고 해석하는 활동에서 지도를 활용하는 능력을 평가할 수 있다. 이때, 축척 계산, 방위 기입, 기호 식별 등과 같은 지필평가는 지양한다. "
3~4,사회,지역사,"⋅문화유산은 과거와 현재를 이어주는 자료이다. 
⋅지역의 박물관, 기념관, 유적지는 지역의 정체성을 보여준다. 
⋅지역의 역사적 문제는 역사 자료를 분석⋅해석⋅평가하여 해결한다.",4사06-01,"지역의 문화유산을 통해 문화유산의 의미와 유형을 알아보고, 문화유산의 가치를 탐색한다.","지역의 문화유산을 통해 문화유산의 의미, 유형, 가치를 탐구하고, 문화유산의 가치를 탐색하여 문화유산을 보존하려는 태도를 가진다.","지역의 문화유산을 통해 문화유산의 의미와 유형을 설명하고, 문화유산의 가치를 찾아 문화유산을 지키려는 태도를 가진다.","지역의 문화유산을 통해 문화유산의 의미와 유형을 탐색하고, 문화유산에 관심을 가진다.","[4사06-01]은 문화유산에 관한 기본 지식 및 가치를 지역의 문화유산을 통해 이해하도록 설정한 것이다. 지역 문화유산을 통해 문화유산의 의미와 유형을 알아보고, 이를 토대로 옛날 사람들의 생활 모습을 추론하며 과거와 현재를 이어주는 귀중한 자료로서 문화유산의 가치를 파악한다.","• 문화유산의 의미와 특징을 역사적, 과학적, 심미적, 생태환경적 측면에서 파악한다.
• 지역의 역사는 고유성을 지니며 지역에 따라 다양성을 드러낸다는 사실을 이해한다. 
• 지역의 박물관, 기념관, 유적지를 체험할 때 학생이 질문을 만들고 답을 찾아가는 과정을 경험하도록 한다. 전시물을 통해 옛날 사람들의 생활 모습을 재현하고 기억⋅기념하는 장소로서 박물관, 기념관, 유적지를 살펴본다. "
3~4,사회,지역사,"⋅문화유산은 과거와 현재를 이어주는 자료이다. 
⋅지역의 박물관, 기념관, 유적지는 지역의 정체성을 보여준다. 
⋅지역의 역사적 문제는 역사 자료를 분석⋅해석⋅평가하여 해결한다.",4사06-02,"지역의 박물관, 기념관, 유적지 등을 체험하고 지역의 역사를 이해한다.","지역의 박물관, 기념관, 유적지 등을 체험하며 다양한 역사적 사실을 탐구하고 지역의 역사를 지키려는 태도를 가진다.","지역의 박물관, 기념관, 유적지 등을 체험하며 알게 된 역사적 사실을 설명하고 지역의 역사에 지속적으로 관심을 가진다.","지역의 박물관, 기념관, 유적지 등을 살펴보며 지역의 역사에 관심을 가진다.","[4사06-02]는 지역에 있는 박물관, 기념관, 유적지 등을 방문하여 지역의 역사를 이해하기 위해 설정한 것이다. 박물관, 기념관, 유적지 등을 온오프라인으로 방문하여 학생이 주도적으로 지역의 역사에 관한 지식을 습득하고 해석하며 표현한다. 그리고 지역의 역사를 보존하고 실천하는 태도를 기른다.","• 문화유산의 의미와 특징을 역사적, 과학적, 심미적, 생태환경적 측면에서 파악한다.
• 지역의 역사는 고유성을 지니며 지역에 따라 다양성을 드러낸다는 사실을 이해한다. 
• 지역의 박물관, 기념관, 유적지를 체험할 때 학생이 질문을 만들고 답을 찾아가는 과정을 경험하도록 한다. 전시물을 통해 옛날 사람들의 생활 모습을 재현하고 기억⋅기념하는 장소로서 박물관, 기념관, 유적지를 살펴본다. "
3~4,사회,경제,"⋅가계와 기업은 합리적 선택을 통해 소비와 금융, 생산 등의 경제활동에 참여하면서 각자의 역할을 수행한다.
⋅시장에서 가격은 수요와 공급을 통해 결정되고 다양한 요인으로 인해 변동한다.
⋅우리나라 경제에서는 경제 성장, 물가 변동, 실업 등의 현상이 나타나며, 세계화 과정에서 다른 나라와의 교역이 활발해지고 있다.",4사07-01,"자원의 희소성으로 인해 경제활동에서 선택의 문제가 발생함을 이해하고, 경제활동에서 합리적 선택의 방법을 탐색한다.","자원의 희소성으로 인해 경제활동에서 선택의 문제가 발생하는 사례를 조사하고, 경제활동에서 합리적 선택의 방법을 실천할 수 있다.","자원의 희소성으로 인해 경제활동에서 선택의 문제가 발생함을 설명하고, 경제활동에서 합리적 선택의 방법을 탐색할 수 있다.",자원의 희소성으로 인해 경제활동에서 선택의 문제가 발생함을 말할 수 있다.,"[4사07-01]은 자원의 희소성 개념을 이해하고, 이를 바탕으로 경제활동에서 합리적 선택의 방법을 파악하도록 설정한 것이다. 여기서는 경제활동에서 선택의 문제가 발생하는 이유와 합리적 선택의 중요성을 이해하는 데 초점을 맞춘다.","• 일상적 사례를 통해 생산이나 소비 활동에서 선택의 문제가 발생하는 이유를 희소성 개념과 관련하여 파악하도록 하고, 실제 경제활동에서 합리적으로 선택하는 능력을 기르는 데 중점을 둔다.
• 다양한 사례에서 생산과 소비 개념을 이해하고, 상품과 인적 교류의 사례를 통하여 지역의 경제활동이 다른 지역과 상호 의존 관계에 있다는 사실을 인식함으로써 지역 간 교류의 중요성을 깨닫게 하는 데 중점을 둔다. 
• 경제활동에서 합리적으로 선택하는 과정을 평가하고, 지역 간 경제활동의 상호 의존 관계를 파악함으로써 상호 협력의 중요성을 인식하는지를 평가한다."
3~4,사회,경제,"⋅가계와 기업은 합리적 선택을 통해 소비와 금융, 생산 등의 경제활동에 참여하면서 각자의 역할을 수행한다.
⋅시장에서 가격은 수요와 공급을 통해 결정되고 다양한 요인으로 인해 변동한다.
⋅우리나라 경제에서는 경제 성장, 물가 변동, 실업 등의 현상이 나타나며, 세계화 과정에서 다른 나라와의 교역이 활발해지고 있다.",4사07-02,"생산과 소비 활동을 파악하고, 인적⋅물적 교류의 사례를 통해 각 지역 및 사람들이 상호의존 관계를 맺고 있음을 탐색한다.","사례를 통해 생산과 소비 활동을 분석하고, 여러 인적ㆍ물적 교류의 사례를 조사하여 각 지역 및 사람들이 상호 의존 관계를 맺고 있음을 도출할 수 있다.","사례를 통해 생산과 소비 활동을 구분하고, 인적ㆍ물적 교류의 사례를 통해 각 지역 및 사람들이 상호 의존 관계에 있음을 설명할 수 있다.","생산과 소비 활동을 구분하고, 인적ㆍ물적 교류의 사례를 조사할 수 있다.","[4사07-02]는 생산과 소비의 개념을 이해하고, 한 지역의 생산과 소비 활동이 다른 지역과 상호의존 관계에 있음을 이해하도록 설정한 것이다. 여기서는 지역에서 이루어지는 생산과 소비 활동의 사례를 통하여 한 지역의 경제활동이 다른 지역과 상호 의존 관계에 있다는 사실을 파악하는 데 초점을 맞춘다.","• 일상적 사례를 통해 생산이나 소비 활동에서 선택의 문제가 발생하는 이유를 희소성 개념과 관련하여 파악하도록 하고, 실제 경제활동에서 합리적으로 선택하는 능력을 기르는 데 중점을 둔다.
• 다양한 사례에서 생산과 소비 개념을 이해하고, 상품과 인적 교류의 사례를 통하여 지역의 경제활동이 다른 지역과 상호 의존 관계에 있다는 사실을 인식함으로써 지역 간 교류의 중요성을 깨닫게 하는 데 중점을 둔다. 
• 경제활동에서 합리적으로 선택하는 과정을 평가하고, 지역 간 경제활동의 상호 의존 관계를 파악함으로써 상호 협력의 중요성을 인식하는지를 평가한다."
3~4,사회,정치,"⋅민주주의의 이념과 원리를 실현하기 위해서는 제도와 의식의 개선이 필요하다. 
⋅다양한 정치 주체가 정치과정에 참여하며, 민주주의는 여러 제도와 시민 참여를 통해 실현된다. 
⋅국제 사회에는 여러 행위 주체가 활동하며, 우리나라를 비롯한 국제 사회의 행위 주체는 다양한 국제 문제 해결을 위해 노력한다.",4사08-01,"학교 자치 사례를 통하여 민주주의의 의미를 이해하고, 학교생활에서 민주주의를 실천하는 능력을 기른다.","학교 자치 활동의 사례를 조사하여 민주주의의 의미를 도출하고, 학교생활에서 민주주의를 실천하는 데 참여할 수 있다.","학교 자치 활동의 사례를 통하여 민주주의의 의미를 설명하고, 학교생활에서 민주주의를 실천하는 데 관심을 가진다.","학교 자치 활동의 사례를 통하여 민주주의의 의미를 제시하고, 학교생활에서 민주주의를 실천하고자 노력한다.","[4사08-01]은 학교 자치 사례를 통해 민주주의의 의미를 이해하고, 이를 바탕으로 학교생활에서 학교 자치를 실천할 수 있도록 설정한 것이다. 여기서는 학생이 학교 자치를 통해 민주주의를 실천하고 참여할 수 있는 능력을 기르는 데 초점을 맞춘다.","• 지방 자치 기관의 권한이나 역할 같은 어려운 내용을 다루기보다는 지역사회에서 민주주의가 실현되는 사례를 통하여 주민 자치와 주민 참여의 중요성을 인식하고, 지역사회의 문제 해결 과정에 적극 참여하는 시민 역량을 기르는 데 중점을 둔다. 
• 학교 자치 조례의 내용을 설명하기보다는 학교생활에서 이루어지는 학급회장 및 학생회장 선거, 학급 생활 규칙의 제⋅개정, 학생 행사의 주체적 운영처럼 학생이 학교생활과 관련된 의사 결정 및 운영에 참여하는 기회를 제공하도록 한다.
• 학생이 학교의 주체로서 학교생활 속에서 민주주의를 실천하는 방안을 토론하는 과정 및 학교 자치 활동에 참여하는 과정을 평가하도록 한다. "
3~4,사회,정치,"⋅민주주의의 이념과 원리를 실현하기 위해서는 제도와 의식의 개선이 필요하다. 
⋅다양한 정치 주체가 정치과정에 참여하며, 민주주의는 여러 제도와 시민 참여를 통해 실현된다. 
⋅국제 사회에는 여러 행위 주체가 활동하며, 우리나라를 비롯한 국제 사회의 행위 주체는 다양한 국제 문제 해결을 위해 노력한다.",4사08-02,"지역에서 이루어지는 민주주의 사례를 통해 주민 자치와 주민 참여의 중요성을 파악하고, 지역사회의 문제 해결에 참여하는 태도를 기른다.","지역에서 이루어지는 민주주의의 사례를 통해 주민 자치와 주민 참여의 중요성을 설명하고, 지역사회에서 발생하는 문제를 조사하고 해결하기 위해 노력한다.","지역에서 이루어지는 민주주의의 사례를 통해 주민 자치와 주민 참여의 중요성을 파악하고, 지역사회에서 발생하는 문제와 이에 대한 해결에 관심을 가진다.","지역에서 이루어지는 민주주의의 사례를 통해 주민 자치와 주민 참여의 중요성을 파악하고, 지역사회에서 발생하는 문제에 주의를 기울인다.",[4사08-02]는 민주주의의 의미에 기초하여 마을이나 지역에서 이루어지는 주민 자치와 참여의 중요성을 파악하도록 설정한 것이다. 여기서는 마을이나 지역사회에서 이루어지는 민주주의의 사례를 통해 주민 자치와 주민 참여의 중요성을 이해하고 지역사회의 문제 해결에 관심을 갖고 참여하는 태도를 기르는 것에 초점을 맞춘다.,"• 지방 자치 기관의 권한이나 역할 같은 어려운 내용을 다루기보다는 지역사회에서 민주주의가 실현되는 사례를 통하여 주민 자치와 주민 참여의 중요성을 인식하고, 지역사회의 문제 해결 과정에 적극 참여하는 시민 역량을 기르는 데 중점을 둔다. 
• 학교 자치 조례의 내용을 설명하기보다는 학교생활에서 이루어지는 학급회장 및 학생회장 선거, 학급 생활 규칙의 제⋅개정, 학생 행사의 주체적 운영처럼 학생이 학교생활과 관련된 의사 결정 및 운영에 참여하는 기회를 제공하도록 한다.
• 학생이 학교의 주체로서 학교생활 속에서 민주주의를 실천하는 방안을 토론하는 과정 및 학교 자치 활동에 참여하는 과정을 평가하도록 한다. "
3~4,사회,정치,"⋅민주주의의 이념과 원리를 실현하기 위해서는 제도와 의식의 개선이 필요하다. 
⋅다양한 정치 주체가 정치과정에 참여하며, 민주주의는 여러 제도와 시민 참여를 통해 실현된다. 
⋅국제 사회에는 여러 행위 주체가 활동하며, 우리나라를 비롯한 국제 사회의 행위 주체는 다양한 국제 문제 해결을 위해 노력한다.",4사09-01,"생활 주변에서 찾을 수 있는 여러 가지 문제를 파악하고, 그 문제를 합리적으로 해결하는 능력을 기른다.","생활 주변에서 찾을 수 있는 지역의 여러 가지 문제를 조사하고, 그 문제를 합리적으로 해결하는 방안을 근거를 들어 제안할 수 있다.","생활 주변에서 찾을 수 있는 지역의 여러 가지 문제를 파악하고, 그 문제를 합리적으로 해결하기 위한 방안을 탐색할 수 있다.",생활 주변에서 찾을 수 있는 여러 가지 문제를 제시하고 문제 해결에 관심을 가진다.,"[4사09-01]은 각 지역에서 발생하는 문제를 민주적 방식으로 해결하는 과정과 방법을 습득하도록 설정한 것이다. 지리적 문제, 환경 문제, 사회적 문제, 역사적 문제 등 다양한 문제를 찾아서 토론을 통해 합리적으로 해결하는 방법과 능력을 배우는 데 초점을 맞춘다.","• 학생이 경험할 수 있는 문제를 선정하고, 그 문제가 발생한 배경과 이유, 과정을 살펴보고 문제와 관련된 사실과 가치 부분을 구분하고 객관적인 자료와 근거에 의거해 문제를 합리적으로 해결하는 능력과 태도를 기르는 데 중점을 둔다.
• 학생들이 문제 해결을 위해 관련 자료를 분석하고 토론하는 과정을 평가하고, 문제를 해결하기 위해 서로 협력하고 합리적인 해결 방안을 선택하는 능력과 태도를 형성하는 과정을 평가하도록 한다.
• 지역의 자연환경, 역사, 문화, 생산물 등이 지역의 단순한 홍보나 자랑거리가 아닌, 지역을 깊이 이해하는 내용임을 알고 수업을 구성한다. 
• 역사와 관련 있는 축제, 문화 관광, 역사적 연원이 있는 생산물 등을 통해 지역의 역사를 어떻게 해석하여 활용하고 있는지를 오늘날 시각으로 파악한다. 
• 지역의 지리적 환경 이해를 바탕으로 지역의 관광, 축제, 생산물 등의 특성을 파악하고, 지역에 대한 관심을 가지도록 한다.
• 지역사회의 노력을 조사할 때 지역의 누리집이나 사회 관계망 서비스(SNS), 소식지, 관광 안내 자료 등을 활용할 수 있다. "
3~4,사회,지리 인식,"⋅지표상에 분포하는 모든 사건과 현상은 절대적, 상대적 위치와 다양한 규모의 영역을 차지한다. 
⋅장소는 다른 장소와 차별되는 자연적⋅인문적 성격을 지니며, 특정 장소에 따른 장소감은 개인이나 집단에 따라 다양하다. 
⋅지표 세계는 장소적 성격의 동질성, 기능적 상호 관련성, 지역민의 인지 등의 측면에서 다양하게 구분되며, 이렇게 구분된 지역은 고유한 지역성이 나타난다. 
⋅지도를 비롯한 다양한 공간자료와 도구를 통한 지리 정보 수집은 장소와 지역의 여러 현상과 사건을 분석하고 해석하며 추론하는 데 필수적이다.",4사09-02,"지역의 자연환경, 역사, 문화, 생산물 등을 알리려는 지역사회의 노력을 알고 관심을 갖는다.","지역의 자연환경, 역사, 문화, 생산물 등을 알리려는 지역사회의 여러 활동을 조사하고, 지역사회의 노력에 다양한 방식으로 참여할 수 있다.","지역의 자연환경, 역사, 문화, 생산물 등을 알리려는 지역사회의 활동을 조사하고, 지역사회의 노력에 지속적으로 관심을 가진다.","지역의 자연환경, 역사, 문화, 생산물 등을 알리려는 지역사회의 활동을 탐색할 수 있다.","[4사09-02]는 지역의 자연환경, 역사, 문화, 생산물 등을 알리기 위한 여러 활동을 조사하면서 지역을 이해하도록 설정한 것이다. 여기서는 지역의 자연환경, 역사, 문화, 생산물 등을 살펴보고, 지역에 관심을 가지며, 지역사회에 참여하는 태도를 기르는 데 주안점을 둔다.","• 학생이 경험할 수 있는 문제를 선정하고, 그 문제가 발생한 배경과 이유, 과정을 살펴보고 문제와 관련된 사실과 가치 부분을 구분하고 객관적인 자료와 근거에 의거해 문제를 합리적으로 해결하는 능력과 태도를 기르는 데 중점을 둔다.
• 학생들이 문제 해결을 위해 관련 자료를 분석하고 토론하는 과정을 평가하고, 문제를 해결하기 위해 서로 협력하고 합리적인 해결 방안을 선택하는 능력과 태도를 형성하는 과정을 평가하도록 한다.
• 지역의 자연환경, 역사, 문화, 생산물 등이 지역의 단순한 홍보나 자랑거리가 아닌, 지역을 깊이 이해하는 내용임을 알고 수업을 구성한다. 
• 역사와 관련 있는 축제, 문화 관광, 역사적 연원이 있는 생산물 등을 통해 지역의 역사를 어떻게 해석하여 활용하고 있는지를 오늘날 시각으로 파악한다. 
• 지역의 지리적 환경 이해를 바탕으로 지역의 관광, 축제, 생산물 등의 특성을 파악하고, 지역에 대한 관심을 가지도록 한다.
• 지역사회의 노력을 조사할 때 지역의 누리집이나 사회 관계망 서비스(SNS), 소식지, 관광 안내 자료 등을 활용할 수 있다. "
3~4,사회,자연환경과 인간생활,"⋅지표상에는 다양한 기후 특성이 나타나며, 기후 환경은 특정 지역의 생활양식에 중요하게 작용한다. 
⋅우리나라와 세계 각지에 다양한 지형 경관이 나타나고, 해당 지역의 인문환경과 인간생활에 중요한 영향을 미친다. 
⋅인간은 자연환경에 의존하고 적응하며, 자연환경을 변형시키기도 한다.",4사10-01,"여러 지역의 자연환경과 인문환경의 특징을 살펴보고, 환경의 이용과 개발에 따른 변화를 탐구한다.","여러 지역의 자연환경과 인문환경을 분석하여 특징을 파악하고, 개발과 보전에 관한 균형 있는 관점을 바탕으로 환경의 이용과 개발에 따른 변화를 설명할 수 있다.","여러 지역의 자연환경과 인문환경을 조사하여 우리 지역과의 유사점과 차이점을 발견하고, 환경의 이용과 개발에 따른 변화를 설명할 수 있다.","여러 지역의 자연환경과 인문환경을 조사하여 다양한 환경의 모습을 확인하고, 환경의 이용과 개발에 따른 변화를 살펴볼 수 있다.","[4사10-01]은 우리 지역과 다른 자연환경 및 인문환경이 나타나는 곳을 살펴보고, 환경의 이용과 개발로 변화한 모습을 탐구하도록 설정한 것이다. 여기서는 다양한 환경 특성을 파악하고, 개발로 인해 나타난 긍정적, 부정적 변화 모습을 균형 잡힌 관점으로 파악하는 데 중점을 둔다.","• 환경의 이용과 개발로 촌락이었던 곳에도 도시적 요소가 나타나는 도시화의 과정에 중점을 두어 지역 변화를 살펴본다. 이때, 촌락과 도시를 이분법적으로 구분하는 것을 지양하며 촌락과 도시에 고정 관념이나 편견을 갖거나, 환경 결정론적 인식이 발생하지 않도록 주의한다. 
• 환경의 이용과 개발에 따른 변화를 다룰 때는 시간의 흐름에 따른 경관과 토지 이용의 변화를 나타낸 사진 등과 같은 시각 자료뿐 아니라 통계 자료, 보도 자료, 영상자료, 지도 등을 활용할 수 있다. 또한 이러한 변화에서 환경과 인간의 상호 작용을 탐색하고 생태시민으로서 환경 감수성을 지니도록 한다. 
• 산업과 기능에 따른 우리나라 여러 도시의 사례에서 도시의 경관뿐만 아니라 인구, 교통, 산업 등을 전반적으로 탐색하면서 도시에서의 삶을 이해하도록 한다. 이때 인간의 생활공간에 대한 이해를 도모하고 다양한 생활공간을 파악하는 데 주안점을 둔다. "
3~4,사회,인문환경과 인간생활,"⋅자연적, 인문적 특성은 특정 지역의 인구 분포, 인구 구성, 인구 이동에 영향을 미친다. 
⋅장소나 지역에 따라 다양한 문화가 형성되고, 문화는 여러 요인에 의해 변동된다. 
⋅도시와 촌락은 입지, 기능, 공간 구조와 경관 등의 측면에서 다양한 유형이 존재하며, 여러 요인에 의해 변화한다. 
⋅인간의 경제활동은 자원이나 산업구조 등 지역의 특성에 따라 다양한 모습으로 나타나며, 교통과 통신은 시⋅공간적 제약을 감소시키고 지역을 변화시킨다.",4사10-02,"사례에서 도시의 인구, 교통, 산업 등의 특징을 탐구하고, 도시에서의 삶의 모습을 이해한다.","우리나라 여러 도시의 사례를 분석하여 도시의 인구, 교통, 산업 등의 특징을 도출하고, 도시 생활의 장점과 단점을 중심으로 도시에서의 삶의 모습을 설명할 수 있다.","우리나라 여러 도시의 인구, 교통, 산업의 특징을 조사하고, 도시 생활의 장점과 단점을 설명할 수 있다.","우리나라 여러 도시의 인구, 교통, 산업의 특징을 찾을 수 있고, 도시에서의 생활 모습을 말할 수 있다.","[4사10-02]는 우리나라 여러 도시의 특징을 탐구하면서 도시에서 나타나는 삶의 모습을 종합적으로 이해하도록 설정한 것이다. 사례에서 도시의 경관, 인구, 교통, 산업, 생활방식의 특징을 이해하고 도시 생활의 좋은 점과 문제들을 파악하는 데 중점을 둔다.","• 환경의 이용과 개발로 촌락이었던 곳에도 도시적 요소가 나타나는 도시화의 과정에 중점을 두어 지역 변화를 살펴본다. 이때, 촌락과 도시를 이분법적으로 구분하는 것을 지양하며 촌락과 도시에 고정 관념이나 편견을 갖거나, 환경 결정론적 인식이 발생하지 않도록 주의한다. 
• 환경의 이용과 개발에 따른 변화를 다룰 때는 시간의 흐름에 따른 경관과 토지 이용의 변화를 나타낸 사진 등과 같은 시각 자료뿐 아니라 통계 자료, 보도 자료, 영상자료, 지도 등을 활용할 수 있다. 또한 이러한 변화에서 환경과 인간의 상호 작용을 탐색하고 생태시민으로서 환경 감수성을 지니도록 한다. 
• 산업과 기능에 따른 우리나라 여러 도시의 사례에서 도시의 경관뿐만 아니라 인구, 교통, 산업 등을 전반적으로 탐색하면서 도시에서의 삶을 이해하도록 한다. 이때 인간의 생활공간에 대한 이해를 도모하고 다양한 생활공간을 파악하는 데 주안점을 둔다. "
3~4,수학,수와 연산,"⋅사물의 양은 자연수, 분수, 소수 등으로 표현되며, 수는 자연수에서 정수, 유리수, 실수로 확장된다. 
⋅사칙계산은 자연수에 대해 정의되며 정수, 유리수, 실수의 사칙계산으로 확장되고 이때 연산의 성질이 일관되게 성립한다. 
⋅수와 사칙계산은 수학 학습의 기본이 되며, 실생활 문제를 포함한 다양한 문제를 해결하는 데 유용하게 활용된다.",4수01-01,"큰 수의 필요성을 인식하면서 10000 이상의 큰 수에 대한 자릿값과 위치적 기수법을 이해하고, 수를 읽고 쓸 수 있다.","실생활에서 큰 수의 필요성을 설명하고, 10000 이상의 수를 각 자리의 숫자가 나타내는 수들의 합으로 나타내며, 수를 읽고 쓸 수 있다.","실생활에서 큰 수의 필요성을 알고, 10000 이상의 수에서 각 자리의 숫자가 나타내는 수를 말하며, 수를 읽고 쓸 수 있다.","실생활에서 큰 수가 사용됨을 알고, 수 카드, 자릿값 카드 등을 이용하여 10000 이상의 수에서 각 자리의 숫자가 나타내는 수를 알고, 수를 읽고 쓸 수 있다.",,"• ‘수와 연산’ 영역에서는 용어와 기호로 ‘나눗셈, 몫, 나머지, 나누어떨어진다, 분수, 분모, 분자, 단위분수, 진분수, 가분수, 대분수, 자연수, 소수, 소수점(.), ’를 다룬다.
• 뉴스, 광고 등 여러 가지 매체를 활용해 자료를 조사하는 활동을 통하여 실생활에서 다섯 자리 이상의 큰 수가 쓰이는 경우를 찾아보게 한다. 조사한 결과를 바탕으로 큰 수와 관련하여 이야기하는 활동을 통하여 큰 수에 대한 필요성을 인식하고 양감을 기르게 한다.
• 한 가지 상황을 곱셈식과 나눗셈식으로 나타내는 활동을 통하여 곱셈과 나눗셈의 관계를 이해하게 한다.
• 나눗셈에 대한 검산에서는 나눗셈식을 보고 곱셈식으로 나타내는 것보다 검산의 목적과 필요성을 이해하는 데 초점을 둔다.
• 자연수의 덧셈, 뺄셈, 곱셈, 나눗셈을 하기 전에 계산 결과를 어림하기, 어림한 값을 이용하여 계산 결과가 타당한지 확인하기, 어림셈이 필요한 실생활 상황의 문제를 해결하기 등을 다룰 수 있다.
• 친근한 실생활 상황을 이용하여 자연수의 덧셈, 뺄셈, 곱셈, 나눗셈에 관련된 문제를 만들어 해결하게 하고, 사칙계산의 유용성을 인식하게 한다.
• 실생활에서 소수를 활용한 사례를 통해 소수의 필요성을 인식하게 한다.
• 소수의 덧셈과 뺄셈은 계산 원리를 이해할 수 있는 수준에서 간단히 다룬다.
• 계산 기능을 숙달하는 것이 목적이 아닌 경우에는 계산기를 사용하게 할 수 있다.
• ‘수와 연산’ 영역의 문제 상황에 적합한 문제해결 전략을 지도하고, 문제해결 과정을 설명하게 하여 문제해결 역량을 기르게 한다.
• ‘수와 연산’ 영역에서 문제해결 과정을 설명할 때 다른 친구의 의견을 존중하고 경청하는 태도로 참여하게 한다."
3~4,수학,수와 연산,"⋅사물의 양은 자연수, 분수, 소수 등으로 표현되며, 수는 자연수에서 정수, 유리수, 실수로 확장된다. 
⋅사칙계산은 자연수에 대해 정의되며 정수, 유리수, 실수의 사칙계산으로 확장되고 이때 연산의 성질이 일관되게 성립한다. 
⋅수와 사칙계산은 수학 학습의 기본이 되며, 실생활 문제를 포함한 다양한 문제를 해결하는 데 유용하게 활용된다.",4수01-02,"다섯 자리 이상의 수의 범위에서 수의 계열을 이해하고, 수의 크기를 비교하며 그 방법을 설명할 수 있다.","수의 계열에 대한 이해를 바탕으로 다섯 자리 이상의 수를 여러 가지 방법으로 세며, 수의 크기를 비교하고 그 방법을 설명할 수 있다.","다섯 자리 이상의 수를 만, 억, 조씩 뛰어 세면서 수의 계열을 이해하고, 수의 크기를 비교할 수 있다.","안내된 절차에 따라 다섯 자리 이상의 수를 뛰어 세고, 간단한 두 수의 크기를 비교할 수 있다.",,"• ‘수와 연산’ 영역에서는 용어와 기호로 ‘나눗셈, 몫, 나머지, 나누어떨어진다, 분수, 분모, 분자, 단위분수, 진분수, 가분수, 대분수, 자연수, 소수, 소수점(.), ’를 다룬다.
• 뉴스, 광고 등 여러 가지 매체를 활용해 자료를 조사하는 활동을 통하여 실생활에서 다섯 자리 이상의 큰 수가 쓰이는 경우를 찾아보게 한다. 조사한 결과를 바탕으로 큰 수와 관련하여 이야기하는 활동을 통하여 큰 수에 대한 필요성을 인식하고 양감을 기르게 한다.
• 한 가지 상황을 곱셈식과 나눗셈식으로 나타내는 활동을 통하여 곱셈과 나눗셈의 관계를 이해하게 한다.
• 나눗셈에 대한 검산에서는 나눗셈식을 보고 곱셈식으로 나타내는 것보다 검산의 목적과 필요성을 이해하는 데 초점을 둔다.
• 자연수의 덧셈, 뺄셈, 곱셈, 나눗셈을 하기 전에 계산 결과를 어림하기, 어림한 값을 이용하여 계산 결과가 타당한지 확인하기, 어림셈이 필요한 실생활 상황의 문제를 해결하기 등을 다룰 수 있다.
• 친근한 실생활 상황을 이용하여 자연수의 덧셈, 뺄셈, 곱셈, 나눗셈에 관련된 문제를 만들어 해결하게 하고, 사칙계산의 유용성을 인식하게 한다.
• 실생활에서 소수를 활용한 사례를 통해 소수의 필요성을 인식하게 한다.
• 소수의 덧셈과 뺄셈은 계산 원리를 이해할 수 있는 수준에서 간단히 다룬다.
• 계산 기능을 숙달하는 것이 목적이 아닌 경우에는 계산기를 사용하게 할 수 있다.
• ‘수와 연산’ 영역의 문제 상황에 적합한 문제해결 전략을 지도하고, 문제해결 과정을 설명하게 하여 문제해결 역량을 기르게 한다.
• ‘수와 연산’ 영역에서 문제해결 과정을 설명할 때 다른 친구의 의견을 존중하고 경청하는 태도로 참여하게 한다."
3~4,수학,수와 연산,"⋅사물의 양은 자연수, 분수, 소수 등으로 표현되며, 수는 자연수에서 정수, 유리수, 실수로 확장된다. 
⋅사칙계산은 자연수에 대해 정의되며 정수, 유리수, 실수의 사칙계산으로 확장되고 이때 연산의 성질이 일관되게 성립한다. 
⋅수와 사칙계산은 수학 학습의 기본이 되며, 실생활 문제를 포함한 다양한 문제를 해결하는 데 유용하게 활용된다.",4수01-03,세 자리 수의 덧셈과 뺄셈의 계산 원리를 이해하고 그 계산을 할 수 있다.,"받아올림이 있는 (세 자리 수)+(세 자리 수)와 받아내림이 있는 (세 자리 수)-(세 자리 수)를 계산하고, 그 계산 원리를 설명할 수 있다.","받아올림이 있는 (세 자리 수)+(세 자리 수)와 받아내림이 있는 (세 자리 수)-(세 자리 수)의 계산 원리를 이해하고, 그 계산을 할 수 있다.",안내된 절차에 따라 받아올림이 있는 (세 자리 수)+(세 자리 수)와 받아내림이 있는 (세 자리 수)-(세 자리 수)의 간단한 계산을 할 수 있다.,"[4수01-03] 덧셈은 세 자리 수의 범위에서 다루되, 합이 네 자리 수인 경우도 포함한다.","• ‘수와 연산’ 영역에서는 용어와 기호로 ‘나눗셈, 몫, 나머지, 나누어떨어진다, 분수, 분모, 분자, 단위분수, 진분수, 가분수, 대분수, 자연수, 소수, 소수점(.), ’를 다룬다.
• 뉴스, 광고 등 여러 가지 매체를 활용해 자료를 조사하는 활동을 통하여 실생활에서 다섯 자리 이상의 큰 수가 쓰이는 경우를 찾아보게 한다. 조사한 결과를 바탕으로 큰 수와 관련하여 이야기하는 활동을 통하여 큰 수에 대한 필요성을 인식하고 양감을 기르게 한다.
• 한 가지 상황을 곱셈식과 나눗셈식으로 나타내는 활동을 통하여 곱셈과 나눗셈의 관계를 이해하게 한다.
• 나눗셈에 대한 검산에서는 나눗셈식을 보고 곱셈식으로 나타내는 것보다 검산의 목적과 필요성을 이해하는 데 초점을 둔다.
• 자연수의 덧셈, 뺄셈, 곱셈, 나눗셈을 하기 전에 계산 결과를 어림하기, 어림한 값을 이용하여 계산 결과가 타당한지 확인하기, 어림셈이 필요한 실생활 상황의 문제를 해결하기 등을 다룰 수 있다.
• 친근한 실생활 상황을 이용하여 자연수의 덧셈, 뺄셈, 곱셈, 나눗셈에 관련된 문제를 만들어 해결하게 하고, 사칙계산의 유용성을 인식하게 한다.
• 실생활에서 소수를 활용한 사례를 통해 소수의 필요성을 인식하게 한다.
• 소수의 덧셈과 뺄셈은 계산 원리를 이해할 수 있는 수준에서 간단히 다룬다.
• 계산 기능을 숙달하는 것이 목적이 아닌 경우에는 계산기를 사용하게 할 수 있다.
• ‘수와 연산’ 영역의 문제 상황에 적합한 문제해결 전략을 지도하고, 문제해결 과정을 설명하게 하여 문제해결 역량을 기르게 한다.
• ‘수와 연산’ 영역에서 문제해결 과정을 설명할 때 다른 친구의 의견을 존중하고 경청하는 태도로 참여하게 한다."
3~4,수학,수와 연산,"⋅사물의 양은 자연수, 분수, 소수 등으로 표현되며, 수는 자연수에서 정수, 유리수, 실수로 확장된다. 
⋅사칙계산은 자연수에 대해 정의되며 정수, 유리수, 실수의 사칙계산으로 확장되고 이때 연산의 성질이 일관되게 성립한다. 
⋅수와 사칙계산은 수학 학습의 기본이 되며, 실생활 문제를 포함한 다양한 문제를 해결하는 데 유용하게 활용된다.",4수01-04,곱하는 수가 한 자리 수 또는 두 자리 수인 곱셈의 계산 원리를 이해하고 그 계산을 할 수 있다.,"(두 자리 수)×(한 자리 수), (세 자리 수)×(한 자리 수), (두 자리 수)×(두 자리 수), (세 자리 수)×(두 자리 수)를 계산하고, 그 계산 원리를 설명할 수 있다.","(두 자리 수)×(한 자리 수), (세 자리 수)×(한 자리 수), (두 자리 수)×(두 자리 수), (세 자리 수)×(두 자리 수)의 계산 원리를 이해하고, 그 계산을 할 수 있다.","안내된 절차에 따라 (두 자리 수)×(한 자리 수), (두 자리 수)×(두 자리 수)의 간단한 계산을 할 수 있다.","[4수01-04] 곱셈은 ‘(두 자리 수)(한 자리 수)’, ‘(세 자리 수)(한 자리 수)’, ‘(두 자리 수)(두 자리 수)’, ‘(세 자리 수)(두 자리 수)’를 다룬다.","• ‘수와 연산’ 영역에서는 용어와 기호로 ‘나눗셈, 몫, 나머지, 나누어떨어진다, 분수, 분모, 분자, 단위분수, 진분수, 가분수, 대분수, 자연수, 소수, 소수점(.), ’를 다룬다.
• 뉴스, 광고 등 여러 가지 매체를 활용해 자료를 조사하는 활동을 통하여 실생활에서 다섯 자리 이상의 큰 수가 쓰이는 경우를 찾아보게 한다. 조사한 결과를 바탕으로 큰 수와 관련하여 이야기하는 활동을 통하여 큰 수에 대한 필요성을 인식하고 양감을 기르게 한다.
• 한 가지 상황을 곱셈식과 나눗셈식으로 나타내는 활동을 통하여 곱셈과 나눗셈의 관계를 이해하게 한다.
• 나눗셈에 대한 검산에서는 나눗셈식을 보고 곱셈식으로 나타내는 것보다 검산의 목적과 필요성을 이해하는 데 초점을 둔다.
• 자연수의 덧셈, 뺄셈, 곱셈, 나눗셈을 하기 전에 계산 결과를 어림하기, 어림한 값을 이용하여 계산 결과가 타당한지 확인하기, 어림셈이 필요한 실생활 상황의 문제를 해결하기 등을 다룰 수 있다.
• 친근한 실생활 상황을 이용하여 자연수의 덧셈, 뺄셈, 곱셈, 나눗셈에 관련된 문제를 만들어 해결하게 하고, 사칙계산의 유용성을 인식하게 한다.
• 실생활에서 소수를 활용한 사례를 통해 소수의 필요성을 인식하게 한다.
• 소수의 덧셈과 뺄셈은 계산 원리를 이해할 수 있는 수준에서 간단히 다룬다.
• 계산 기능을 숙달하는 것이 목적이 아닌 경우에는 계산기를 사용하게 할 수 있다.
• ‘수와 연산’ 영역의 문제 상황에 적합한 문제해결 전략을 지도하고, 문제해결 과정을 설명하게 하여 문제해결 역량을 기르게 한다.
• ‘수와 연산’ 영역에서 문제해결 과정을 설명할 때 다른 친구의 의견을 존중하고 경청하는 태도로 참여하게 한다."
3~4,수학,수와 연산,"⋅사물의 양은 자연수, 분수, 소수 등으로 표현되며, 수는 자연수에서 정수, 유리수, 실수로 확장된다. 
⋅사칙계산은 자연수에 대해 정의되며 정수, 유리수, 실수의 사칙계산으로 확장되고 이때 연산의 성질이 일관되게 성립한다. 
⋅수와 사칙계산은 수학 학습의 기본이 되며, 실생활 문제를 포함한 다양한 문제를 해결하는 데 유용하게 활용된다.",4수01-05,"나눗셈이 이루어지는 실생활 상황과 연결하여 나눗셈의 의미를 알고, 곱셈과 나눗셈의 관계를 이해한다.","나눗셈이 이루어지는 실생활 상황과 연결하여 나눗셈의 의미를 설명하고, 한 가지 상황을 곱셈식과 나눗셈식으로 나타내어 곱셈과 나눗셈의 관계를 설명할 수 있다.","나눗셈이 이루어지는 실생활 상황과 연결하여 나눗셈의 의미를 이해하고, 이를 나눗셈식으로 나타내며, 한 가지 상황을 곱셈식과 나눗셈식으로 나타낼 수 있다.","안내된 절차에 따라 나눗셈이 이루어지는 실생활 상황을 나눗셈식으로 나타내고, 곱셈식을 나눗셈식으로, 나눗셈식을 곱셈식으로 나타낼 수 있다.",,"• ‘수와 연산’ 영역에서는 용어와 기호로 ‘나눗셈, 몫, 나머지, 나누어떨어진다, 분수, 분모, 분자, 단위분수, 진분수, 가분수, 대분수, 자연수, 소수, 소수점(.), ’를 다룬다.
• 뉴스, 광고 등 여러 가지 매체를 활용해 자료를 조사하는 활동을 통하여 실생활에서 다섯 자리 이상의 큰 수가 쓰이는 경우를 찾아보게 한다. 조사한 결과를 바탕으로 큰 수와 관련하여 이야기하는 활동을 통하여 큰 수에 대한 필요성을 인식하고 양감을 기르게 한다.
• 한 가지 상황을 곱셈식과 나눗셈식으로 나타내는 활동을 통하여 곱셈과 나눗셈의 관계를 이해하게 한다.
• 나눗셈에 대한 검산에서는 나눗셈식을 보고 곱셈식으로 나타내는 것보다 검산의 목적과 필요성을 이해하는 데 초점을 둔다.
• 자연수의 덧셈, 뺄셈, 곱셈, 나눗셈을 하기 전에 계산 결과를 어림하기, 어림한 값을 이용하여 계산 결과가 타당한지 확인하기, 어림셈이 필요한 실생활 상황의 문제를 해결하기 등을 다룰 수 있다.
• 친근한 실생활 상황을 이용하여 자연수의 덧셈, 뺄셈, 곱셈, 나눗셈에 관련된 문제를 만들어 해결하게 하고, 사칙계산의 유용성을 인식하게 한다.
• 실생활에서 소수를 활용한 사례를 통해 소수의 필요성을 인식하게 한다.
• 소수의 덧셈과 뺄셈은 계산 원리를 이해할 수 있는 수준에서 간단히 다룬다.
• 계산 기능을 숙달하는 것이 목적이 아닌 경우에는 계산기를 사용하게 할 수 있다.
• ‘수와 연산’ 영역의 문제 상황에 적합한 문제해결 전략을 지도하고, 문제해결 과정을 설명하게 하여 문제해결 역량을 기르게 한다.
• ‘수와 연산’ 영역에서 문제해결 과정을 설명할 때 다른 친구의 의견을 존중하고 경청하는 태도로 참여하게 한다."
3~4,수학,수와 연산,"⋅사물의 양은 자연수, 분수, 소수 등으로 표현되며, 수는 자연수에서 정수, 유리수, 실수로 확장된다. 
⋅사칙계산은 자연수에 대해 정의되며 정수, 유리수, 실수의 사칙계산으로 확장되고 이때 연산의 성질이 일관되게 성립한다. 
⋅수와 사칙계산은 수학 학습의 기본이 되며, 실생활 문제를 포함한 다양한 문제를 해결하는 데 유용하게 활용된다.",4수01-06,"나누는 수가 한 자리 수인 나눗셈의 계산 원리를 이해하고 그 계산을 할 수 있으며, 나눗셈에서 몫과 나머지의 의미를 안다.","나누는 수가 한 자리 수인 나눗셈을 계산하여 몫과 나머지를 구하고, 나눗셈에서 몫과 나머지의 의미와 계산 원리를 설명할 수 있다.","나누는 수가 한 자리 수인 나눗셈의 계산 원리를 이해하고, 그 계산을 하여 몫과 나머지를 구할 수 있다.",안내된 절차에 따라 나누는 수가 한 자리 수인 나눗셈을 하여 몫과 나머지를 구할 수 있다.,"[4수01-06] 나눗셈에서 ‘(두 자리 수)(한 자리 수)’는 나누어떨어지는 경우와 나누어떨어지지 않는 경우를 포함하여 몫과 나머지를 이해하게 한다.
","• ‘수와 연산’ 영역에서는 용어와 기호로 ‘나눗셈, 몫, 나머지, 나누어떨어진다, 분수, 분모, 분자, 단위분수, 진분수, 가분수, 대분수, 자연수, 소수, 소수점(.), ’를 다룬다.
• 뉴스, 광고 등 여러 가지 매체를 활용해 자료를 조사하는 활동을 통하여 실생활에서 다섯 자리 이상의 큰 수가 쓰이는 경우를 찾아보게 한다. 조사한 결과를 바탕으로 큰 수와 관련하여 이야기하는 활동을 통하여 큰 수에 대한 필요성을 인식하고 양감을 기르게 한다.
• 한 가지 상황을 곱셈식과 나눗셈식으로 나타내는 활동을 통하여 곱셈과 나눗셈의 관계를 이해하게 한다.
• 나눗셈에 대한 검산에서는 나눗셈식을 보고 곱셈식으로 나타내는 것보다 검산의 목적과 필요성을 이해하는 데 초점을 둔다.
• 자연수의 덧셈, 뺄셈, 곱셈, 나눗셈을 하기 전에 계산 결과를 어림하기, 어림한 값을 이용하여 계산 결과가 타당한지 확인하기, 어림셈이 필요한 실생활 상황의 문제를 해결하기 등을 다룰 수 있다.
• 친근한 실생활 상황을 이용하여 자연수의 덧셈, 뺄셈, 곱셈, 나눗셈에 관련된 문제를 만들어 해결하게 하고, 사칙계산의 유용성을 인식하게 한다.
• 실생활에서 소수를 활용한 사례를 통해 소수의 필요성을 인식하게 한다.
• 소수의 덧셈과 뺄셈은 계산 원리를 이해할 수 있는 수준에서 간단히 다룬다.
• 계산 기능을 숙달하는 것이 목적이 아닌 경우에는 계산기를 사용하게 할 수 있다.
• ‘수와 연산’ 영역의 문제 상황에 적합한 문제해결 전략을 지도하고, 문제해결 과정을 설명하게 하여 문제해결 역량을 기르게 한다.
• ‘수와 연산’ 영역에서 문제해결 과정을 설명할 때 다른 친구의 의견을 존중하고 경청하는 태도로 참여하게 한다."
3~4,수학,수와 연산,"⋅사물의 양은 자연수, 분수, 소수 등으로 표현되며, 수는 자연수에서 정수, 유리수, 실수로 확장된다. 
⋅사칙계산은 자연수에 대해 정의되며 정수, 유리수, 실수의 사칙계산으로 확장되고 이때 연산의 성질이 일관되게 성립한다. 
⋅수와 사칙계산은 수학 학습의 기본이 되며, 실생활 문제를 포함한 다양한 문제를 해결하는 데 유용하게 활용된다.",4수01-07,나누는 수가 두 자리 수인 나눗셈의 계산 원리를 이해하고 그 계산을 할 수 있다.,"(두 자리 수) (두 자리 수)와 (세 자리 수) (두 자리 수)를 계산하고, 그 계산 원리를 설명할 수 있다.","(두 자리 수) (두 자리 수)와 (세 자리 수) (두 자리 수)의 계산 원리를 이해하고, 그 계산을 할 수 있다.",안내된 절차에 따라 (두 자리 수) (두 자리 수)와 (세 자리 수) (두 자리 수)의 간단한 계산을 할 수 있다.,"[4수01-07] 나누는 수가 두 자리 수인 나눗셈에서는 ‘(두 자리 수)(두 자리 수)’, ‘(세 자리 수)(두 자리 수)’를 다룬다.
","• ‘수와 연산’ 영역에서는 용어와 기호로 ‘나눗셈, 몫, 나머지, 나누어떨어진다, 분수, 분모, 분자, 단위분수, 진분수, 가분수, 대분수, 자연수, 소수, 소수점(.), ’를 다룬다.
• 뉴스, 광고 등 여러 가지 매체를 활용해 자료를 조사하는 활동을 통하여 실생활에서 다섯 자리 이상의 큰 수가 쓰이는 경우를 찾아보게 한다. 조사한 결과를 바탕으로 큰 수와 관련하여 이야기하는 활동을 통하여 큰 수에 대한 필요성을 인식하고 양감을 기르게 한다.
• 한 가지 상황을 곱셈식과 나눗셈식으로 나타내는 활동을 통하여 곱셈과 나눗셈의 관계를 이해하게 한다.
• 나눗셈에 대한 검산에서는 나눗셈식을 보고 곱셈식으로 나타내는 것보다 검산의 목적과 필요성을 이해하는 데 초점을 둔다.
• 자연수의 덧셈, 뺄셈, 곱셈, 나눗셈을 하기 전에 계산 결과를 어림하기, 어림한 값을 이용하여 계산 결과가 타당한지 확인하기, 어림셈이 필요한 실생활 상황의 문제를 해결하기 등을 다룰 수 있다.
• 친근한 실생활 상황을 이용하여 자연수의 덧셈, 뺄셈, 곱셈, 나눗셈에 관련된 문제를 만들어 해결하게 하고, 사칙계산의 유용성을 인식하게 한다.
• 실생활에서 소수를 활용한 사례를 통해 소수의 필요성을 인식하게 한다.
• 소수의 덧셈과 뺄셈은 계산 원리를 이해할 수 있는 수준에서 간단히 다룬다.
• 계산 기능을 숙달하는 것이 목적이 아닌 경우에는 계산기를 사용하게 할 수 있다.
• ‘수와 연산’ 영역의 문제 상황에 적합한 문제해결 전략을 지도하고, 문제해결 과정을 설명하게 하여 문제해결 역량을 기르게 한다.
• ‘수와 연산’ 영역에서 문제해결 과정을 설명할 때 다른 친구의 의견을 존중하고 경청하는 태도로 참여하게 한다."
3~4,수학,수와 연산,"⋅사물의 양은 자연수, 분수, 소수 등으로 표현되며, 수는 자연수에서 정수, 유리수, 실수로 확장된다. 
⋅사칙계산은 자연수에 대해 정의되며 정수, 유리수, 실수의 사칙계산으로 확장되고 이때 연산의 성질이 일관되게 성립한다. 
⋅수와 사칙계산은 수학 학습의 기본이 되며, 실생활 문제를 포함한 다양한 문제를 해결하는 데 유용하게 활용된다.",4수01-08,"자연수의 덧셈, 뺄셈, 곱셈, 나눗셈과 관련한 여러 가지 상황에서 어림셈을 할 수 있다.","자연수의 덧셈, 뺄셈, 곱셈, 나눗셈에서 계산 결과를 어림하며, 어림셈을 이용하여 계산 결과가 타당한지를 확인하고, 실생활 문제를 해결할 수 있다.","자연수의 덧셈, 뺄셈, 곱셈, 나눗셈에서 계산 결과를 어림하며, 어림셈을 이용하여 계산 결과가 타당한지를 확인할 수 있다.","안내된 절차에 따라 간단한 자연수의 덧셈, 뺄셈, 곱셈, 나눗셈의 계산 결과를 어림할 수 있다.",,"• ‘수와 연산’ 영역에서는 용어와 기호로 ‘나눗셈, 몫, 나머지, 나누어떨어진다, 분수, 분모, 분자, 단위분수, 진분수, 가분수, 대분수, 자연수, 소수, 소수점(.), ’를 다룬다.
• 뉴스, 광고 등 여러 가지 매체를 활용해 자료를 조사하는 활동을 통하여 실생활에서 다섯 자리 이상의 큰 수가 쓰이는 경우를 찾아보게 한다. 조사한 결과를 바탕으로 큰 수와 관련하여 이야기하는 활동을 통하여 큰 수에 대한 필요성을 인식하고 양감을 기르게 한다.
• 한 가지 상황을 곱셈식과 나눗셈식으로 나타내는 활동을 통하여 곱셈과 나눗셈의 관계를 이해하게 한다.
• 나눗셈에 대한 검산에서는 나눗셈식을 보고 곱셈식으로 나타내는 것보다 검산의 목적과 필요성을 이해하는 데 초점을 둔다.
• 자연수의 덧셈, 뺄셈, 곱셈, 나눗셈을 하기 전에 계산 결과를 어림하기, 어림한 값을 이용하여 계산 결과가 타당한지 확인하기, 어림셈이 필요한 실생활 상황의 문제를 해결하기 등을 다룰 수 있다.
• 친근한 실생활 상황을 이용하여 자연수의 덧셈, 뺄셈, 곱셈, 나눗셈에 관련된 문제를 만들어 해결하게 하고, 사칙계산의 유용성을 인식하게 한다.
• 실생활에서 소수를 활용한 사례를 통해 소수의 필요성을 인식하게 한다.
• 소수의 덧셈과 뺄셈은 계산 원리를 이해할 수 있는 수준에서 간단히 다룬다.
• 계산 기능을 숙달하는 것이 목적이 아닌 경우에는 계산기를 사용하게 할 수 있다.
• ‘수와 연산’ 영역의 문제 상황에 적합한 문제해결 전략을 지도하고, 문제해결 과정을 설명하게 하여 문제해결 역량을 기르게 한다.
• ‘수와 연산’ 영역에서 문제해결 과정을 설명할 때 다른 친구의 의견을 존중하고 경청하는 태도로 참여하게 한다."
3~4,수학,수와 연산,"⋅사물의 양은 자연수, 분수, 소수 등으로 표현되며, 수는 자연수에서 정수, 유리수, 실수로 확장된다. 
⋅사칙계산은 자연수에 대해 정의되며 정수, 유리수, 실수의 사칙계산으로 확장되고 이때 연산의 성질이 일관되게 성립한다. 
⋅수와 사칙계산은 수학 학습의 기본이 되며, 실생활 문제를 포함한 다양한 문제를 해결하는 데 유용하게 활용된다.",4수01-09,"양의 등분할을 통하여 분수의 필요성을 인식하고, 분수를 이해하고 읽고 쓸 수 있다.","양의 등분할을 이용하여 분수의 필요성과 의미를 설명하고, 분수를 읽고 쓸 수 있다.","양의 등분할을 통하여 분수의 필요성과 의미를 알고, 분수를 읽고 쓸 수 있다.",안내된 절차에 따라 분모와 분자를 구별하여 분수를 읽고 쓸 수 있다.,"[4수01-09] 1보다 작은 양을 나타내는 경우를 통하여 분수의 필요성이나 그 표현의 편리함을 인식하게 할 수 있다. 양의 등분할을 통하여 분수를 도입할 때 부분과 전체를 파악하게 하고, ‘분모’, ‘분자’를 사용한다.","• ‘수와 연산’ 영역에서는 용어와 기호로 ‘나눗셈, 몫, 나머지, 나누어떨어진다, 분수, 분모, 분자, 단위분수, 진분수, 가분수, 대분수, 자연수, 소수, 소수점(.), ’를 다룬다.
• 뉴스, 광고 등 여러 가지 매체를 활용해 자료를 조사하는 활동을 통하여 실생활에서 다섯 자리 이상의 큰 수가 쓰이는 경우를 찾아보게 한다. 조사한 결과를 바탕으로 큰 수와 관련하여 이야기하는 활동을 통하여 큰 수에 대한 필요성을 인식하고 양감을 기르게 한다.
• 한 가지 상황을 곱셈식과 나눗셈식으로 나타내는 활동을 통하여 곱셈과 나눗셈의 관계를 이해하게 한다.
• 나눗셈에 대한 검산에서는 나눗셈식을 보고 곱셈식으로 나타내는 것보다 검산의 목적과 필요성을 이해하는 데 초점을 둔다.
• 자연수의 덧셈, 뺄셈, 곱셈, 나눗셈을 하기 전에 계산 결과를 어림하기, 어림한 값을 이용하여 계산 결과가 타당한지 확인하기, 어림셈이 필요한 실생활 상황의 문제를 해결하기 등을 다룰 수 있다.
• 친근한 실생활 상황을 이용하여 자연수의 덧셈, 뺄셈, 곱셈, 나눗셈에 관련된 문제를 만들어 해결하게 하고, 사칙계산의 유용성을 인식하게 한다.
• 실생활에서 소수를 활용한 사례를 통해 소수의 필요성을 인식하게 한다.
• 소수의 덧셈과 뺄셈은 계산 원리를 이해할 수 있는 수준에서 간단히 다룬다.
• 계산 기능을 숙달하는 것이 목적이 아닌 경우에는 계산기를 사용하게 할 수 있다.
• ‘수와 연산’ 영역의 문제 상황에 적합한 문제해결 전략을 지도하고, 문제해결 과정을 설명하게 하여 문제해결 역량을 기르게 한다.
• ‘수와 연산’ 영역에서 문제해결 과정을 설명할 때 다른 친구의 의견을 존중하고 경청하는 태도로 참여하게 한다."
3~4,수학,수와 연산,"⋅사물의 양은 자연수, 분수, 소수 등으로 표현되며, 수는 자연수에서 정수, 유리수, 실수로 확장된다. 
⋅사칙계산은 자연수에 대해 정의되며 정수, 유리수, 실수의 사칙계산으로 확장되고 이때 연산의 성질이 일관되게 성립한다. 
⋅수와 사칙계산은 수학 학습의 기본이 되며, 실생활 문제를 포함한 다양한 문제를 해결하는 데 유용하게 활용된다.",4수01-10,"단위분수, 진분수, 가분수, 대분수를 알고, 그 관계를 이해한다.","단위분수, 진분수, 가분수, 대분수의 관계를 설명하고, 가분수를 대분수로, 대분수를 가분수로 나타낼 수 있다.","단위분수, 진분수, 가분수, 대분수를 알고, 가분수를 대분수로, 대분수를 가분수로 나타낼 수 있다.","안내된 절차에 따라 단위분수, 진분수, 가분수, 대분수를 구분하고, 가분수를 대분수로, 대분수를 가분수로 나타낼 수 있다.",,"• ‘수와 연산’ 영역에서는 용어와 기호로 ‘나눗셈, 몫, 나머지, 나누어떨어진다, 분수, 분모, 분자, 단위분수, 진분수, 가분수, 대분수, 자연수, 소수, 소수점(.), ’를 다룬다.
• 뉴스, 광고 등 여러 가지 매체를 활용해 자료를 조사하는 활동을 통하여 실생활에서 다섯 자리 이상의 큰 수가 쓰이는 경우를 찾아보게 한다. 조사한 결과를 바탕으로 큰 수와 관련하여 이야기하는 활동을 통하여 큰 수에 대한 필요성을 인식하고 양감을 기르게 한다.
• 한 가지 상황을 곱셈식과 나눗셈식으로 나타내는 활동을 통하여 곱셈과 나눗셈의 관계를 이해하게 한다.
• 나눗셈에 대한 검산에서는 나눗셈식을 보고 곱셈식으로 나타내는 것보다 검산의 목적과 필요성을 이해하는 데 초점을 둔다.
• 자연수의 덧셈, 뺄셈, 곱셈, 나눗셈을 하기 전에 계산 결과를 어림하기, 어림한 값을 이용하여 계산 결과가 타당한지 확인하기, 어림셈이 필요한 실생활 상황의 문제를 해결하기 등을 다룰 수 있다.
• 친근한 실생활 상황을 이용하여 자연수의 덧셈, 뺄셈, 곱셈, 나눗셈에 관련된 문제를 만들어 해결하게 하고, 사칙계산의 유용성을 인식하게 한다.
• 실생활에서 소수를 활용한 사례를 통해 소수의 필요성을 인식하게 한다.
• 소수의 덧셈과 뺄셈은 계산 원리를 이해할 수 있는 수준에서 간단히 다룬다.
• 계산 기능을 숙달하는 것이 목적이 아닌 경우에는 계산기를 사용하게 할 수 있다.
• ‘수와 연산’ 영역의 문제 상황에 적합한 문제해결 전략을 지도하고, 문제해결 과정을 설명하게 하여 문제해결 역량을 기르게 한다.
• ‘수와 연산’ 영역에서 문제해결 과정을 설명할 때 다른 친구의 의견을 존중하고 경청하는 태도로 참여하게 한다."
3~4,수학,수와 연산,"⋅사물의 양은 자연수, 분수, 소수 등으로 표현되며, 수는 자연수에서 정수, 유리수, 실수로 확장된다. 
⋅사칙계산은 자연수에 대해 정의되며 정수, 유리수, 실수의 사칙계산으로 확장되고 이때 연산의 성질이 일관되게 성립한다. 
⋅수와 사칙계산은 수학 학습의 기본이 되며, 실생활 문제를 포함한 다양한 문제를 해결하는 데 유용하게 활용된다.",4수01-11,"분모가 같은 분수끼리, 단위분수끼리 크기를 비교하고 그 방법을 설명할 수 있다.","분모가 같은 분수끼리, 단위분수끼리 크기를 비교하고, 그 방법을 설명할 수 있다.","분모가 같은 분수끼리, 단위분수끼리 크기를 비교할 수 있다.","구체물이나 그림을 보고 분모가 같은 분수끼리, 단위분수끼리 크기를 직관적으로 비교할 수 있다.",,"• ‘수와 연산’ 영역에서는 용어와 기호로 ‘나눗셈, 몫, 나머지, 나누어떨어진다, 분수, 분모, 분자, 단위분수, 진분수, 가분수, 대분수, 자연수, 소수, 소수점(.), ’를 다룬다.
• 뉴스, 광고 등 여러 가지 매체를 활용해 자료를 조사하는 활동을 통하여 실생활에서 다섯 자리 이상의 큰 수가 쓰이는 경우를 찾아보게 한다. 조사한 결과를 바탕으로 큰 수와 관련하여 이야기하는 활동을 통하여 큰 수에 대한 필요성을 인식하고 양감을 기르게 한다.
• 한 가지 상황을 곱셈식과 나눗셈식으로 나타내는 활동을 통하여 곱셈과 나눗셈의 관계를 이해하게 한다.
• 나눗셈에 대한 검산에서는 나눗셈식을 보고 곱셈식으로 나타내는 것보다 검산의 목적과 필요성을 이해하는 데 초점을 둔다.
• 자연수의 덧셈, 뺄셈, 곱셈, 나눗셈을 하기 전에 계산 결과를 어림하기, 어림한 값을 이용하여 계산 결과가 타당한지 확인하기, 어림셈이 필요한 실생활 상황의 문제를 해결하기 등을 다룰 수 있다.
• 친근한 실생활 상황을 이용하여 자연수의 덧셈, 뺄셈, 곱셈, 나눗셈에 관련된 문제를 만들어 해결하게 하고, 사칙계산의 유용성을 인식하게 한다.
• 실생활에서 소수를 활용한 사례를 통해 소수의 필요성을 인식하게 한다.
• 소수의 덧셈과 뺄셈은 계산 원리를 이해할 수 있는 수준에서 간단히 다룬다.
• 계산 기능을 숙달하는 것이 목적이 아닌 경우에는 계산기를 사용하게 할 수 있다.
• ‘수와 연산’ 영역의 문제 상황에 적합한 문제해결 전략을 지도하고, 문제해결 과정을 설명하게 하여 문제해결 역량을 기르게 한다.
• ‘수와 연산’ 영역에서 문제해결 과정을 설명할 때 다른 친구의 의견을 존중하고 경청하는 태도로 참여하게 한다."
3~4,수학,수와 연산,"⋅사물의 양은 자연수, 분수, 소수 등으로 표현되며, 수는 자연수에서 정수, 유리수, 실수로 확장된다. 
⋅사칙계산은 자연수에 대해 정의되며 정수, 유리수, 실수의 사칙계산으로 확장되고 이때 연산의 성질이 일관되게 성립한다. 
⋅수와 사칙계산은 수학 학습의 기본이 되며, 실생활 문제를 포함한 다양한 문제를 해결하는 데 유용하게 활용된다.",4수01-12,분모가 10인 진분수와 연결하여 소수 한 자리 수를 이해하고 읽고 쓸 수 있다.,"분모가 10인 진분수를 소수 한 자리 수로 나타내고 읽고 쓰며, 실생활에서 소수가 활용되는 사례를 찾아 소수의 필요성을 말할 수 있다.","분모가 10인 진분수를 소수 한 자리 수로 나타내고 읽고 쓰며, 실생활에서 소수가 활용되는 사례를 찾을 수 있다.","1/10 = 0.1임을 알고, 소수 한 자리 수를 읽고 쓸 수 있다.",,"• ‘수와 연산’ 영역에서는 용어와 기호로 ‘나눗셈, 몫, 나머지, 나누어떨어진다, 분수, 분모, 분자, 단위분수, 진분수, 가분수, 대분수, 자연수, 소수, 소수점(.), ’를 다룬다.
• 뉴스, 광고 등 여러 가지 매체를 활용해 자료를 조사하는 활동을 통하여 실생활에서 다섯 자리 이상의 큰 수가 쓰이는 경우를 찾아보게 한다. 조사한 결과를 바탕으로 큰 수와 관련하여 이야기하는 활동을 통하여 큰 수에 대한 필요성을 인식하고 양감을 기르게 한다.
• 한 가지 상황을 곱셈식과 나눗셈식으로 나타내는 활동을 통하여 곱셈과 나눗셈의 관계를 이해하게 한다.
• 나눗셈에 대한 검산에서는 나눗셈식을 보고 곱셈식으로 나타내는 것보다 검산의 목적과 필요성을 이해하는 데 초점을 둔다.
• 자연수의 덧셈, 뺄셈, 곱셈, 나눗셈을 하기 전에 계산 결과를 어림하기, 어림한 값을 이용하여 계산 결과가 타당한지 확인하기, 어림셈이 필요한 실생활 상황의 문제를 해결하기 등을 다룰 수 있다.
• 친근한 실생활 상황을 이용하여 자연수의 덧셈, 뺄셈, 곱셈, 나눗셈에 관련된 문제를 만들어 해결하게 하고, 사칙계산의 유용성을 인식하게 한다.
• 실생활에서 소수를 활용한 사례를 통해 소수의 필요성을 인식하게 한다.
• 소수의 덧셈과 뺄셈은 계산 원리를 이해할 수 있는 수준에서 간단히 다룬다.
• 계산 기능을 숙달하는 것이 목적이 아닌 경우에는 계산기를 사용하게 할 수 있다.
• ‘수와 연산’ 영역의 문제 상황에 적합한 문제해결 전략을 지도하고, 문제해결 과정을 설명하게 하여 문제해결 역량을 기르게 한다.
• ‘수와 연산’ 영역에서 문제해결 과정을 설명할 때 다른 친구의 의견을 존중하고 경청하는 태도로 참여하게 한다."
3~4,수학,수와 연산,"⋅사물의 양은 자연수, 분수, 소수 등으로 표현되며, 수는 자연수에서 정수, 유리수, 실수로 확장된다. 
⋅사칙계산은 자연수에 대해 정의되며 정수, 유리수, 실수의 사칙계산으로 확장되고 이때 연산의 성질이 일관되게 성립한다. 
⋅수와 사칙계산은 수학 학습의 기본이 되며, 실생활 문제를 포함한 다양한 문제를 해결하는 데 유용하게 활용된다.",4수01-13,자릿값의 원리를 바탕으로 소수 두 자리 수와 소수 세 자리 수를 이해하고 읽고 쓸 수 있다.,"소수 두 자리 수와 소수 세 자리 수에서 자릿값의 원리를 설명하고, 소수를 읽고 쓸 수 있다.","소수 두 자리 수와 소수 세 자리 수에서 자릿값의 원리를 이해하고, 소수를 읽고 쓸 수 있다.","안내된 절차에 따라 분모가 100, 1000인 분수를 소수로 나타내고, 그 소수를 읽을 수 있다.",,"• ‘수와 연산’ 영역에서는 용어와 기호로 ‘나눗셈, 몫, 나머지, 나누어떨어진다, 분수, 분모, 분자, 단위분수, 진분수, 가분수, 대분수, 자연수, 소수, 소수점(.), ’를 다룬다.
• 뉴스, 광고 등 여러 가지 매체를 활용해 자료를 조사하는 활동을 통하여 실생활에서 다섯 자리 이상의 큰 수가 쓰이는 경우를 찾아보게 한다. 조사한 결과를 바탕으로 큰 수와 관련하여 이야기하는 활동을 통하여 큰 수에 대한 필요성을 인식하고 양감을 기르게 한다.
• 한 가지 상황을 곱셈식과 나눗셈식으로 나타내는 활동을 통하여 곱셈과 나눗셈의 관계를 이해하게 한다.
• 나눗셈에 대한 검산에서는 나눗셈식을 보고 곱셈식으로 나타내는 것보다 검산의 목적과 필요성을 이해하는 데 초점을 둔다.
• 자연수의 덧셈, 뺄셈, 곱셈, 나눗셈을 하기 전에 계산 결과를 어림하기, 어림한 값을 이용하여 계산 결과가 타당한지 확인하기, 어림셈이 필요한 실생활 상황의 문제를 해결하기 등을 다룰 수 있다.
• 친근한 실생활 상황을 이용하여 자연수의 덧셈, 뺄셈, 곱셈, 나눗셈에 관련된 문제를 만들어 해결하게 하고, 사칙계산의 유용성을 인식하게 한다.
• 실생활에서 소수를 활용한 사례를 통해 소수의 필요성을 인식하게 한다.
• 소수의 덧셈과 뺄셈은 계산 원리를 이해할 수 있는 수준에서 간단히 다룬다.
• 계산 기능을 숙달하는 것이 목적이 아닌 경우에는 계산기를 사용하게 할 수 있다.
• ‘수와 연산’ 영역의 문제 상황에 적합한 문제해결 전략을 지도하고, 문제해결 과정을 설명하게 하여 문제해결 역량을 기르게 한다.
• ‘수와 연산’ 영역에서 문제해결 과정을 설명할 때 다른 친구의 의견을 존중하고 경청하는 태도로 참여하게 한다."
3~4,수학,수와 연산,"⋅사물의 양은 자연수, 분수, 소수 등으로 표현되며, 수는 자연수에서 정수, 유리수, 실수로 확장된다. 
⋅사칙계산은 자연수에 대해 정의되며 정수, 유리수, 실수의 사칙계산으로 확장되고 이때 연산의 성질이 일관되게 성립한다. 
⋅수와 사칙계산은 수학 학습의 기본이 되며, 실생활 문제를 포함한 다양한 문제를 해결하는 데 유용하게 활용된다.",4수01-14,소수의 크기를 비교하고 그 방법을 설명할 수 있다.,"여러 가지 소수의 크기를 비교하고, 그 방법을 설명할 수 있다.",여러 가지 소수의 크기를 비교할 수 있다.,구체물이나 그림을 이용하여 소수의 크기를 비교할 수 있다.,,"• ‘수와 연산’ 영역에서는 용어와 기호로 ‘나눗셈, 몫, 나머지, 나누어떨어진다, 분수, 분모, 분자, 단위분수, 진분수, 가분수, 대분수, 자연수, 소수, 소수점(.), ’를 다룬다.
• 뉴스, 광고 등 여러 가지 매체를 활용해 자료를 조사하는 활동을 통하여 실생활에서 다섯 자리 이상의 큰 수가 쓰이는 경우를 찾아보게 한다. 조사한 결과를 바탕으로 큰 수와 관련하여 이야기하는 활동을 통하여 큰 수에 대한 필요성을 인식하고 양감을 기르게 한다.
• 한 가지 상황을 곱셈식과 나눗셈식으로 나타내는 활동을 통하여 곱셈과 나눗셈의 관계를 이해하게 한다.
• 나눗셈에 대한 검산에서는 나눗셈식을 보고 곱셈식으로 나타내는 것보다 검산의 목적과 필요성을 이해하는 데 초점을 둔다.
• 자연수의 덧셈, 뺄셈, 곱셈, 나눗셈을 하기 전에 계산 결과를 어림하기, 어림한 값을 이용하여 계산 결과가 타당한지 확인하기, 어림셈이 필요한 실생활 상황의 문제를 해결하기 등을 다룰 수 있다.
• 친근한 실생활 상황을 이용하여 자연수의 덧셈, 뺄셈, 곱셈, 나눗셈에 관련된 문제를 만들어 해결하게 하고, 사칙계산의 유용성을 인식하게 한다.
• 실생활에서 소수를 활용한 사례를 통해 소수의 필요성을 인식하게 한다.
• 소수의 덧셈과 뺄셈은 계산 원리를 이해할 수 있는 수준에서 간단히 다룬다.
• 계산 기능을 숙달하는 것이 목적이 아닌 경우에는 계산기를 사용하게 할 수 있다.
• ‘수와 연산’ 영역의 문제 상황에 적합한 문제해결 전략을 지도하고, 문제해결 과정을 설명하게 하여 문제해결 역량을 기르게 한다.
• ‘수와 연산’ 영역에서 문제해결 과정을 설명할 때 다른 친구의 의견을 존중하고 경청하는 태도로 참여하게 한다."
3~4,수학,수와 연산,"⋅사물의 양은 자연수, 분수, 소수 등으로 표현되며, 수는 자연수에서 정수, 유리수, 실수로 확장된다. 
⋅사칙계산은 자연수에 대해 정의되며 정수, 유리수, 실수의 사칙계산으로 확장되고 이때 연산의 성질이 일관되게 성립한다. 
⋅수와 사칙계산은 수학 학습의 기본이 되며, 실생활 문제를 포함한 다양한 문제를 해결하는 데 유용하게 활용된다.",4수01-15,분모가 같은 분수의 덧셈과 뺄셈의 계산 원리를 이해하고 그 계산을 할 수 있다.,"분모가 같은 분수의 덧셈과 뺄셈을 여러 가지 방법으로 계산하고, 그 계산 원리를 설명할 수 있다.","분모가 같은 분수의 덧셈과 뺄셈의 계산 원리를 이해하고, 그 계산을 할 수 있다.",안내된 절차에 따라 분모가 같은 간단한 분수의 덧셈과 뺄셈을 할 수 있다.,,"• ‘수와 연산’ 영역에서는 용어와 기호로 ‘나눗셈, 몫, 나머지, 나누어떨어진다, 분수, 분모, 분자, 단위분수, 진분수, 가분수, 대분수, 자연수, 소수, 소수점(.), ’를 다룬다.
• 뉴스, 광고 등 여러 가지 매체를 활용해 자료를 조사하는 활동을 통하여 실생활에서 다섯 자리 이상의 큰 수가 쓰이는 경우를 찾아보게 한다. 조사한 결과를 바탕으로 큰 수와 관련하여 이야기하는 활동을 통하여 큰 수에 대한 필요성을 인식하고 양감을 기르게 한다.
• 한 가지 상황을 곱셈식과 나눗셈식으로 나타내는 활동을 통하여 곱셈과 나눗셈의 관계를 이해하게 한다.
• 나눗셈에 대한 검산에서는 나눗셈식을 보고 곱셈식으로 나타내는 것보다 검산의 목적과 필요성을 이해하는 데 초점을 둔다.
• 자연수의 덧셈, 뺄셈, 곱셈, 나눗셈을 하기 전에 계산 결과를 어림하기, 어림한 값을 이용하여 계산 결과가 타당한지 확인하기, 어림셈이 필요한 실생활 상황의 문제를 해결하기 등을 다룰 수 있다.
• 친근한 실생활 상황을 이용하여 자연수의 덧셈, 뺄셈, 곱셈, 나눗셈에 관련된 문제를 만들어 해결하게 하고, 사칙계산의 유용성을 인식하게 한다.
• 실생활에서 소수를 활용한 사례를 통해 소수의 필요성을 인식하게 한다.
• 소수의 덧셈과 뺄셈은 계산 원리를 이해할 수 있는 수준에서 간단히 다룬다.
• 계산 기능을 숙달하는 것이 목적이 아닌 경우에는 계산기를 사용하게 할 수 있다.
• ‘수와 연산’ 영역의 문제 상황에 적합한 문제해결 전략을 지도하고, 문제해결 과정을 설명하게 하여 문제해결 역량을 기르게 한다.
• ‘수와 연산’ 영역에서 문제해결 과정을 설명할 때 다른 친구의 의견을 존중하고 경청하는 태도로 참여하게 한다."
3~4,수학,수와 연산,"⋅사물의 양은 자연수, 분수, 소수 등으로 표현되며, 수는 자연수에서 정수, 유리수, 실수로 확장된다. 
⋅사칙계산은 자연수에 대해 정의되며 정수, 유리수, 실수의 사칙계산으로 확장되고 이때 연산의 성질이 일관되게 성립한다. 
⋅수와 사칙계산은 수학 학습의 기본이 되며, 실생활 문제를 포함한 다양한 문제를 해결하는 데 유용하게 활용된다.",4수01-16,소수 두 자리 수의 범위에서 소수의 덧셈과 뺄셈의 계산 원리를 이해하고 그 계산을 할 수 있다.,"소수 두 자리 수의 범위에서 소수의 덧셈과 뺄셈을 계산하고, 그 계산 원리를 설명할 수 있다.","소수 두 자리 수의 범위에서 소수의 덧셈과 뺄셈의 계산 원리를 이해하고, 그 계산을 할 수 있다.",안내된 절차에 따라 소수 두 자리 수의 범위에서 간단한 소수의 덧셈과 뺄셈을 할 수 있다.,,"• ‘수와 연산’ 영역에서는 용어와 기호로 ‘나눗셈, 몫, 나머지, 나누어떨어진다, 분수, 분모, 분자, 단위분수, 진분수, 가분수, 대분수, 자연수, 소수, 소수점(.), ’를 다룬다.
• 뉴스, 광고 등 여러 가지 매체를 활용해 자료를 조사하는 활동을 통하여 실생활에서 다섯 자리 이상의 큰 수가 쓰이는 경우를 찾아보게 한다. 조사한 결과를 바탕으로 큰 수와 관련하여 이야기하는 활동을 통하여 큰 수에 대한 필요성을 인식하고 양감을 기르게 한다.
• 한 가지 상황을 곱셈식과 나눗셈식으로 나타내는 활동을 통하여 곱셈과 나눗셈의 관계를 이해하게 한다.
• 나눗셈에 대한 검산에서는 나눗셈식을 보고 곱셈식으로 나타내는 것보다 검산의 목적과 필요성을 이해하는 데 초점을 둔다.
• 자연수의 덧셈, 뺄셈, 곱셈, 나눗셈을 하기 전에 계산 결과를 어림하기, 어림한 값을 이용하여 계산 결과가 타당한지 확인하기, 어림셈이 필요한 실생활 상황의 문제를 해결하기 등을 다룰 수 있다.
• 친근한 실생활 상황을 이용하여 자연수의 덧셈, 뺄셈, 곱셈, 나눗셈에 관련된 문제를 만들어 해결하게 하고, 사칙계산의 유용성을 인식하게 한다.
• 실생활에서 소수를 활용한 사례를 통해 소수의 필요성을 인식하게 한다.
• 소수의 덧셈과 뺄셈은 계산 원리를 이해할 수 있는 수준에서 간단히 다룬다.
• 계산 기능을 숙달하는 것이 목적이 아닌 경우에는 계산기를 사용하게 할 수 있다.
• ‘수와 연산’ 영역의 문제 상황에 적합한 문제해결 전략을 지도하고, 문제해결 과정을 설명하게 하여 문제해결 역량을 기르게 한다.
• ‘수와 연산’ 영역에서 문제해결 과정을 설명할 때 다른 친구의 의견을 존중하고 경청하는 태도로 참여하게 한다."
3~4,수학,변화와 관계,"⋅변화하는 현상에 반복적인 요소로 들어있는 규칙은 수나 식으로 표현될 수 있으며, 규칙을 탐구하는 것은 수학적으로 추측하고 일반화하는 데 기반이 된다.
⋅동치 관계, 대응 관계, 비례 관계 등은 여러 현상에 들어있는 대상들 사이의 다양한 관계를 기술하고 복잡한 문제를 해결하는 데 유용하게 활용된다.
⋅수와 그 계산은 문자와 식을 사용하여 일반화되며, 특정한 관계를 만족시키는 미지의 값은 방정식과 부등식을 해결하는 적절한 절차를 거쳐 구해진다.
⋅한 양이 변함에 따라 다른 양이 하나씩 정해지는 두 양 사이의 대응 관계를 나타내는 함수와 그 그래프는 변화하는 현상 속의 다양한 관계를 수학적으로 표현한다.",4수02-01,"다양한 변화 규칙을 찾아 설명하고, 그 규칙을 수나 식으로 나타낼 수 있다.","여러 가지 배열에서 다양한 변화 규칙을 찾아 수나 식으로 나타내고, 그 방법을 설명할 수 있다.","주어진 배열에서 변화 규칙을 찾아 말하고, 그 규칙을 수나 식으로 나타낼 수 있다.",안내된 절차에 따라 간단한 배열에서 변화 규칙을 찾아 수나 식으로 나타낼 수 있다.,,"• 규칙을 식으로 나타낼 때 혼합 계산식, 일반항을 나타낸 식 등을 이용해야 하는 복잡한 문제는 다루지 않는다.
• 계산식의 배열에서 계산 결과의 규칙을 찾는 활동을 할 때 필요에 따라 계산기를 사용하게 할 수 있다.
• 자신이 추측한 규칙을 배열에 적용해 보는 등 다양한 방법으로 규칙이 옳은지 스스로 검토하게 할 수 있다.
• 동치 관계는 두 자리 수의 범위에서 다룬다.
• 등호가 사용된 식이 옳은지 판단할 때는 수 감각이나 학생이 직관적으로 이해하고 있는 연산의 성질을 이용하여 두 양이 서로 같은지 비교하게 할 수 있다.
• ‘변화와 관계’ 영역의 문제 상황에 적합한 문제해결 전략을 지도하고, 문제해결 과정을 설명하게 하여 문제해결 역량을 기르게 한다.
• ‘변화와 관계’ 영역에서 문제해결 과정을 설명할 때 다른 친구의 의견을 존중하고 경청하는 태도로 참여하게 한다."
3~4,수학,변화와 관계,"⋅변화하는 현상에 반복적인 요소로 들어있는 규칙은 수나 식으로 표현될 수 있으며, 규칙을 탐구하는 것은 수학적으로 추측하고 일반화하는 데 기반이 된다.
⋅동치 관계, 대응 관계, 비례 관계 등은 여러 현상에 들어있는 대상들 사이의 다양한 관계를 기술하고 복잡한 문제를 해결하는 데 유용하게 활용된다.
⋅수와 그 계산은 문자와 식을 사용하여 일반화되며, 특정한 관계를 만족시키는 미지의 값은 방정식과 부등식을 해결하는 적절한 절차를 거쳐 구해진다.
⋅한 양이 변함에 따라 다른 양이 하나씩 정해지는 두 양 사이의 대응 관계를 나타내는 함수와 그 그래프는 변화하는 현상 속의 다양한 관계를 수학적으로 표현한다.",4수02-02,"계산식의 배열에서 규칙을 찾고, 계산 결과를 추측할 수 있다.","계산식의 배열에서 규칙을 찾아 계산 결과를 추측하고, 추측한 계산 결과가 옳은지 확인하여 설명할 수 있다.","계산식의 배열에서 규칙을 찾아 말하고, 계산 결과를 추측할 수 있다.",간단한 계산식의 배열에서 이어질 계산 결과를 추측할 수 있다.,"[4수02-02] 다양한 규칙을 찾을 수 있는 계산식의 배열, 수의 성질을 탐구할 수 있는 계산식의 배열을 다룬다.","• 규칙을 식으로 나타낼 때 혼합 계산식, 일반항을 나타낸 식 등을 이용해야 하는 복잡한 문제는 다루지 않는다.
• 계산식의 배열에서 계산 결과의 규칙을 찾는 활동을 할 때 필요에 따라 계산기를 사용하게 할 수 있다.
• 자신이 추측한 규칙을 배열에 적용해 보는 등 다양한 방법으로 규칙이 옳은지 스스로 검토하게 할 수 있다.
• 동치 관계는 두 자리 수의 범위에서 다룬다.
• 등호가 사용된 식이 옳은지 판단할 때는 수 감각이나 학생이 직관적으로 이해하고 있는 연산의 성질을 이용하여 두 양이 서로 같은지 비교하게 할 수 있다.
• ‘변화와 관계’ 영역의 문제 상황에 적합한 문제해결 전략을 지도하고, 문제해결 과정을 설명하게 하여 문제해결 역량을 기르게 한다.
• ‘변화와 관계’ 영역에서 문제해결 과정을 설명할 때 다른 친구의 의견을 존중하고 경청하는 태도로 참여하게 한다."
3~4,수학,변화와 관계,"⋅변화하는 현상에 반복적인 요소로 들어있는 규칙은 수나 식으로 표현될 수 있으며, 규칙을 탐구하는 것은 수학적으로 추측하고 일반화하는 데 기반이 된다.
⋅동치 관계, 대응 관계, 비례 관계 등은 여러 현상에 들어있는 대상들 사이의 다양한 관계를 기술하고 복잡한 문제를 해결하는 데 유용하게 활용된다.
⋅수와 그 계산은 문자와 식을 사용하여 일반화되며, 특정한 관계를 만족시키는 미지의 값은 방정식과 부등식을 해결하는 적절한 절차를 거쳐 구해진다.
⋅한 양이 변함에 따라 다른 양이 하나씩 정해지는 두 양 사이의 대응 관계를 나타내는 함수와 그 그래프는 변화하는 현상 속의 다양한 관계를 수학적으로 표현한다.",4수02-03,등호를 사용하여 크기가 같은 두 양의 관계를 식으로 나타낼 수 있다.,"등호를 사용하여 크기가 같은 두 양의 관계를 식으로 나타내고, 등호가 사용된 식이 옳은지를 설명할 수 있다.",등호를 사용하여 크기가 같은 두 양의 관계를 식으로 나타낼 수 있다.,안내된 절차에 따라 등호를 사용하여 크기가 같은 두 양의 관계를 식으로 나타낼 수 있다.,"[4수02-03] 등호( )의 의미를 토대로 구체물, 그림 등을 사용하여 주어진 식이 옳은지 판단하는 활동, 크기가 같은 두 양을 찾는 활동 등을 통해 동치 관계를 이해하게 한다.","• 규칙을 식으로 나타낼 때 혼합 계산식, 일반항을 나타낸 식 등을 이용해야 하는 복잡한 문제는 다루지 않는다.
• 계산식의 배열에서 계산 결과의 규칙을 찾는 활동을 할 때 필요에 따라 계산기를 사용하게 할 수 있다.
• 자신이 추측한 규칙을 배열에 적용해 보는 등 다양한 방법으로 규칙이 옳은지 스스로 검토하게 할 수 있다.
• 동치 관계는 두 자리 수의 범위에서 다룬다.
• 등호가 사용된 식이 옳은지 판단할 때는 수 감각이나 학생이 직관적으로 이해하고 있는 연산의 성질을 이용하여 두 양이 서로 같은지 비교하게 할 수 있다.
• ‘변화와 관계’ 영역의 문제 상황에 적합한 문제해결 전략을 지도하고, 문제해결 과정을 설명하게 하여 문제해결 역량을 기르게 한다.
• ‘변화와 관계’ 영역에서 문제해결 과정을 설명할 때 다른 친구의 의견을 존중하고 경청하는 태도로 참여하게 한다."
3~4,수학,도형과 측정,"⋅평면도형과 입체도형은 여러 가지 모양을 범주화한 것이며, 각각의 평면도형과 입체도형은 고유한 성질을 갖는다.

⋅도형의 성질과 관계를 탐구하고 정당화하는 것은 논리적이고 비판적으로 사고하는 데 기반이 된다.

⋅측정은 여러 가지 속성의 양을 비교하고 속성에 따른 단위를 이용하여 양을 수치화함으로써 여러 가지 현상을 해석하거나 실생활 문제를 해결하는 데 활용된다.",4수03-01,"직선, 선분, 반직선을 이해하고 구별할 수 있다.","직선, 선분, 반직선의 예를 제시하고, 그 차이를 설명할 수 있다.","주어진 도형에서 직선, 선분, 반직선을 구별하고, 그 차이를 말할 수 있다.","주어진 도형에서 직선, 선분, 반직선을 구별할 수 있다.",,"• ‘도형과 측정’ 영역에서는 용어와 기호로 ‘직선, 선분, 반직선, 각, (각의) 꼭짓점, (각의) 변, 직각, 예각, 둔각, 수직, 수선, 평행, 평행선, 원의 중심, 반지름, 지름, 이등변삼각형, 정삼각형, 직각삼각형, 예각삼각형, 둔각삼각형, 직사각형, 정사각형, 사다리꼴, 평행사변형, 마름모, 다각형, 정다각형, 대각선, 초, 도(°), mm, km, L, mL, g, kg, t’을 다룬다.
• 직선, 선분, 반직선에 대한 평가에서는 정확한 정의나 표현보다 직선, 선분, 반직선을 서로 구별할 수 있는지에 중점을 둔다.
• 평면도형의 이동에서 돌리고 뒤집기나 뒤집고 돌리기 등 복잡한 변화를 지양한다.
• 평면도형의 이동을 활용하여 모양의 변화나 무늬를 설명하게 할 때 설명 방법이 다양할 수 있음에 유의하여 다른 친구들의 설명을 비판적으로 검토하게 한다.
• 평면도형의 이동, 원 그리기 등을 이용하여 여러 가지 모양이나 무늬 만들기 활동을 통해 수학의 아름다움을 느끼게 할 수 있다.
• 삼각형의 성질을 탐구하는 활동에서 구체적인 관찰, 실험, 측정 등 귀납적 추론을 통해 성질을 이해하게 한다.
• 여러 가지 사각형의 성질은 구체적인 조작 활동을 통하여 간단한 것만 다루고, 여러 가지 사각형 사이의 관계는 다루지 않는다.
• 시각과 시간의 의미는 구체적인 상황 속에서 구별하여 사용할 수 있는 정도로 이해하게 한다.
• 실제로 재거나 어림하는 측정 활동을 통하여 시간, 길이, 들이, 무게, 각도에 대한 양감을 기르게 한다.
• 들이, 무게의 표준 단위를 도입하기 전에 표준 단위의 필요성을 알게 한다.
• 시간, 길이, 들이, 무게의 단위를 지도할 때 단위 사이의 관계를 이해하는 데 중점을 두고, 1km와 1cm의 관계, 1t과 1g의 관계 등의 지나친 단위 환산은 다루지 않는다.
• 길이, 들이, 무게, 각도를 측정할 때 측정도구의 눈금에 일치하지 않는 측정값을 ‘약’으로 표현하게 한다.
• ‘도형과 측정’ 영역의 문제 상황에 적합한 문제해결 전략을 지도하고, 문제해결 과정을 설명하게 하여 문제해결 역량을 기르게 한다.
• ‘도형과 측정’ 영역에서 문제해결 과정을 설명할 때 다른 친구의 의견을 존중하고 경청하는 태도로 참여하게 한다."
3~4,수학,도형과 측정,"⋅평면도형과 입체도형은 여러 가지 모양을 범주화한 것이며, 각각의 평면도형과 입체도형은 고유한 성질을 갖는다.

⋅도형의 성질과 관계를 탐구하고 정당화하는 것은 논리적이고 비판적으로 사고하는 데 기반이 된다.

⋅측정은 여러 가지 속성의 양을 비교하고 속성에 따른 단위를 이용하여 양을 수치화함으로써 여러 가지 현상을 해석하거나 실생활 문제를 해결하는 데 활용된다.",4수03-02,"각과 직각을 이해하고, 직각과 비교하는 활동을 통하여 예각과 둔각을 구별할 수 있다.","각, 직각의 예를 제시하고, 직각과 비교하여 예각과 둔각의 차이를 설명할 수 있다.","주어진 도형에서 각과 직각을 찾고, 여러 가지 각을 직각, 예각, 둔각으로 분류할 수 있다.","주어진 도형에서 각을 찾고, 직각이 있는 구체물을 이용하여 직각, 예각, 둔각을 찾을 수 있다.",,"• ‘도형과 측정’ 영역에서는 용어와 기호로 ‘직선, 선분, 반직선, 각, (각의) 꼭짓점, (각의) 변, 직각, 예각, 둔각, 수직, 수선, 평행, 평행선, 원의 중심, 반지름, 지름, 이등변삼각형, 정삼각형, 직각삼각형, 예각삼각형, 둔각삼각형, 직사각형, 정사각형, 사다리꼴, 평행사변형, 마름모, 다각형, 정다각형, 대각선, 초, 도(°), mm, km, L, mL, g, kg, t’을 다룬다.
• 직선, 선분, 반직선에 대한 평가에서는 정확한 정의나 표현보다 직선, 선분, 반직선을 서로 구별할 수 있는지에 중점을 둔다.
• 평면도형의 이동에서 돌리고 뒤집기나 뒤집고 돌리기 등 복잡한 변화를 지양한다.
• 평면도형의 이동을 활용하여 모양의 변화나 무늬를 설명하게 할 때 설명 방법이 다양할 수 있음에 유의하여 다른 친구들의 설명을 비판적으로 검토하게 한다.
• 평면도형의 이동, 원 그리기 등을 이용하여 여러 가지 모양이나 무늬 만들기 활동을 통해 수학의 아름다움을 느끼게 할 수 있다.
• 삼각형의 성질을 탐구하는 활동에서 구체적인 관찰, 실험, 측정 등 귀납적 추론을 통해 성질을 이해하게 한다.
• 여러 가지 사각형의 성질은 구체적인 조작 활동을 통하여 간단한 것만 다루고, 여러 가지 사각형 사이의 관계는 다루지 않는다.
• 시각과 시간의 의미는 구체적인 상황 속에서 구별하여 사용할 수 있는 정도로 이해하게 한다.
• 실제로 재거나 어림하는 측정 활동을 통하여 시간, 길이, 들이, 무게, 각도에 대한 양감을 기르게 한다.
• 들이, 무게의 표준 단위를 도입하기 전에 표준 단위의 필요성을 알게 한다.
• 시간, 길이, 들이, 무게의 단위를 지도할 때 단위 사이의 관계를 이해하는 데 중점을 두고, 1km와 1cm의 관계, 1t과 1g의 관계 등의 지나친 단위 환산은 다루지 않는다.
• 길이, 들이, 무게, 각도를 측정할 때 측정도구의 눈금에 일치하지 않는 측정값을 ‘약’으로 표현하게 한다.
• ‘도형과 측정’ 영역의 문제 상황에 적합한 문제해결 전략을 지도하고, 문제해결 과정을 설명하게 하여 문제해결 역량을 기르게 한다.
• ‘도형과 측정’ 영역에서 문제해결 과정을 설명할 때 다른 친구의 의견을 존중하고 경청하는 태도로 참여하게 한다."
3~4,수학,도형과 측정,"⋅평면도형과 입체도형은 여러 가지 모양을 범주화한 것이며, 각각의 평면도형과 입체도형은 고유한 성질을 갖는다.

⋅도형의 성질과 관계를 탐구하고 정당화하는 것은 논리적이고 비판적으로 사고하는 데 기반이 된다.

⋅측정은 여러 가지 속성의 양을 비교하고 속성에 따른 단위를 이용하여 양을 수치화함으로써 여러 가지 현상을 해석하거나 실생활 문제를 해결하는 데 활용된다.",4수03-03,직선의 수직 관계와 평행 관계를 이해한다.,"수직 관계인 두 직선이나 평행 관계인 두 직선을 그리고, 그 성질을 설명할 수 있다.","수직과 평행의 의미를 알고, 주어진 그림에서 수직 관계 또는 평행 관계인 직선을 찾을 수 있다.",안내된 절차에 따라 주어진 그림에서 한 직선에 수직 또는 평행인 직선을 찾을 수 있다.,,"• ‘도형과 측정’ 영역에서는 용어와 기호로 ‘직선, 선분, 반직선, 각, (각의) 꼭짓점, (각의) 변, 직각, 예각, 둔각, 수직, 수선, 평행, 평행선, 원의 중심, 반지름, 지름, 이등변삼각형, 정삼각형, 직각삼각형, 예각삼각형, 둔각삼각형, 직사각형, 정사각형, 사다리꼴, 평행사변형, 마름모, 다각형, 정다각형, 대각선, 초, 도(°), mm, km, L, mL, g, kg, t’을 다룬다.
• 직선, 선분, 반직선에 대한 평가에서는 정확한 정의나 표현보다 직선, 선분, 반직선을 서로 구별할 수 있는지에 중점을 둔다.
• 평면도형의 이동에서 돌리고 뒤집기나 뒤집고 돌리기 등 복잡한 변화를 지양한다.
• 평면도형의 이동을 활용하여 모양의 변화나 무늬를 설명하게 할 때 설명 방법이 다양할 수 있음에 유의하여 다른 친구들의 설명을 비판적으로 검토하게 한다.
• 평면도형의 이동, 원 그리기 등을 이용하여 여러 가지 모양이나 무늬 만들기 활동을 통해 수학의 아름다움을 느끼게 할 수 있다.
• 삼각형의 성질을 탐구하는 활동에서 구체적인 관찰, 실험, 측정 등 귀납적 추론을 통해 성질을 이해하게 한다.
• 여러 가지 사각형의 성질은 구체적인 조작 활동을 통하여 간단한 것만 다루고, 여러 가지 사각형 사이의 관계는 다루지 않는다.
• 시각과 시간의 의미는 구체적인 상황 속에서 구별하여 사용할 수 있는 정도로 이해하게 한다.
• 실제로 재거나 어림하는 측정 활동을 통하여 시간, 길이, 들이, 무게, 각도에 대한 양감을 기르게 한다.
• 들이, 무게의 표준 단위를 도입하기 전에 표준 단위의 필요성을 알게 한다.
• 시간, 길이, 들이, 무게의 단위를 지도할 때 단위 사이의 관계를 이해하는 데 중점을 두고, 1km와 1cm의 관계, 1t과 1g의 관계 등의 지나친 단위 환산은 다루지 않는다.
• 길이, 들이, 무게, 각도를 측정할 때 측정도구의 눈금에 일치하지 않는 측정값을 ‘약’으로 표현하게 한다.
• ‘도형과 측정’ 영역의 문제 상황에 적합한 문제해결 전략을 지도하고, 문제해결 과정을 설명하게 하여 문제해결 역량을 기르게 한다.
• ‘도형과 측정’ 영역에서 문제해결 과정을 설명할 때 다른 친구의 의견을 존중하고 경청하는 태도로 참여하게 한다."
3~4,수학,도형과 측정,"⋅평면도형과 입체도형은 여러 가지 모양을 범주화한 것이며, 각각의 평면도형과 입체도형은 고유한 성질을 갖는다.

⋅도형의 성질과 관계를 탐구하고 정당화하는 것은 논리적이고 비판적으로 사고하는 데 기반이 된다.

⋅측정은 여러 가지 속성의 양을 비교하고 속성에 따른 단위를 이용하여 양을 수치화함으로써 여러 가지 현상을 해석하거나 실생활 문제를 해결하는 데 활용된다.",4수03-04,"구체물이나 평면도형의 밀기, 뒤집기, 돌리기 활동을 통하여 그 변화를 이해한다.","구체물이나 평면도형의 밀기, 뒤집기, 돌리기를 한 결과를 예상하고, 위치나 방향의 변화를 설명할 수 있다.","구체물이나 평면도형의 밀기, 뒤집기, 돌리기를 하고, 위치나 방향의 변화를 말할 수 있다.","간단한 구체물이나 평면도형의 밀기, 뒤집기, 돌리기를 하고, 그 결과를 그림으로 나타낼 수 있다.",[4수03-04] 실생활에서 평면도형의 이동을 활용한 사례를 찾아서 이동에 따른 변화를 추론하고 위치나 방향이 어떻게 변화했는지 설명하게 한다.,"• ‘도형과 측정’ 영역에서는 용어와 기호로 ‘직선, 선분, 반직선, 각, (각의) 꼭짓점, (각의) 변, 직각, 예각, 둔각, 수직, 수선, 평행, 평행선, 원의 중심, 반지름, 지름, 이등변삼각형, 정삼각형, 직각삼각형, 예각삼각형, 둔각삼각형, 직사각형, 정사각형, 사다리꼴, 평행사변형, 마름모, 다각형, 정다각형, 대각선, 초, 도(°), mm, km, L, mL, g, kg, t’을 다룬다.
• 직선, 선분, 반직선에 대한 평가에서는 정확한 정의나 표현보다 직선, 선분, 반직선을 서로 구별할 수 있는지에 중점을 둔다.
• 평면도형의 이동에서 돌리고 뒤집기나 뒤집고 돌리기 등 복잡한 변화를 지양한다.
• 평면도형의 이동을 활용하여 모양의 변화나 무늬를 설명하게 할 때 설명 방법이 다양할 수 있음에 유의하여 다른 친구들의 설명을 비판적으로 검토하게 한다.
• 평면도형의 이동, 원 그리기 등을 이용하여 여러 가지 모양이나 무늬 만들기 활동을 통해 수학의 아름다움을 느끼게 할 수 있다.
• 삼각형의 성질을 탐구하는 활동에서 구체적인 관찰, 실험, 측정 등 귀납적 추론을 통해 성질을 이해하게 한다.
• 여러 가지 사각형의 성질은 구체적인 조작 활동을 통하여 간단한 것만 다루고, 여러 가지 사각형 사이의 관계는 다루지 않는다.
• 시각과 시간의 의미는 구체적인 상황 속에서 구별하여 사용할 수 있는 정도로 이해하게 한다.
• 실제로 재거나 어림하는 측정 활동을 통하여 시간, 길이, 들이, 무게, 각도에 대한 양감을 기르게 한다.
• 들이, 무게의 표준 단위를 도입하기 전에 표준 단위의 필요성을 알게 한다.
• 시간, 길이, 들이, 무게의 단위를 지도할 때 단위 사이의 관계를 이해하는 데 중점을 두고, 1km와 1cm의 관계, 1t과 1g의 관계 등의 지나친 단위 환산은 다루지 않는다.
• 길이, 들이, 무게, 각도를 측정할 때 측정도구의 눈금에 일치하지 않는 측정값을 ‘약’으로 표현하게 한다.
• ‘도형과 측정’ 영역의 문제 상황에 적합한 문제해결 전략을 지도하고, 문제해결 과정을 설명하게 하여 문제해결 역량을 기르게 한다.
• ‘도형과 측정’ 영역에서 문제해결 과정을 설명할 때 다른 친구의 의견을 존중하고 경청하는 태도로 참여하게 한다."
3~4,수학,도형과 측정,"⋅평면도형과 입체도형은 여러 가지 모양을 범주화한 것이며, 각각의 평면도형과 입체도형은 고유한 성질을 갖는다.

⋅도형의 성질과 관계를 탐구하고 정당화하는 것은 논리적이고 비판적으로 사고하는 데 기반이 된다.

⋅측정은 여러 가지 속성의 양을 비교하고 속성에 따른 단위를 이용하여 양을 수치화함으로써 여러 가지 현상을 해석하거나 실생활 문제를 해결하는 데 활용된다.",4수03-05,평면에서 점의 이동에 대해 위치와 방향을 이용하여 설명할 수 있다.,"평면에서 점을 이동하고, 그 결과를 위치와 방향의 용어(위, 아래, 오른쪽, 왼쪽, ~칸, ~cm 등)를 사용하여 여러 가지 방법으로 설명할 수 있다.","평면에서 점의 이동을 위치와 방향의 용어(위, 아래, 오른쪽, 왼쪽, ~칸, ~cm 등)를 사용하여 말할 수 있다.",안내된 절차에 따라 주어진 점을 위치와 방향에 맞게 이동할 수 있다.,"[4수03-05] 평면에서 점의 이동은 격자를 따라 위, 아래, 오른쪽, 왼쪽으로 ‘∼칸’, ‘∼cm’를 이동하는 수준에서 다룬다. 한 점의 이동에 대해 위치와 방향을 설명하는 데 초점을 두고, 꼭짓점의 이동을 이용하여 평면도형의 이동을 설명하는 활동은 다루지 않는다.","• ‘도형과 측정’ 영역에서는 용어와 기호로 ‘직선, 선분, 반직선, 각, (각의) 꼭짓점, (각의) 변, 직각, 예각, 둔각, 수직, 수선, 평행, 평행선, 원의 중심, 반지름, 지름, 이등변삼각형, 정삼각형, 직각삼각형, 예각삼각형, 둔각삼각형, 직사각형, 정사각형, 사다리꼴, 평행사변형, 마름모, 다각형, 정다각형, 대각선, 초, 도(°), mm, km, L, mL, g, kg, t’을 다룬다.
• 직선, 선분, 반직선에 대한 평가에서는 정확한 정의나 표현보다 직선, 선분, 반직선을 서로 구별할 수 있는지에 중점을 둔다.
• 평면도형의 이동에서 돌리고 뒤집기나 뒤집고 돌리기 등 복잡한 변화를 지양한다.
• 평면도형의 이동을 활용하여 모양의 변화나 무늬를 설명하게 할 때 설명 방법이 다양할 수 있음에 유의하여 다른 친구들의 설명을 비판적으로 검토하게 한다.
• 평면도형의 이동, 원 그리기 등을 이용하여 여러 가지 모양이나 무늬 만들기 활동을 통해 수학의 아름다움을 느끼게 할 수 있다.
• 삼각형의 성질을 탐구하는 활동에서 구체적인 관찰, 실험, 측정 등 귀납적 추론을 통해 성질을 이해하게 한다.
• 여러 가지 사각형의 성질은 구체적인 조작 활동을 통하여 간단한 것만 다루고, 여러 가지 사각형 사이의 관계는 다루지 않는다.
• 시각과 시간의 의미는 구체적인 상황 속에서 구별하여 사용할 수 있는 정도로 이해하게 한다.
• 실제로 재거나 어림하는 측정 활동을 통하여 시간, 길이, 들이, 무게, 각도에 대한 양감을 기르게 한다.
• 들이, 무게의 표준 단위를 도입하기 전에 표준 단위의 필요성을 알게 한다.
• 시간, 길이, 들이, 무게의 단위를 지도할 때 단위 사이의 관계를 이해하는 데 중점을 두고, 1km와 1cm의 관계, 1t과 1g의 관계 등의 지나친 단위 환산은 다루지 않는다.
• 길이, 들이, 무게, 각도를 측정할 때 측정도구의 눈금에 일치하지 않는 측정값을 ‘약’으로 표현하게 한다.
• ‘도형과 측정’ 영역의 문제 상황에 적합한 문제해결 전략을 지도하고, 문제해결 과정을 설명하게 하여 문제해결 역량을 기르게 한다.
• ‘도형과 측정’ 영역에서 문제해결 과정을 설명할 때 다른 친구의 의견을 존중하고 경청하는 태도로 참여하게 한다."
3~4,수학,도형과 측정,"⋅평면도형과 입체도형은 여러 가지 모양을 범주화한 것이며, 각각의 평면도형과 입체도형은 고유한 성질을 갖는다.

⋅도형의 성질과 관계를 탐구하고 정당화하는 것은 논리적이고 비판적으로 사고하는 데 기반이 된다.

⋅측정은 여러 가지 속성의 양을 비교하고 속성에 따른 단위를 이용하여 양을 수치화함으로써 여러 가지 현상을 해석하거나 실생활 문제를 해결하는 데 활용된다.",4수03-06,"원의 중심, 반지름, 지름을 이해하고, 그 성질을 안다.","원의 중심, 반지름, 지름에 대한 이해를 바탕으로 원의 여러 가지 성질을 찾아 설명할 수 있다.","원의 중심, 반지름, 지름을 이해하고, 이를 이용하여 원의 성질을 찾을 수 있다.","주어진 원에서 원의 중심, 반지름, 지름을 찾을 수 있다.",,"• ‘도형과 측정’ 영역에서는 용어와 기호로 ‘직선, 선분, 반직선, 각, (각의) 꼭짓점, (각의) 변, 직각, 예각, 둔각, 수직, 수선, 평행, 평행선, 원의 중심, 반지름, 지름, 이등변삼각형, 정삼각형, 직각삼각형, 예각삼각형, 둔각삼각형, 직사각형, 정사각형, 사다리꼴, 평행사변형, 마름모, 다각형, 정다각형, 대각선, 초, 도(°), mm, km, L, mL, g, kg, t’을 다룬다.
• 직선, 선분, 반직선에 대한 평가에서는 정확한 정의나 표현보다 직선, 선분, 반직선을 서로 구별할 수 있는지에 중점을 둔다.
• 평면도형의 이동에서 돌리고 뒤집기나 뒤집고 돌리기 등 복잡한 변화를 지양한다.
• 평면도형의 이동을 활용하여 모양의 변화나 무늬를 설명하게 할 때 설명 방법이 다양할 수 있음에 유의하여 다른 친구들의 설명을 비판적으로 검토하게 한다.
• 평면도형의 이동, 원 그리기 등을 이용하여 여러 가지 모양이나 무늬 만들기 활동을 통해 수학의 아름다움을 느끼게 할 수 있다.
• 삼각형의 성질을 탐구하는 활동에서 구체적인 관찰, 실험, 측정 등 귀납적 추론을 통해 성질을 이해하게 한다.
• 여러 가지 사각형의 성질은 구체적인 조작 활동을 통하여 간단한 것만 다루고, 여러 가지 사각형 사이의 관계는 다루지 않는다.
• 시각과 시간의 의미는 구체적인 상황 속에서 구별하여 사용할 수 있는 정도로 이해하게 한다.
• 실제로 재거나 어림하는 측정 활동을 통하여 시간, 길이, 들이, 무게, 각도에 대한 양감을 기르게 한다.
• 들이, 무게의 표준 단위를 도입하기 전에 표준 단위의 필요성을 알게 한다.
• 시간, 길이, 들이, 무게의 단위를 지도할 때 단위 사이의 관계를 이해하는 데 중점을 두고, 1km와 1cm의 관계, 1t과 1g의 관계 등의 지나친 단위 환산은 다루지 않는다.
• 길이, 들이, 무게, 각도를 측정할 때 측정도구의 눈금에 일치하지 않는 측정값을 ‘약’으로 표현하게 한다.
• ‘도형과 측정’ 영역의 문제 상황에 적합한 문제해결 전략을 지도하고, 문제해결 과정을 설명하게 하여 문제해결 역량을 기르게 한다.
• ‘도형과 측정’ 영역에서 문제해결 과정을 설명할 때 다른 친구의 의견을 존중하고 경청하는 태도로 참여하게 한다."
3~4,수학,도형과 측정,"⋅평면도형과 입체도형은 여러 가지 모양을 범주화한 것이며, 각각의 평면도형과 입체도형은 고유한 성질을 갖는다.

⋅도형의 성질과 관계를 탐구하고 정당화하는 것은 논리적이고 비판적으로 사고하는 데 기반이 된다.

⋅측정은 여러 가지 속성의 양을 비교하고 속성에 따른 단위를 이용하여 양을 수치화함으로써 여러 가지 현상을 해석하거나 실생활 문제를 해결하는 데 활용된다.",4수03-07,컴퍼스를 이용하여 여러 가지 크기의 원을 그릴 수 있다.,"컴퍼스를 이용하여 여러 가지 크기의 원을 그리고, 원의 중심, 반지름, 지름을 이용하여 그 방법을 설명할 수 있다.",컴퍼스를 이용하여 주어진 원과 크기가 같은 원을 그릴 수 있다.,컴퍼스를 이용하여 원을 그릴 수 있다.,[4수03-07] 컴퍼스를 사용하여 다양한 크기의 원을 그리는 방법을 원의 성질과 연결하여 이해하게 한다.,"• ‘도형과 측정’ 영역에서는 용어와 기호로 ‘직선, 선분, 반직선, 각, (각의) 꼭짓점, (각의) 변, 직각, 예각, 둔각, 수직, 수선, 평행, 평행선, 원의 중심, 반지름, 지름, 이등변삼각형, 정삼각형, 직각삼각형, 예각삼각형, 둔각삼각형, 직사각형, 정사각형, 사다리꼴, 평행사변형, 마름모, 다각형, 정다각형, 대각선, 초, 도(°), mm, km, L, mL, g, kg, t’을 다룬다.
• 직선, 선분, 반직선에 대한 평가에서는 정확한 정의나 표현보다 직선, 선분, 반직선을 서로 구별할 수 있는지에 중점을 둔다.
• 평면도형의 이동에서 돌리고 뒤집기나 뒤집고 돌리기 등 복잡한 변화를 지양한다.
• 평면도형의 이동을 활용하여 모양의 변화나 무늬를 설명하게 할 때 설명 방법이 다양할 수 있음에 유의하여 다른 친구들의 설명을 비판적으로 검토하게 한다.
• 평면도형의 이동, 원 그리기 등을 이용하여 여러 가지 모양이나 무늬 만들기 활동을 통해 수학의 아름다움을 느끼게 할 수 있다.
• 삼각형의 성질을 탐구하는 활동에서 구체적인 관찰, 실험, 측정 등 귀납적 추론을 통해 성질을 이해하게 한다.
• 여러 가지 사각형의 성질은 구체적인 조작 활동을 통하여 간단한 것만 다루고, 여러 가지 사각형 사이의 관계는 다루지 않는다.
• 시각과 시간의 의미는 구체적인 상황 속에서 구별하여 사용할 수 있는 정도로 이해하게 한다.
• 실제로 재거나 어림하는 측정 활동을 통하여 시간, 길이, 들이, 무게, 각도에 대한 양감을 기르게 한다.
• 들이, 무게의 표준 단위를 도입하기 전에 표준 단위의 필요성을 알게 한다.
• 시간, 길이, 들이, 무게의 단위를 지도할 때 단위 사이의 관계를 이해하는 데 중점을 두고, 1km와 1cm의 관계, 1t과 1g의 관계 등의 지나친 단위 환산은 다루지 않는다.
• 길이, 들이, 무게, 각도를 측정할 때 측정도구의 눈금에 일치하지 않는 측정값을 ‘약’으로 표현하게 한다.
• ‘도형과 측정’ 영역의 문제 상황에 적합한 문제해결 전략을 지도하고, 문제해결 과정을 설명하게 하여 문제해결 역량을 기르게 한다.
• ‘도형과 측정’ 영역에서 문제해결 과정을 설명할 때 다른 친구의 의견을 존중하고 경청하는 태도로 참여하게 한다."
3~4,수학,도형과 측정,"⋅평면도형과 입체도형은 여러 가지 모양을 범주화한 것이며, 각각의 평면도형과 입체도형은 고유한 성질을 갖는다.

⋅도형의 성질과 관계를 탐구하고 정당화하는 것은 논리적이고 비판적으로 사고하는 데 기반이 된다.

⋅측정은 여러 가지 속성의 양을 비교하고 속성에 따른 단위를 이용하여 양을 수치화함으로써 여러 가지 현상을 해석하거나 실생활 문제를 해결하는 데 활용된다.",4수03-08,"여러 가지 모양의 삼각형에 대한 분류 활동을 통하여 이등변삼각형, 정삼각형을 이해하고, 그 성질을 탐구하고 설명할 수 있다.","여러 가지 삼각형을 분류하는 활동을 통하여 이등변삼각형과 정삼각형을 구분하고, 각각의 성질을 설명할 수 있다.","주어진 삼각형에서 이등변삼각형과 정삼각형을 찾고, 각각의 성질을 말할 수 있다.",구체적 조작 활동을 통하여 주어진 삼각형에서 이등변삼각형과 정삼각형을 찾을 수 있다.,,"• ‘도형과 측정’ 영역에서는 용어와 기호로 ‘직선, 선분, 반직선, 각, (각의) 꼭짓점, (각의) 변, 직각, 예각, 둔각, 수직, 수선, 평행, 평행선, 원의 중심, 반지름, 지름, 이등변삼각형, 정삼각형, 직각삼각형, 예각삼각형, 둔각삼각형, 직사각형, 정사각형, 사다리꼴, 평행사변형, 마름모, 다각형, 정다각형, 대각선, 초, 도(°), mm, km, L, mL, g, kg, t’을 다룬다.
• 직선, 선분, 반직선에 대한 평가에서는 정확한 정의나 표현보다 직선, 선분, 반직선을 서로 구별할 수 있는지에 중점을 둔다.
• 평면도형의 이동에서 돌리고 뒤집기나 뒤집고 돌리기 등 복잡한 변화를 지양한다.
• 평면도형의 이동을 활용하여 모양의 변화나 무늬를 설명하게 할 때 설명 방법이 다양할 수 있음에 유의하여 다른 친구들의 설명을 비판적으로 검토하게 한다.
• 평면도형의 이동, 원 그리기 등을 이용하여 여러 가지 모양이나 무늬 만들기 활동을 통해 수학의 아름다움을 느끼게 할 수 있다.
• 삼각형의 성질을 탐구하는 활동에서 구체적인 관찰, 실험, 측정 등 귀납적 추론을 통해 성질을 이해하게 한다.
• 여러 가지 사각형의 성질은 구체적인 조작 활동을 통하여 간단한 것만 다루고, 여러 가지 사각형 사이의 관계는 다루지 않는다.
• 시각과 시간의 의미는 구체적인 상황 속에서 구별하여 사용할 수 있는 정도로 이해하게 한다.
• 실제로 재거나 어림하는 측정 활동을 통하여 시간, 길이, 들이, 무게, 각도에 대한 양감을 기르게 한다.
• 들이, 무게의 표준 단위를 도입하기 전에 표준 단위의 필요성을 알게 한다.
• 시간, 길이, 들이, 무게의 단위를 지도할 때 단위 사이의 관계를 이해하는 데 중점을 두고, 1km와 1cm의 관계, 1t과 1g의 관계 등의 지나친 단위 환산은 다루지 않는다.
• 길이, 들이, 무게, 각도를 측정할 때 측정도구의 눈금에 일치하지 않는 측정값을 ‘약’으로 표현하게 한다.
• ‘도형과 측정’ 영역의 문제 상황에 적합한 문제해결 전략을 지도하고, 문제해결 과정을 설명하게 하여 문제해결 역량을 기르게 한다.
• ‘도형과 측정’ 영역에서 문제해결 과정을 설명할 때 다른 친구의 의견을 존중하고 경청하는 태도로 참여하게 한다."
3~4,수학,도형과 측정,"⋅평면도형과 입체도형은 여러 가지 모양을 범주화한 것이며, 각각의 평면도형과 입체도형은 고유한 성질을 갖는다.

⋅도형의 성질과 관계를 탐구하고 정당화하는 것은 논리적이고 비판적으로 사고하는 데 기반이 된다.

⋅측정은 여러 가지 속성의 양을 비교하고 속성에 따른 단위를 이용하여 양을 수치화함으로써 여러 가지 현상을 해석하거나 실생활 문제를 해결하는 데 활용된다.",4수03-09,"여러 가지 모양의 삼각형에 대한 분류 활동을 통하여 직각삼각형, 예각삼각형, 둔각삼각형을 이해한다.","여러 가지 삼각형을 분류하는 활동을 통하여 직각삼각형, 예각삼각형, 둔각삼각형을 구분하고, 그 차이를 설명할 수 있다.","주어진 삼각형을 직각삼각형, 예각삼각형, 둔각삼각형으로 구분할 수 있다.","구체적 조작 활동을 통하여 주어진 삼각형에서 직각삼각형, 예각삼각형, 둔각삼각형을 찾을 수 있다.",,"• ‘도형과 측정’ 영역에서는 용어와 기호로 ‘직선, 선분, 반직선, 각, (각의) 꼭짓점, (각의) 변, 직각, 예각, 둔각, 수직, 수선, 평행, 평행선, 원의 중심, 반지름, 지름, 이등변삼각형, 정삼각형, 직각삼각형, 예각삼각형, 둔각삼각형, 직사각형, 정사각형, 사다리꼴, 평행사변형, 마름모, 다각형, 정다각형, 대각선, 초, 도(°), mm, km, L, mL, g, kg, t’을 다룬다.
• 직선, 선분, 반직선에 대한 평가에서는 정확한 정의나 표현보다 직선, 선분, 반직선을 서로 구별할 수 있는지에 중점을 둔다.
• 평면도형의 이동에서 돌리고 뒤집기나 뒤집고 돌리기 등 복잡한 변화를 지양한다.
• 평면도형의 이동을 활용하여 모양의 변화나 무늬를 설명하게 할 때 설명 방법이 다양할 수 있음에 유의하여 다른 친구들의 설명을 비판적으로 검토하게 한다.
• 평면도형의 이동, 원 그리기 등을 이용하여 여러 가지 모양이나 무늬 만들기 활동을 통해 수학의 아름다움을 느끼게 할 수 있다.
• 삼각형의 성질을 탐구하는 활동에서 구체적인 관찰, 실험, 측정 등 귀납적 추론을 통해 성질을 이해하게 한다.
• 여러 가지 사각형의 성질은 구체적인 조작 활동을 통하여 간단한 것만 다루고, 여러 가지 사각형 사이의 관계는 다루지 않는다.
• 시각과 시간의 의미는 구체적인 상황 속에서 구별하여 사용할 수 있는 정도로 이해하게 한다.
• 실제로 재거나 어림하는 측정 활동을 통하여 시간, 길이, 들이, 무게, 각도에 대한 양감을 기르게 한다.
• 들이, 무게의 표준 단위를 도입하기 전에 표준 단위의 필요성을 알게 한다.
• 시간, 길이, 들이, 무게의 단위를 지도할 때 단위 사이의 관계를 이해하는 데 중점을 두고, 1km와 1cm의 관계, 1t과 1g의 관계 등의 지나친 단위 환산은 다루지 않는다.
• 길이, 들이, 무게, 각도를 측정할 때 측정도구의 눈금에 일치하지 않는 측정값을 ‘약’으로 표현하게 한다.
• ‘도형과 측정’ 영역의 문제 상황에 적합한 문제해결 전략을 지도하고, 문제해결 과정을 설명하게 하여 문제해결 역량을 기르게 한다.
• ‘도형과 측정’ 영역에서 문제해결 과정을 설명할 때 다른 친구의 의견을 존중하고 경청하는 태도로 참여하게 한다."
3~4,수학,도형과 측정,"⋅평면도형과 입체도형은 여러 가지 모양을 범주화한 것이며, 각각의 평면도형과 입체도형은 고유한 성질을 갖는다.

⋅도형의 성질과 관계를 탐구하고 정당화하는 것은 논리적이고 비판적으로 사고하는 데 기반이 된다.

⋅측정은 여러 가지 속성의 양을 비교하고 속성에 따른 단위를 이용하여 양을 수치화함으로써 여러 가지 현상을 해석하거나 실생활 문제를 해결하는 데 활용된다.",4수03-10,"여러 가지 모양의 사각형에 대한 분류 활동을 통하여 직사각형, 정사각형, 사다리꼴, 평행사변형, 마름모를 이해하고, 그 성질을 탐구하고 설명할 수 있다.","여러 가지 사각형을 분류하는 활동을 통하여 직사각형, 정사각형, 사다리꼴, 평행사변형, 마름모를 구분하고, 각각의 성질을 설명할 수 있다.","주어진 사각형에서 직사각형, 정사각형, 사다리꼴, 평행사변형, 마름모를 찾고, 그 성질을 말할 수 있다.","구체적 조작 활동을 통하여 주어진 사각형에서 직사각형, 정사각형, 사다리꼴, 평행사변형, 마름모를 찾을 수 있다.",,"• ‘도형과 측정’ 영역에서는 용어와 기호로 ‘직선, 선분, 반직선, 각, (각의) 꼭짓점, (각의) 변, 직각, 예각, 둔각, 수직, 수선, 평행, 평행선, 원의 중심, 반지름, 지름, 이등변삼각형, 정삼각형, 직각삼각형, 예각삼각형, 둔각삼각형, 직사각형, 정사각형, 사다리꼴, 평행사변형, 마름모, 다각형, 정다각형, 대각선, 초, 도(°), mm, km, L, mL, g, kg, t’을 다룬다.
• 직선, 선분, 반직선에 대한 평가에서는 정확한 정의나 표현보다 직선, 선분, 반직선을 서로 구별할 수 있는지에 중점을 둔다.
• 평면도형의 이동에서 돌리고 뒤집기나 뒤집고 돌리기 등 복잡한 변화를 지양한다.
• 평면도형의 이동을 활용하여 모양의 변화나 무늬를 설명하게 할 때 설명 방법이 다양할 수 있음에 유의하여 다른 친구들의 설명을 비판적으로 검토하게 한다.
• 평면도형의 이동, 원 그리기 등을 이용하여 여러 가지 모양이나 무늬 만들기 활동을 통해 수학의 아름다움을 느끼게 할 수 있다.
• 삼각형의 성질을 탐구하는 활동에서 구체적인 관찰, 실험, 측정 등 귀납적 추론을 통해 성질을 이해하게 한다.
• 여러 가지 사각형의 성질은 구체적인 조작 활동을 통하여 간단한 것만 다루고, 여러 가지 사각형 사이의 관계는 다루지 않는다.
• 시각과 시간의 의미는 구체적인 상황 속에서 구별하여 사용할 수 있는 정도로 이해하게 한다.
• 실제로 재거나 어림하는 측정 활동을 통하여 시간, 길이, 들이, 무게, 각도에 대한 양감을 기르게 한다.
• 들이, 무게의 표준 단위를 도입하기 전에 표준 단위의 필요성을 알게 한다.
• 시간, 길이, 들이, 무게의 단위를 지도할 때 단위 사이의 관계를 이해하는 데 중점을 두고, 1km와 1cm의 관계, 1t과 1g의 관계 등의 지나친 단위 환산은 다루지 않는다.
• 길이, 들이, 무게, 각도를 측정할 때 측정도구의 눈금에 일치하지 않는 측정값을 ‘약’으로 표현하게 한다.
• ‘도형과 측정’ 영역의 문제 상황에 적합한 문제해결 전략을 지도하고, 문제해결 과정을 설명하게 하여 문제해결 역량을 기르게 한다.
• ‘도형과 측정’ 영역에서 문제해결 과정을 설명할 때 다른 친구의 의견을 존중하고 경청하는 태도로 참여하게 한다."
3~4,수학,도형과 측정,"⋅평면도형과 입체도형은 여러 가지 모양을 범주화한 것이며, 각각의 평면도형과 입체도형은 고유한 성질을 갖는다.

⋅도형의 성질과 관계를 탐구하고 정당화하는 것은 논리적이고 비판적으로 사고하는 데 기반이 된다.

⋅측정은 여러 가지 속성의 양을 비교하고 속성에 따른 단위를 이용하여 양을 수치화함으로써 여러 가지 현상을 해석하거나 실생활 문제를 해결하는 데 활용된다.",4수03-11,다각형과 정다각형을 이해한다.,"다각형과 정다각형의 여러 가지 예를 제시하고, 각 도형의 공통점을 설명할 수 있다.","주어진 도형에서 다각형과 정다각형을 찾고, 그 의미를 말할 수 있다.",주어진 도형에서 다각형과 정다각형을 찾을 수 있다.,"[4수03-11] 도형판, 모양 조각 등의 교구를 이용한 구체적인 조작 활동을 통해 다각형과 정다각형을 이해하게 한다.","• ‘도형과 측정’ 영역에서는 용어와 기호로 ‘직선, 선분, 반직선, 각, (각의) 꼭짓점, (각의) 변, 직각, 예각, 둔각, 수직, 수선, 평행, 평행선, 원의 중심, 반지름, 지름, 이등변삼각형, 정삼각형, 직각삼각형, 예각삼각형, 둔각삼각형, 직사각형, 정사각형, 사다리꼴, 평행사변형, 마름모, 다각형, 정다각형, 대각선, 초, 도(°), mm, km, L, mL, g, kg, t’을 다룬다.
• 직선, 선분, 반직선에 대한 평가에서는 정확한 정의나 표현보다 직선, 선분, 반직선을 서로 구별할 수 있는지에 중점을 둔다.
• 평면도형의 이동에서 돌리고 뒤집기나 뒤집고 돌리기 등 복잡한 변화를 지양한다.
• 평면도형의 이동을 활용하여 모양의 변화나 무늬를 설명하게 할 때 설명 방법이 다양할 수 있음에 유의하여 다른 친구들의 설명을 비판적으로 검토하게 한다.
• 평면도형의 이동, 원 그리기 등을 이용하여 여러 가지 모양이나 무늬 만들기 활동을 통해 수학의 아름다움을 느끼게 할 수 있다.
• 삼각형의 성질을 탐구하는 활동에서 구체적인 관찰, 실험, 측정 등 귀납적 추론을 통해 성질을 이해하게 한다.
• 여러 가지 사각형의 성질은 구체적인 조작 활동을 통하여 간단한 것만 다루고, 여러 가지 사각형 사이의 관계는 다루지 않는다.
• 시각과 시간의 의미는 구체적인 상황 속에서 구별하여 사용할 수 있는 정도로 이해하게 한다.
• 실제로 재거나 어림하는 측정 활동을 통하여 시간, 길이, 들이, 무게, 각도에 대한 양감을 기르게 한다.
• 들이, 무게의 표준 단위를 도입하기 전에 표준 단위의 필요성을 알게 한다.
• 시간, 길이, 들이, 무게의 단위를 지도할 때 단위 사이의 관계를 이해하는 데 중점을 두고, 1km와 1cm의 관계, 1t과 1g의 관계 등의 지나친 단위 환산은 다루지 않는다.
• 길이, 들이, 무게, 각도를 측정할 때 측정도구의 눈금에 일치하지 않는 측정값을 ‘약’으로 표현하게 한다.
• ‘도형과 측정’ 영역의 문제 상황에 적합한 문제해결 전략을 지도하고, 문제해결 과정을 설명하게 하여 문제해결 역량을 기르게 한다.
• ‘도형과 측정’ 영역에서 문제해결 과정을 설명할 때 다른 친구의 의견을 존중하고 경청하는 태도로 참여하게 한다."
3~4,수학,도형과 측정,"⋅평면도형과 입체도형은 여러 가지 모양을 범주화한 것이며, 각각의 평면도형과 입체도형은 고유한 성질을 갖는다.

⋅도형의 성질과 관계를 탐구하고 정당화하는 것은 논리적이고 비판적으로 사고하는 데 기반이 된다.

⋅측정은 여러 가지 속성의 양을 비교하고 속성에 따른 단위를 이용하여 양을 수치화함으로써 여러 가지 현상을 해석하거나 실생활 문제를 해결하는 데 활용된다.",4수03-12,주어진 도형을 이용하여 여러 가지 모양을 만들거나 채우고 설명할 수 있다.,"주어진 도형을 이용하여 여러 가지 모양을 만들거나 채우고, 그 방법을 설명할 수 있다.",주어진 도형을 이용하여 모양을 만들거나 채울 수 있다.,안내된 절차에 따라 주어진 도형을 이용하여 일부가 제시된 모양의 전체를 완성할 수 있다.,[4수03-12] 다양한 교구와 공학 도구 등을 이용한 구체적인 활동을 통해 주어진 도형으로 여러 가지 모양을 다양하게 만들거나 채울 수 있다.,"• ‘도형과 측정’ 영역에서는 용어와 기호로 ‘직선, 선분, 반직선, 각, (각의) 꼭짓점, (각의) 변, 직각, 예각, 둔각, 수직, 수선, 평행, 평행선, 원의 중심, 반지름, 지름, 이등변삼각형, 정삼각형, 직각삼각형, 예각삼각형, 둔각삼각형, 직사각형, 정사각형, 사다리꼴, 평행사변형, 마름모, 다각형, 정다각형, 대각선, 초, 도(°), mm, km, L, mL, g, kg, t’을 다룬다.
• 직선, 선분, 반직선에 대한 평가에서는 정확한 정의나 표현보다 직선, 선분, 반직선을 서로 구별할 수 있는지에 중점을 둔다.
• 평면도형의 이동에서 돌리고 뒤집기나 뒤집고 돌리기 등 복잡한 변화를 지양한다.
• 평면도형의 이동을 활용하여 모양의 변화나 무늬를 설명하게 할 때 설명 방법이 다양할 수 있음에 유의하여 다른 친구들의 설명을 비판적으로 검토하게 한다.
• 평면도형의 이동, 원 그리기 등을 이용하여 여러 가지 모양이나 무늬 만들기 활동을 통해 수학의 아름다움을 느끼게 할 수 있다.
• 삼각형의 성질을 탐구하는 활동에서 구체적인 관찰, 실험, 측정 등 귀납적 추론을 통해 성질을 이해하게 한다.
• 여러 가지 사각형의 성질은 구체적인 조작 활동을 통하여 간단한 것만 다루고, 여러 가지 사각형 사이의 관계는 다루지 않는다.
• 시각과 시간의 의미는 구체적인 상황 속에서 구별하여 사용할 수 있는 정도로 이해하게 한다.
• 실제로 재거나 어림하는 측정 활동을 통하여 시간, 길이, 들이, 무게, 각도에 대한 양감을 기르게 한다.
• 들이, 무게의 표준 단위를 도입하기 전에 표준 단위의 필요성을 알게 한다.
• 시간, 길이, 들이, 무게의 단위를 지도할 때 단위 사이의 관계를 이해하는 데 중점을 두고, 1km와 1cm의 관계, 1t과 1g의 관계 등의 지나친 단위 환산은 다루지 않는다.
• 길이, 들이, 무게, 각도를 측정할 때 측정도구의 눈금에 일치하지 않는 측정값을 ‘약’으로 표현하게 한다.
• ‘도형과 측정’ 영역의 문제 상황에 적합한 문제해결 전략을 지도하고, 문제해결 과정을 설명하게 하여 문제해결 역량을 기르게 한다.
• ‘도형과 측정’ 영역에서 문제해결 과정을 설명할 때 다른 친구의 의견을 존중하고 경청하는 태도로 참여하게 한다."
3~4,수학,도형과 측정,"⋅평면도형과 입체도형은 여러 가지 모양을 범주화한 것이며, 각각의 평면도형과 입체도형은 고유한 성질을 갖는다.

⋅도형의 성질과 관계를 탐구하고 정당화하는 것은 논리적이고 비판적으로 사고하는 데 기반이 된다.

⋅측정은 여러 가지 속성의 양을 비교하고 속성에 따른 단위를 이용하여 양을 수치화함으로써 여러 가지 현상을 해석하거나 실생활 문제를 해결하는 데 활용된다.",4수03-13,"1분과 1초의 관계를 이해하고, 초 단위까지 시각을 읽을 수 있다.","1분과 1초의 관계를 이용하여 여러 가지 시각을 초 단위까지 읽으며, 시계에 나타낼 수 있다.","1분이 60초임을 알고, 여러 가지 시각을 초 단위까지 읽을 수 있다.","1분이 60초임을 알고, 안내된 절차에 따라 주어진 시각을 초 단위까지 읽을 수 있다.",,"• ‘도형과 측정’ 영역에서는 용어와 기호로 ‘직선, 선분, 반직선, 각, (각의) 꼭짓점, (각의) 변, 직각, 예각, 둔각, 수직, 수선, 평행, 평행선, 원의 중심, 반지름, 지름, 이등변삼각형, 정삼각형, 직각삼각형, 예각삼각형, 둔각삼각형, 직사각형, 정사각형, 사다리꼴, 평행사변형, 마름모, 다각형, 정다각형, 대각선, 초, 도(°), mm, km, L, mL, g, kg, t’을 다룬다.
• 직선, 선분, 반직선에 대한 평가에서는 정확한 정의나 표현보다 직선, 선분, 반직선을 서로 구별할 수 있는지에 중점을 둔다.
• 평면도형의 이동에서 돌리고 뒤집기나 뒤집고 돌리기 등 복잡한 변화를 지양한다.
• 평면도형의 이동을 활용하여 모양의 변화나 무늬를 설명하게 할 때 설명 방법이 다양할 수 있음에 유의하여 다른 친구들의 설명을 비판적으로 검토하게 한다.
• 평면도형의 이동, 원 그리기 등을 이용하여 여러 가지 모양이나 무늬 만들기 활동을 통해 수학의 아름다움을 느끼게 할 수 있다.
• 삼각형의 성질을 탐구하는 활동에서 구체적인 관찰, 실험, 측정 등 귀납적 추론을 통해 성질을 이해하게 한다.
• 여러 가지 사각형의 성질은 구체적인 조작 활동을 통하여 간단한 것만 다루고, 여러 가지 사각형 사이의 관계는 다루지 않는다.
• 시각과 시간의 의미는 구체적인 상황 속에서 구별하여 사용할 수 있는 정도로 이해하게 한다.
• 실제로 재거나 어림하는 측정 활동을 통하여 시간, 길이, 들이, 무게, 각도에 대한 양감을 기르게 한다.
• 들이, 무게의 표준 단위를 도입하기 전에 표준 단위의 필요성을 알게 한다.
• 시간, 길이, 들이, 무게의 단위를 지도할 때 단위 사이의 관계를 이해하는 데 중점을 두고, 1km와 1cm의 관계, 1t과 1g의 관계 등의 지나친 단위 환산은 다루지 않는다.
• 길이, 들이, 무게, 각도를 측정할 때 측정도구의 눈금에 일치하지 않는 측정값을 ‘약’으로 표현하게 한다.
• ‘도형과 측정’ 영역의 문제 상황에 적합한 문제해결 전략을 지도하고, 문제해결 과정을 설명하게 하여 문제해결 역량을 기르게 한다.
• ‘도형과 측정’ 영역에서 문제해결 과정을 설명할 때 다른 친구의 의견을 존중하고 경청하는 태도로 참여하게 한다."
3~4,수학,도형과 측정,"⋅평면도형과 입체도형은 여러 가지 모양을 범주화한 것이며, 각각의 평면도형과 입체도형은 고유한 성질을 갖는다.

⋅도형의 성질과 관계를 탐구하고 정당화하는 것은 논리적이고 비판적으로 사고하는 데 기반이 된다.

⋅측정은 여러 가지 속성의 양을 비교하고 속성에 따른 단위를 이용하여 양을 수치화함으로써 여러 가지 현상을 해석하거나 실생활 문제를 해결하는 데 활용된다.",4수03-14,실생활 문제 상황과 연결하여 초 단위까지의 시간의 덧셈과 뺄셈을 할 수 있다.,"실생활 문제 상황을 초 단위까지 시간의 덧셈과 뺄셈으로 나타내어 계산하고, 그 과정을 설명할 수 있다.","실생활 문제 상황을 초 단위까지 시간의 덧셈과 뺄셈으로 나타내고, 그 계산을 할 수 있다.",안내된 절차에 따라 초 단위까지의 간단한 시간의 덧셈과 뺄셈을 할 수 있다.,,"• ‘도형과 측정’ 영역에서는 용어와 기호로 ‘직선, 선분, 반직선, 각, (각의) 꼭짓점, (각의) 변, 직각, 예각, 둔각, 수직, 수선, 평행, 평행선, 원의 중심, 반지름, 지름, 이등변삼각형, 정삼각형, 직각삼각형, 예각삼각형, 둔각삼각형, 직사각형, 정사각형, 사다리꼴, 평행사변형, 마름모, 다각형, 정다각형, 대각선, 초, 도(°), mm, km, L, mL, g, kg, t’을 다룬다.
• 직선, 선분, 반직선에 대한 평가에서는 정확한 정의나 표현보다 직선, 선분, 반직선을 서로 구별할 수 있는지에 중점을 둔다.
• 평면도형의 이동에서 돌리고 뒤집기나 뒤집고 돌리기 등 복잡한 변화를 지양한다.
• 평면도형의 이동을 활용하여 모양의 변화나 무늬를 설명하게 할 때 설명 방법이 다양할 수 있음에 유의하여 다른 친구들의 설명을 비판적으로 검토하게 한다.
• 평면도형의 이동, 원 그리기 등을 이용하여 여러 가지 모양이나 무늬 만들기 활동을 통해 수학의 아름다움을 느끼게 할 수 있다.
• 삼각형의 성질을 탐구하는 활동에서 구체적인 관찰, 실험, 측정 등 귀납적 추론을 통해 성질을 이해하게 한다.
• 여러 가지 사각형의 성질은 구체적인 조작 활동을 통하여 간단한 것만 다루고, 여러 가지 사각형 사이의 관계는 다루지 않는다.
• 시각과 시간의 의미는 구체적인 상황 속에서 구별하여 사용할 수 있는 정도로 이해하게 한다.
• 실제로 재거나 어림하는 측정 활동을 통하여 시간, 길이, 들이, 무게, 각도에 대한 양감을 기르게 한다.
• 들이, 무게의 표준 단위를 도입하기 전에 표준 단위의 필요성을 알게 한다.
• 시간, 길이, 들이, 무게의 단위를 지도할 때 단위 사이의 관계를 이해하는 데 중점을 두고, 1km와 1cm의 관계, 1t과 1g의 관계 등의 지나친 단위 환산은 다루지 않는다.
• 길이, 들이, 무게, 각도를 측정할 때 측정도구의 눈금에 일치하지 않는 측정값을 ‘약’으로 표현하게 한다.
• ‘도형과 측정’ 영역의 문제 상황에 적합한 문제해결 전략을 지도하고, 문제해결 과정을 설명하게 하여 문제해결 역량을 기르게 한다.
• ‘도형과 측정’ 영역에서 문제해결 과정을 설명할 때 다른 친구의 의견을 존중하고 경청하는 태도로 참여하게 한다."
3~4,수학,도형과 측정,"⋅평면도형과 입체도형은 여러 가지 모양을 범주화한 것이며, 각각의 평면도형과 입체도형은 고유한 성질을 갖는다.

⋅도형의 성질과 관계를 탐구하고 정당화하는 것은 논리적이고 비판적으로 사고하는 데 기반이 된다.

⋅측정은 여러 가지 속성의 양을 비교하고 속성에 따른 단위를 이용하여 양을 수치화함으로써 여러 가지 현상을 해석하거나 실생활 문제를 해결하는 데 활용된다.",4수03-15,"길이 단위 1mm와 1km를 알고, 이를 이용하여 길이를 측정하고 어림하며 수학의 유용성을 인식할 수 있다.","1mm와 1km를 이용하여 여러 가지 길이를 측정하거나 어림하고, 실생활에서 이를 활용하는 예를 찾아 수학의 유용성을 설명할 수 있다.","1mm와 1km를 이용하여 길이를 측정하거나 어림하고, 실생활에서 이를 활용하는 예에서 수학의 유용성을 인식한다.",안내된 절차에 따라 1mm와 1km를 이용하여 길이를 측정할 수 있다.,,"• ‘도형과 측정’ 영역에서는 용어와 기호로 ‘직선, 선분, 반직선, 각, (각의) 꼭짓점, (각의) 변, 직각, 예각, 둔각, 수직, 수선, 평행, 평행선, 원의 중심, 반지름, 지름, 이등변삼각형, 정삼각형, 직각삼각형, 예각삼각형, 둔각삼각형, 직사각형, 정사각형, 사다리꼴, 평행사변형, 마름모, 다각형, 정다각형, 대각선, 초, 도(°), mm, km, L, mL, g, kg, t’을 다룬다.
• 직선, 선분, 반직선에 대한 평가에서는 정확한 정의나 표현보다 직선, 선분, 반직선을 서로 구별할 수 있는지에 중점을 둔다.
• 평면도형의 이동에서 돌리고 뒤집기나 뒤집고 돌리기 등 복잡한 변화를 지양한다.
• 평면도형의 이동을 활용하여 모양의 변화나 무늬를 설명하게 할 때 설명 방법이 다양할 수 있음에 유의하여 다른 친구들의 설명을 비판적으로 검토하게 한다.
• 평면도형의 이동, 원 그리기 등을 이용하여 여러 가지 모양이나 무늬 만들기 활동을 통해 수학의 아름다움을 느끼게 할 수 있다.
• 삼각형의 성질을 탐구하는 활동에서 구체적인 관찰, 실험, 측정 등 귀납적 추론을 통해 성질을 이해하게 한다.
• 여러 가지 사각형의 성질은 구체적인 조작 활동을 통하여 간단한 것만 다루고, 여러 가지 사각형 사이의 관계는 다루지 않는다.
• 시각과 시간의 의미는 구체적인 상황 속에서 구별하여 사용할 수 있는 정도로 이해하게 한다.
• 실제로 재거나 어림하는 측정 활동을 통하여 시간, 길이, 들이, 무게, 각도에 대한 양감을 기르게 한다.
• 들이, 무게의 표준 단위를 도입하기 전에 표준 단위의 필요성을 알게 한다.
• 시간, 길이, 들이, 무게의 단위를 지도할 때 단위 사이의 관계를 이해하는 데 중점을 두고, 1km와 1cm의 관계, 1t과 1g의 관계 등의 지나친 단위 환산은 다루지 않는다.
• 길이, 들이, 무게, 각도를 측정할 때 측정도구의 눈금에 일치하지 않는 측정값을 ‘약’으로 표현하게 한다.
• ‘도형과 측정’ 영역의 문제 상황에 적합한 문제해결 전략을 지도하고, 문제해결 과정을 설명하게 하여 문제해결 역량을 기르게 한다.
• ‘도형과 측정’ 영역에서 문제해결 과정을 설명할 때 다른 친구의 의견을 존중하고 경청하는 태도로 참여하게 한다."
3~4,수학,도형과 측정,"⋅평면도형과 입체도형은 여러 가지 모양을 범주화한 것이며, 각각의 평면도형과 입체도형은 고유한 성질을 갖는다.

⋅도형의 성질과 관계를 탐구하고 정당화하는 것은 논리적이고 비판적으로 사고하는 데 기반이 된다.

⋅측정은 여러 가지 속성의 양을 비교하고 속성에 따른 단위를 이용하여 양을 수치화함으로써 여러 가지 현상을 해석하거나 실생활 문제를 해결하는 데 활용된다.",4수03-16,"1cm와 1mm, 1km와 1m의 관계를 이해하고, 길이를 ‘몇 cm 몇 mm’와 ‘몇 mm’, ‘몇 km 몇 m’와 ‘몇 m’로 다양하게 표현할 수 있다.","길이를 여러 가지 방법으로 표현하고, 1cm와 1mm, 1km와 1m의 관계를 설명할 수 있다.","주어진 길이를 ‘몇 cm 몇 mm’와 ‘몇 mm’, ‘몇 km 몇 m’와 ‘몇 m’로 표현할 수 있다.","안내된 절차에 따라 ‘몇 cm’를 ‘몇 mm’로, ‘몇 km’를 ‘몇 m’로 표현할 수 있다.",,"• ‘도형과 측정’ 영역에서는 용어와 기호로 ‘직선, 선분, 반직선, 각, (각의) 꼭짓점, (각의) 변, 직각, 예각, 둔각, 수직, 수선, 평행, 평행선, 원의 중심, 반지름, 지름, 이등변삼각형, 정삼각형, 직각삼각형, 예각삼각형, 둔각삼각형, 직사각형, 정사각형, 사다리꼴, 평행사변형, 마름모, 다각형, 정다각형, 대각선, 초, 도(°), mm, km, L, mL, g, kg, t’을 다룬다.
• 직선, 선분, 반직선에 대한 평가에서는 정확한 정의나 표현보다 직선, 선분, 반직선을 서로 구별할 수 있는지에 중점을 둔다.
• 평면도형의 이동에서 돌리고 뒤집기나 뒤집고 돌리기 등 복잡한 변화를 지양한다.
• 평면도형의 이동을 활용하여 모양의 변화나 무늬를 설명하게 할 때 설명 방법이 다양할 수 있음에 유의하여 다른 친구들의 설명을 비판적으로 검토하게 한다.
• 평면도형의 이동, 원 그리기 등을 이용하여 여러 가지 모양이나 무늬 만들기 활동을 통해 수학의 아름다움을 느끼게 할 수 있다.
• 삼각형의 성질을 탐구하는 활동에서 구체적인 관찰, 실험, 측정 등 귀납적 추론을 통해 성질을 이해하게 한다.
• 여러 가지 사각형의 성질은 구체적인 조작 활동을 통하여 간단한 것만 다루고, 여러 가지 사각형 사이의 관계는 다루지 않는다.
• 시각과 시간의 의미는 구체적인 상황 속에서 구별하여 사용할 수 있는 정도로 이해하게 한다.
• 실제로 재거나 어림하는 측정 활동을 통하여 시간, 길이, 들이, 무게, 각도에 대한 양감을 기르게 한다.
• 들이, 무게의 표준 단위를 도입하기 전에 표준 단위의 필요성을 알게 한다.
• 시간, 길이, 들이, 무게의 단위를 지도할 때 단위 사이의 관계를 이해하는 데 중점을 두고, 1km와 1cm의 관계, 1t과 1g의 관계 등의 지나친 단위 환산은 다루지 않는다.
• 길이, 들이, 무게, 각도를 측정할 때 측정도구의 눈금에 일치하지 않는 측정값을 ‘약’으로 표현하게 한다.
• ‘도형과 측정’ 영역의 문제 상황에 적합한 문제해결 전략을 지도하고, 문제해결 과정을 설명하게 하여 문제해결 역량을 기르게 한다.
• ‘도형과 측정’ 영역에서 문제해결 과정을 설명할 때 다른 친구의 의견을 존중하고 경청하는 태도로 참여하게 한다."
3~4,수학,도형과 측정,"⋅평면도형과 입체도형은 여러 가지 모양을 범주화한 것이며, 각각의 평면도형과 입체도형은 고유한 성질을 갖는다.

⋅도형의 성질과 관계를 탐구하고 정당화하는 것은 논리적이고 비판적으로 사고하는 데 기반이 된다.

⋅측정은 여러 가지 속성의 양을 비교하고 속성에 따른 단위를 이용하여 양을 수치화함으로써 여러 가지 현상을 해석하거나 실생활 문제를 해결하는 데 활용된다.",4수03-17,"들이 단위 1L와 1mL를 알고, 이를 이용하여 들이를 측정하고 어림하며 수학의 유용성을 인식할 수 있다.","1L와 1mL를 이용하여 여러 가지 들이를 측정하거나 어림하고, 실생활에서 이를 활용하는 예를 찾아 수학의 유용성을 설명할 수 있다.","1L와 1mL를 이용하여 들이를 측정하거나 어림하고, 실생활에서 이를 활용하는 예에서 수학의 유용성을 인식한다.",안내된 절차에 따라 1L와 1mL를 이용하여 간단한 들이를 측정할 수 있다.,,"• ‘도형과 측정’ 영역에서는 용어와 기호로 ‘직선, 선분, 반직선, 각, (각의) 꼭짓점, (각의) 변, 직각, 예각, 둔각, 수직, 수선, 평행, 평행선, 원의 중심, 반지름, 지름, 이등변삼각형, 정삼각형, 직각삼각형, 예각삼각형, 둔각삼각형, 직사각형, 정사각형, 사다리꼴, 평행사변형, 마름모, 다각형, 정다각형, 대각선, 초, 도(°), mm, km, L, mL, g, kg, t’을 다룬다.
• 직선, 선분, 반직선에 대한 평가에서는 정확한 정의나 표현보다 직선, 선분, 반직선을 서로 구별할 수 있는지에 중점을 둔다.
• 평면도형의 이동에서 돌리고 뒤집기나 뒤집고 돌리기 등 복잡한 변화를 지양한다.
• 평면도형의 이동을 활용하여 모양의 변화나 무늬를 설명하게 할 때 설명 방법이 다양할 수 있음에 유의하여 다른 친구들의 설명을 비판적으로 검토하게 한다.
• 평면도형의 이동, 원 그리기 등을 이용하여 여러 가지 모양이나 무늬 만들기 활동을 통해 수학의 아름다움을 느끼게 할 수 있다.
• 삼각형의 성질을 탐구하는 활동에서 구체적인 관찰, 실험, 측정 등 귀납적 추론을 통해 성질을 이해하게 한다.
• 여러 가지 사각형의 성질은 구체적인 조작 활동을 통하여 간단한 것만 다루고, 여러 가지 사각형 사이의 관계는 다루지 않는다.
• 시각과 시간의 의미는 구체적인 상황 속에서 구별하여 사용할 수 있는 정도로 이해하게 한다.
• 실제로 재거나 어림하는 측정 활동을 통하여 시간, 길이, 들이, 무게, 각도에 대한 양감을 기르게 한다.
• 들이, 무게의 표준 단위를 도입하기 전에 표준 단위의 필요성을 알게 한다.
• 시간, 길이, 들이, 무게의 단위를 지도할 때 단위 사이의 관계를 이해하는 데 중점을 두고, 1km와 1cm의 관계, 1t과 1g의 관계 등의 지나친 단위 환산은 다루지 않는다.
• 길이, 들이, 무게, 각도를 측정할 때 측정도구의 눈금에 일치하지 않는 측정값을 ‘약’으로 표현하게 한다.
• ‘도형과 측정’ 영역의 문제 상황에 적합한 문제해결 전략을 지도하고, 문제해결 과정을 설명하게 하여 문제해결 역량을 기르게 한다.
• ‘도형과 측정’ 영역에서 문제해결 과정을 설명할 때 다른 친구의 의견을 존중하고 경청하는 태도로 참여하게 한다."
3~4,수학,도형과 측정,"⋅평면도형과 입체도형은 여러 가지 모양을 범주화한 것이며, 각각의 평면도형과 입체도형은 고유한 성질을 갖는다.

⋅도형의 성질과 관계를 탐구하고 정당화하는 것은 논리적이고 비판적으로 사고하는 데 기반이 된다.

⋅측정은 여러 가지 속성의 양을 비교하고 속성에 따른 단위를 이용하여 양을 수치화함으로써 여러 가지 현상을 해석하거나 실생활 문제를 해결하는 데 활용된다.",4수03-18,"1L와 1mL의 관계를 이해하고, 들이를 ‘몇 L 몇 mL’와 ‘몇 mL’로 표현할 수 있다.","들이를 ‘몇 L 몇 mL’ 또는 ‘몇 mL’로 표현하고, 1L와 1mL의 관계를 설명할 수 있다.",주어진 들이를 ‘몇 L 몇 mL’와 ‘몇 mL’로 표현할 수 있다.,"안내된 절차에 따라 ‘몇 L’를 ‘몇 mL’로, ‘몇 mL’를 ‘몇 L’로 표현할 수 있다.",,"• ‘도형과 측정’ 영역에서는 용어와 기호로 ‘직선, 선분, 반직선, 각, (각의) 꼭짓점, (각의) 변, 직각, 예각, 둔각, 수직, 수선, 평행, 평행선, 원의 중심, 반지름, 지름, 이등변삼각형, 정삼각형, 직각삼각형, 예각삼각형, 둔각삼각형, 직사각형, 정사각형, 사다리꼴, 평행사변형, 마름모, 다각형, 정다각형, 대각선, 초, 도(°), mm, km, L, mL, g, kg, t’을 다룬다.
• 직선, 선분, 반직선에 대한 평가에서는 정확한 정의나 표현보다 직선, 선분, 반직선을 서로 구별할 수 있는지에 중점을 둔다.
• 평면도형의 이동에서 돌리고 뒤집기나 뒤집고 돌리기 등 복잡한 변화를 지양한다.
• 평면도형의 이동을 활용하여 모양의 변화나 무늬를 설명하게 할 때 설명 방법이 다양할 수 있음에 유의하여 다른 친구들의 설명을 비판적으로 검토하게 한다.
• 평면도형의 이동, 원 그리기 등을 이용하여 여러 가지 모양이나 무늬 만들기 활동을 통해 수학의 아름다움을 느끼게 할 수 있다.
• 삼각형의 성질을 탐구하는 활동에서 구체적인 관찰, 실험, 측정 등 귀납적 추론을 통해 성질을 이해하게 한다.
• 여러 가지 사각형의 성질은 구체적인 조작 활동을 통하여 간단한 것만 다루고, 여러 가지 사각형 사이의 관계는 다루지 않는다.
• 시각과 시간의 의미는 구체적인 상황 속에서 구별하여 사용할 수 있는 정도로 이해하게 한다.
• 실제로 재거나 어림하는 측정 활동을 통하여 시간, 길이, 들이, 무게, 각도에 대한 양감을 기르게 한다.
• 들이, 무게의 표준 단위를 도입하기 전에 표준 단위의 필요성을 알게 한다.
• 시간, 길이, 들이, 무게의 단위를 지도할 때 단위 사이의 관계를 이해하는 데 중점을 두고, 1km와 1cm의 관계, 1t과 1g의 관계 등의 지나친 단위 환산은 다루지 않는다.
• 길이, 들이, 무게, 각도를 측정할 때 측정도구의 눈금에 일치하지 않는 측정값을 ‘약’으로 표현하게 한다.
• ‘도형과 측정’ 영역의 문제 상황에 적합한 문제해결 전략을 지도하고, 문제해결 과정을 설명하게 하여 문제해결 역량을 기르게 한다.
• ‘도형과 측정’ 영역에서 문제해결 과정을 설명할 때 다른 친구의 의견을 존중하고 경청하는 태도로 참여하게 한다."
3~4,수학,도형과 측정,"⋅평면도형과 입체도형은 여러 가지 모양을 범주화한 것이며, 각각의 평면도형과 입체도형은 고유한 성질을 갖는다.

⋅도형의 성질과 관계를 탐구하고 정당화하는 것은 논리적이고 비판적으로 사고하는 데 기반이 된다.

⋅측정은 여러 가지 속성의 양을 비교하고 속성에 따른 단위를 이용하여 양을 수치화함으로써 여러 가지 현상을 해석하거나 실생활 문제를 해결하는 데 활용된다.",4수03-19,실생활 문제 상황과 연결하여 들이의 덧셈과 뺄셈을 할 수 있다.,"실생활 문제 상황을 들이의 덧셈과 뺄셈으로 나타내어 계산하고, 그 과정을 설명할 수 있다.","실생활 문제 상황을 들이의 덧셈과 뺄셈으로 나타내고, 그 계산을 할 수 있다.",안내된 절차에 따라 간단한 들이의 덧셈과 뺄셈을 할 수 있다.,,"• ‘도형과 측정’ 영역에서는 용어와 기호로 ‘직선, 선분, 반직선, 각, (각의) 꼭짓점, (각의) 변, 직각, 예각, 둔각, 수직, 수선, 평행, 평행선, 원의 중심, 반지름, 지름, 이등변삼각형, 정삼각형, 직각삼각형, 예각삼각형, 둔각삼각형, 직사각형, 정사각형, 사다리꼴, 평행사변형, 마름모, 다각형, 정다각형, 대각선, 초, 도(°), mm, km, L, mL, g, kg, t’을 다룬다.
• 직선, 선분, 반직선에 대한 평가에서는 정확한 정의나 표현보다 직선, 선분, 반직선을 서로 구별할 수 있는지에 중점을 둔다.
• 평면도형의 이동에서 돌리고 뒤집기나 뒤집고 돌리기 등 복잡한 변화를 지양한다.
• 평면도형의 이동을 활용하여 모양의 변화나 무늬를 설명하게 할 때 설명 방법이 다양할 수 있음에 유의하여 다른 친구들의 설명을 비판적으로 검토하게 한다.
• 평면도형의 이동, 원 그리기 등을 이용하여 여러 가지 모양이나 무늬 만들기 활동을 통해 수학의 아름다움을 느끼게 할 수 있다.
• 삼각형의 성질을 탐구하는 활동에서 구체적인 관찰, 실험, 측정 등 귀납적 추론을 통해 성질을 이해하게 한다.
• 여러 가지 사각형의 성질은 구체적인 조작 활동을 통하여 간단한 것만 다루고, 여러 가지 사각형 사이의 관계는 다루지 않는다.
• 시각과 시간의 의미는 구체적인 상황 속에서 구별하여 사용할 수 있는 정도로 이해하게 한다.
• 실제로 재거나 어림하는 측정 활동을 통하여 시간, 길이, 들이, 무게, 각도에 대한 양감을 기르게 한다.
• 들이, 무게의 표준 단위를 도입하기 전에 표준 단위의 필요성을 알게 한다.
• 시간, 길이, 들이, 무게의 단위를 지도할 때 단위 사이의 관계를 이해하는 데 중점을 두고, 1km와 1cm의 관계, 1t과 1g의 관계 등의 지나친 단위 환산은 다루지 않는다.
• 길이, 들이, 무게, 각도를 측정할 때 측정도구의 눈금에 일치하지 않는 측정값을 ‘약’으로 표현하게 한다.
• ‘도형과 측정’ 영역의 문제 상황에 적합한 문제해결 전략을 지도하고, 문제해결 과정을 설명하게 하여 문제해결 역량을 기르게 한다.
• ‘도형과 측정’ 영역에서 문제해결 과정을 설명할 때 다른 친구의 의견을 존중하고 경청하는 태도로 참여하게 한다."
3~4,수학,도형과 측정,"⋅평면도형과 입체도형은 여러 가지 모양을 범주화한 것이며, 각각의 평면도형과 입체도형은 고유한 성질을 갖는다.

⋅도형의 성질과 관계를 탐구하고 정당화하는 것은 논리적이고 비판적으로 사고하는 데 기반이 된다.

⋅측정은 여러 가지 속성의 양을 비교하고 속성에 따른 단위를 이용하여 양을 수치화함으로써 여러 가지 현상을 해석하거나 실생활 문제를 해결하는 데 활용된다.",4수03-20,"실생활에서 무게를 나타낼 때 사용하는 단위 1g과 1kg을 알고, 이를 이용하여 무게를 측정하고 어림하며 수학의 유용성을 인식할 수 있다.","1g과 1kg을 이용하여 여러 가지 무게를 측정하거나 어림하고, 실생활에서 1g과 1kg을 활용하는 예를 찾아 수학의 유용성을 설명할 수 있다.","1g과 1kg을 이용하여 무게를 측정하거나 어림하고, 실생활에서 이를 활용하는 예를 찾아 수학의 유용성을 인식한다.",안내된 절차에 따라 1g과 1kg을 이용하여 간단한 무게를 측정할 수 있다.,"[4수03-20] 초등학교에서는 무게와 질량의 개념을 엄밀하게 구분하지 않으며, 무게를 비교하고 측정하는 데에 g, kg의 단위를 사용하게 한다.","• ‘도형과 측정’ 영역에서는 용어와 기호로 ‘직선, 선분, 반직선, 각, (각의) 꼭짓점, (각의) 변, 직각, 예각, 둔각, 수직, 수선, 평행, 평행선, 원의 중심, 반지름, 지름, 이등변삼각형, 정삼각형, 직각삼각형, 예각삼각형, 둔각삼각형, 직사각형, 정사각형, 사다리꼴, 평행사변형, 마름모, 다각형, 정다각형, 대각선, 초, 도(°), mm, km, L, mL, g, kg, t’을 다룬다.
• 직선, 선분, 반직선에 대한 평가에서는 정확한 정의나 표현보다 직선, 선분, 반직선을 서로 구별할 수 있는지에 중점을 둔다.
• 평면도형의 이동에서 돌리고 뒤집기나 뒤집고 돌리기 등 복잡한 변화를 지양한다.
• 평면도형의 이동을 활용하여 모양의 변화나 무늬를 설명하게 할 때 설명 방법이 다양할 수 있음에 유의하여 다른 친구들의 설명을 비판적으로 검토하게 한다.
• 평면도형의 이동, 원 그리기 등을 이용하여 여러 가지 모양이나 무늬 만들기 활동을 통해 수학의 아름다움을 느끼게 할 수 있다.
• 삼각형의 성질을 탐구하는 활동에서 구체적인 관찰, 실험, 측정 등 귀납적 추론을 통해 성질을 이해하게 한다.
• 여러 가지 사각형의 성질은 구체적인 조작 활동을 통하여 간단한 것만 다루고, 여러 가지 사각형 사이의 관계는 다루지 않는다.
• 시각과 시간의 의미는 구체적인 상황 속에서 구별하여 사용할 수 있는 정도로 이해하게 한다.
• 실제로 재거나 어림하는 측정 활동을 통하여 시간, 길이, 들이, 무게, 각도에 대한 양감을 기르게 한다.
• 들이, 무게의 표준 단위를 도입하기 전에 표준 단위의 필요성을 알게 한다.
• 시간, 길이, 들이, 무게의 단위를 지도할 때 단위 사이의 관계를 이해하는 데 중점을 두고, 1km와 1cm의 관계, 1t과 1g의 관계 등의 지나친 단위 환산은 다루지 않는다.
• 길이, 들이, 무게, 각도를 측정할 때 측정도구의 눈금에 일치하지 않는 측정값을 ‘약’으로 표현하게 한다.
• ‘도형과 측정’ 영역의 문제 상황에 적합한 문제해결 전략을 지도하고, 문제해결 과정을 설명하게 하여 문제해결 역량을 기르게 한다.
• ‘도형과 측정’ 영역에서 문제해결 과정을 설명할 때 다른 친구의 의견을 존중하고 경청하는 태도로 참여하게 한다."
3~4,수학,도형과 측정,"⋅평면도형과 입체도형은 여러 가지 모양을 범주화한 것이며, 각각의 평면도형과 입체도형은 고유한 성질을 갖는다.

⋅도형의 성질과 관계를 탐구하고 정당화하는 것은 논리적이고 비판적으로 사고하는 데 기반이 된다.

⋅측정은 여러 가지 속성의 양을 비교하고 속성에 따른 단위를 이용하여 양을 수치화함으로써 여러 가지 현상을 해석하거나 실생활 문제를 해결하는 데 활용된다.",4수03-21,"1kg과 1g의 관계를 이해하고, 무게를 ‘몇 kg 몇 g’과 ‘몇 g’으로 표현할 수 있다.","무게를 ‘몇 kg 몇 g’ 또는 ‘몇 g’으로 표현하고, 1kg과 1g의 관계를 설명할 수 있다.",주어진 무게를 ‘몇 kg 몇 g’과 ‘몇 g’으로 표현할 수 있다.,"안내된 절차에 따라 ‘몇 kg’을 ‘몇 g’으로, ‘몇 g’을 ‘몇 kg’으로 표현할 수 있다.",,"• ‘도형과 측정’ 영역에서는 용어와 기호로 ‘직선, 선분, 반직선, 각, (각의) 꼭짓점, (각의) 변, 직각, 예각, 둔각, 수직, 수선, 평행, 평행선, 원의 중심, 반지름, 지름, 이등변삼각형, 정삼각형, 직각삼각형, 예각삼각형, 둔각삼각형, 직사각형, 정사각형, 사다리꼴, 평행사변형, 마름모, 다각형, 정다각형, 대각선, 초, 도(°), mm, km, L, mL, g, kg, t’을 다룬다.
• 직선, 선분, 반직선에 대한 평가에서는 정확한 정의나 표현보다 직선, 선분, 반직선을 서로 구별할 수 있는지에 중점을 둔다.
• 평면도형의 이동에서 돌리고 뒤집기나 뒤집고 돌리기 등 복잡한 변화를 지양한다.
• 평면도형의 이동을 활용하여 모양의 변화나 무늬를 설명하게 할 때 설명 방법이 다양할 수 있음에 유의하여 다른 친구들의 설명을 비판적으로 검토하게 한다.
• 평면도형의 이동, 원 그리기 등을 이용하여 여러 가지 모양이나 무늬 만들기 활동을 통해 수학의 아름다움을 느끼게 할 수 있다.
• 삼각형의 성질을 탐구하는 활동에서 구체적인 관찰, 실험, 측정 등 귀납적 추론을 통해 성질을 이해하게 한다.
• 여러 가지 사각형의 성질은 구체적인 조작 활동을 통하여 간단한 것만 다루고, 여러 가지 사각형 사이의 관계는 다루지 않는다.
• 시각과 시간의 의미는 구체적인 상황 속에서 구별하여 사용할 수 있는 정도로 이해하게 한다.
• 실제로 재거나 어림하는 측정 활동을 통하여 시간, 길이, 들이, 무게, 각도에 대한 양감을 기르게 한다.
• 들이, 무게의 표준 단위를 도입하기 전에 표준 단위의 필요성을 알게 한다.
• 시간, 길이, 들이, 무게의 단위를 지도할 때 단위 사이의 관계를 이해하는 데 중점을 두고, 1km와 1cm의 관계, 1t과 1g의 관계 등의 지나친 단위 환산은 다루지 않는다.
• 길이, 들이, 무게, 각도를 측정할 때 측정도구의 눈금에 일치하지 않는 측정값을 ‘약’으로 표현하게 한다.
• ‘도형과 측정’ 영역의 문제 상황에 적합한 문제해결 전략을 지도하고, 문제해결 과정을 설명하게 하여 문제해결 역량을 기르게 한다.
• ‘도형과 측정’ 영역에서 문제해결 과정을 설명할 때 다른 친구의 의견을 존중하고 경청하는 태도로 참여하게 한다."
3~4,수학,도형과 측정,"⋅평면도형과 입체도형은 여러 가지 모양을 범주화한 것이며, 각각의 평면도형과 입체도형은 고유한 성질을 갖는다.

⋅도형의 성질과 관계를 탐구하고 정당화하는 것은 논리적이고 비판적으로 사고하는 데 기반이 된다.

⋅측정은 여러 가지 속성의 양을 비교하고 속성에 따른 단위를 이용하여 양을 수치화함으로써 여러 가지 현상을 해석하거나 실생활 문제를 해결하는 데 활용된다.",4수03-22,"실생활에서 무게를 나타낼 때 사용하는 단위 1t을 알고, 1t과 1kg의 관계를 이해한다.","실생활에서 t를 활용하는 예를 찾고, 1t과 1kg의 관계를 이용하여 다양한 무게를 표현할 수 있다.","1t이 1000kg임을 이용하여 ‘몇 t’을 ‘몇 kg’으로, ‘몇 kg’을 ‘몇 t’으로 표현할 수 있다.","안내된 절차에 따라 ‘몇 t’을 ‘몇 kg’으로, ‘몇 kg’을 ‘몇 t’으로 표현할 수 있다.",,"• ‘도형과 측정’ 영역에서는 용어와 기호로 ‘직선, 선분, 반직선, 각, (각의) 꼭짓점, (각의) 변, 직각, 예각, 둔각, 수직, 수선, 평행, 평행선, 원의 중심, 반지름, 지름, 이등변삼각형, 정삼각형, 직각삼각형, 예각삼각형, 둔각삼각형, 직사각형, 정사각형, 사다리꼴, 평행사변형, 마름모, 다각형, 정다각형, 대각선, 초, 도(°), mm, km, L, mL, g, kg, t’을 다룬다.
• 직선, 선분, 반직선에 대한 평가에서는 정확한 정의나 표현보다 직선, 선분, 반직선을 서로 구별할 수 있는지에 중점을 둔다.
• 평면도형의 이동에서 돌리고 뒤집기나 뒤집고 돌리기 등 복잡한 변화를 지양한다.
• 평면도형의 이동을 활용하여 모양의 변화나 무늬를 설명하게 할 때 설명 방법이 다양할 수 있음에 유의하여 다른 친구들의 설명을 비판적으로 검토하게 한다.
• 평면도형의 이동, 원 그리기 등을 이용하여 여러 가지 모양이나 무늬 만들기 활동을 통해 수학의 아름다움을 느끼게 할 수 있다.
• 삼각형의 성질을 탐구하는 활동에서 구체적인 관찰, 실험, 측정 등 귀납적 추론을 통해 성질을 이해하게 한다.
• 여러 가지 사각형의 성질은 구체적인 조작 활동을 통하여 간단한 것만 다루고, 여러 가지 사각형 사이의 관계는 다루지 않는다.
• 시각과 시간의 의미는 구체적인 상황 속에서 구별하여 사용할 수 있는 정도로 이해하게 한다.
• 실제로 재거나 어림하는 측정 활동을 통하여 시간, 길이, 들이, 무게, 각도에 대한 양감을 기르게 한다.
• 들이, 무게의 표준 단위를 도입하기 전에 표준 단위의 필요성을 알게 한다.
• 시간, 길이, 들이, 무게의 단위를 지도할 때 단위 사이의 관계를 이해하는 데 중점을 두고, 1km와 1cm의 관계, 1t과 1g의 관계 등의 지나친 단위 환산은 다루지 않는다.
• 길이, 들이, 무게, 각도를 측정할 때 측정도구의 눈금에 일치하지 않는 측정값을 ‘약’으로 표현하게 한다.
• ‘도형과 측정’ 영역의 문제 상황에 적합한 문제해결 전략을 지도하고, 문제해결 과정을 설명하게 하여 문제해결 역량을 기르게 한다.
• ‘도형과 측정’ 영역에서 문제해결 과정을 설명할 때 다른 친구의 의견을 존중하고 경청하는 태도로 참여하게 한다."
3~4,수학,도형과 측정,"⋅평면도형과 입체도형은 여러 가지 모양을 범주화한 것이며, 각각의 평면도형과 입체도형은 고유한 성질을 갖는다.

⋅도형의 성질과 관계를 탐구하고 정당화하는 것은 논리적이고 비판적으로 사고하는 데 기반이 된다.

⋅측정은 여러 가지 속성의 양을 비교하고 속성에 따른 단위를 이용하여 양을 수치화함으로써 여러 가지 현상을 해석하거나 실생활 문제를 해결하는 데 활용된다.",4수03-23,실생활 문제 상황과 연결하여 무게의 덧셈과 뺄셈을 할 수 있다.,"실생활 문제 상황을 무게의 덧셈과 뺄셈으로 나타내어 계산하고, 그 과정을 설명할 수 있다.","실생활 문제 상황을 무게의 덧셈과 뺄셈으로 나타내고, 그 계산을 할 수 있다.",안내된 절차에 따라 간단한 무게의 덧셈과 뺄셈을 할 수 있다.,,"• ‘도형과 측정’ 영역에서는 용어와 기호로 ‘직선, 선분, 반직선, 각, (각의) 꼭짓점, (각의) 변, 직각, 예각, 둔각, 수직, 수선, 평행, 평행선, 원의 중심, 반지름, 지름, 이등변삼각형, 정삼각형, 직각삼각형, 예각삼각형, 둔각삼각형, 직사각형, 정사각형, 사다리꼴, 평행사변형, 마름모, 다각형, 정다각형, 대각선, 초, 도(°), mm, km, L, mL, g, kg, t’을 다룬다.
• 직선, 선분, 반직선에 대한 평가에서는 정확한 정의나 표현보다 직선, 선분, 반직선을 서로 구별할 수 있는지에 중점을 둔다.
• 평면도형의 이동에서 돌리고 뒤집기나 뒤집고 돌리기 등 복잡한 변화를 지양한다.
• 평면도형의 이동을 활용하여 모양의 변화나 무늬를 설명하게 할 때 설명 방법이 다양할 수 있음에 유의하여 다른 친구들의 설명을 비판적으로 검토하게 한다.
• 평면도형의 이동, 원 그리기 등을 이용하여 여러 가지 모양이나 무늬 만들기 활동을 통해 수학의 아름다움을 느끼게 할 수 있다.
• 삼각형의 성질을 탐구하는 활동에서 구체적인 관찰, 실험, 측정 등 귀납적 추론을 통해 성질을 이해하게 한다.
• 여러 가지 사각형의 성질은 구체적인 조작 활동을 통하여 간단한 것만 다루고, 여러 가지 사각형 사이의 관계는 다루지 않는다.
• 시각과 시간의 의미는 구체적인 상황 속에서 구별하여 사용할 수 있는 정도로 이해하게 한다.
• 실제로 재거나 어림하는 측정 활동을 통하여 시간, 길이, 들이, 무게, 각도에 대한 양감을 기르게 한다.
• 들이, 무게의 표준 단위를 도입하기 전에 표준 단위의 필요성을 알게 한다.
• 시간, 길이, 들이, 무게의 단위를 지도할 때 단위 사이의 관계를 이해하는 데 중점을 두고, 1km와 1cm의 관계, 1t과 1g의 관계 등의 지나친 단위 환산은 다루지 않는다.
• 길이, 들이, 무게, 각도를 측정할 때 측정도구의 눈금에 일치하지 않는 측정값을 ‘약’으로 표현하게 한다.
• ‘도형과 측정’ 영역의 문제 상황에 적합한 문제해결 전략을 지도하고, 문제해결 과정을 설명하게 하여 문제해결 역량을 기르게 한다.
• ‘도형과 측정’ 영역에서 문제해결 과정을 설명할 때 다른 친구의 의견을 존중하고 경청하는 태도로 참여하게 한다."
3~4,수학,도형과 측정,"⋅평면도형과 입체도형은 여러 가지 모양을 범주화한 것이며, 각각의 평면도형과 입체도형은 고유한 성질을 갖는다.

⋅도형의 성질과 관계를 탐구하고 정당화하는 것은 논리적이고 비판적으로 사고하는 데 기반이 된다.

⋅측정은 여러 가지 속성의 양을 비교하고 속성에 따른 단위를 이용하여 양을 수치화함으로써 여러 가지 현상을 해석하거나 실생활 문제를 해결하는 데 활용된다.",4수03-24,"각의 크기의 단위인 1도(°)를 알고, 각도기를 이용하여 각의 크기를 측정하고 어림할 수 있다.","각도기를 이용하여 여러 가지 각의 크기를 측정하거나 어림하고, 그 방법을 설명할 수 있다.","각의 크기의 단위인 1도(°)를 알고, 각도기를 이용하여 주어진 각의 크기를 측정하거나 어림할 수 있다.",안내된 절차에 따라 각도기를 이용하여 간단한 각의 크기를 측정할 수 있다.,,"• ‘도형과 측정’ 영역에서는 용어와 기호로 ‘직선, 선분, 반직선, 각, (각의) 꼭짓점, (각의) 변, 직각, 예각, 둔각, 수직, 수선, 평행, 평행선, 원의 중심, 반지름, 지름, 이등변삼각형, 정삼각형, 직각삼각형, 예각삼각형, 둔각삼각형, 직사각형, 정사각형, 사다리꼴, 평행사변형, 마름모, 다각형, 정다각형, 대각선, 초, 도(°), mm, km, L, mL, g, kg, t’을 다룬다.
• 직선, 선분, 반직선에 대한 평가에서는 정확한 정의나 표현보다 직선, 선분, 반직선을 서로 구별할 수 있는지에 중점을 둔다.
• 평면도형의 이동에서 돌리고 뒤집기나 뒤집고 돌리기 등 복잡한 변화를 지양한다.
• 평면도형의 이동을 활용하여 모양의 변화나 무늬를 설명하게 할 때 설명 방법이 다양할 수 있음에 유의하여 다른 친구들의 설명을 비판적으로 검토하게 한다.
• 평면도형의 이동, 원 그리기 등을 이용하여 여러 가지 모양이나 무늬 만들기 활동을 통해 수학의 아름다움을 느끼게 할 수 있다.
• 삼각형의 성질을 탐구하는 활동에서 구체적인 관찰, 실험, 측정 등 귀납적 추론을 통해 성질을 이해하게 한다.
• 여러 가지 사각형의 성질은 구체적인 조작 활동을 통하여 간단한 것만 다루고, 여러 가지 사각형 사이의 관계는 다루지 않는다.
• 시각과 시간의 의미는 구체적인 상황 속에서 구별하여 사용할 수 있는 정도로 이해하게 한다.
• 실제로 재거나 어림하는 측정 활동을 통하여 시간, 길이, 들이, 무게, 각도에 대한 양감을 기르게 한다.
• 들이, 무게의 표준 단위를 도입하기 전에 표준 단위의 필요성을 알게 한다.
• 시간, 길이, 들이, 무게의 단위를 지도할 때 단위 사이의 관계를 이해하는 데 중점을 두고, 1km와 1cm의 관계, 1t과 1g의 관계 등의 지나친 단위 환산은 다루지 않는다.
• 길이, 들이, 무게, 각도를 측정할 때 측정도구의 눈금에 일치하지 않는 측정값을 ‘약’으로 표현하게 한다.
• ‘도형과 측정’ 영역의 문제 상황에 적합한 문제해결 전략을 지도하고, 문제해결 과정을 설명하게 하여 문제해결 역량을 기르게 한다.
• ‘도형과 측정’ 영역에서 문제해결 과정을 설명할 때 다른 친구의 의견을 존중하고 경청하는 태도로 참여하게 한다."
3~4,수학,도형과 측정,"⋅평면도형과 입체도형은 여러 가지 모양을 범주화한 것이며, 각각의 평면도형과 입체도형은 고유한 성질을 갖는다.

⋅도형의 성질과 관계를 탐구하고 정당화하는 것은 논리적이고 비판적으로 사고하는 데 기반이 된다.

⋅측정은 여러 가지 속성의 양을 비교하고 속성에 따른 단위를 이용하여 양을 수치화함으로써 여러 가지 현상을 해석하거나 실생활 문제를 해결하는 데 활용된다.",4수03-25,"여러 가지 방법으로 삼각형과 사각형의 내각의 크기의 합을 추론하고, 자신의 추론 과정을 설명할 수 있다.","삼각형과 사각형의 내각의 크기의 합을 여러 가지 방법으로 추론하고, 그 방법을 설명할 수 있다.","구체물이나 그림을 이용하여 삼각형과 사각형의 내각의 크기의 합이 각각 180°, 360°임을 설명할 수 있다.","삼각형과 사각형의 내각의 크기의 합이 각각 180°, 360°임을 말할 수 있다.",,"• ‘도형과 측정’ 영역에서는 용어와 기호로 ‘직선, 선분, 반직선, 각, (각의) 꼭짓점, (각의) 변, 직각, 예각, 둔각, 수직, 수선, 평행, 평행선, 원의 중심, 반지름, 지름, 이등변삼각형, 정삼각형, 직각삼각형, 예각삼각형, 둔각삼각형, 직사각형, 정사각형, 사다리꼴, 평행사변형, 마름모, 다각형, 정다각형, 대각선, 초, 도(°), mm, km, L, mL, g, kg, t’을 다룬다.
• 직선, 선분, 반직선에 대한 평가에서는 정확한 정의나 표현보다 직선, 선분, 반직선을 서로 구별할 수 있는지에 중점을 둔다.
• 평면도형의 이동에서 돌리고 뒤집기나 뒤집고 돌리기 등 복잡한 변화를 지양한다.
• 평면도형의 이동을 활용하여 모양의 변화나 무늬를 설명하게 할 때 설명 방법이 다양할 수 있음에 유의하여 다른 친구들의 설명을 비판적으로 검토하게 한다.
• 평면도형의 이동, 원 그리기 등을 이용하여 여러 가지 모양이나 무늬 만들기 활동을 통해 수학의 아름다움을 느끼게 할 수 있다.
• 삼각형의 성질을 탐구하는 활동에서 구체적인 관찰, 실험, 측정 등 귀납적 추론을 통해 성질을 이해하게 한다.
• 여러 가지 사각형의 성질은 구체적인 조작 활동을 통하여 간단한 것만 다루고, 여러 가지 사각형 사이의 관계는 다루지 않는다.
• 시각과 시간의 의미는 구체적인 상황 속에서 구별하여 사용할 수 있는 정도로 이해하게 한다.
• 실제로 재거나 어림하는 측정 활동을 통하여 시간, 길이, 들이, 무게, 각도에 대한 양감을 기르게 한다.
• 들이, 무게의 표준 단위를 도입하기 전에 표준 단위의 필요성을 알게 한다.
• 시간, 길이, 들이, 무게의 단위를 지도할 때 단위 사이의 관계를 이해하는 데 중점을 두고, 1km와 1cm의 관계, 1t과 1g의 관계 등의 지나친 단위 환산은 다루지 않는다.
• 길이, 들이, 무게, 각도를 측정할 때 측정도구의 눈금에 일치하지 않는 측정값을 ‘약’으로 표현하게 한다.
• ‘도형과 측정’ 영역의 문제 상황에 적합한 문제해결 전략을 지도하고, 문제해결 과정을 설명하게 하여 문제해결 역량을 기르게 한다.
• ‘도형과 측정’ 영역에서 문제해결 과정을 설명할 때 다른 친구의 의견을 존중하고 경청하는 태도로 참여하게 한다."
3~4,수학,자료와가능성,"⋅자료를 수집, 정리, 해석하는 통계는 자료의 특징을 파악하고 두 집단을 비교하며 자료의 관계를 탐구하는 데 활용된다. 
⋅사건이 일어날 가능성을 여러 가지 방법으로 표현하는 것은 불확실성을 이해하는 데 도움이 되며, 가능성을 확률로 수치화하면 불확실성을 수학적으로 다룰 수 있게 된다. 
⋅자료를 이용하여 통계적 문제해결 과정을 실천하고 생활 속의 가능성을 탐구하는 것은 미래를 예측하고 합리적인 의사 결정을 하는 데 기반이 된다.",4수04-01,자료를 수집하여 그림그래프나 막대그래프로 나타내고 해석할 수 있다.,"실생활 자료를 수집하여 그림그래프나 막대그래프로 나타내고, 그래프를 해석할 수 있다.","주어진 자료를 그림그래프나 막대그래프로 나타내고, 그래프에서 여러 가지 사실을 찾을 수 있다.","안내된 절차에 따라 일부가 제시된 그림그래프나 막대그래프를 완성하고, 그래프에서 간단한 사실을 찾을 수 있다.",,"• ‘자료와 가능성’ 영역에서는 용어와 기호로 ‘그림그래프, 막대그래프, 꺾은선그래프’를 다룬다.
• 문제 상황에 맞게 간단한 설문조사, 실험과 관찰, 공공 자료의 활용 등을 통해 자료를 직접 수집하게 한다.
• 그림그래프를 그릴 때 항목의 이름과 수량의 단위를 명확히 인식하고, 자료의 개수에 따라 그림이 나타내는 단위를 적절히 선택하게 한다.
• 막대그래프와 꺾은선그래프를 그릴 때는 가로축과 세로축이 각각 무엇을 나타내는지 확인하게 하고 눈금 한 칸이 나타내는 크기를 적절히 선택하게 한다.
• 막대그래프와 꺾은선그래프를 그릴 때 공학 도구를 사용하게 할 수 있다.
• 여러 가지 사회, 환경 문제를 탐구하는 데 그림그래프, 막대그래프, 꺾은선그래프로부터 얻은 정보를 활용하게 할 수 있다.
• 자료 수집의 목적과 수집한 자료의 특성에 맞는 그래프로 적절히 표현되었는지를 비판적으로 판단하게 할 수 있다.
• ‘자료와 가능성’ 영역의 문제 상황에 적합한 문제해결 전략을 지도하고, 문제해결 과정을 설명하게 하여 문제해결 역량을 기르게 한다.
• ‘자료와 가능성’ 영역에서 문제해결 과정을 설명할 때 다른 친구의 의견을 존중하고 경청하는 태도로 참여하게 한다."
3~4,수학,자료와가능성,"⋅자료를 수집, 정리, 해석하는 통계는 자료의 특징을 파악하고 두 집단을 비교하며 자료의 관계를 탐구하는 데 활용된다. 
⋅사건이 일어날 가능성을 여러 가지 방법으로 표현하는 것은 불확실성을 이해하는 데 도움이 되며, 가능성을 확률로 수치화하면 불확실성을 수학적으로 다룰 수 있게 된다. 
⋅자료를 이용하여 통계적 문제해결 과정을 실천하고 생활 속의 가능성을 탐구하는 것은 미래를 예측하고 합리적인 의사 결정을 하는 데 기반이 된다.",4수04-02,자료를 수집하여 꺾은선그래프로 나타내고 해석할 수 있다.,"실생활 자료를 수집하여 꺾은선그래프로 나타내고, 그래프를 해석할 수 있다.","주어진 자료를 꺾은선그래프로 나타내고, 그래프에서 여러 가지 사실을 찾을 수 있다.","안내된 절차에 따라 일부가 제시된 꺾은선그래프를 완성하고, 그래프에서 간단한 사실을 찾을 수 있다.",,"• ‘자료와 가능성’ 영역에서는 용어와 기호로 ‘그림그래프, 막대그래프, 꺾은선그래프’를 다룬다.
• 문제 상황에 맞게 간단한 설문조사, 실험과 관찰, 공공 자료의 활용 등을 통해 자료를 직접 수집하게 한다.
• 그림그래프를 그릴 때 항목의 이름과 수량의 단위를 명확히 인식하고, 자료의 개수에 따라 그림이 나타내는 단위를 적절히 선택하게 한다.
• 막대그래프와 꺾은선그래프를 그릴 때는 가로축과 세로축이 각각 무엇을 나타내는지 확인하게 하고 눈금 한 칸이 나타내는 크기를 적절히 선택하게 한다.
• 막대그래프와 꺾은선그래프를 그릴 때 공학 도구를 사용하게 할 수 있다.
• 여러 가지 사회, 환경 문제를 탐구하는 데 그림그래프, 막대그래프, 꺾은선그래프로부터 얻은 정보를 활용하게 할 수 있다.
• 자료 수집의 목적과 수집한 자료의 특성에 맞는 그래프로 적절히 표현되었는지를 비판적으로 판단하게 할 수 있다.
• ‘자료와 가능성’ 영역의 문제 상황에 적합한 문제해결 전략을 지도하고, 문제해결 과정을 설명하게 하여 문제해결 역량을 기르게 한다.
• ‘자료와 가능성’ 영역에서 문제해결 과정을 설명할 때 다른 친구의 의견을 존중하고 경청하는 태도로 참여하게 한다."
3~4,수학,자료와가능성,"⋅자료를 수집, 정리, 해석하는 통계는 자료의 특징을 파악하고 두 집단을 비교하며 자료의 관계를 탐구하는 데 활용된다. 
⋅사건이 일어날 가능성을 여러 가지 방법으로 표현하는 것은 불확실성을 이해하는 데 도움이 되며, 가능성을 확률로 수치화하면 불확실성을 수학적으로 다룰 수 있게 된다. 
⋅자료를 이용하여 통계적 문제해결 과정을 실천하고 생활 속의 가능성을 탐구하는 것은 미래를 예측하고 합리적인 의사 결정을 하는 데 기반이 된다.",4수04-03,"탐구 문제를 해결하기 위해 자료를 수집, 정리하여 막대그래프나 꺾은선그래프로 나타내고 해석할 수 있다.","탐구 문제를 해결하기 위해 자료를 수집, 정리하여 막대그래프나 꺾은선그래프로 나타내고, 그 그래프를 해석할 수 있다.","자료를 정리하여 막대그래프나 꺾은선그래프로 나타내고, 그래프에서 여러 가지 사실을 찾을 수 있다.","안내된 절차에 따라 주어진 자료를 막대그래프나 꺾은선그래프로 나타내고, 그래프에서 간단한 사실을 찾을 수 있다.","[4수04-03] 여러 가지 문제를 해결하기 위해 자료를 수집, 정리하고 그래프로 나타내어 해석하는 일련의 과정을 직접 경험하게 한다. 자료의 크기를 비교할 때는 막대그래프로, 시간에 따른 변화의 경향을 알아볼 때는 꺾은선그래프로 나타내는 것이 편리함을 알고, 자료의 특성에 따라 목적에 맞는 적절한 그래프를 선택하게 한다.","• ‘자료와 가능성’ 영역에서는 용어와 기호로 ‘그림그래프, 막대그래프, 꺾은선그래프’를 다룬다.
• 문제 상황에 맞게 간단한 설문조사, 실험과 관찰, 공공 자료의 활용 등을 통해 자료를 직접 수집하게 한다.
• 그림그래프를 그릴 때 항목의 이름과 수량의 단위를 명확히 인식하고, 자료의 개수에 따라 그림이 나타내는 단위를 적절히 선택하게 한다.
• 막대그래프와 꺾은선그래프를 그릴 때는 가로축과 세로축이 각각 무엇을 나타내는지 확인하게 하고 눈금 한 칸이 나타내는 크기를 적절히 선택하게 한다.
• 막대그래프와 꺾은선그래프를 그릴 때 공학 도구를 사용하게 할 수 있다.
• 여러 가지 사회, 환경 문제를 탐구하는 데 그림그래프, 막대그래프, 꺾은선그래프로부터 얻은 정보를 활용하게 할 수 있다.
• 자료 수집의 목적과 수집한 자료의 특성에 맞는 그래프로 적절히 표현되었는지를 비판적으로 판단하게 할 수 있다.
• ‘자료와 가능성’ 영역의 문제 상황에 적합한 문제해결 전략을 지도하고, 문제해결 과정을 설명하게 하여 문제해결 역량을 기르게 한다.
• ‘자료와 가능성’ 영역에서 문제해결 과정을 설명할 때 다른 친구의 의견을 존중하고 경청하는 태도로 참여하게 한다."
3~4,과학,운동과 에너지,"⋅자연과 일상생활 속의 여러 가지 힘은 물체의 속력과 운동 방향을 변화시키고, 물체의 운동은 힘과 에너지를 통해 예측할 수 있으며, 이는 안전한 일상생활의 토대가 된다.
⋅전하와 전류는 다양한 전기와 자기 현상을 일으키고, 전기와 자기에 대한 성질은 전구, 전동기 등 여러 가지 전기 기구의 작동 원리로 유용하게 활용된다.
⋅열은 온도가 높은 곳에서 낮은 곳으로 이동하며, 일상생활에서는 단열 등 다양한 분야에 물질의 열적 성질이나 열의 이동 방식이 이용된다.
⋅빛과 소리는 반사, 굴절, 진동 등 파동의 특성을 가지며, 그 특성은 거울, 렌즈, 악기, 색의 구현 등 편리하고 심미적인 삶에 도움이 된다.",4과01-01,"일상생활에서 힘과 관련된 현상에 흥미를 갖고, 물체를 밀거나 당길 때 나타나는 현상을 관찰할 수 있다.","일상생활에서 힘과 관련된 현상에 흥미를 가지고, 무거운 물체와 가벼운 물체를 밀거나 당길 때 드는 힘의 크기를 비교하여 설명할 수 있다.",물체를 밀거나 당길 때 나타나는 현상에 흥미를 가지고 이를 관찰할 수 있다.,물체를 밀거나 당길 때 나타나는 현상에 흥미를 가지고 이를 관찰할 수 있다.,[4과01-01] 무거운 물체를 밀고 당길 때와 가벼운 물체를 밀고 당길 때 드는 힘의 크기를 느끼는 데 중점을 둔다.,"• 초등학교 5∼6학년군 ‘물체의 운동’, 중학교 1∼3학년군 ‘힘의 작용’과 연계된다.
• 무게를 비교할 때는 용수철저울이나 전자저울 등을 사용하고, 분동을 사용하는 윗접시저울은 다루지 않는다.
• 조사한 내용을 공유할 때 사회 관계망 서비스(SNS)를 활용할 수 있으며, 글과 그림으로 표현한 발표 자료 만들기를 할 수 있다."
3~4,과학,운동과 에너지,"⋅자연과 일상생활 속의 여러 가지 힘은 물체의 속력과 운동 방향을 변화시키고, 물체의 운동은 힘과 에너지를 통해 예측할 수 있으며, 이는 안전한 일상생활의 토대가 된다.
⋅전하와 전류는 다양한 전기와 자기 현상을 일으키고, 전기와 자기에 대한 성질은 전구, 전동기 등 여러 가지 전기 기구의 작동 원리로 유용하게 활용된다.
⋅열은 온도가 높은 곳에서 낮은 곳으로 이동하며, 일상생활에서는 단열 등 다양한 분야에 물질의 열적 성질이나 열의 이동 방식이 이용된다.
⋅빛과 소리는 반사, 굴절, 진동 등 파동의 특성을 가지며, 그 특성은 거울, 렌즈, 악기, 색의 구현 등 편리하고 심미적인 삶에 도움이 된다.",4과01-02,수평잡기 활동을 통해 물체의 무게를 비교할 수 있다.,수평잡기 활동을 통해 무게가 같거나 다른 여러 물체의 무게를 비교할 수 있다.,수평잡기 활동에서 기울어지는 현상을 관찰하여 두 물체 중에서 무거운 물체를 찾을 수 있다.,수평잡기 활동을 통해 물체의 무게가 서로 다름을 알 수 있다.,,"• 초등학교 5∼6학년군 ‘물체의 운동’, 중학교 1∼3학년군 ‘힘의 작용’과 연계된다.
• 무게를 비교할 때는 용수철저울이나 전자저울 등을 사용하고, 분동을 사용하는 윗접시저울은 다루지 않는다.
• 조사한 내용을 공유할 때 사회 관계망 서비스(SNS)를 활용할 수 있으며, 글과 그림으로 표현한 발표 자료 만들기를 할 수 있다."
3~4,과학,운동과 에너지,"⋅자연과 일상생활 속의 여러 가지 힘은 물체의 속력과 운동 방향을 변화시키고, 물체의 운동은 힘과 에너지를 통해 예측할 수 있으며, 이는 안전한 일상생활의 토대가 된다.
⋅전하와 전류는 다양한 전기와 자기 현상을 일으키고, 전기와 자기에 대한 성질은 전구, 전동기 등 여러 가지 전기 기구의 작동 원리로 유용하게 활용된다.
⋅열은 온도가 높은 곳에서 낮은 곳으로 이동하며, 일상생활에서는 단열 등 다양한 분야에 물질의 열적 성질이나 열의 이동 방식이 이용된다.
⋅빛과 소리는 반사, 굴절, 진동 등 파동의 특성을 가지며, 그 특성은 거울, 렌즈, 악기, 색의 구현 등 편리하고 심미적인 삶에 도움이 된다.",4과01-03,"무게를 정확히 비교하기 위해서는 저울이 필요함을 알고, 저울을 사용해 무게를 비교할 수 있다.","저울의 필요성을 알고, 저울을 사용해 여러 가지 물체들의 무게를 비교할 수 있으며, 이 과정을 통해 과학의 유용성을 인식한다.","저울의 필요성을 알고, 저울을 사용해 물체의 무게를 측정할 수 있다.",일상생활에서 물체의 무게를 측정하기 위해 저울이 사용되고 있음을 말할 수 있다.,"[4과01-03] 무게와 질량을 구분하지 않으며 무게를 비교하는 단위로 g, ㎏을 사용한다.","• 초등학교 5∼6학년군 ‘물체의 운동’, 중학교 1∼3학년군 ‘힘의 작용’과 연계된다.
• 무게를 비교할 때는 용수철저울이나 전자저울 등을 사용하고, 분동을 사용하는 윗접시저울은 다루지 않는다.
• 조사한 내용을 공유할 때 사회 관계망 서비스(SNS)를 활용할 수 있으며, 글과 그림으로 표현한 발표 자료 만들기를 할 수 있다."
3~4,과학,운동과 에너지,"⋅자연과 일상생활 속의 여러 가지 힘은 물체의 속력과 운동 방향을 변화시키고, 물체의 운동은 힘과 에너지를 통해 예측할 수 있으며, 이는 안전한 일상생활의 토대가 된다.
⋅전하와 전류는 다양한 전기와 자기 현상을 일으키고, 전기와 자기에 대한 성질은 전구, 전동기 등 여러 가지 전기 기구의 작동 원리로 유용하게 활용된다.
⋅열은 온도가 높은 곳에서 낮은 곳으로 이동하며, 일상생활에서는 단열 등 다양한 분야에 물질의 열적 성질이나 열의 이동 방식이 이용된다.
⋅빛과 소리는 반사, 굴절, 진동 등 파동의 특성을 가지며, 그 특성은 거울, 렌즈, 악기, 색의 구현 등 편리하고 심미적인 삶에 도움이 된다.",4과01-04,"지레, 빗면과 같은 도구를 이용하면 물체를 들어 올릴 때 드는 힘의 크기가 달라짐을 알고, 도구가 일상생활에서 어떻게 쓰이는지 조사하여 공유할 수 있다.","지레, 빗면과 같은 도구를 이용하면 작은 힘으로 물체를 들 수 있음을 알고, 일상생활에서 도구가 사용되는 예를 조사하여 공유할 수 있으며, 이 과정을 통해 도구 사용의 과학적 유용성을 인식한다.","지레, 빗면을 사용하면 작은 힘으로 물체를 들 수 있다는 사실을 알고, 도구가 사용되는 예를 조사할 수 있다.",일상생활에서 물체를 들어 올릴 때 지레와 빗면과 같은 도구가 사용되고 있음을 말할 수 있다.,"[4과01-04] 지레, 빗면과 같은 간단한 도구를 이용할 때 힘의 크기가 달라진다는 점을 관찰하는 데 중점을 두며, 도구의 원리나 구조적 특성을 다루지 않는다.","• 초등학교 5∼6학년군 ‘물체의 운동’, 중학교 1∼3학년군 ‘힘의 작용’과 연계된다.
• 무게를 비교할 때는 용수철저울이나 전자저울 등을 사용하고, 분동을 사용하는 윗접시저울은 다루지 않는다.
• 조사한 내용을 공유할 때 사회 관계망 서비스(SNS)를 활용할 수 있으며, 글과 그림으로 표현한 발표 자료 만들기를 할 수 있다."
3~4,과학,생명,"⋅생물은 세포로 이루어져 있고, 여러 구성 단계가 유기적으로 연관되어 있으며, 조화로운 작용을 통해 건강한 몸을 유지한다. 
⋅식물은 광합성으로 양분을 만들며, 생물은 호흡을 통해 생명 활동에 필요한 에너지를 얻는다. 
⋅동물은 다양한 감각 기관을 통해 자극을 받아들이고, 신경계와 호르몬의 작용을 통해 반응한다. 
⋅생물은 생식을 통해 자손을 생산하고, 생물의 형질은 유전자에 의해 자손에게 전달되며, 생물의 유전 현상은 사람의 가계에서도 관찰된다. 
⋅우리 주변의 다양한 생물은 환경과 영향을 주고받으며 밀접한 관계를 맺고 있으며, 생물다양성은 생태계와 인간의 삶과도 밀접하게 관련되어 있다.",4과02-01,여러 가지 동물을 관찰하여 특징에 따라 동물을 분류할 수 있다.,여러 가지 동물을 관찰하고 특징에 따라 분류 기준을 정하여 동물을 분류할 수 있다.,여러 가지 동물을 관찰하여 공통된 특징과 구별되는 특징을 말할 수 있다.,여러 가지 동물을 관찰하여 그 특징을 말할 수 있다.,[4과02-01] 동물의 형태적 특징을 찾고 그 특징에 따라 분류 기준을 정하여 분류하는 활동을 하도록 하며 생물학적 분류 체계는 다루지 않는다.,"• 초등학교 3∼4학년군 ‘생물의 한살이’, ‘생물과 환경’, 5∼6학년군 ‘우리 몸의 구조와 기능’과 중학교 1∼3학년군 ‘생물의 구성과 다양성’, ‘동물과 에너지’와 연계된다.
• ‘동물의 생활’에서는 여러 가지 동물의 형태적 특징을 중심으로 관찰, 분류 활동을 한다."
3~4,과학,생명,"⋅생물은 세포로 이루어져 있고, 여러 구성 단계가 유기적으로 연관되어 있으며, 조화로운 작용을 통해 건강한 몸을 유지한다. 
⋅식물은 광합성으로 양분을 만들며, 생물은 호흡을 통해 생명 활동에 필요한 에너지를 얻는다. 
⋅동물은 다양한 감각 기관을 통해 자극을 받아들이고, 신경계와 호르몬의 작용을 통해 반응한다. 
⋅생물은 생식을 통해 자손을 생산하고, 생물의 형질은 유전자에 의해 자손에게 전달되며, 생물의 유전 현상은 사람의 가계에서도 관찰된다. 
⋅우리 주변의 다양한 생물은 환경과 영향을 주고받으며 밀접한 관계를 맺고 있으며, 생물다양성은 생태계와 인간의 삶과도 밀접하게 관련되어 있다.",4과02-02,다양한 환경에 서식하는 동물을 조사하여 동물의 생김새와 생활 방식이 환경과 관련되어 있음을 설명할 수 있다.,다양한 환경에 서식하는 동물을 조사하여 동물의 생김새와 생활 방식이 사는 환경과 어떻게 관련되어 있는지 설명할 수 있다.,다양한 환경에 따라 동물의 생김새와 생활 방식이 다름을 발표할 수 있다.,다양한 환경에 사는 동물의 생김새를 말할 수 있다.,"[4과02-02] 서식지에 따른 동물의 생김새와 생활 방식의 다양성을 다루고, 적응 개념은 다루지 않는다.","• 초등학교 3∼4학년군 ‘생물의 한살이’, ‘생물과 환경’, 5∼6학년군 ‘우리 몸의 구조와 기능’과 중학교 1∼3학년군 ‘생물의 구성과 다양성’, ‘동물과 에너지’와 연계된다.
• ‘동물의 생활’에서는 여러 가지 동물의 형태적 특징을 중심으로 관찰, 분류 활동을 한다."
3~4,과학,생명,"⋅생물은 세포로 이루어져 있고, 여러 구성 단계가 유기적으로 연관되어 있으며, 조화로운 작용을 통해 건강한 몸을 유지한다. 
⋅식물은 광합성으로 양분을 만들며, 생물은 호흡을 통해 생명 활동에 필요한 에너지를 얻는다. 
⋅동물은 다양한 감각 기관을 통해 자극을 받아들이고, 신경계와 호르몬의 작용을 통해 반응한다. 
⋅생물은 생식을 통해 자손을 생산하고, 생물의 형질은 유전자에 의해 자손에게 전달되며, 생물의 유전 현상은 사람의 가계에서도 관찰된다. 
⋅우리 주변의 다양한 생물은 환경과 영향을 주고받으며 밀접한 관계를 맺고 있으며, 생물다양성은 생태계와 인간의 삶과도 밀접하게 관련되어 있다.",4과02-03,동물의 특징을 이용하여 일상생활에서 활용할 수 있는 생활용품을 설계하여 협력적으로 소통할 수 있다.,동물의 특징을 이용하여 일상생활에서 활용할 수 있는 생활용품을 독창적인 아이디어로 설계하고 협력적으로 소통할 수 있다.,동물의 특징을 이용하여 일상생활에서 활용할 수 있는 생활용품을 설계하고 발표할 수 있다.,동물의 특징을 이용하여 설계한 생활용품을 말할 수 있다.,,"• 초등학교 3∼4학년군 ‘생물의 한살이’, ‘생물과 환경’, 5∼6학년군 ‘우리 몸의 구조와 기능’과 중학교 1∼3학년군 ‘생물의 구성과 다양성’, ‘동물과 에너지’와 연계된다.
• ‘동물의 생활’에서는 여러 가지 동물의 형태적 특징을 중심으로 관찰, 분류 활동을 한다."
3~5,과학,생명,"⋅생물은 세포로 이루어져 있고, 여러 구성 단계가 유기적으로 연관되어 있으며, 조화로운 작용을 통해 건강한 몸을 유지한다. 
⋅식물은 광합성으로 양분을 만들며, 생물은 호흡을 통해 생명 활동에 필요한 에너지를 얻는다. 
⋅동물은 다양한 감각 기관을 통해 자극을 받아들이고, 신경계와 호르몬의 작용을 통해 반응한다. 
⋅생물은 생식을 통해 자손을 생산하고, 생물의 형질은 유전자에 의해 자손에게 전달되며, 생물의 유전 현상은 사람의 가계에서도 관찰된다. 
⋅우리 주변의 다양한 생물은 환경과 영향을 주고받으며 밀접한 관계를 맺고 있으며, 생물다양성은 생태계와 인간의 삶과도 밀접하게 관련되어 있다.",4과03-01,여러 가지 식물을 관찰하여 특징에 따라 식물을 분류할 수 있다.,여러 가지 식물을 관찰하고 특징에 따라 분류 기준을 정하여 식물을 분류할 수 있다.,여러 가지 식물을 관찰하여 공통된 특징과 구별되는 특징을 말할 수 있다.,여러 가지 식물을 관찰하여 그 특징을 말할 수 있다.,[4과03-01] 여러 가지 식물의 잎을 채집해 생김새 등과 같은 외형적 특징에 따라 기준을 세워 분류하는 활동을 하며 생물학적 분류 체계는 다루지 않는다.,"• 초등학교 3∼4학년군 ‘생물의 한살이’, ‘생물과 환경’, 5∼6학년군 ‘식물의 구조와 기능’과 중학교 1∼3학년군 ‘생물의 구성과 다양성’, ‘식물과 에너지’와 연계된다.
• 여러 가지 식물을 줄기, 잎, 꽃 등으로 분류 활동을 할 수 있으나, 주변에서 쉽게 구할 수 있는 식물의 잎을 대상으로 활동하도록 한다.
• 초등학교 5∼6학년군 ‘식물의 구조와 기능’에서 각 부위의 구조와 기능을 이해하는 데 중점을 두고 다루므로 ‘식물의 생활’에서는 여러 가지 식물의 잎을 중심으로 관찰, 분류 활동을 한다."
3~6,과학,생명,"⋅생물은 세포로 이루어져 있고, 여러 구성 단계가 유기적으로 연관되어 있으며, 조화로운 작용을 통해 건강한 몸을 유지한다. 
⋅식물은 광합성으로 양분을 만들며, 생물은 호흡을 통해 생명 활동에 필요한 에너지를 얻는다. 
⋅동물은 다양한 감각 기관을 통해 자극을 받아들이고, 신경계와 호르몬의 작용을 통해 반응한다. 
⋅생물은 생식을 통해 자손을 생산하고, 생물의 형질은 유전자에 의해 자손에게 전달되며, 생물의 유전 현상은 사람의 가계에서도 관찰된다. 
⋅우리 주변의 다양한 생물은 환경과 영향을 주고받으며 밀접한 관계를 맺고 있으며, 생물다양성은 생태계와 인간의 삶과도 밀접하게 관련되어 있다.",4과03-02,다양한 환경에 서식하는 식물을 조사하여 식물의 생김새와 생활 방식이 환경과 관련되어 있음을 설명할 수 있다.,다양한 환경에 서식하는 식물을 조사하여 식물의 생김새와 생활 방식이 서식하는 환경과 어떻게 관련되어 있는지 설명할 수 있다.,다양한 환경에 따라 식물의 생김새와 생활 방식이 다름을 발표할 수 있다.,다양한 환경에 서식하는 식물의 생김새를 말할 수 있다.,"[4과03-02] 서식지에 따른 식물의 생김새와 생활 방식의 다양성을 다루고, 적응 개념은 다루지 않는다.","• 초등학교 3∼4학년군 ‘생물의 한살이’, ‘생물과 환경’, 5∼6학년군 ‘식물의 구조와 기능’과 중학교 1∼3학년군 ‘생물의 구성과 다양성’, ‘식물과 에너지’와 연계된다.
• 여러 가지 식물을 줄기, 잎, 꽃 등으로 분류 활동을 할 수 있으나, 주변에서 쉽게 구할 수 있는 식물의 잎을 대상으로 활동하도록 한다.
• 초등학교 5∼6학년군 ‘식물의 구조와 기능’에서 각 부위의 구조와 기능을 이해하는 데 중점을 두고 다루므로 ‘식물의 생활’에서는 여러 가지 식물의 잎을 중심으로 관찰, 분류 활동을 한다."
3~7,과학,생명,"⋅생물은 세포로 이루어져 있고, 여러 구성 단계가 유기적으로 연관되어 있으며, 조화로운 작용을 통해 건강한 몸을 유지한다. 
⋅식물은 광합성으로 양분을 만들며, 생물은 호흡을 통해 생명 활동에 필요한 에너지를 얻는다. 
⋅동물은 다양한 감각 기관을 통해 자극을 받아들이고, 신경계와 호르몬의 작용을 통해 반응한다. 
⋅생물은 생식을 통해 자손을 생산하고, 생물의 형질은 유전자에 의해 자손에게 전달되며, 생물의 유전 현상은 사람의 가계에서도 관찰된다. 
⋅우리 주변의 다양한 생물은 환경과 영향을 주고받으며 밀접한 관계를 맺고 있으며, 생물다양성은 생태계와 인간의 삶과도 밀접하게 관련되어 있다.",4과03-03,식물의 특징을 이용하여 일상생활에서 활용할 수 있는 생활용품을 설계하여 협력적으로 소통할 수 있다.,식물의 특징을 이용하여 일상생활에서 활용할 수 있는 생활용품을 독창적인 아이디어로 설계하고 협력적으로 소통할 수 있다.,식물의 특징을 이용하여 일상생활에서 활용할 수 있는 생활용품을 설계하고 발표할 수 있다.,식물의 특징을 이용하여 설계한 생활용품을 말할 수 있다.,,"• 초등학교 3∼4학년군 ‘생물의 한살이’, ‘생물과 환경’, 5∼6학년군 ‘식물의 구조와 기능’과 중학교 1∼3학년군 ‘생물의 구성과 다양성’, ‘식물과 에너지’와 연계된다.
• 여러 가지 식물을 줄기, 잎, 꽃 등으로 분류 활동을 할 수 있으나, 주변에서 쉽게 구할 수 있는 식물의 잎을 대상으로 활동하도록 한다.
• 초등학교 5∼6학년군 ‘식물의 구조와 기능’에서 각 부위의 구조와 기능을 이해하는 데 중점을 두고 다루므로 ‘식물의 생활’에서는 여러 가지 식물의 잎을 중심으로 관찰, 분류 활동을 한다."
3~4,과학,생명,"⋅생물은 세포로 이루어져 있고, 여러 구성 단계가 유기적으로 연관되어 있으며, 조화로운 작용을 통해 건강한 몸을 유지한다. 
⋅식물은 광합성으로 양분을 만들며, 생물은 호흡을 통해 생명 활동에 필요한 에너지를 얻는다. 
⋅동물은 다양한 감각 기관을 통해 자극을 받아들이고, 신경계와 호르몬의 작용을 통해 반응한다. 
⋅생물은 생식을 통해 자손을 생산하고, 생물의 형질은 유전자에 의해 자손에게 전달되며, 생물의 유전 현상은 사람의 가계에서도 관찰된다. 
⋅우리 주변의 다양한 생물은 환경과 영향을 주고받으며 밀접한 관계를 맺고 있으며, 생물다양성은 생태계와 인간의 삶과도 밀접하게 관련되어 있다.",4과04-01,"동물의 한살이를 직접 관찰하고, 관찰한 내용을 글과 그림으로 표현할 수 있다.","동물을 직접 기르면서 동물의 한살이를 관찰하고, 관찰한 내용을 글과 그림으로 표현하여 관찰 보고서를 쓸 수 있다.",곤충의 한살이를 관찰하여 곤충의 모습이 달라짐을 말할 수 있다.,곤충의 한살이를 관찰할 수 있다.,,"• 초등학교 3∼4학년군 ‘동물의 생활’, ‘식물의 생활’, ‘생물과 환경’, 5∼6학년군 ‘식물의 구조와 기능’, ‘우리 몸의 구조와 기능’, 중학교 1∼3학년군 ‘식물과 에너지’, ‘동물과 에너지’와 연계된다.
• 동물의 한살이 관찰을 위해서는 주변에서 쉽게 구할 수 있으며, 한살이 기간이 짧은 동물(예: 배추흰나비)을 선택하는 것이 좋다.
• 동물의 한살이 관찰을 통하여 동물에 대한 관심과 호기심을 증대시키는 것도 중요한 목표이므로 동물을 직접 관찰하는 활동을 권장하며, 보조 학습 자료로 동영상이나 누리망을 활용할 수 있다. 다양한 도구를 활용하여 글과 그림으로 한살이를 표현해 보도록 지도할 수 있다.
• 동물의 한살이 관찰에는 시간이 많이 소요되므로 학습이 시작되기 전에 관찰 대상을 미리 준비해야 하며, 교수⋅학습 전개 시 수업 차시에 따라 연속하여 진행하기에는 무리가 있으므로 동물의 한살이 정도에 맞추어 융통성 있게 수업 시간을 재구성하는 것이 좋다."
3~4,과학,생명,"⋅생물은 세포로 이루어져 있고, 여러 구성 단계가 유기적으로 연관되어 있으며, 조화로운 작용을 통해 건강한 몸을 유지한다. 
⋅식물은 광합성으로 양분을 만들며, 생물은 호흡을 통해 생명 활동에 필요한 에너지를 얻는다. 
⋅동물은 다양한 감각 기관을 통해 자극을 받아들이고, 신경계와 호르몬의 작용을 통해 반응한다. 
⋅생물은 생식을 통해 자손을 생산하고, 생물의 형질은 유전자에 의해 자손에게 전달되며, 생물의 유전 현상은 사람의 가계에서도 관찰된다. 
⋅우리 주변의 다양한 생물은 환경과 영향을 주고받으며 밀접한 관계를 맺고 있으며, 생물다양성은 생태계와 인간의 삶과도 밀접하게 관련되어 있다.",4과04-02,식물이 자라는 데 필요한 조건을 찾는 실험을 설계하여 수행할 수 있다.,"씨가 싹 트거나 식물이 자라는 데 필요한 조건을 찾는 실험을 설계하여 수행하고, 그 결과를 설명할 수 있다.",식물이 자라는 데 필요한 조건을 찾는 실험을 설계할 수 있다.,식물이 자라는 데 필요한 조건을 말할 수 있다.,"[4과04-02] 씨가 싹트는데 필요한 조건은 물과 온도로 한정하고, 식물이 자라는데 필요한 조건은 물과 햇빛으로 제한한다.","• 초등학교 3∼4학년군 ‘동물의 생활’, ‘식물의 생활’, ‘생물과 환경’, 5∼6학년군 ‘식물의 구조와 기능’, ‘우리 몸의 구조와 기능’, 중학교 1∼3학년군 ‘식물과 에너지’, ‘동물과 에너지’와 연계된다.
• 동물의 한살이 관찰을 위해서는 주변에서 쉽게 구할 수 있으며, 한살이 기간이 짧은 동물(예: 배추흰나비)을 선택하는 것이 좋다.
• 동물의 한살이 관찰을 통하여 동물에 대한 관심과 호기심을 증대시키는 것도 중요한 목표이므로 동물을 직접 관찰하는 활동을 권장하며, 보조 학습 자료로 동영상이나 누리망을 활용할 수 있다. 다양한 도구를 활용하여 글과 그림으로 한살이를 표현해 보도록 지도할 수 있다.
• 동물의 한살이 관찰에는 시간이 많이 소요되므로 학습이 시작되기 전에 관찰 대상을 미리 준비해야 하며, 교수⋅학습 전개 시 수업 차시에 따라 연속하여 진행하기에는 무리가 있으므로 동물의 한살이 정도에 맞추어 융통성 있게 수업 시간을 재구성하는 것이 좋다."
3~4,과학,생명,"⋅생물은 세포로 이루어져 있고, 여러 구성 단계가 유기적으로 연관되어 있으며, 조화로운 작용을 통해 건강한 몸을 유지한다. 
⋅식물은 광합성으로 양분을 만들며, 생물은 호흡을 통해 생명 활동에 필요한 에너지를 얻는다. 
⋅동물은 다양한 감각 기관을 통해 자극을 받아들이고, 신경계와 호르몬의 작용을 통해 반응한다. 
⋅생물은 생식을 통해 자손을 생산하고, 생물의 형질은 유전자에 의해 자손에게 전달되며, 생물의 유전 현상은 사람의 가계에서도 관찰된다. 
⋅우리 주변의 다양한 생물은 환경과 영향을 주고받으며 밀접한 관계를 맺고 있으며, 생물다양성은 생태계와 인간의 삶과도 밀접하게 관련되어 있다.",4과04-03,생물의 한살이 과정을 조사하여 생물에 따라 한살이의 유형이 다양함을 소개하는 자료를 만들어 공유할 수 있다.,"여러 가지 생물의 한살이 과정을 조사하여 생물에 따라 한살이 유형이 다양함을 이해하고, 이를 소개하는 자료를 만들어 공유할 수 있다.",여러 가지 생물의 한살이 과정을 조사하여 생물에 따라 한살이 유형이 다양함을 말할 수 있다.,여러 가지 생물의 한살이 과정을 조사할 수 있다.,"[4과04-03] 한살이의 유형을 이해하는 생물의 범위는 동물과 식물에 한정하여 다루고, 식물의 한살이 유형은 한해살이와 여러해살이로 구분하여 이해하도록 한다.","• 초등학교 3∼4학년군 ‘동물의 생활’, ‘식물의 생활’, ‘생물과 환경’, 5∼6학년군 ‘식물의 구조와 기능’, ‘우리 몸의 구조와 기능’, 중학교 1∼3학년군 ‘식물과 에너지’, ‘동물과 에너지’와 연계된다.
• 동물의 한살이 관찰을 위해서는 주변에서 쉽게 구할 수 있으며, 한살이 기간이 짧은 동물(예: 배추흰나비)을 선택하는 것이 좋다.
• 동물의 한살이 관찰을 통하여 동물에 대한 관심과 호기심을 증대시키는 것도 중요한 목표이므로 동물을 직접 관찰하는 활동을 권장하며, 보조 학습 자료로 동영상이나 누리망을 활용할 수 있다. 다양한 도구를 활용하여 글과 그림으로 한살이를 표현해 보도록 지도할 수 있다.
• 동물의 한살이 관찰에는 시간이 많이 소요되므로 학습이 시작되기 전에 관찰 대상을 미리 준비해야 하며, 교수⋅학습 전개 시 수업 차시에 따라 연속하여 진행하기에는 무리가 있으므로 동물의 한살이 정도에 맞추어 융통성 있게 수업 시간을 재구성하는 것이 좋다."
3~4,과학,물질,"⋅물질은 여러 가지 상태로 존재하며, 구성 입자의 운동에 따라 물질의 상태와 물리적 성질이 변한다.
⋅물질의 상태 변화 및 화학 반응에는 에너지 출입이 수반되며, 이는 일상생활에 유용하게 활용된다.
⋅물질은 서로 구분할 수 있는 고유한 특성을 가지며, 물질의 특성은 일상생활의 다양한 혼합물 분리에 이용된다.
⋅화학 반응을 통해 물질은 다른 물질로 변하며, 화학 반응의 규칙성은 새로운 물질의 생성 원리가 된다.",4과05-01,"물체를 이루는 여러 가지 물질의 성질을 비교하고, 물질의 종류에 따라 물체를 분류할 수 있다.","물체를 이루는 여러 가지 물질의 성질을 비교하여 설명하고, 물질의 종류에 따라 물체를 분류할 수 있다.",물체를 이루는 여러 가지 물질의 성질을 관찰하여 비교할 수 있다.,물체를 이루는 물질이 여러 가지임을 말할 수 있다.,"[4과05-01] 나무, 철, 유리, 플라스틱 등 학생들이 일상생활에서 쉽게 접할 수 있는 물질의 다양한 성질을 관찰하고 비교하는 활동에 중점을 두고, 이를 바탕으로 여러 가지 물체를 물질의 종류에 따라 분류하도록 한다.","• 초등학교 3∼4학년군 ‘물의 상태 변화’, ‘여러 가지 기체’, 5∼6학년군 ‘혼합물의 분리’, 중학교 1∼3학년군 ‘물질의 특성’과 연계된다.
• 일상생활에서 사용할 수 있는 물체를 기초적인 아이디어 수준에서 설계하며, 물체의 쓰임새에 적합한 성질을 지닌 물질을 이용하는 데 중점을 두고 지도한다."
3~4,과학,물질,"⋅물질은 여러 가지 상태로 존재하며, 구성 입자의 운동에 따라 물질의 상태와 물리적 성질이 변한다.
⋅물질의 상태 변화 및 화학 반응에는 에너지 출입이 수반되며, 이는 일상생활에 유용하게 활용된다.
⋅물질은 서로 구분할 수 있는 고유한 특성을 가지며, 물질의 특성은 일상생활의 다양한 혼합물 분리에 이용된다.
⋅화학 반응을 통해 물질은 다른 물질로 변하며, 화학 반응의 규칙성은 새로운 물질의 생성 원리가 된다.",4과05-02,"물질의 세 가지 상태인 고체, 액체, 기체의 성질을 관찰하여 비교할 수 있다.","실험을 통해 물질의 세 가지 상태인 고체, 액체, 기체가 가진 성질을 관찰하고, 물질의 세 가지 상태의 성질을 비교하여 설명할 수 있다.","실험을 통해 물질의 세 가지 상태인 고체, 액체, 기체의 성질을 관찰하여 말할 수 있다.","우리 주변에 물질의 세 가지 상태인 고체, 액체, 기체가 있다는 것을 말할 수 있다.","[4과05-02] 물질의 세 가지 상태인 고체, 액체, 기체의 성질을 관찰하고 비교하는 활동에 중점을 두고, 한 가지 물질이 여러 가지 상태로 존재한다는 것은 다루지 않는다.","• 초등학교 3∼4학년군 ‘물의 상태 변화’, ‘여러 가지 기체’, 5∼6학년군 ‘혼합물의 분리’, 중학교 1∼3학년군 ‘물질의 특성’과 연계된다.
• 일상생활에서 사용할 수 있는 물체를 기초적인 아이디어 수준에서 설계하며, 물체의 쓰임새에 적합한 성질을 지닌 물질을 이용하는 데 중점을 두고 지도한다."
3~4,과학,물질,"⋅물질은 여러 가지 상태로 존재하며, 구성 입자의 운동에 따라 물질의 상태와 물리적 성질이 변한다.
⋅물질의 상태 변화 및 화학 반응에는 에너지 출입이 수반되며, 이는 일상생활에 유용하게 활용된다.
⋅물질은 서로 구분할 수 있는 고유한 특성을 가지며, 물질의 특성은 일상생활의 다양한 혼합물 분리에 이용된다.
⋅화학 반응을 통해 물질은 다른 물질로 변하며, 화학 반응의 규칙성은 새로운 물질의 생성 원리가 된다.",4과05-03,다양한 물질의 성질을 이용하여 쓰임새 있는 물체를 설계할 수 있다.,"물체의 쓰임새에 적합한 성질을 가진 물질을 이용하여 물체를 설계하고, 물체의 쓰임새와 물질의 성질을 관련지어 설명할 수 있다.",물체의 쓰임새에 적합한 물질을 선택하여 물체를 설계할 수 있다.,다양한 물질의 성질을 이용하여 만들어진 물체를 찾아 말할 수 있다.,,"• 초등학교 3∼4학년군 ‘물의 상태 변화’, ‘여러 가지 기체’, 5∼6학년군 ‘혼합물의 분리’, 중학교 1∼3학년군 ‘물질의 특성’과 연계된다.
• 일상생활에서 사용할 수 있는 물체를 기초적인 아이디어 수준에서 설계하며, 물체의 쓰임새에 적합한 성질을 지닌 물질을 이용하는 데 중점을 두고 지도한다."
3~4,과학,지구와 우주,"⋅지구계는 지권, 수권, 기권, 생물권 등으로 구성되며, 이러한 지구계 구성 요소들이 상호작용을 통해 에너지와 물질을 교환하는 과정에서 다양한 자연 현상들이 발생한다.
⋅암석과 화석, 지구 내부를 탐구함으로써 지질시대 동안 지구 환경과 생물의 변천 과정을 밝혀낼 수 있다.
⋅물은 땅과 바다, 대기 등으로 끊임없이 순환하면서 지표의 특징을 변화시키고 지하구조를 만든다.
⋅지구의 기후시스템은 태양 복사와 지구 복사, 인간 활동 등의 영향을 받으며, 이러한 요인들이 복합적으로 상호작용하여 나타난 기상 현상과 기후변화는 우리 생활과 지속가능성에 영향을 미친다.
⋅태양계는 행성 및 소천체 등으로 구성되며, 생성 과정에 따라 태양계 천체의 표면은 다양하게 나타난다.
⋅별의 표면 온도, 크기, 질량, 거리 등을 결정하는 데 관측 자료와 증거 기반 해석 등이 활용된다.",4과06-01,"지구가 대기로 둘러싸여 있음을 알고, 지구 표면을 구성하는 육지와 바다의 특징을 비교할 수 있다.","지구가 대기로 둘러싸여 있음을 알고, 지구 표면을 구성하는 육지와 바다의 면적과 특징을 비교할 수 있다.","지구가 대기로 둘러싸여 있음을 알고, 지구 표면을 구성하는 육지와 바다의 면적을 비교할 수 있다.","지구에 대기, 육지, 바다가 있다는 것을 말할 수 있다.",,"• 초등학교 5∼6학년군 ‘날씨와 우리 생활’, 중학교 1∼3학년군 ‘날씨와 기후변화’, ‘수권과 해수의 순환’과 연계된다.
• 여행에서 촬영한 사진 자료나 스마트 기기를 활용하여 육지와 바다의 다양한 모습과 지형을 탐색하여 수업에 활용할 수 있다.
• 지구의 물은 바닷물과 육지의 물로 구분하며, 지구 표면에서 바다가 차지하는 비율은 정성적으로 다룬다. 지구의 육지와 바다 면적을 시각적으로 비교할 수 있는 자료를 활용할 수 있다.
• 육지의 물과 바닷물을 가열할 때는 끓임쪽을 넣고 가열하는 등 안전에 유의한다.
• 우리나라의 대표적인 갯벌의 위치, 갯벌에 사는 생물의 다양성, 갯벌 보전의 필요성을 알아보는 활동을 통해 환경과 생명의 가치를 알고 생태감수성을 기르도록 한다."
3~4,과학,지구와 우주,"⋅지구계는 지권, 수권, 기권, 생물권 등으로 구성되며, 이러한 지구계 구성 요소들이 상호작용을 통해 에너지와 물질을 교환하는 과정에서 다양한 자연 현상들이 발생한다.
⋅암석과 화석, 지구 내부를 탐구함으로써 지질시대 동안 지구 환경과 생물의 변천 과정을 밝혀낼 수 있다.
⋅물은 땅과 바다, 대기 등으로 끊임없이 순환하면서 지표의 특징을 변화시키고 지하구조를 만든다.
⋅지구의 기후시스템은 태양 복사와 지구 복사, 인간 활동 등의 영향을 받으며, 이러한 요인들이 복합적으로 상호작용하여 나타난 기상 현상과 기후변화는 우리 생활과 지속가능성에 영향을 미친다.
⋅태양계는 행성 및 소천체 등으로 구성되며, 생성 과정에 따라 태양계 천체의 표면은 다양하게 나타난다.
⋅별의 표면 온도, 크기, 질량, 거리 등을 결정하는 데 관측 자료와 증거 기반 해석 등이 활용된다.",4과06-02,"바닷물의 특징을 육지의 물과 비교하고, 바닷가에서 볼 수 있는 다양한 지형을 조사할 수 있다.","육지의 물과 바닷물을 가열하여 남는 물질을 탐구하는 활동을 통해 바닷물의 특징을 육지의 물과 비교하고, 바닷가에서 볼 수 있는 다양한 지형을 조사하여 발표할 수 있다.","육지의 물과 바닷물을 가열하여 남는 물질을 비교하고, 바닷가에서 볼 수 있는 다양한 지형을 조사할 수 있다.",육지의 물과 바닷물을 가열하여 남는 물질을 관찰할 수 있다.,"[4과06-02] 바닷물의 침식, 운반, 퇴적 작용에 대해서는 다루지 않는다.","• 초등학교 5∼6학년군 ‘날씨와 우리 생활’, 중학교 1∼3학년군 ‘날씨와 기후변화’, ‘수권과 해수의 순환’과 연계된다.
• 여행에서 촬영한 사진 자료나 스마트 기기를 활용하여 육지와 바다의 다양한 모습과 지형을 탐색하여 수업에 활용할 수 있다.
• 지구의 물은 바닷물과 육지의 물로 구분하며, 지구 표면에서 바다가 차지하는 비율은 정성적으로 다룬다. 지구의 육지와 바다 면적을 시각적으로 비교할 수 있는 자료를 활용할 수 있다.
• 육지의 물과 바닷물을 가열할 때는 끓임쪽을 넣고 가열하는 등 안전에 유의한다.
• 우리나라의 대표적인 갯벌의 위치, 갯벌에 사는 생물의 다양성, 갯벌 보전의 필요성을 알아보는 활동을 통해 환경과 생명의 가치를 알고 생태감수성을 기르도록 한다."
3~4,과학,지구와 우주,"⋅지구계는 지권, 수권, 기권, 생물권 등으로 구성되며, 이러한 지구계 구성 요소들이 상호작용을 통해 에너지와 물질을 교환하는 과정에서 다양한 자연 현상들이 발생한다.
⋅암석과 화석, 지구 내부를 탐구함으로써 지질시대 동안 지구 환경과 생물의 변천 과정을 밝혀낼 수 있다.
⋅물은 땅과 바다, 대기 등으로 끊임없이 순환하면서 지표의 특징을 변화시키고 지하구조를 만든다.
⋅지구의 기후시스템은 태양 복사와 지구 복사, 인간 활동 등의 영향을 받으며, 이러한 요인들이 복합적으로 상호작용하여 나타난 기상 현상과 기후변화는 우리 생활과 지속가능성에 영향을 미친다.
⋅태양계는 행성 및 소천체 등으로 구성되며, 생성 과정에 따라 태양계 천체의 표면은 다양하게 나타난다.
⋅별의 표면 온도, 크기, 질량, 거리 등을 결정하는 데 관측 자료와 증거 기반 해석 등이 활용된다.",4과06-03,"밀물과 썰물의 차이를 알고, 갯벌의 가치와 보전의 필요성을 설득⋅홍보할 수 있다.","밀물과 썰물의 차이를 설명하고, 갯벌의 가치와 보전의 필요성을 설득･홍보할 수 있는 홍보물을 제작할 수 있다.","밀물과 썰물 현상을 구별하고, 갯벌의 가치와 보전의 필요성을 말할 수 있다.","밀물과 썰물 현상이 있음을 알고, 갯벌의 소중함에 관심을 가진다.","[4과06-03] 밀물과 썰물은 바닷물의 높이 변화를 다루는 수준이며, 조석 용어와 원인에 대해서는 다루지 않는다.","• 초등학교 5∼6학년군 ‘날씨와 우리 생활’, 중학교 1∼3학년군 ‘날씨와 기후변화’, ‘수권과 해수의 순환’과 연계된다.
• 여행에서 촬영한 사진 자료나 스마트 기기를 활용하여 육지와 바다의 다양한 모습과 지형을 탐색하여 수업에 활용할 수 있다.
• 지구의 물은 바닷물과 육지의 물로 구분하며, 지구 표면에서 바다가 차지하는 비율은 정성적으로 다룬다. 지구의 육지와 바다 면적을 시각적으로 비교할 수 있는 자료를 활용할 수 있다.
• 육지의 물과 바닷물을 가열할 때는 끓임쪽을 넣고 가열하는 등 안전에 유의한다.
• 우리나라의 대표적인 갯벌의 위치, 갯벌에 사는 생물의 다양성, 갯벌 보전의 필요성을 알아보는 활동을 통해 환경과 생명의 가치를 알고 생태감수성을 기르도록 한다."
3~4,과학,운동과 에너지,"⋅자연과 일상생활 속의 여러 가지 힘은 물체의 속력과 운동 방향을 변화시키고, 물체의 운동은 힘과 에너지를 통해 예측할 수 있으며, 이는 안전한 일상생활의 토대가 된다.
⋅전하와 전류는 다양한 전기와 자기 현상을 일으키고, 전기와 자기에 대한 성질은 전구, 전동기 등 여러 가지 전기 기구의 작동 원리로 유용하게 활용된다.
⋅열은 온도가 높은 곳에서 낮은 곳으로 이동하며, 일상생활에서는 단열 등 다양한 분야에 물질의 열적 성질이나 열의 이동 방식이 이용된다.
⋅빛과 소리는 반사, 굴절, 진동 등 파동의 특성을 가지며, 그 특성은 거울, 렌즈, 악기, 색의 구현 등 편리하고 심미적인 삶에 도움이 된다.",4과07-01,"여러 가지 물체를 이용하여 소리를 내보고, 소리가 나는 물체는 떨림이 있음을 설명할 수 있다.","여러 가지 물체를 이용하여 소리를 내보고, 소리가 나는 현상을 관찰하여 소리가 나는 물체는 떨림이 있음을 설명할 수 있다.",소리굽쇠를 관찰하여 소리가 나는 소리굽쇠는 떨림이 있음을 설명할 수 있다.,"소리가 나는 물체의 예를 들고, 물체를 이용하여 소리를 낼 수 있다.",,"• 중학교 1∼3학년군 ‘빛과 파동’과 연계된다.
• 소리를 관찰하기 위해 청각뿐만 아니라 시각, 촉각 등의 다양한 감각을 활용할 수 있도록 한다.
• 큰 소리로 인해 청각이 손상될 수 있으므로 안전에 유의한다.
• 소리의 세기와 높낮이를 탐구할 때 디지털 탐구 도구를 활용할 수 있다.
• 소음을 줄이는 방법을 찾아 실천해 봄으로써 공동체의 문제 해결에 참여하는 민주 시민으로서의 소양을 기르되, 소리 자체에 대한 부정적 인식이 형성되지 않도록 유의한다."
3~4,과학,운동과 에너지,"⋅자연과 일상생활 속의 여러 가지 힘은 물체의 속력과 운동 방향을 변화시키고, 물체의 운동은 힘과 에너지를 통해 예측할 수 있으며, 이는 안전한 일상생활의 토대가 된다.
⋅전하와 전류는 다양한 전기와 자기 현상을 일으키고, 전기와 자기에 대한 성질은 전구, 전동기 등 여러 가지 전기 기구의 작동 원리로 유용하게 활용된다.
⋅열은 온도가 높은 곳에서 낮은 곳으로 이동하며, 일상생활에서는 단열 등 다양한 분야에 물질의 열적 성질이나 열의 이동 방식이 이용된다.
⋅빛과 소리는 반사, 굴절, 진동 등 파동의 특성을 가지며, 그 특성은 거울, 렌즈, 악기, 색의 구현 등 편리하고 심미적인 삶에 도움이 된다.",4과07-02,"큰 소리와 작은 소리, 높은 소리와 낮은 소리를 구분하고, 세기와 높낮이가 다른 소리를 낼 수 있다.","물체의 길이에 따른 소리의 높낮이를 비교하고, 큰 소리와 작은 소리, 높은 소리와 낮은 소리를 내는 방법을 알고 소리를 낼 수 있다.","다양한 소리를 듣고, 큰 소리와 작은 소리, 높은 소리와 낮은 소리로 구분할 수 있다.",물체에 따라 다양한 소리가 나는 것을 말할 수 있다.,,"• 중학교 1∼3학년군 ‘빛과 파동’과 연계된다.
• 소리를 관찰하기 위해 청각뿐만 아니라 시각, 촉각 등의 다양한 감각을 활용할 수 있도록 한다.
• 큰 소리로 인해 청각이 손상될 수 있으므로 안전에 유의한다.
• 소리의 세기와 높낮이를 탐구할 때 디지털 탐구 도구를 활용할 수 있다.
• 소음을 줄이는 방법을 찾아 실천해 봄으로써 공동체의 문제 해결에 참여하는 민주 시민으로서의 소양을 기르되, 소리 자체에 대한 부정적 인식이 형성되지 않도록 유의한다."
3~4,과학,운동과 에너지,"⋅자연과 일상생활 속의 여러 가지 힘은 물체의 속력과 운동 방향을 변화시키고, 물체의 운동은 힘과 에너지를 통해 예측할 수 있으며, 이는 안전한 일상생활의 토대가 된다.
⋅전하와 전류는 다양한 전기와 자기 현상을 일으키고, 전기와 자기에 대한 성질은 전구, 전동기 등 여러 가지 전기 기구의 작동 원리로 유용하게 활용된다.
⋅열은 온도가 높은 곳에서 낮은 곳으로 이동하며, 일상생활에서는 단열 등 다양한 분야에 물질의 열적 성질이나 열의 이동 방식이 이용된다.
⋅빛과 소리는 반사, 굴절, 진동 등 파동의 특성을 가지며, 그 특성은 거울, 렌즈, 악기, 색의 구현 등 편리하고 심미적인 삶에 도움이 된다.",4과07-03,"여러 가지 물질을 통하여 소리가 전달되는 것을 관찰하고, 소음을 줄이는 방법을 찾아 일상생활에서 실천할 수 있다.","소리가 여러 가지 물질을 통하여 전달되는 것을 이해하고, 일상생활에서 소음을 줄이는 방법을 조사하여 실천할 수 있다.","여러 가지 물질을 통하여 소리가 전달되는 것을 관찰하고, 일상생활에서 소음을 줄이는 방법을 조사할 수 있다.","소리가 전달되고 있음을 알고, 일상생활에서 소음과 관련된 예를 들 수 있다.","[4과07-03] 소리가 여러 가지 물질을 통해 전달되는 현상을 관찰하는 데 중점을 두며, 소리 전달의 과학적 원리는 다루지 않도록 한다.","• 중학교 1∼3학년군 ‘빛과 파동’과 연계된다.
• 소리를 관찰하기 위해 청각뿐만 아니라 시각, 촉각 등의 다양한 감각을 활용할 수 있도록 한다.
• 큰 소리로 인해 청각이 손상될 수 있으므로 안전에 유의한다.
• 소리의 세기와 높낮이를 탐구할 때 디지털 탐구 도구를 활용할 수 있다.
• 소음을 줄이는 방법을 찾아 실천해 봄으로써 공동체의 문제 해결에 참여하는 민주 시민으로서의 소양을 기르되, 소리 자체에 대한 부정적 인식이 형성되지 않도록 유의한다."
3~4,과학,과학과 사회,"⋅과학 탐구를 통해 얻은 과학기술은 질병의 발생 원인 규명과 예방법 마련 등 인류 복지에 기여하고, 인류가 처한 여러 가지 재난 상황 극복에 활용된다. 
⋅과학기술은 자원과 에너지 등의 효율적 이용 방안을 제공하여 지속가능한 사회에 기여한다. 
⋅과학기술의 발달은 미래 사회의 모습과 직업에 영향을 미치며, 개인은 이러한 미래 사회의 모습과 새로운 진로를 탐색하며 자신의 삶을 준비한다.",4과08-01,"생활 속 감염병의 사례를 알고, 다양한 질병과 그 위험성에 대해 토의할 수 있다.",생활 속 감염병의 사례를 조사하여 다양한 질병과 그 위험성에 대해 토의할 수 있다.,생활 속 감염병 사례를 조사하여 질병의 위험성을 발표할 수 있다.,생활 속 감염병 사례를 조사하여 말할 수 있다.,[4과08-01] 질병은 예방접종이나 범유행 상황 등 학생이 경험하거나 인지할 수 있는 생활 속 질병을 다룬다.,"• 중학교 1∼3학년군 ‘재해⋅재난과 안전’과 연계된다.
• 예방접종의 경험이나 범유행 상황 등을 통해 생활 속에서 다양한 감염 사례가 있음을 인식할 수 있도록 한다.
• 다양한 감염 과정을 놀이, 역할극, 그림, 표, 책 만들기 공예 등 다양한 시각화 방법을 통해 표현할 수 있다. 단, 단순한 표현 활동보다는 생활 속 습관과 감염병 유행과의 연관성을 탐구하도록 지도한다.
• 건강한 생활을 위해 지켜야 하는 수칙은 감염 과정과 생활 습관을 관련지어 학생들이 실천 가능한 수준으로 제시하도록 한다."
3~4,과학,과학과 사회,"⋅과학 탐구를 통해 얻은 과학기술은 질병의 발생 원인 규명과 예방법 마련 등 인류 복지에 기여하고, 인류가 처한 여러 가지 재난 상황 극복에 활용된다. 
⋅과학기술은 자원과 에너지 등의 효율적 이용 방안을 제공하여 지속가능한 사회에 기여한다. 
⋅과학기술의 발달은 미래 사회의 모습과 직업에 영향을 미치며, 개인은 이러한 미래 사회의 모습과 새로운 진로를 탐색하며 자신의 삶을 준비한다.",4과08-02,"감염병으로부터 안전한 사회에 관심을 가지고, 여러 감염 과정을 통해 생활 습관과 감염병 유행과의 연관성을 설명할 수 있다.","감염병으로부터 안전한 사회에 관심을 가지고, 여러 감염 과정과 관련지어 감염 예방 방법을 탐구하여 생활 습관과 감염병 유행이 연관되어 있음을 설명할 수 있다.","감염병에 대해 인식하고, 여러 감염 과정을 통해 감염병에 걸릴 수 있음을 이해하고, 감염을 예방하는 생활 습관에 대해 말할 수 있다.","감염병에 걸릴 수 있음을 알고, 이를 예방하는 생활 습관에 대해 말할 수 있다.","[4과08-02] 감염 과정은 생활 습관과 관련지을 수 있는 접촉 감염, 비말 감염, 공기 감염, 수인 감염, 타액 감염 등의 사례로 한정하여 다루며, 감염병의 특성과 면역 반응을 구체적으로 다루지 않는다.","• 중학교 1∼3학년군 ‘재해⋅재난과 안전’과 연계된다.
• 예방접종의 경험이나 범유행 상황 등을 통해 생활 속에서 다양한 감염 사례가 있음을 인식할 수 있도록 한다.
• 다양한 감염 과정을 놀이, 역할극, 그림, 표, 책 만들기 공예 등 다양한 시각화 방법을 통해 표현할 수 있다. 단, 단순한 표현 활동보다는 생활 속 습관과 감염병 유행과의 연관성을 탐구하도록 지도한다.
• 건강한 생활을 위해 지켜야 하는 수칙은 감염 과정과 생활 습관을 관련지어 학생들이 실천 가능한 수준으로 제시하도록 한다."
3~4,과학,과학과 사회,"⋅과학 탐구를 통해 얻은 과학기술은 질병의 발생 원인 규명과 예방법 마련 등 인류 복지에 기여하고, 인류가 처한 여러 가지 재난 상황 극복에 활용된다. 
⋅과학기술은 자원과 에너지 등의 효율적 이용 방안을 제공하여 지속가능한 사회에 기여한다. 
⋅과학기술의 발달은 미래 사회의 모습과 직업에 영향을 미치며, 개인은 이러한 미래 사회의 모습과 새로운 진로를 탐색하며 자신의 삶을 준비한다.",4과08-03,"건강한 생활을 위해 필요한 감염병 예방 수칙을 공유하고, 생활 속에서 실천할 수 있다.","건강한 생활을 위해 필요한 감염병 예방 수칙을 토의하여 공유하고, 생활 속에서 감염병 예방 수칙의 중요성을 인식하고 이를 실천할 수 있다.",건강한 생활을 위해 감염병 예방 수칙을 알고 공유할 수 있다.,건강한 생활을 위해 감염병 예방 수칙이 필요함을 말할 수 있다.,,"• 중학교 1∼3학년군 ‘재해⋅재난과 안전’과 연계된다.
• 예방접종의 경험이나 범유행 상황 등을 통해 생활 속에서 다양한 감염 사례가 있음을 인식할 수 있도록 한다.
• 다양한 감염 과정을 놀이, 역할극, 그림, 표, 책 만들기 공예 등 다양한 시각화 방법을 통해 표현할 수 있다. 단, 단순한 표현 활동보다는 생활 속 습관과 감염병 유행과의 연관성을 탐구하도록 지도한다.
• 건강한 생활을 위해 지켜야 하는 수칙은 감염 과정과 생활 습관을 관련지어 학생들이 실천 가능한 수준으로 제시하도록 한다."
3~4,과학,운동과 에너지,"⋅자연과 일상생활 속의 여러 가지 힘은 물체의 속력과 운동 방향을 변화시키고, 물체의 운동은 힘과 에너지를 통해 예측할 수 있으며, 이는 안전한 일상생활의 토대가 된다.
⋅전하와 전류는 다양한 전기와 자기 현상을 일으키고, 전기와 자기에 대한 성질은 전구, 전동기 등 여러 가지 전기 기구의 작동 원리로 유용하게 활용된다.
⋅열은 온도가 높은 곳에서 낮은 곳으로 이동하며, 일상생활에서는 단열 등 다양한 분야에 물질의 열적 성질이나 열의 이동 방식이 이용된다.
⋅빛과 소리는 반사, 굴절, 진동 등 파동의 특성을 가지며, 그 특성은 거울, 렌즈, 악기, 색의 구현 등 편리하고 심미적인 삶에 도움이 된다.",4과09-01,"자석과 여러 가지 물체를 가까이했을 때 나타나는 현상을 관찰하고, 자석과 자석에 붙는 물체 사이에 작용하는 힘의 특징을 말할 수 있다.",자석과 여러 가지 물체를 가까이했을 때 나타나는 다양한 현상을 통해 자석과 자석에 붙는 물체 사이에 작용하는 힘의 특징을 설명할 수 있다.,자석과 여러 가지 물체를 가까이했을 때 나타나는 현상을 관찰하여 자석에 붙는 물체들의 공통점을 찾을 수 있다.,자석과 여러 가지 물체를 가까이했을 때 나타나는 현상을 관찰하여 자석에 붙는 물체와 자석에 붙지 않는 물체를 분류할 수 있다.,"[4과09-01] 자석과 물체, 자석과 자석 사이의 상호작용을 다루되, 자기장의 개념은 도입하지 않는다.","• 초등학교 5∼6학년군 ‘전기의 이용’, 중학교 1∼3학년군 ‘전기와 자기’와 연계된다.
• 자석을 이용한 장치 설계하기 활동은 학습한 자석의 성질을 이용하여 생활을 편리하게 만드는 장치를 구상해볼 수 있도록 하기 위한 것으로, 설계한 것이 반드시 만들기로 이어져야 함을 의미하는 것은 아니다."
3~4,과학,운동과 에너지,"⋅자연과 일상생활 속의 여러 가지 힘은 물체의 속력과 운동 방향을 변화시키고, 물체의 운동은 힘과 에너지를 통해 예측할 수 있으며, 이는 안전한 일상생활의 토대가 된다.
⋅전하와 전류는 다양한 전기와 자기 현상을 일으키고, 전기와 자기에 대한 성질은 전구, 전동기 등 여러 가지 전기 기구의 작동 원리로 유용하게 활용된다.
⋅열은 온도가 높은 곳에서 낮은 곳으로 이동하며, 일상생활에서는 단열 등 다양한 분야에 물질의 열적 성질이나 열의 이동 방식이 이용된다.
⋅빛과 소리는 반사, 굴절, 진동 등 파동의 특성을 가지며, 그 특성은 거울, 렌즈, 악기, 색의 구현 등 편리하고 심미적인 삶에 도움이 된다.",4과09-02,자석과 자석을 가까이했을 때 나타나는 현상을 관찰하여 그 특징을 자석의 극과 관련지어 설명할 수 있다.,"자석과 자석을 가까이했을 때 나타나는 현상을 관찰하여 같은 극과 다른 극 사이에서 나타나는 힘을 구분하여 이해하고, 이를 활용해 나침반과 자석 사이에 나타나는 현상을 설명할 수 있다.","자석에 두 극이 있음을 알고, 자석과 자석 사이에서 밀거나 당기는 힘이 작용함을 말할 수 있다.",자석과 자석을 가까이했을 때 나타나는 현상을 관찰할 수 있다.,"[4과09-02] 자석과 물체, 자석과 자석 사이의 상호작용을 다루되, 자기장의 개념은 도입하지 않는다.","• 초등학교 5∼6학년군 ‘전기의 이용’, 중학교 1∼3학년군 ‘전기와 자기’와 연계된다.
• 자석을 이용한 장치 설계하기 활동은 학습한 자석의 성질을 이용하여 생활을 편리하게 만드는 장치를 구상해볼 수 있도록 하기 위한 것으로, 설계한 것이 반드시 만들기로 이어져야 함을 의미하는 것은 아니다."
3~4,과학,운동과 에너지,"⋅자연과 일상생활 속의 여러 가지 힘은 물체의 속력과 운동 방향을 변화시키고, 물체의 운동은 힘과 에너지를 통해 예측할 수 있으며, 이는 안전한 일상생활의 토대가 된다.
⋅전하와 전류는 다양한 전기와 자기 현상을 일으키고, 전기와 자기에 대한 성질은 전구, 전동기 등 여러 가지 전기 기구의 작동 원리로 유용하게 활용된다.
⋅열은 온도가 높은 곳에서 낮은 곳으로 이동하며, 일상생활에서는 단열 등 다양한 분야에 물질의 열적 성질이나 열의 이동 방식이 이용된다.
⋅빛과 소리는 반사, 굴절, 진동 등 파동의 특성을 가지며, 그 특성은 거울, 렌즈, 악기, 색의 구현 등 편리하고 심미적인 삶에 도움이 된다.",4과09-03,자석을 이용하여 일상생활을 편리하게 하는 장치를 설계할 수 있다.,"자석의 성질을 이용하여 일상생활에 편리한 장치를 설계할 수 있고, 이 과정에서 과학의 유용성을 인식한다.",자석의 성질을 이용한 장치를 설계할 수 있다.,일상생활에서 자석을 이용한 장치를 보고 자석의 성질과 관련된 부분을 말할 수 있다.,,"• 초등학교 5∼6학년군 ‘전기의 이용’, 중학교 1∼3학년군 ‘전기와 자기’와 연계된다.
• 자석을 이용한 장치 설계하기 활동은 학습한 자석의 성질을 이용하여 생활을 편리하게 만드는 장치를 구상해볼 수 있도록 하기 위한 것으로, 설계한 것이 반드시 만들기로 이어져야 함을 의미하는 것은 아니다."
3~4,과학,물질,"⋅물질은 여러 가지 상태로 존재하며, 구성 입자의 운동에 따라 물질의 상태와 물리적 성질이 변한다.
⋅물질의 상태 변화 및 화학 반응에는 에너지 출입이 수반되며, 이는 일상생활에 유용하게 활용된다.
⋅물질은 서로 구분할 수 있는 고유한 특성을 가지며, 물질의 특성은 일상생활의 다양한 혼합물 분리에 이용된다.
⋅화학 반응을 통해 물질은 다른 물질로 변하며, 화학 반응의 규칙성은 새로운 물질의 생성 원리가 된다.",4과10-01,"물이 세 가지 상태로 변할 수 있음을 알고, 우리 주변에서 예를 찾을 수 있다.","물이 수증기나 얼음으로 변할 수 있음을 말하고, 그 사례를 우리 주변에서 찾아 설명할 수 있다.",물의 세 가지 상태를 우리 주변에서 찾고 물이 수증기나 얼음으로 변할 수 있음을 말할 수 있다.,물의 세 가지 상태를 우리 주변에서 찾아 말할 수 있다.,"[4과10-01] 물의 상태 변화는 관찰 가능한 현상 수준에서만 다루고, 물의 상태가 변하는 까닭은 다루지 않는다.","• 초등학교 3∼4학년군 ‘물체와 물질’, 중학교 1∼3학년군 ‘물질의 상태 변화’와 연계된다.
• 실험 전에 학생들에게 물을 가열하거나 얼음을 다룰 때 주의할 점과 안전사고 대처 방법을 지도한다.
• 생태전환교육과 연계하여 물의 중요성과 물 부족 현상을 다룬다. 물을 얻는 여러 가지 사례나 장치를 조사하고, 이를 바탕으로 물을 얻을 수 있는 장치를 창의적으로 고안하도록 한다.
• 물을 얻을 수 있는 장치를 설계할 때는 물의 상태 변화를 이용하는 데 중점을 두고, 우리 주변에서 쉽게 구할 수 있는 재료를 이용하여 간단한 장치를 만드는 수준에서 지도한다."
3~4,과학,물질,"⋅물질은 여러 가지 상태로 존재하며, 구성 입자의 운동에 따라 물질의 상태와 물리적 성질이 변한다. 
⋅물질의 상태 변화 및 화학 반응에는 에너지 출입이 수반되며, 이는 일상생활에 유용하게 활용된다. 
⋅물질은 서로 구분할 수 있는 고유한 특성을 가지며, 물질의 특성은 일상생활의 다양한 혼합물 분리에 이용된다. 
⋅화학 반응을 통해 물질은 다른 물질로 변하며, 화학 반응의 규칙성은 새로운 물질의 생성 원리가 된다.",4과10-02,"물이 얼 때, 얼음이 녹을 때, 물이 증발할 때와 끓을 때, 수증기가 응결할 때의 변화를 관찰할 수 있다.","실험을 통해 물이 얼 때와 얼음이 녹을 때, 물이 증발할 때와 끓을 때, 수증기가 응결할 때의 변화를 관찰하여 설명할 수 있다.","실험을 통해 물이 얼 때와 얼음이 녹을 때, 물이 증발할 때와 끓을 때의 변화를 관찰하여 설명할 수 있다.",실험을 통해 물이 얼 때와 얼음이 녹을 때의 변화를 관찰하여 말할 수 있다.,[4과10-02] 물이 얼 때와 얼음이 녹을 때의 부피 변화는 물기둥의 높이 변화로 관찰하도록 한다. 물의 증발과 끓음을 비교할 때는 물이 수증기로 상태가 변하는 현상이라는 공통점에 중점을 둔다.,"• 초등학교 3∼4학년군 ‘물체와 물질’, 중학교 1∼3학년군 ‘물질의 상태 변화’와 연계된다.
• 실험 전에 학생들에게 물을 가열하거나 얼음을 다룰 때 주의할 점과 안전사고 대처 방법을 지도한다.
• 생태전환교육과 연계하여 물의 중요성과 물 부족 현상을 다룬다. 물을 얻는 여러 가지 사례나 장치를 조사하고, 이를 바탕으로 물을 얻을 수 있는 장치를 창의적으로 고안하도록 한다.
• 물을 얻을 수 있는 장치를 설계할 때는 물의 상태 변화를 이용하는 데 중점을 두고, 우리 주변에서 쉽게 구할 수 있는 재료를 이용하여 간단한 장치를 만드는 수준에서 지도한다."
3~4,과학,물질,"⋅물질은 여러 가지 상태로 존재하며, 구성 입자의 운동에 따라 물질의 상태와 물리적 성질이 변한다. 
⋅물질의 상태 변화 및 화학 반응에는 에너지 출입이 수반되며, 이는 일상생활에 유용하게 활용된다. 
⋅물질은 서로 구분할 수 있는 고유한 특성을 가지며, 물질의 특성은 일상생활의 다양한 혼합물 분리에 이용된다. 
⋅화학 반응을 통해 물질은 다른 물질로 변하며, 화학 반응의 규칙성은 새로운 물질의 생성 원리가 된다.",4과10-03,물의 상태 변화를 이용하여 물을 얻을 수 있는 장치를 설계하고 만들 수 있다.,"물 부족의 심각성을 공감하고, 물의 상태 변화를 이용하여 물을 얻는 장치를 설계하고 제작할 수 있다.","물의 중요성을 인식하고, 물의 상태 변화를 이용하여 물을 얻는 장치를 설계할 수 있다.","물을 얻는 장치를 설계하는 과정에 참여하고, 물의 중요성을 말할 수 있다.",,"• 초등학교 3∼4학년군 ‘물체와 물질’, 중학교 1∼3학년군 ‘물질의 상태 변화’와 연계된다.
• 실험 전에 학생들에게 물을 가열하거나 얼음을 다룰 때 주의할 점과 안전사고 대처 방법을 지도한다.
• 생태전환교육과 연계하여 물의 중요성과 물 부족 현상을 다룬다. 물을 얻는 여러 가지 사례나 장치를 조사하고, 이를 바탕으로 물을 얻을 수 있는 장치를 창의적으로 고안하도록 한다.
• 물을 얻을 수 있는 장치를 설계할 때는 물의 상태 변화를 이용하는 데 중점을 두고, 우리 주변에서 쉽게 구할 수 있는 재료를 이용하여 간단한 장치를 만드는 수준에서 지도한다."
3~4,과학,지구와 우주,"⋅지구계는 지권, 수권, 기권, 생물권 등으로 구성되며, 이러한 지구계 구성 요소들이 상호작용을 통해 에너지와 물질을 교환하는 과정에서 다양한 자연 현상들이 발생한다.
⋅암석과 화석, 지구 내부를 탐구함으로써 지질시대 동안 지구 환경과 생물의 변천 과정을 밝혀낼 수 있다.
⋅물은 땅과 바다, 대기 등으로 끊임없이 순환하면서 지표의 특징을 변화시키고 지하구조를 만든다.
⋅지구의 기후시스템은 태양 복사와 지구 복사, 인간 활동 등의 영향을 받으며, 이러한 요인들이 복합적으로 상호작용하여 나타난 기상 현상과 기후변화는 우리 생활과 지속가능성에 영향을 미친다.
⋅태양계는 행성 및 소천체 등으로 구성되며, 생성 과정에 따라 태양계 천체의 표면은 다양하게 나타난다.
⋅별의 표면 온도, 크기, 질량, 거리 등을 결정하는 데 관측 자료와 증거 기반 해석 등이 활용된다.",4과11-01,흐르는 물의 작용과 강 주변 지형의 특징을 관련지을 수 있다.,"흙 언덕을 만들고 물을 흘려보낸 후, 흙이 깎이는 곳과 쌓이는 곳을 관찰하여 흐르는 물의 침식, 운반, 퇴적 작용을 이해하고, 강 주변 지형의 특징을 물의 작용과 관련지어 설명할 수 있다.","흙 언덕을 만들고 물을 흘려보낸 후, 흙이 깎이는 곳과 쌓이는 곳을 관찰하여 흐르는 물의 침식, 운반, 퇴적 작용을 설명할 수 있다.","흙 언덕을 만들고 물을 흘려보낸 후, 흙이 깎이는 곳과 쌓이는 곳을 찾아 말할 수 있다.","[4과11-01] 강 주변 지형은 흐르는 물에 의한 침식, 운반, 퇴적 작용을 중심으로 다룬다.","• 초등학교 5∼6학년군 ‘지층과 화석’, 중학교 1∼3학년군 ‘지권의 변화’와 연계된다.
• 휴화산이나 활화산과 같은 화산의 상태에 대해서는 다루지 않으며, 화산과 화산이 아닌 산을 비교하여 화산의 의미를 살펴볼 수 있다.
• 학생들이 화산 활동과 지진을 직접 관찰하기 어려우므로, 화산 활동이나 지진과 관련된 영상을 스마트 기기로 조사하는 활동이 필요하다.
• 화산 활동을 모형실험으로 지도하는 경우 안전사고가 발생하지 않도록 유의하며, 실제 화산 활동과 모형실험의 공통점과 차이점을 비교할 수 있다."
3~4,과학,지구와 우주,"⋅지구계는 지권, 수권, 기권, 생물권 등으로 구성되며, 이러한 지구계 구성 요소들이 상호작용을 통해 에너지와 물질을 교환하는 과정에서 다양한 자연 현상들이 발생한다.
⋅암석과 화석, 지구 내부를 탐구함으로써 지질시대 동안 지구 환경과 생물의 변천 과정을 밝혀낼 수 있다.
⋅물은 땅과 바다, 대기 등으로 끊임없이 순환하면서 지표의 특징을 변화시키고 지하구조를 만든다.
⋅지구의 기후시스템은 태양 복사와 지구 복사, 인간 활동 등의 영향을 받으며, 이러한 요인들이 복합적으로 상호작용하여 나타난 기상 현상과 기후변화는 우리 생활과 지속가능성에 영향을 미친다.
⋅태양계는 행성 및 소천체 등으로 구성되며, 생성 과정에 따라 태양계 천체의 표면은 다양하게 나타난다.
⋅별의 표면 온도, 크기, 질량, 거리 등을 결정하는 데 관측 자료와 증거 기반 해석 등이 활용된다.",4과11-02,"화산의 의미와 화산 활동으로 나오는 물질을 알고, 화산 활동을 모형으로 표현할 수 있다.","화산의 의미와 화산 활동으로 나오는 물질을 알고, 화산 활동을 모형으로 표현하여 설명할 수 있다.","화산의 의미를 알고, 화산 활동 모형에서 화산 활동으로 나오는 물질을 찾을 수 있다.","화산의 의미를 알고, 화산 활동 모형 만들기 활동에 참여할 수 있다.",[4과11-02] 화산 활동과 화산 분출물을 중심으로 학습한다.,"• 초등학교 5∼6학년군 ‘지층과 화석’, 중학교 1∼3학년군 ‘지권의 변화’와 연계된다.
• 휴화산이나 활화산과 같은 화산의 상태에 대해서는 다루지 않으며, 화산과 화산이 아닌 산을 비교하여 화산의 의미를 살펴볼 수 있다.
• 학생들이 화산 활동과 지진을 직접 관찰하기 어려우므로, 화산 활동이나 지진과 관련된 영상을 스마트 기기로 조사하는 활동이 필요하다.
• 화산 활동을 모형실험으로 지도하는 경우 안전사고가 발생하지 않도록 유의하며, 실제 화산 활동과 모형실험의 공통점과 차이점을 비교할 수 있다."
3~4,과학,지구와 우주,"⋅지구계는 지권, 수권, 기권, 생물권 등으로 구성되며, 이러한 지구계 구성 요소들이 상호작용을 통해 에너지와 물질을 교환하는 과정에서 다양한 자연 현상들이 발생한다.
⋅암석과 화석, 지구 내부를 탐구함으로써 지질시대 동안 지구 환경과 생물의 변천 과정을 밝혀낼 수 있다.
⋅물은 땅과 바다, 대기 등으로 끊임없이 순환하면서 지표의 특징을 변화시키고 지하구조를 만든다.
⋅지구의 기후시스템은 태양 복사와 지구 복사, 인간 활동 등의 영향을 받으며, 이러한 요인들이 복합적으로 상호작용하여 나타난 기상 현상과 기후변화는 우리 생활과 지속가능성에 영향을 미친다.
⋅태양계는 행성 및 소천체 등으로 구성되며, 생성 과정에 따라 태양계 천체의 표면은 다양하게 나타난다.
⋅별의 표면 온도, 크기, 질량, 거리 등을 결정하는 데 관측 자료와 증거 기반 해석 등이 활용된다.",4과11-03,화성암을 관찰하고 분류할 수 있다.,"화성암이 화산 활동과 관련되어 있음을 알고, 현무암과 화강암을 관찰하여 특징에 따라 분류할 수 있다.","현무암과 화강암을 관찰하고, 알갱이의 크기에 따라 분류할 수 있다.","현무암과 화강암을 관찰하고, 색을 비교할 수 있다.",[4과11-03] 화성암은 현무암과 화강암만 다룬다.,"• 초등학교 5∼6학년군 ‘지층과 화석’, 중학교 1∼3학년군 ‘지권의 변화’와 연계된다.
• 휴화산이나 활화산과 같은 화산의 상태에 대해서는 다루지 않으며, 화산과 화산이 아닌 산을 비교하여 화산의 의미를 살펴볼 수 있다.
• 학생들이 화산 활동과 지진을 직접 관찰하기 어려우므로, 화산 활동이나 지진과 관련된 영상을 스마트 기기로 조사하는 활동이 필요하다.
• 화산 활동을 모형실험으로 지도하는 경우 안전사고가 발생하지 않도록 유의하며, 실제 화산 활동과 모형실험의 공통점과 차이점을 비교할 수 있다."
3~4,과학,지구와 우주,"⋅지구계는 지권, 수권, 기권, 생물권 등으로 구성되며, 이러한 지구계 구성 요소들이 상호작용을 통해 에너지와 물질을 교환하는 과정에서 다양한 자연 현상들이 발생한다.
⋅암석과 화석, 지구 내부를 탐구함으로써 지질시대 동안 지구 환경과 생물의 변천 과정을 밝혀낼 수 있다.
⋅물은 땅과 바다, 대기 등으로 끊임없이 순환하면서 지표의 특징을 변화시키고 지하구조를 만든다.
⋅지구의 기후시스템은 태양 복사와 지구 복사, 인간 활동 등의 영향을 받으며, 이러한 요인들이 복합적으로 상호작용하여 나타난 기상 현상과 기후변화는 우리 생활과 지속가능성에 영향을 미친다.
⋅태양계는 행성 및 소천체 등으로 구성되며, 생성 과정에 따라 태양계 천체의 표면은 다양하게 나타난다.
⋅별의 표면 온도, 크기, 질량, 거리 등을 결정하는 데 관측 자료와 증거 기반 해석 등이 활용된다.",4과11-04,"화산 활동과 지진이 우리 생활에 미치는 영향을 조사하여, 대처 방법을 실천할 수 있다.","화산 활동과 지진이 우리 생활에 미치는 영향을 조사하고, 화산 활동과 지진에 안전하게 대처하는 방법을 찾아 실천할 수 있다.","화산 활동과 지진으로부터 안전한 사회에 관심을 가지고, 지진의 피해를 줄이기 위한 대처 방법을 찾아 실천할 수 있다.",지진의 피해를 줄이기 위한 대처 방법을 말할 수 있다.,"[4과11-04] 화산 활동의 피해와 이로운 점을 함께 다루며, 지진 발생 원인은 다루지 않는다.","• 초등학교 5∼6학년군 ‘지층과 화석’, 중학교 1∼3학년군 ‘지권의 변화’와 연계된다.
• 휴화산이나 활화산과 같은 화산의 상태에 대해서는 다루지 않으며, 화산과 화산이 아닌 산을 비교하여 화산의 의미를 살펴볼 수 있다.
• 학생들이 화산 활동과 지진을 직접 관찰하기 어려우므로, 화산 활동이나 지진과 관련된 영상을 스마트 기기로 조사하는 활동이 필요하다.
• 화산 활동을 모형실험으로 지도하는 경우 안전사고가 발생하지 않도록 유의하며, 실제 화산 활동과 모형실험의 공통점과 차이점을 비교할 수 있다."
3~4,과학,생명,"⋅생물은 세포로 이루어져 있고, 여러 구성 단계가 유기적으로 연관되어 있으며, 조화로운 작용을 통해 건강한 몸을 유지한다. 
⋅식물은 광합성으로 양분을 만들며, 생물은 호흡을 통해 생명 활동에 필요한 에너지를 얻는다. 
⋅동물은 다양한 감각 기관을 통해 자극을 받아들이고, 신경계와 호르몬의 작용을 통해 반응한다. 
⋅생물은 생식을 통해 자손을 생산하고, 생물의 형질은 유전자에 의해 자손에게 전달되며, 생물의 유전 현상은 사람의 가계에서도 관찰된다. 
⋅우리 주변의 다양한 생물은 환경과 영향을 주고받으며 밀접한 관계를 맺고 있으며, 생물다양성은 생태계와 인간의 삶과도 밀접하게 관련되어 있다.",4과12-01,균류⋅원생생물⋅세균을 관찰하여 특징과 사는 곳을 설명할 수 있다.,"균류･원생생물･세균을 디지털현미경이나 실체현미경, 사진 자료 등을 활용하여 관찰하고, 생물의 특징과 사는 곳을 설명할 수 있다.","균류･원생생물･세균을 관찰하고, 그 특징을 말할 수 있다.",균류･원생생물･세균의 종류를 말할 수 있다.,,"• 초등학교 3∼4학년군 ‘동물의 생활’, ‘식물의 생활’, ‘생물과 환경’과 중학교 1∼3학년군 ‘생물의 구성과 다양성’과 연계된다.
• 주변에서 쉽게 구할 수 있는 버섯, 곰팡이, 해캄, 짚신벌레를 디지털현미경이나 실체현미경 등 학생들이 다룰 수 있는 다양한 도구를 사용하여 직접 관찰하도록 하고, 지역의 특성에 따라 관찰 가능한 소재로 변경하여 다룰 수 있다.
• 세균은 사진 자료나 동영상 자료 등을 활용하여 관찰할 수 있게 한다.
• 세균이나 곰팡이 등이 우리 생활에 미치는 영향이나 생명과학의 이용 사례는 실생활에 많이 반영된 자료들을 중심으로 한다.
• 우리 생활에 생명과학이 이용되는 사례는 관련 도서와 누리망 자료를 활용하고, 발표 자료를 만들고 공유하는 활동은 디지털 소양 교육과 연계하여 지도할 수 있다."
3~4,과학,생명,"⋅생물은 세포로 이루어져 있고, 여러 구성 단계가 유기적으로 연관되어 있으며, 조화로운 작용을 통해 건강한 몸을 유지한다. 
⋅식물은 광합성으로 양분을 만들며, 생물은 호흡을 통해 생명 활동에 필요한 에너지를 얻는다. 
⋅동물은 다양한 감각 기관을 통해 자극을 받아들이고, 신경계와 호르몬의 작용을 통해 반응한다. 
⋅생물은 생식을 통해 자손을 생산하고, 생물의 형질은 유전자에 의해 자손에게 전달되며, 생물의 유전 현상은 사람의 가계에서도 관찰된다. 
⋅우리 주변의 다양한 생물은 환경과 영향을 주고받으며 밀접한 관계를 맺고 있으며, 생물다양성은 생태계와 인간의 삶과도 밀접하게 관련되어 있다.",4과12-02,균류⋅원생생물⋅세균이 우리 생활에 미치는 영향을 조사하여 발표할 수 있다.,균류･원생생물･세균이 우리 생활에 미치는 긍정적인 영향과 부정적인 영향을 조사하여 발표할 수 있다.,균류･원생생물･세균이 우리 생활에 미치는 영향을 조사할 수 있다.,균류･원생생물･세균이 우리 생활에 영향을 미친다는 것을 말할 수 있다.,,"• 초등학교 3∼4학년군 ‘동물의 생활’, ‘식물의 생활’, ‘생물과 환경’과 중학교 1∼3학년군 ‘생물의 구성과 다양성’과 연계된다.
• 주변에서 쉽게 구할 수 있는 버섯, 곰팡이, 해캄, 짚신벌레를 디지털현미경이나 실체현미경 등 학생들이 다룰 수 있는 다양한 도구를 사용하여 직접 관찰하도록 하고, 지역의 특성에 따라 관찰 가능한 소재로 변경하여 다룰 수 있다.
• 세균은 사진 자료나 동영상 자료 등을 활용하여 관찰할 수 있게 한다.
• 세균이나 곰팡이 등이 우리 생활에 미치는 영향이나 생명과학의 이용 사례는 실생활에 많이 반영된 자료들을 중심으로 한다.
• 우리 생활에 생명과학이 이용되는 사례는 관련 도서와 누리망 자료를 활용하고, 발표 자료를 만들고 공유하는 활동은 디지털 소양 교육과 연계하여 지도할 수 있다."
3~4,과학,생명,"⋅생물은 세포로 이루어져 있고, 여러 구성 단계가 유기적으로 연관되어 있으며, 조화로운 작용을 통해 건강한 몸을 유지한다. 
⋅식물은 광합성으로 양분을 만들며, 생물은 호흡을 통해 생명 활동에 필요한 에너지를 얻는다. 
⋅동물은 다양한 감각 기관을 통해 자극을 받아들이고, 신경계와 호르몬의 작용을 통해 반응한다. 
⋅생물은 생식을 통해 자손을 생산하고, 생물의 형질은 유전자에 의해 자손에게 전달되며, 생물의 유전 현상은 사람의 가계에서도 관찰된다. 
⋅우리 주변의 다양한 생물은 환경과 영향을 주고받으며 밀접한 관계를 맺고 있으며, 생물다양성은 생태계와 인간의 삶과도 밀접하게 관련되어 있다.",4과12-03,우리 생활에 생명과학이 이용되는 사례를 소개하는 자료를 만들어 공유할 수 있다.,"우리 생활에 생명과학이 이용되는 사례를 조사하여 소개하는 자료를 만들어 공유하고, 이 과정에서 과학의 유용성을 인식할 수 있다.","우리 생활에 생명과학이 이용되는 사례를 조사하여 소개하는 자료를 만들고, 이 과정에서 생명과학에 흥미와 호기심을 가진다.","우리 생활에 생명과학이 이용되는 사례를 조사하고, 이 과정에서 생명과학에 관심을 가진다.","[4과12-03] 우리 생활에 생명과학이 이용되는 사례는 균류, 원생생물, 세균을 중심으로 학생들이 생활 속에서 경험하고 인지할 수 있는 수준으로 다룬다.","• 초등학교 3∼4학년군 ‘동물의 생활’, ‘식물의 생활’, ‘생물과 환경’과 중학교 1∼3학년군 ‘생물의 구성과 다양성’과 연계된다.
• 주변에서 쉽게 구할 수 있는 버섯, 곰팡이, 해캄, 짚신벌레를 디지털현미경이나 실체현미경 등 학생들이 다룰 수 있는 다양한 도구를 사용하여 직접 관찰하도록 하고, 지역의 특성에 따라 관찰 가능한 소재로 변경하여 다룰 수 있다.
• 세균은 사진 자료나 동영상 자료 등을 활용하여 관찰할 수 있게 한다.
• 세균이나 곰팡이 등이 우리 생활에 미치는 영향이나 생명과학의 이용 사례는 실생활에 많이 반영된 자료들을 중심으로 한다.
• 우리 생활에 생명과학이 이용되는 사례는 관련 도서와 누리망 자료를 활용하고, 발표 자료를 만들고 공유하는 활동은 디지털 소양 교육과 연계하여 지도할 수 있다."
3~4,과학,지구와 우주,"⋅지구계는 지권, 수권, 기권, 생물권 등으로 구성되며, 이러한 지구계 구성 요소들이 상호작용을 통해 에너지와 물질을 교환하는 과정에서 다양한 자연 현상들이 발생한다.
⋅암석과 화석, 지구 내부를 탐구함으로써 지질시대 동안 지구 환경과 생물의 변천 과정을 밝혀낼 수 있다.
⋅물은 땅과 바다, 대기 등으로 끊임없이 순환하면서 지표의 특징을 변화시키고 지하구조를 만든다.
⋅지구의 기후시스템은 태양 복사와 지구 복사, 인간 활동 등의 영향을 받으며, 이러한 요인들이 복합적으로 상호작용하여 나타난 기상 현상과 기후변화는 우리 생활과 지속가능성에 영향을 미친다.
⋅태양계는 행성 및 소천체 등으로 구성되며, 생성 과정에 따라 태양계 천체의 표면은 다양하게 나타난다.
⋅별의 표면 온도, 크기, 질량, 거리 등을 결정하는 데 관측 자료와 증거 기반 해석 등이 활용된다.",4과13-01,"달의 모양과 표면, 달의 위상변화를 관찰하여 밤하늘 관찰에 흥미를 가질 수 있다.","달의 모양과 표면, 여러 날 동안 보이는 달의 위상 변화를 관찰하여 달의 모양이 주기적으로 바뀌는 것을 알고, 밤하늘 관찰에 흥미를 가진다.","여러 날 동안 보이는 달의 모양을 관찰하고, 밤하늘 관찰에 흥미를 가진다.",달을 관찰하고 밤하늘 관찰에 관심을 가진다.,"[4과13-01] 달의 위상변화 원인을 다루지 않고, 달의 모양이 주기적으로 바뀌는 현상을 관찰하여 확인하는 데 초점을 둔다.","• 초등학교 5∼6학년군 ‘지구의 운동’, ‘계절의 변화’, 중학교 1∼3학년군 ‘태양계’, ‘별과 우주’와 연계된다.
• 여러 날 동안 달의 모양 변화 등은 관찰 시기와 방법을 안내한 후 관찰하도록 한다.
• 모형이나 시청각 자료, 천체 관측 프로그램 등을 이용하여 천체에 대한 호기심을 유도하고 공간적 이해를 도울 수 있다.
• 야간에 달, 행성, 별 등을 관찰할 경우 안전 사항을 준수하도록 한다."
3~4,과학,지구와 우주,"⋅지구계는 지권, 수권, 기권, 생물권 등으로 구성되며, 이러한 지구계 구성 요소들이 상호작용을 통해 에너지와 물질을 교환하는 과정에서 다양한 자연 현상들이 발생한다.
⋅암석과 화석, 지구 내부를 탐구함으로써 지질시대 동안 지구 환경과 생물의 변천 과정을 밝혀낼 수 있다.
⋅물은 땅과 바다, 대기 등으로 끊임없이 순환하면서 지표의 특징을 변화시키고 지하구조를 만든다.
⋅지구의 기후시스템은 태양 복사와 지구 복사, 인간 활동 등의 영향을 받으며, 이러한 요인들이 복합적으로 상호작용하여 나타난 기상 현상과 기후변화는 우리 생활과 지속가능성에 영향을 미친다.
⋅태양계는 행성 및 소천체 등으로 구성되며, 생성 과정에 따라 태양계 천체의 표면은 다양하게 나타난다.
⋅별의 표면 온도, 크기, 질량, 거리 등을 결정하는 데 관측 자료와 증거 기반 해석 등이 활용된다.",4과13-02,"태양계 구성원을 알고, 태양과 행성을 조사할 수 있다.","태양계 구성원을 알고, 태양과 행성의 표면적 특징을 조사하여 태양계 행성 모형을 만들 수 있다.","태양계 구성원을 알고, 태양계 행성의 특징을 말할 수 있다.",태양계 구성원을 조사할 수 있다.,"[4과13-02] 태양계를 구성하는 행성들의 표면적인 특징 위주로 조사하고, 태양과 행성의 실제 크기나 태양에서 행성까지의 실제 거리, 행성의 질량, 자전 속도, 대기 성분 등과 같은 구체적인 물리량은 다루지 않는다.","• 초등학교 5∼6학년군 ‘지구의 운동’, ‘계절의 변화’, 중학교 1∼3학년군 ‘태양계’, ‘별과 우주’와 연계된다.
• 여러 날 동안 달의 모양 변화 등은 관찰 시기와 방법을 안내한 후 관찰하도록 한다.
• 모형이나 시청각 자료, 천체 관측 프로그램 등을 이용하여 천체에 대한 호기심을 유도하고 공간적 이해를 도울 수 있다.
• 야간에 달, 행성, 별 등을 관찰할 경우 안전 사항을 준수하도록 한다."
3~4,과학,지구와 우주,"⋅지구계는 지권, 수권, 기권, 생물권 등으로 구성되며, 이러한 지구계 구성 요소들이 상호작용을 통해 에너지와 물질을 교환하는 과정에서 다양한 자연 현상들이 발생한다.
⋅암석과 화석, 지구 내부를 탐구함으로써 지질시대 동안 지구 환경과 생물의 변천 과정을 밝혀낼 수 있다.
⋅물은 땅과 바다, 대기 등으로 끊임없이 순환하면서 지표의 특징을 변화시키고 지하구조를 만든다.
⋅지구의 기후시스템은 태양 복사와 지구 복사, 인간 활동 등의 영향을 받으며, 이러한 요인들이 복합적으로 상호작용하여 나타난 기상 현상과 기후변화는 우리 생활과 지속가능성에 영향을 미친다.
⋅태양계는 행성 및 소천체 등으로 구성되며, 생성 과정에 따라 태양계 천체의 표면은 다양하게 나타난다.
⋅별의 표면 온도, 크기, 질량, 거리 등을 결정하는 데 관측 자료와 증거 기반 해석 등이 활용된다.",4과13-03,"별의 정의를 알고, 북극성 주변의 별자리를 관찰할 수 있다.","별의 정의를 행성과 비교하여 설명하고, 북극성 주변의 별자리를 관찰하여 별자리 이름을 말할 수 있다.","별의 정의를 설명하고, 북극성 주변의 별자리 이름을 말할 수 있다.",별이 행성과 다르다는 것을 말할 수 있다.,"[4과13-03] 별의 정의는 행성과 비교하여 스스로 빛을 내는 천체라는 수준에서만 다룬다. 별자리는 학생들이 쉽게 관찰할 수 있는 북극성 주변의 별자리를 다루며, 계절별 별자리와 관련짓지 않는다.","• 초등학교 5∼6학년군 ‘지구의 운동’, ‘계절의 변화’, 중학교 1∼3학년군 ‘태양계’, ‘별과 우주’와 연계된다.
• 여러 날 동안 달의 모양 변화 등은 관찰 시기와 방법을 안내한 후 관찰하도록 한다.
• 모형이나 시청각 자료, 천체 관측 프로그램 등을 이용하여 천체에 대한 호기심을 유도하고 공간적 이해를 도울 수 있다.
• 야간에 달, 행성, 별 등을 관찰할 경우 안전 사항을 준수하도록 한다."
3~4,과학,생명,"⋅생물은 세포로 이루어져 있고, 여러 구성 단계가 유기적으로 연관되어 있으며, 조화로운 작용을 통해 건강한 몸을 유지한다. 
⋅식물은 광합성으로 양분을 만들며, 생물은 호흡을 통해 생명 활동에 필요한 에너지를 얻는다. 
⋅동물은 다양한 감각 기관을 통해 자극을 받아들이고, 신경계와 호르몬의 작용을 통해 반응한다. 
⋅생물은 생식을 통해 자손을 생산하고, 생물의 형질은 유전자에 의해 자손에게 전달되며, 생물의 유전 현상은 사람의 가계에서도 관찰된다. 
⋅우리 주변의 다양한 생물은 환경과 영향을 주고받으며 밀접한 관계를 맺고 있으며, 생물다양성은 생태계와 인간의 삶과도 밀접하게 관련되어 있다.",4과14-01,생태계의 구성 요소를 조사하여 생물 요소와 비생물 요소로 분류할 수 있다.,"생태계의 구성 요소를 조사하여 생물 요소와 비생물 요소로 분류하고, 양분을 얻는 방법에 따라 생물 요소를 분류하여 설명할 수 있다.","생태계의 구성 요소를 조사하여 생물 요소와 비생물 요소가 있음을 알고, 생물 요소가 양분을 얻는 방법이 다르다는 것을 말할 수 있다.",생태계의 구성 요소를 조사하여 이를 말할 수 있다.,"[4과14-01] 숲, 바다, 강 등 다양한 생태계를 다루고, 각 생태계에서 생물 요소와 비생물 요소를 분류할 수 있게 한다.","• 초등학교 3∼4학년군 ‘동물의 생활’, ‘식물의 생활’, ‘생물의 한살이’, ‘다양한 생물과 우리 생활’과 중학교 1∼3학년군 ‘생물의 구성과 다양성’과 연계된다.
• 먹이사슬 놀이, 먹이그물 모형 만들기 등과 같은 모의 활동을 통하여 생태계의 구성 요소들이 상호 관련되어 있음을 인식하게 한다.
• 생태전환교육과 연계하여 생태계 보전 또는 복원을 위한 활동을 학생 스스로 계획하고 실천함으로써 생태계 보전과 관련한 문제해결력을 기르도록 지도할 수 있다."
3~4,과학,생명,"⋅생물은 세포로 이루어져 있고, 여러 구성 단계가 유기적으로 연관되어 있으며, 조화로운 작용을 통해 건강한 몸을 유지한다. 
⋅식물은 광합성으로 양분을 만들며, 생물은 호흡을 통해 생명 활동에 필요한 에너지를 얻는다. 
⋅동물은 다양한 감각 기관을 통해 자극을 받아들이고, 신경계와 호르몬의 작용을 통해 반응한다. 
⋅생물은 생식을 통해 자손을 생산하고, 생물의 형질은 유전자에 의해 자손에게 전달되며, 생물의 유전 현상은 사람의 가계에서도 관찰된다. 
⋅우리 주변의 다양한 생물은 환경과 영향을 주고받으며 밀접한 관계를 맺고 있으며, 생물다양성은 생태계와 인간의 삶과도 밀접하게 관련되어 있다.",4과14-02,생물 요소들의 먹고 먹히는 관계를 조사하여 먹이그물로 표현할 수 있다.,"생물 요소들의 먹고 먹히는 관계를 조사하여 먹이 관계 모형의 특징을 이해하고, 이를 먹이그물로 표현할 수 있다.","생물 요소들의 먹고 먹히는 관계를 조사하여, 이를 먹이사슬로 표현할 수 있다.","생물 요소의 먹고 먹히는 관계가 있음을 알고, 먹고 먹히는 관계의 한 예를 말이나 글로 표현할 수 있다.",[4과14-02] 생태계에서 다양한 먹이 관계를 알아보고 먹이 관계가 복잡할수록 생물이 생존하는 데 유리함을 이해하게 한다.,"• 초등학교 3∼4학년군 ‘동물의 생활’, ‘식물의 생활’, ‘생물의 한살이’, ‘다양한 생물과 우리 생활’과 중학교 1∼3학년군 ‘생물의 구성과 다양성’과 연계된다.
• 먹이사슬 놀이, 먹이그물 모형 만들기 등과 같은 모의 활동을 통하여 생태계의 구성 요소들이 상호 관련되어 있음을 인식하게 한다.
• 생태전환교육과 연계하여 생태계 보전 또는 복원을 위한 활동을 학생 스스로 계획하고 실천함으로써 생태계 보전과 관련한 문제해결력을 기르도록 지도할 수 있다."
3~4,과학,생명,"⋅생물은 세포로 이루어져 있고, 여러 구성 단계가 유기적으로 연관되어 있으며, 조화로운 작용을 통해 건강한 몸을 유지한다. 
⋅식물은 광합성으로 양분을 만들며, 생물은 호흡을 통해 생명 활동에 필요한 에너지를 얻는다. 
⋅동물은 다양한 감각 기관을 통해 자극을 받아들이고, 신경계와 호르몬의 작용을 통해 반응한다. 
⋅생물은 생식을 통해 자손을 생산하고, 생물의 형질은 유전자에 의해 자손에게 전달되며, 생물의 유전 현상은 사람의 가계에서도 관찰된다. 
⋅우리 주변의 다양한 생물은 환경과 영향을 주고받으며 밀접한 관계를 맺고 있으며, 생물다양성은 생태계와 인간의 삶과도 밀접하게 관련되어 있다.",4과14-03,"인간 활동이 생태계에 미치는 영향을 조사하고, 생태계 보전을 위해 우리가 할 수 있는 일을 토의하여 실천할 수 있다.","인간 활동이 생태계에 미치는 영향을 조사하고, 생태계 보전을 위해 우리가 할 수 있는 일을 토의하여 실천함으로써 생태계 보전의 중요성을 알고 생태계를 소중히 여기는 태도를 가진다.","인간 활동이 생태계에 미치는 영향을 조사하고, 생태계 보전을 위한 실천 방법을 탐색할 수 있다.",인간 활동이 생태계에 영향을 미친다는 것을 말할 수 있다.,"[4과14-03] 대기오염, 수질오염, 토양오염 등의 환경오염에 관한 사례를 중심으로 다루고, 생태계 보전을 위해 우리가 해야 할 일을 조사하여 실천함으로써 생태계 보전에 대한 의식을 가지게 한다.","• 초등학교 3∼4학년군 ‘동물의 생활’, ‘식물의 생활’, ‘생물의 한살이’, ‘다양한 생물과 우리 생활’과 중학교 1∼3학년군 ‘생물의 구성과 다양성’과 연계된다.
• 먹이사슬 놀이, 먹이그물 모형 만들기 등과 같은 모의 활동을 통하여 생태계의 구성 요소들이 상호 관련되어 있음을 인식하게 한다.
• 생태전환교육과 연계하여 생태계 보전 또는 복원을 위한 활동을 학생 스스로 계획하고 실천함으로써 생태계 보전과 관련한 문제해결력을 기르도록 지도할 수 있다."
3~4,과학,물질,"⋅물질은 여러 가지 상태로 존재하며, 구성 입자의 운동에 따라 물질의 상태와 물리적 성질이 변한다. 
⋅물질의 상태 변화 및 화학 반응에는 에너지 출입이 수반되며, 이는 일상생활에 유용하게 활용된다. 
⋅물질은 서로 구분할 수 있는 고유한 특성을 가지며, 물질의 특성은 일상생활의 다양한 혼합물 분리에 이용된다. 
⋅화학 반응을 통해 물질은 다른 물질로 변하며, 화학 반응의 규칙성은 새로운 물질의 생성 원리가 된다.",4과15-01,실험을 통해 기체가 무게가 있음을 설명할 수 있다.,"기체가 무게가 있음을 알아보는 실험을 수행하고, 실험 결과를 바탕으로 기체는 무게가 있음을 설명할 수 있다.",기체가 무게가 있음을 알아보는 실험을 수행할 수 있다.,기체가 무게가 있음을 말할 수 있다.,[4과15-01] 부피가 같은 용기에 공기를 1기압으로 담은 상태와 이 상태에서 공기를 넣거나 뺀 상태의 무게를 비교하는 실험을 바탕으로 기체가 무게가 있음을 설명한다.,"• 초등학교 3∼4학년군 ‘물체와 물질’, 중학교 1∼3학년군 ‘기체의 성질’과 연계된다.
• 질소, 산소, 이산화 탄소 등 여러 가지 기체의 성질과 일상생활 속 이용 사례를 조사하여 발표하도록 지도한다.
• 장치를 작동시키는 기체로는 공기를 사용하고, 장치를 평가할 때는 기체의 어떤 성질을 이용했는지에 중점을 둔다."
3~4,과학,물질,"⋅물질은 여러 가지 상태로 존재하며, 구성 입자의 운동에 따라 물질의 상태와 물리적 성질이 변한다. 
⋅물질의 상태 변화 및 화학 반응에는 에너지 출입이 수반되며, 이는 일상생활에 유용하게 활용된다. 
⋅물질은 서로 구분할 수 있는 고유한 특성을 가지며, 물질의 특성은 일상생활의 다양한 혼합물 분리에 이용된다. 
⋅화학 반응을 통해 물질은 다른 물질로 변하며, 화학 반응의 규칙성은 새로운 물질의 생성 원리가 된다.",4과15-02,"온도나 압력에 따라 기체의 부피가 달라지는 현상을 관찰하고, 우리 주변에서 예를 찾을 수 있다.","온도나 압력에 따라 기체의 부피가 달라지는 현상을 관찰하고, 우리 주변에서 관련된 사례를 찾아 설명할 수 있다.",온도나 압력에 따라 기체의 부피가 달라지는 현상을 관찰하고 설명할 수 있다.,온도나 압력에 따라 기체의 부피가 달라짐을 말할 수 있다.,"[4과15-02] 온도를 높일 때와 낮출 때 공기의 부피 변화, 압력을 높일 때와 낮출 때 공기의 부피 변화를 관찰하도록 한다. 온도나 압력에 따라 기체의 부피가 어떻게 변하는지를 정성적으로 이해하도록 하고, 입자 모형으로 기체의 부피가 변하는 까닭은 설명하지 않는다.","• 초등학교 3∼4학년군 ‘물체와 물질’, 중학교 1∼3학년군 ‘기체의 성질’과 연계된다.
• 질소, 산소, 이산화 탄소 등 여러 가지 기체의 성질과 일상생활 속 이용 사례를 조사하여 발표하도록 지도한다.
• 장치를 작동시키는 기체로는 공기를 사용하고, 장치를 평가할 때는 기체의 어떤 성질을 이용했는지에 중점을 둔다."
3~4,과학,물질,"⋅물질은 여러 가지 상태로 존재하며, 구성 입자의 운동에 따라 물질의 상태와 물리적 성질이 변한다. 
⋅물질의 상태 변화 및 화학 반응에는 에너지 출입이 수반되며, 이는 일상생활에 유용하게 활용된다. 
⋅물질은 서로 구분할 수 있는 고유한 특성을 가지며, 물질의 특성은 일상생활의 다양한 혼합물 분리에 이용된다. 
⋅화학 반응을 통해 물질은 다른 물질로 변하며, 화학 반응의 규칙성은 새로운 물질의 생성 원리가 된다.",4과15-03,"일상생활에서 이용되는 기체의 종류와 성질을 조사하고, 여러 가지 기체에 대해 흥미를 느낄 수 있다.","일상생활에서 이용하는 기체의 종류와 성질을 조사하여 설명하고, 여러 가지 기체에 흥미를 가진다.","일상생활에서 이용하는 기체의 종류를 조사하고, 여러 가지 기체에 흥미를 가진다.",일상생활에서 여러 가지 기체가 이용되고 있음을 말할 수 있다.,,"• 초등학교 3∼4학년군 ‘물체와 물질’, 중학교 1∼3학년군 ‘기체의 성질’과 연계된다.
• 질소, 산소, 이산화 탄소 등 여러 가지 기체의 성질과 일상생활 속 이용 사례를 조사하여 발표하도록 지도한다.
• 장치를 작동시키는 기체로는 공기를 사용하고, 장치를 평가할 때는 기체의 어떤 성질을 이용했는지에 중점을 둔다."
3~4,과학,물질,"⋅물질은 여러 가지 상태로 존재하며, 구성 입자의 운동에 따라 물질의 상태와 물리적 성질이 변한다. 
⋅물질의 상태 변화 및 화학 반응에는 에너지 출입이 수반되며, 이는 일상생활에 유용하게 활용된다. 
⋅물질은 서로 구분할 수 있는 고유한 특성을 가지며, 물질의 특성은 일상생활의 다양한 혼합물 분리에 이용된다. 
⋅화학 반응을 통해 물질은 다른 물질로 변하며, 화학 반응의 규칙성은 새로운 물질의 생성 원리가 된다.",4과15-04,기체의 성질을 이용하여 작동시킬 수 있는 장치를 설계하고 만들 수 있다.,"기체의 성질을 이해하고, 이를 이용하여 작동시킬 수 있는 장치를 설계하고 만들 수 있다.","기체의 성질을 이해하고, 이를 이용하여 작동시킬 수 있는 장치를 설계할 수 있다.",기체의 성질을 이용하여 작동시킬 수 있는 장치를 통해 기체의 성질을 말할 수 있다.,,"• 초등학교 3∼4학년군 ‘물체와 물질’, 중학교 1∼3학년군 ‘기체의 성질’과 연계된다.
• 질소, 산소, 이산화 탄소 등 여러 가지 기체의 성질과 일상생활 속 이용 사례를 조사하여 발표하도록 지도한다.
• 장치를 작동시키는 기체로는 공기를 사용하고, 장치를 평가할 때는 기체의 어떤 성질을 이용했는지에 중점을 둔다."
3~4,과학,과학과 사회,"⋅과학 탐구를 통해 얻은 과학기술은 질병의 발생 원인 규명과 예방법 마련 등 인류 복지에 기여하고, 인류가 처한 여러 가지 재난 상황 극복에 활용된다. 
⋅과학기술은 자원과 에너지 등의 효율적 이용 방안을 제공하여 지속가능한 사회에 기여한다. 
⋅과학기술의 발달은 미래 사회의 모습과 직업에 영향을 미치며, 개인은 이러한 미래 사회의 모습과 새로운 진로를 탐색하며 자신의 삶을 준비한다.",4과16-01,"기후변화 현상의 예를 알고, 기후변화가 인간의 활동과 관련되어 있음을 토의할 수 있다.","다양한 기후변화 현상의 예를 알고, 기후변화에 영향을 주는 인간의 활동을 찾아 증거에 기반하여 토의할 수 있다.","기후변화 현상의 예를 알고, 기후변화와 인간의 활동 사이의 관계를 조사할 수 있다.",기후변화에 따른 현상을 찾아 말할 수 있다.,"[4과16-01] 기후변화의 과학적 원인은 다루지 않으며 기온, 강수량 등 기후요소가 평년값에 비해 현저히 높거나 낮은 사례(가뭄, 폭설, 폭염, 한파, 홍수 등)를 탐구하도록 한다.","• 초등학교 5∼6학년군 ‘날씨와 우리 생활’, 중학교 1∼3학년군 ‘날씨와 기후변화’, ‘재해⋅재난과 안전’과 연계된다.
• 기후라는 용어를 설명하는 데 중점을 두기보다는 기후변화의 사례를 주로 다룬다.
• 기후변화에 대응하는 방법은 기후변화로 인한 자연환경의 변화를 인간이 완화하는 방안, 혹은 변화에 적응하는 방안으로 생각해볼 수 있으나, 이를 구분하여 지도하지 않도록 한다.
• 기후변화가 우리 생활과 환경에 끼치는 영향을 학습하면서 지나친 불안감이나 무기력함을 느끼기보다는 기후위기를 해결하기 위한 진취적인 실천 의지를 다지도록 한다."
3~4,과학,과학과 사회,"⋅과학 탐구를 통해 얻은 과학기술은 질병의 발생 원인 규명과 예방법 마련 등 인류 복지에 기여하고, 인류가 처한 여러 가지 재난 상황 극복에 활용된다. 
⋅과학기술은 자원과 에너지 등의 효율적 이용 방안을 제공하여 지속가능한 사회에 기여한다. 
⋅과학기술의 발달은 미래 사회의 모습과 직업에 영향을 미치며, 개인은 이러한 미래 사회의 모습과 새로운 진로를 탐색하며 자신의 삶을 준비한다.",4과16-02,"기후변화의 심각성에 관심을 가지고, 기후변화가 우리 생활과 환경에 미치는 영향을 설명할 수 있다.","기후변화의 심각성에 관심을 가지고, 해수면 상승으로 인한 피해 모형실험을 통해 기후변화가 우리 생활과 환경에 미치는 영향을 설명할 수 있다.","기후변화에 관심을 가지고, 기후변화가 우리 생활과 환경에 미치는 영향을 해수면 상승과 관련지어 말할 수 있다.",해수면 상승이 기후변화와 관련이 있다는 것을 말할 수 있다.,"[4과16-02] 인간의 삶에 부정적인 영향을 미치는 기후변화 현상의 사례를 모형이나 실험 활동을 통해 알아보고, 이에 기반하여 기후변화로 인한 인간의 피해를 예측하고 설명할 수 있도록 한다.","• 초등학교 5∼6학년군 ‘날씨와 우리 생활’, 중학교 1∼3학년군 ‘날씨와 기후변화’, ‘재해⋅재난과 안전’과 연계된다.
• 기후라는 용어를 설명하는 데 중점을 두기보다는 기후변화의 사례를 주로 다룬다.
• 기후변화에 대응하는 방법은 기후변화로 인한 자연환경의 변화를 인간이 완화하는 방안, 혹은 변화에 적응하는 방안으로 생각해볼 수 있으나, 이를 구분하여 지도하지 않도록 한다.
• 기후변화가 우리 생활과 환경에 끼치는 영향을 학습하면서 지나친 불안감이나 무기력함을 느끼기보다는 기후위기를 해결하기 위한 진취적인 실천 의지를 다지도록 한다."
3~4,과학,과학과 사회,"⋅과학 탐구를 통해 얻은 과학기술은 질병의 발생 원인 규명과 예방법 마련 등 인류 복지에 기여하고, 인류가 처한 여러 가지 재난 상황 극복에 활용된다. 
⋅과학기술은 자원과 에너지 등의 효율적 이용 방안을 제공하여 지속가능한 사회에 기여한다. 
⋅과학기술의 발달은 미래 사회의 모습과 직업에 영향을 미치며, 개인은 이러한 미래 사회의 모습과 새로운 진로를 탐색하며 자신의 삶을 준비한다.",4과16-03,"기후변화 대응 방법을 조사하고, 생활 속에서 기후변화 대응 방법을 실천할 수 있다.","지속가능한 사회에 관심을 가지고, 기후변화 대응 방법을 조사하여 생활 속에서 대응 방법을 실천한다.","지속가능한 사회에 관심을 가지고, 생활 속에서 실천할 수 있는 기후변화 대응 방법을 조사할 수 있다.",생활 속에서 실천할 수 있는 기후변화 대응 방법을 조사할 수 있다.,,"• 초등학교 5∼6학년군 ‘날씨와 우리 생활’, 중학교 1∼3학년군 ‘날씨와 기후변화’, ‘재해⋅재난과 안전’과 연계된다.
• 기후라는 용어를 설명하는 데 중점을 두기보다는 기후변화의 사례를 주로 다룬다.
• 기후변화에 대응하는 방법은 기후변화로 인한 자연환경의 변화를 인간이 완화하는 방안, 혹은 변화에 적응하는 방안으로 생각해볼 수 있으나, 이를 구분하여 지도하지 않도록 한다.
• 기후변화가 우리 생활과 환경에 끼치는 영향을 학습하면서 지나친 불안감이나 무기력함을 느끼기보다는 기후위기를 해결하기 위한 진취적인 실천 의지를 다지도록 한다."
3~4,체육,운동,"⋅운동은 체력과 건강을 관리하는 주요 방법으로, 생애 전반에 걸쳐 건강한 삶의 토대가 된다.
⋅체력은 건강의 기초가 되며, 건강은 신체적 특성에 맞는 운동과 생활 습관을 계획하고 관리함으로써 증진된다.
⋅인간은 생활 속에서 운동을 즐기고, 심신의 건강을 유지하며, 행복한 삶을 영위한다.",4체01-01,운동과 체력의 의미를 이해하고 관계를 파악한다.,"운동이 신체 변화와 체력 증진에 미치는 영향을 명확하게 알고, 운동 전후의 다양한 신체 변화 및 체력 증진의 사례를 들어 구체적으로 설명할 수 있다.","운동이 신체 변화와 체력 증진에 미치는 영향을 대략적으로 알고, 운동 전후의 신체 변화 및 체력 증진 중 일부를 사례를 들어 설명할 수 있다.","운동이 신체 변화나 체력 증진에 미치는 영향을 대략적으로 알고, 운동 전후의 체력 변화 중 일부를 제시할 수 있다.",[4체01-01]은 운동이 신체 변화와 체력 증진에 미치는 영향을 이해하기 위해 설정하였다. 운동과 체력의 의미를 이해하고 운동 전후의 신체 및 체력의 변화와 특성을 파악하여 운동의 중요성을 인식하도록 한다.,"● 3~4학년군 운동 영역에서는 자신의 체력 수준에 맞는 운동을 하며 즐거움을 느끼고, 체력과 건강을 증진하면서 정서적, 사회적 건강을 유지할 수 있도록 운동과 일상생활에서의 건강 활동을 체험하도록 한다.
● 체력 운동에서는 학습자가 자신의 신체 특성과 수준을 고려한 운동 방법을 다양하게 탐색하고 실천하도록 운영한다. 단순한 흥미 위주의 활동을 지양하고 자신의 체력 수준을 점검하며 체력의 중요성을 인식할 수 있는 활동을 선정한다. 건강 활동에서는 학습자 스스로 생활 습관을 점검하면서 건강에 대해 적극적인 관심을 두고 올바른 생활 습관 실천 의지를 가질 수 있도록 운영한다. 이론 중심의 수업보다는 생활 속의 다양한 신체활동을 체험하면서 바람직한 생활 태도를 습관화할 수 있도록 활동을 구성한다. 
● 3~4학년군의 발달 특성, 학습자의 흥미와 신체활동 능력을 고려하여 수업을 운영한다. 체력 증진에 도움이 되는 다양한 기본 운동 방법을 흥미 있게 구성하여 운동에 관한 관심과 욕구를 가질 수 있도록 한다. 또한 건강한 생활 습관을 자기 주도적으로 실천할 수 있도록 일상생활에서 쉽게 실천할 수 있는 생활 방식을 활용하며, 더욱 생동감 있게 학습할 수 있도록 디지털 기기와 온라인 프로그램의 모의 상황 또는 가상현실 등 다양한 자료를 활용한다.
● 3~4학년군 운동 영역에서는 운동과 체력, 기본 운동 방법, 운동과 건강, 건강한 생활 습관에 관한 이해력, 체력과 건강을 효과적으로 관리하기 위한 운동 수행 능력, 일상생활에서 운동과 건강에 적극적인 관심을 갖고 실천할 수 있는 능력을 균형 있게 평가한다.
● 체력 운동에서 학습자의 체력 증진 수준을 평가할 때는 단순히 체력 측정 결과 중심으로 평가하기보다는 자신의 체력 증진을 위한 자기 주도적인 계획 수립과 실천, 관리의 과정을 전개했는지를 종합적으로 평가한다. 건강 활동에서는 운동에 기초하면서도 그 밖의 건강과 신체의 안전에 긍정적인 영향을 미칠 수 있는 다양한 건강 행동 및 생활 습관을 일상생활에서 실천하는지를 평가한다.
● 3~4학년군 운동 영역 지식에 관한 이해력은 운동과 건강 관련 기본 지식을 중심으로 평가하고, 운동 및 건강 활동 수행 능력과 태도는 건강과 신체의 안전에 영향을 미칠 수 있는 다양한 운동 및 건강 습관을 일상생활에서 꾸준하게 실천하는 과정과 결과를 보여주는 체크리스트, 개인일지, 운동 기능 검사 등을 활용하여 평가한다. 
● 3~4학년군 운동 영역에서는 범교과 학습 주제인 안전⋅건강 교육과 연계하여 학교와 일상생활에서 안전하고 건강한 생활의 기본 습관을 형성할 수 있도록 체험 중심의 교수⋅학습을 운영하고, 학습자의 변화 과정을 다양한 방법으로 평가한다."
3~4,체육,운동,"⋅운동은 체력과 건강을 관리하는 주요 방법으로, 생애 전반에 걸쳐 건강한 삶의 토대가 된다.
⋅체력은 건강의 기초가 되며, 건강은 신체적 특성에 맞는 운동과 생활 습관을 계획하고 관리함으로써 증진된다.
⋅인간은 생활 속에서 운동을 즐기고, 심신의 건강을 유지하며, 행복한 삶을 영위한다.",4체01-02,기본 체력운동의 방법과 절차를 익히며 자신의 수준에 맞는 운동을 시도한다.,"체력 증진을 위한 기본 운동 방법과 절차를 명확하게 알고 수행하며, 자신의 신체 특성과 체력 수준에 맞는 다양한 운동을 시도할 수 있다.","체력 증진을 위한 기본 운동 방법과 절차를 대략적으로 알고 수행하고, 자신의 신체 특성과 체력 수준에 맞는 운동을 시도할 수 있다.","체력 증진을 위한 기본 운동 방법을 대략적으로 알고 수행하고, 자신의 신체 특성이나 체력 수준에 맞는 운동을 부분적으로 시도할 수 있다.","[4체01-02]는 체력 증진을 위한 기본 운동 방법과 절차를 체험하며 자신의 신체 특성과 체력 수준에 맞게 운동하기 위해 설정하였다. 준비 운동, 본 운동, 정리 운동의 단계별 목적과 주안점을 파악하면서 운동 방법과 절차를 익히고, 자신의 신체 특성과 체력 수준에 적합한 운동을 선택하여 안전하게 시도하도록 한다.","● 3~4학년군 운동 영역에서는 자신의 체력 수준에 맞는 운동을 하며 즐거움을 느끼고, 체력과 건강을 증진하면서 정서적, 사회적 건강을 유지할 수 있도록 운동과 일상생활에서의 건강 활동을 체험하도록 한다.
● 체력 운동에서는 학습자가 자신의 신체 특성과 수준을 고려한 운동 방법을 다양하게 탐색하고 실천하도록 운영한다. 단순한 흥미 위주의 활동을 지양하고 자신의 체력 수준을 점검하며 체력의 중요성을 인식할 수 있는 활동을 선정한다. 건강 활동에서는 학습자 스스로 생활 습관을 점검하면서 건강에 대해 적극적인 관심을 두고 올바른 생활 습관 실천 의지를 가질 수 있도록 운영한다. 이론 중심의 수업보다는 생활 속의 다양한 신체활동을 체험하면서 바람직한 생활 태도를 습관화할 수 있도록 활동을 구성한다. 
● 3~4학년군의 발달 특성, 학습자의 흥미와 신체활동 능력을 고려하여 수업을 운영한다. 체력 증진에 도움이 되는 다양한 기본 운동 방법을 흥미 있게 구성하여 운동에 관한 관심과 욕구를 가질 수 있도록 한다. 또한 건강한 생활 습관을 자기 주도적으로 실천할 수 있도록 일상생활에서 쉽게 실천할 수 있는 생활 방식을 활용하며, 더욱 생동감 있게 학습할 수 있도록 디지털 기기와 온라인 프로그램의 모의 상황 또는 가상현실 등 다양한 자료를 활용한다.
● 3~4학년군 운동 영역에서는 운동과 체력, 기본 운동 방법, 운동과 건강, 건강한 생활 습관에 관한 이해력, 체력과 건강을 효과적으로 관리하기 위한 운동 수행 능력, 일상생활에서 운동과 건강에 적극적인 관심을 갖고 실천할 수 있는 능력을 균형 있게 평가한다.
● 체력 운동에서 학습자의 체력 증진 수준을 평가할 때는 단순히 체력 측정 결과 중심으로 평가하기보다는 자신의 체력 증진을 위한 자기 주도적인 계획 수립과 실천, 관리의 과정을 전개했는지를 종합적으로 평가한다. 건강 활동에서는 운동에 기초하면서도 그 밖의 건강과 신체의 안전에 긍정적인 영향을 미칠 수 있는 다양한 건강 행동 및 생활 습관을 일상생활에서 실천하는지를 평가한다.
● 3~4학년군 운동 영역 지식에 관한 이해력은 운동과 건강 관련 기본 지식을 중심으로 평가하고, 운동 및 건강 활동 수행 능력과 태도는 건강과 신체의 안전에 영향을 미칠 수 있는 다양한 운동 및 건강 습관을 일상생활에서 꾸준하게 실천하는 과정과 결과를 보여주는 체크리스트, 개인일지, 운동 기능 검사 등을 활용하여 평가한다. 
● 3~4학년군 운동 영역에서는 범교과 학습 주제인 안전⋅건강 교육과 연계하여 학교와 일상생활에서 안전하고 건강한 생활의 기본 습관을 형성할 수 있도록 체험 중심의 교수⋅학습을 운영하고, 학습자의 변화 과정을 다양한 방법으로 평가한다."
3~4,체육,운동,"⋅운동은 체력과 건강을 관리하는 주요 방법으로, 생애 전반에 걸쳐 건강한 삶의 토대가 된다.
⋅체력은 건강의 기초가 되며, 건강은 신체적 특성에 맞는 운동과 생활 습관을 계획하고 관리함으로써 증진된다.
⋅인간은 생활 속에서 운동을 즐기고, 심신의 건강을 유지하며, 행복한 삶을 영위한다.",4체01-03,운동과 건강의 의미를 이해하고 관계를 파악한다.,"건강의 의미와 운동이 건강을 유지ㆍ증진하는 데 미치는 영향을 명확하게 알고, 운동의 필요성을 다양한 사례를 들어 구체적으로 설명할 수 있다.","건강의 의미와 운동이 건강을 유지ㆍ증진하는 데 미치는 영향을 대략적으로 알고, 운동의 필요성 중 일부를 사례를 들어 설명할 수 있다.","운동이 건강에 미치는 영향을 대략적으로 알고, 운동의 필요성 중 일부를 제시할 수 있다.","[4체01-03]은 운동과 건강의 관계를 이해하기 위해 설정하였다. 건강의 의미와 운동이 건강을 유지, 증진하는 데 미치는 영향을 탐색하고 운동의 필요성을 파악하도록 한다.","● 3~4학년군 운동 영역에서는 자신의 체력 수준에 맞는 운동을 하며 즐거움을 느끼고, 체력과 건강을 증진하면서 정서적, 사회적 건강을 유지할 수 있도록 운동과 일상생활에서의 건강 활동을 체험하도록 한다.
● 체력 운동에서는 학습자가 자신의 신체 특성과 수준을 고려한 운동 방법을 다양하게 탐색하고 실천하도록 운영한다. 단순한 흥미 위주의 활동을 지양하고 자신의 체력 수준을 점검하며 체력의 중요성을 인식할 수 있는 활동을 선정한다. 건강 활동에서는 학습자 스스로 생활 습관을 점검하면서 건강에 대해 적극적인 관심을 두고 올바른 생활 습관 실천 의지를 가질 수 있도록 운영한다. 이론 중심의 수업보다는 생활 속의 다양한 신체활동을 체험하면서 바람직한 생활 태도를 습관화할 수 있도록 활동을 구성한다. 
● 3~4학년군의 발달 특성, 학습자의 흥미와 신체활동 능력을 고려하여 수업을 운영한다. 체력 증진에 도움이 되는 다양한 기본 운동 방법을 흥미 있게 구성하여 운동에 관한 관심과 욕구를 가질 수 있도록 한다. 또한 건강한 생활 습관을 자기 주도적으로 실천할 수 있도록 일상생활에서 쉽게 실천할 수 있는 생활 방식을 활용하며, 더욱 생동감 있게 학습할 수 있도록 디지털 기기와 온라인 프로그램의 모의 상황 또는 가상현실 등 다양한 자료를 활용한다.
● 3~4학년군 운동 영역에서는 운동과 체력, 기본 운동 방법, 운동과 건강, 건강한 생활 습관에 관한 이해력, 체력과 건강을 효과적으로 관리하기 위한 운동 수행 능력, 일상생활에서 운동과 건강에 적극적인 관심을 갖고 실천할 수 있는 능력을 균형 있게 평가한다.
● 체력 운동에서 학습자의 체력 증진 수준을 평가할 때는 단순히 체력 측정 결과 중심으로 평가하기보다는 자신의 체력 증진을 위한 자기 주도적인 계획 수립과 실천, 관리의 과정을 전개했는지를 종합적으로 평가한다. 건강 활동에서는 운동에 기초하면서도 그 밖의 건강과 신체의 안전에 긍정적인 영향을 미칠 수 있는 다양한 건강 행동 및 생활 습관을 일상생활에서 실천하는지를 평가한다.
● 3~4학년군 운동 영역 지식에 관한 이해력은 운동과 건강 관련 기본 지식을 중심으로 평가하고, 운동 및 건강 활동 수행 능력과 태도는 건강과 신체의 안전에 영향을 미칠 수 있는 다양한 운동 및 건강 습관을 일상생활에서 꾸준하게 실천하는 과정과 결과를 보여주는 체크리스트, 개인일지, 운동 기능 검사 등을 활용하여 평가한다. 
● 3~4학년군 운동 영역에서는 범교과 학습 주제인 안전⋅건강 교육과 연계하여 학교와 일상생활에서 안전하고 건강한 생활의 기본 습관을 형성할 수 있도록 체험 중심의 교수⋅학습을 운영하고, 학습자의 변화 과정을 다양한 방법으로 평가한다."
3~4,체육,운동,"⋅운동은 체력과 건강을 관리하는 주요 방법으로, 생애 전반에 걸쳐 건강한 삶의 토대가 된다.
⋅체력은 건강의 기초가 되며, 건강은 신체적 특성에 맞는 운동과 생활 습관을 계획하고 관리함으로써 증진된다.
⋅인간은 생활 속에서 운동을 즐기고, 심신의 건강을 유지하며, 행복한 삶을 영위한다.",4체01-04,건강을 위한 바른 생활 습관을 이해하고 생활 속에서 규칙적으로 실천한다.,"건강한 생활 습관의 필요성과 실천 방법을 명확하게 알고, 일상생활 전반에서 규칙적으로 실천할 수 있다.","건강한 생활 습관의 필요성과 실천 방법을 대략적으로 알고, 일상생활에서 일부 규칙적으로 실천할 수 있다.","건강한 생활 습관의 필요성을 대략적으로 알고, 일상생활에서 일부 실천할 수 있다.","[4체01-04]는 건강을 유지하는 바른 생활 습관을 이해하고 일상생활에서 적극적으로 실천하는 습관을 기르기 위해 설정하였다. 건강한 생활 습관이 신체적 건강뿐만 아니라 정신적, 사회적 건강에도 영향을 미친다는 점을 이해하고, 건강 증진을 위한 생활 태도와 행동을 가정, 학교, 지역사회에서 규칙적으로 실천하도록 한다.","● 3~4학년군 운동 영역에서는 자신의 체력 수준에 맞는 운동을 하며 즐거움을 느끼고, 체력과 건강을 증진하면서 정서적, 사회적 건강을 유지할 수 있도록 운동과 일상생활에서의 건강 활동을 체험하도록 한다.
● 체력 운동에서는 학습자가 자신의 신체 특성과 수준을 고려한 운동 방법을 다양하게 탐색하고 실천하도록 운영한다. 단순한 흥미 위주의 활동을 지양하고 자신의 체력 수준을 점검하며 체력의 중요성을 인식할 수 있는 활동을 선정한다. 건강 활동에서는 학습자 스스로 생활 습관을 점검하면서 건강에 대해 적극적인 관심을 두고 올바른 생활 습관 실천 의지를 가질 수 있도록 운영한다. 이론 중심의 수업보다는 생활 속의 다양한 신체활동을 체험하면서 바람직한 생활 태도를 습관화할 수 있도록 활동을 구성한다. 
● 3~4학년군의 발달 특성, 학습자의 흥미와 신체활동 능력을 고려하여 수업을 운영한다. 체력 증진에 도움이 되는 다양한 기본 운동 방법을 흥미 있게 구성하여 운동에 관한 관심과 욕구를 가질 수 있도록 한다. 또한 건강한 생활 습관을 자기 주도적으로 실천할 수 있도록 일상생활에서 쉽게 실천할 수 있는 생활 방식을 활용하며, 더욱 생동감 있게 학습할 수 있도록 디지털 기기와 온라인 프로그램의 모의 상황 또는 가상현실 등 다양한 자료를 활용한다.
● 3~4학년군 운동 영역에서는 운동과 체력, 기본 운동 방법, 운동과 건강, 건강한 생활 습관에 관한 이해력, 체력과 건강을 효과적으로 관리하기 위한 운동 수행 능력, 일상생활에서 운동과 건강에 적극적인 관심을 갖고 실천할 수 있는 능력을 균형 있게 평가한다.
● 체력 운동에서 학습자의 체력 증진 수준을 평가할 때는 단순히 체력 측정 결과 중심으로 평가하기보다는 자신의 체력 증진을 위한 자기 주도적인 계획 수립과 실천, 관리의 과정을 전개했는지를 종합적으로 평가한다. 건강 활동에서는 운동에 기초하면서도 그 밖의 건강과 신체의 안전에 긍정적인 영향을 미칠 수 있는 다양한 건강 행동 및 생활 습관을 일상생활에서 실천하는지를 평가한다.
● 3~4학년군 운동 영역 지식에 관한 이해력은 운동과 건강 관련 기본 지식을 중심으로 평가하고, 운동 및 건강 활동 수행 능력과 태도는 건강과 신체의 안전에 영향을 미칠 수 있는 다양한 운동 및 건강 습관을 일상생활에서 꾸준하게 실천하는 과정과 결과를 보여주는 체크리스트, 개인일지, 운동 기능 검사 등을 활용하여 평가한다. 
● 3~4학년군 운동 영역에서는 범교과 학습 주제인 안전⋅건강 교육과 연계하여 학교와 일상생활에서 안전하고 건강한 생활의 기본 습관을 형성할 수 있도록 체험 중심의 교수⋅학습을 운영하고, 학습자의 변화 과정을 다양한 방법으로 평가한다."
3~4,체육,운동,"⋅운동은 체력과 건강을 관리하는 주요 방법으로, 생애 전반에 걸쳐 건강한 삶의 토대가 된다.
⋅체력은 건강의 기초가 되며, 건강은 신체적 특성에 맞는 운동과 생활 습관을 계획하고 관리함으로써 증진된다.
⋅인간은 생활 속에서 운동을 즐기고, 심신의 건강을 유지하며, 행복한 삶을 영위한다.",4체01-05,자신의 신체적 특징을 긍정적으로 인식하고 운동 계획을 세워 안전하게 활동한다.,"자신의 체격ㆍ체형ㆍ체력적 특징 전반을 긍정적으로 인식하고, 이를 종합적으로 고려한 운동 계획을 구체적으로 세워 안전하게 활동할 수 있다.","자신의 체격ㆍ체형ㆍ체력적 특징 중 일부를 긍정적으로 인식하고, 이를 부분적으로 고려한 운동 계획을 세워 안전하게 활동할 수 있다.","자신의 체격ㆍ체형ㆍ체력적 특징 중 일부를 인식하고, 이를 부분적으로 고려한 운동 계획에 따라 안전하게 활동할 수 있다.","[4체01-05]는 기본 체력운동을 통해 자신에게 적합한 운동 계획을 세우고 실천하기 위해 설정하였다. 체격, 체형, 체력 등 개인마다 다른 신체 특성을 긍정적으로 인식하고 자신의 신체 특성에 맞는 운동을 안전하고 효과적으로 수행하도록 한다.","● 3~4학년군 운동 영역에서는 자신의 체력 수준에 맞는 운동을 하며 즐거움을 느끼고, 체력과 건강을 증진하면서 정서적, 사회적 건강을 유지할 수 있도록 운동과 일상생활에서의 건강 활동을 체험하도록 한다.
● 체력 운동에서는 학습자가 자신의 신체 특성과 수준을 고려한 운동 방법을 다양하게 탐색하고 실천하도록 운영한다. 단순한 흥미 위주의 활동을 지양하고 자신의 체력 수준을 점검하며 체력의 중요성을 인식할 수 있는 활동을 선정한다. 건강 활동에서는 학습자 스스로 생활 습관을 점검하면서 건강에 대해 적극적인 관심을 두고 올바른 생활 습관 실천 의지를 가질 수 있도록 운영한다. 이론 중심의 수업보다는 생활 속의 다양한 신체활동을 체험하면서 바람직한 생활 태도를 습관화할 수 있도록 활동을 구성한다. 
● 3~4학년군의 발달 특성, 학습자의 흥미와 신체활동 능력을 고려하여 수업을 운영한다. 체력 증진에 도움이 되는 다양한 기본 운동 방법을 흥미 있게 구성하여 운동에 관한 관심과 욕구를 가질 수 있도록 한다. 또한 건강한 생활 습관을 자기 주도적으로 실천할 수 있도록 일상생활에서 쉽게 실천할 수 있는 생활 방식을 활용하며, 더욱 생동감 있게 학습할 수 있도록 디지털 기기와 온라인 프로그램의 모의 상황 또는 가상현실 등 다양한 자료를 활용한다.
● 3~4학년군 운동 영역에서는 운동과 체력, 기본 운동 방법, 운동과 건강, 건강한 생활 습관에 관한 이해력, 체력과 건강을 효과적으로 관리하기 위한 운동 수행 능력, 일상생활에서 운동과 건강에 적극적인 관심을 갖고 실천할 수 있는 능력을 균형 있게 평가한다.
● 체력 운동에서 학습자의 체력 증진 수준을 평가할 때는 단순히 체력 측정 결과 중심으로 평가하기보다는 자신의 체력 증진을 위한 자기 주도적인 계획 수립과 실천, 관리의 과정을 전개했는지를 종합적으로 평가한다. 건강 활동에서는 운동에 기초하면서도 그 밖의 건강과 신체의 안전에 긍정적인 영향을 미칠 수 있는 다양한 건강 행동 및 생활 습관을 일상생활에서 실천하는지를 평가한다.
● 3~4학년군 운동 영역 지식에 관한 이해력은 운동과 건강 관련 기본 지식을 중심으로 평가하고, 운동 및 건강 활동 수행 능력과 태도는 건강과 신체의 안전에 영향을 미칠 수 있는 다양한 운동 및 건강 습관을 일상생활에서 꾸준하게 실천하는 과정과 결과를 보여주는 체크리스트, 개인일지, 운동 기능 검사 등을 활용하여 평가한다. 
● 3~4학년군 운동 영역에서는 범교과 학습 주제인 안전⋅건강 교육과 연계하여 학교와 일상생활에서 안전하고 건강한 생활의 기본 습관을 형성할 수 있도록 체험 중심의 교수⋅학습을 운영하고, 학습자의 변화 과정을 다양한 방법으로 평가한다."
3~4,체육,운동,"⋅운동은 체력과 건강을 관리하는 주요 방법으로, 생애 전반에 걸쳐 건강한 삶의 토대가 된다.
⋅체력은 건강의 기초가 되며, 건강은 신체적 특성에 맞는 운동과 생활 습관을 계획하고 관리함으로써 증진된다.
⋅인간은 생활 속에서 운동을 즐기고, 심신의 건강을 유지하며, 행복한 삶을 영위한다.",4체01-06,운동과 건강한 생활 습관 형성에 관심을 갖고 적극적으로 실천한다.,운동과 건강한 생활 습관 형성에 꾸준히 관심을 갖고 일상생활 전반에서 적극적으로 실천할 수 있다.,운동과 건강한 생활 습관 형성에 꾸준히 관심을 갖고 일상생활에서 일부 실천할 수 있다.,운동과 건강한 생활 습관 형성에 간헐적으로 관심을 갖고 일상생활에서 일부 실천할 수 있다.,"[4체01-06]은 운동을 통한 건강한 생활 습관 형성의 의지를 기르기 위해 설정하였다. 자신의 운동 및 생활 습관을 점검해 보고, 건강 유지, 증진의 저해 요인을 삼가며, 적절한 운동과 바람직한 생활 태도에 관심을 갖고 적극적으로 실천할 수 있는 의지를 갖도록 한다.","● 3~4학년군 운동 영역에서는 자신의 체력 수준에 맞는 운동을 하며 즐거움을 느끼고, 체력과 건강을 증진하면서 정서적, 사회적 건강을 유지할 수 있도록 운동과 일상생활에서의 건강 활동을 체험하도록 한다.
● 체력 운동에서는 학습자가 자신의 신체 특성과 수준을 고려한 운동 방법을 다양하게 탐색하고 실천하도록 운영한다. 단순한 흥미 위주의 활동을 지양하고 자신의 체력 수준을 점검하며 체력의 중요성을 인식할 수 있는 활동을 선정한다. 건강 활동에서는 학습자 스스로 생활 습관을 점검하면서 건강에 대해 적극적인 관심을 두고 올바른 생활 습관 실천 의지를 가질 수 있도록 운영한다. 이론 중심의 수업보다는 생활 속의 다양한 신체활동을 체험하면서 바람직한 생활 태도를 습관화할 수 있도록 활동을 구성한다. 
● 3~4학년군의 발달 특성, 학습자의 흥미와 신체활동 능력을 고려하여 수업을 운영한다. 체력 증진에 도움이 되는 다양한 기본 운동 방법을 흥미 있게 구성하여 운동에 관한 관심과 욕구를 가질 수 있도록 한다. 또한 건강한 생활 습관을 자기 주도적으로 실천할 수 있도록 일상생활에서 쉽게 실천할 수 있는 생활 방식을 활용하며, 더욱 생동감 있게 학습할 수 있도록 디지털 기기와 온라인 프로그램의 모의 상황 또는 가상현실 등 다양한 자료를 활용한다.
● 3~4학년군 운동 영역에서는 운동과 체력, 기본 운동 방법, 운동과 건강, 건강한 생활 습관에 관한 이해력, 체력과 건강을 효과적으로 관리하기 위한 운동 수행 능력, 일상생활에서 운동과 건강에 적극적인 관심을 갖고 실천할 수 있는 능력을 균형 있게 평가한다.
● 체력 운동에서 학습자의 체력 증진 수준을 평가할 때는 단순히 체력 측정 결과 중심으로 평가하기보다는 자신의 체력 증진을 위한 자기 주도적인 계획 수립과 실천, 관리의 과정을 전개했는지를 종합적으로 평가한다. 건강 활동에서는 운동에 기초하면서도 그 밖의 건강과 신체의 안전에 긍정적인 영향을 미칠 수 있는 다양한 건강 행동 및 생활 습관을 일상생활에서 실천하는지를 평가한다.
● 3~4학년군 운동 영역 지식에 관한 이해력은 운동과 건강 관련 기본 지식을 중심으로 평가하고, 운동 및 건강 활동 수행 능력과 태도는 건강과 신체의 안전에 영향을 미칠 수 있는 다양한 운동 및 건강 습관을 일상생활에서 꾸준하게 실천하는 과정과 결과를 보여주는 체크리스트, 개인일지, 운동 기능 검사 등을 활용하여 평가한다. 
● 3~4학년군 운동 영역에서는 범교과 학습 주제인 안전⋅건강 교육과 연계하여 학교와 일상생활에서 안전하고 건강한 생활의 기본 습관을 형성할 수 있도록 체험 중심의 교수⋅학습을 운영하고, 학습자의 변화 과정을 다양한 방법으로 평가한다."
3~4,체육,스포츠,"⋅스포츠는 인간이 제도화된 규범과 움직임 기술을 바탕으로 타인 및 주변 세계와 소통하며 바람직한 구성원으로 성장하는 데 이바지한다. 
⋅스포츠는 인간이 환경과 상호작용하고 다양한 기술과 창의적인 전략을 발휘하며 한계를 극복하는 과정에서 발달한다. 
⋅인간은 스포츠를 다양한 방식으로 체험함으로써 움직임의 즐거움을 느끼고 활동적인 삶의 태도를 배운다.",4체02-01,스포츠의 의미와 유형을 파악한다.,"스포츠의 의미와 유형을 명확하게 알고, 기술형ㆍ전략형ㆍ생태형 스포츠의 특성을 예를 들어 구체적으로 설명할 수 있다.","스포츠의 의미와 유형을 대략적으로 알고, 기술형ㆍ전략형ㆍ생태형 스포츠의 특성을 설명할 수 있다.","스포츠의 의미를 대략적으로 알고, 기술형ㆍ전략형ㆍ생태형 스포츠의 종류를 구별할 수 있다.","[4체02-01]은 스포츠의 의미와 유형을 이해하기 위해 설정하였다. 일정한 규칙과 방법에 따라 경기 기술을 수행하고 환경과의 상호작용을 통해 발달한 스포츠의 개념과 기술형, 전략형, 생태형 스포츠의 유형별 특성을 이해하도록 한다.","● 3~4학년군 스포츠 영역에서는 스포츠의 개념을 이해하고 다양한 유형의 스포츠 활동을 수행하는데 요구되는 기본 움직임과 복합적인 움직임을 탐색하고 간단한 게임 상황에서 시도하도록 한다. 특히 3~4학년군 스포츠 영역은 움직임의 체계적 발달을 위한 입문 단계로서 이동 움직임, 비이동 움직임, 조작 움직임 기술을 신체, 노력, 공간, 관계와 연결한 다양한 복합 움직임 기술의 수행 능력을 기를 수 있도록 충분한 학습 기회를 제공한다.
● 스포츠 유형별 기본 기능과 관련된 기본 움직임 기술을 습득하기 위해 신체, 노력, 공간, 관계의 변화에 따라 다양한 기술을 단계적으로 향상할 수 있는 학습 활동을 선정하고 조직한다. 스포츠 유형에 적합한 기본 움직임 기술과 복합적인 움직임 기술을 연결하여 간단한 게임 상황에서 시도하고 익힐 수 있도록 활동을 구성한다. 기본 움직임 기술을 수행할 기회를 충분히 제공하며, 스포츠 경기 방법 자체보다 기본 움직임의 수행 능력을 충실하게 습득할 수 있도록 운영한다.
● 3~4학년군 스포츠 영역에서는 스포츠 수행에 필요한 다양한 기본 움직임 기술을 탐색하고 간단한 활동 상황에서 기본 움직임 기술을 시도하고 습득하는 것을 평가한다. 다양한 기본 움직임 기술의 정확하고 효과적인 수행 능력 습득에 평가의 초점을 맞추고, 이를 활용한 움직임 기술의 연결 능력과 스포츠 유형별 기본 기능에 적합한 복합 움직임 기술의 수행 능력을 평가한다.
● 기본 움직임 기술을 움직임의 요소에 따라 실제로 다양하게 수행할 수 있는지를 평가하도록 한다. 일회성 평가를 지양하고 간단한 게임 상황에서 각각의 움직임 기술을 상황에 맞게 수행할 수 있는지를 평가한다. 이를 위해 움직임 기술 수행 능력 평가, 체크리스트, 자기 평가 등의 다양한 평가 방법을 학습 상황에 맞게 활용한다. 
● 3~4학년군 스포츠 영역의 지식에 관한 이해력은 스포츠의 의미와 유형에 관한 이해를 간단한 질의응답이나 평가지를 통해 확인할 수 있으며, 스포츠 관련 움직임 수행 능력은 기본 움직임 기능 및 복합 움직임 기능을 조작적 상황 또는 게임 상황에서 평가할 수 있다. 가치⋅태도의 실천 능력은 지속적인 태도 변화를 관찰하거나 체크리스트, 성찰 일지, 관찰 등의 평가 방법과 함께 수업 상황에서의 실천 여부를 중심으로 평가한다. 
● 3~4학년군 스포츠 영역에서는 다양한 기본 움직임을 탐색하고 습득하는 과정을 통해 개인별 특성을 존중하고, 상호 존중 및 공동체 의식을 함양할 수 있도록 교수⋅학습을 계획하고 평가한다."
3~4,체육,스포츠,"⋅스포츠는 인간이 제도화된 규범과 움직임 기술을 바탕으로 타인 및 주변 세계와 소통하며 바람직한 구성원으로 성장하는 데 이바지한다. 
⋅스포츠는 인간이 환경과 상호작용하고 다양한 기술과 창의적인 전략을 발휘하며 한계를 극복하는 과정에서 발달한다. 
⋅인간은 스포츠를 다양한 방식으로 체험함으로써 움직임의 즐거움을 느끼고 활동적인 삶의 태도를 배운다.",4체02-02,기본 움직임 기술의 의미와 종류를 이해하고 스포츠와의 관계를 파악한다.,"이동ㆍ비이동ㆍ조작 움직임 기술의 종류와 각각의 의미를 명확하게 알고, 다양한 스포츠에서 활용되는 여러 가지 기본 움직임 기술을 예를 들어 구체적으로 설명할 수 있다.","이동ㆍ비이동ㆍ조작 움직임 기술의 종류와 각각의 의미를 대략적으로 알고, 스포츠에서 활용되는 기본 움직임 기술을 설명할 수 있다.","이동ㆍ비이동ㆍ조작 움직임 기술의 종류를 대략적으로 알고, 스포츠에서 활용되는 일부 기본 움직임 기술을 제시할 수 있다.","[4체02-02]는 기본 움직임 기술의 의미, 종류(이동 움직임, 비이동 움직임, 조작 움직임)와 특성을 파악하기 위해 설정하였다. 기본 움직임 기술의 종류를 다양하게 탐색하면서 스포츠 활동에 기초가 되는 기본 움직임 기술의 특성과 스포츠 활동 수행과의 관계를 파악하도록 한다.","● 3~4학년군 스포츠 영역에서는 스포츠의 개념을 이해하고 다양한 유형의 스포츠 활동을 수행하는데 요구되는 기본 움직임과 복합적인 움직임을 탐색하고 간단한 게임 상황에서 시도하도록 한다. 특히 3~4학년군 스포츠 영역은 움직임의 체계적 발달을 위한 입문 단계로서 이동 움직임, 비이동 움직임, 조작 움직임 기술을 신체, 노력, 공간, 관계와 연결한 다양한 복합 움직임 기술의 수행 능력을 기를 수 있도록 충분한 학습 기회를 제공한다.
● 스포츠 유형별 기본 기능과 관련된 기본 움직임 기술을 습득하기 위해 신체, 노력, 공간, 관계의 변화에 따라 다양한 기술을 단계적으로 향상할 수 있는 학습 활동을 선정하고 조직한다. 스포츠 유형에 적합한 기본 움직임 기술과 복합적인 움직임 기술을 연결하여 간단한 게임 상황에서 시도하고 익힐 수 있도록 활동을 구성한다. 기본 움직임 기술을 수행할 기회를 충분히 제공하며, 스포츠 경기 방법 자체보다 기본 움직임의 수행 능력을 충실하게 습득할 수 있도록 운영한다.
● 3~4학년군 스포츠 영역에서는 스포츠 수행에 필요한 다양한 기본 움직임 기술을 탐색하고 간단한 활동 상황에서 기본 움직임 기술을 시도하고 습득하는 것을 평가한다. 다양한 기본 움직임 기술의 정확하고 효과적인 수행 능력 습득에 평가의 초점을 맞추고, 이를 활용한 움직임 기술의 연결 능력과 스포츠 유형별 기본 기능에 적합한 복합 움직임 기술의 수행 능력을 평가한다.
● 기본 움직임 기술을 움직임의 요소에 따라 실제로 다양하게 수행할 수 있는지를 평가하도록 한다. 일회성 평가를 지양하고 간단한 게임 상황에서 각각의 움직임 기술을 상황에 맞게 수행할 수 있는지를 평가한다. 이를 위해 움직임 기술 수행 능력 평가, 체크리스트, 자기 평가 등의 다양한 평가 방법을 학습 상황에 맞게 활용한다. 
● 3~4학년군 스포츠 영역의 지식에 관한 이해력은 스포츠의 의미와 유형에 관한 이해를 간단한 질의응답이나 평가지를 통해 확인할 수 있으며, 스포츠 관련 움직임 수행 능력은 기본 움직임 기능 및 복합 움직임 기능을 조작적 상황 또는 게임 상황에서 평가할 수 있다. 가치⋅태도의 실천 능력은 지속적인 태도 변화를 관찰하거나 체크리스트, 성찰 일지, 관찰 등의 평가 방법과 함께 수업 상황에서의 실천 여부를 중심으로 평가한다. 
● 3~4학년군 스포츠 영역에서는 다양한 기본 움직임을 탐색하고 습득하는 과정을 통해 개인별 특성을 존중하고, 상호 존중 및 공동체 의식을 함양할 수 있도록 교수⋅학습을 계획하고 평가한다."
3~4,체육,스포츠,"⋅스포츠는 인간이 제도화된 규범과 움직임 기술을 바탕으로 타인 및 주변 세계와 소통하며 바람직한 구성원으로 성장하는 데 이바지한다. 
⋅스포츠는 인간이 환경과 상호작용하고 다양한 기술과 창의적인 전략을 발휘하며 한계를 극복하는 과정에서 발달한다. 
⋅인간은 스포츠를 다양한 방식으로 체험함으로써 움직임의 즐거움을 느끼고 활동적인 삶의 태도를 배운다.",4체02-03,움직임 요소에 따른 기본 움직임 기술의 수행 방법을 파악하고 시도한다.,신체ㆍ노력ㆍ공간ㆍ관계 요소를 전반적으로 고려한 여러 가지 기본 움직임 기술의 수행 방법을 명확히 파악하고 다양한 상황에서 시도할 수 있다.,신체ㆍ노력ㆍ공간ㆍ관계 요소를 전반적으로 고려한 여러 가지 기본 움직임 기술의 수행 방법을 대략적으로 파악하고 시도할 수 있다.,신체ㆍ노력ㆍ공간ㆍ관계 중 일부 요소를 고려한 기본 움직임 기술의 수행 방법을 대략적으로 파악하고 부분적으로 시도할 수 있다.,"[4체02-03]은 움직임 요소의 의미를 이해하고, 기본 움직임 기술을 다양한 상황에서 시도하기 위해 설정하였다. 이동 움직임, 비이동 움직임, 조작 움직임 기술을 단계적으로 익히고, 움직임 요소(신체, 노력, 공간, 관계)에 변화를 주어 안전하고 효과적으로 기본 움직임 기술을 수행하도록 한다.","● 3~4학년군 스포츠 영역에서는 스포츠의 개념을 이해하고 다양한 유형의 스포츠 활동을 수행하는데 요구되는 기본 움직임과 복합적인 움직임을 탐색하고 간단한 게임 상황에서 시도하도록 한다. 특히 3~4학년군 스포츠 영역은 움직임의 체계적 발달을 위한 입문 단계로서 이동 움직임, 비이동 움직임, 조작 움직임 기술을 신체, 노력, 공간, 관계와 연결한 다양한 복합 움직임 기술의 수행 능력을 기를 수 있도록 충분한 학습 기회를 제공한다.
● 스포츠 유형별 기본 기능과 관련된 기본 움직임 기술을 습득하기 위해 신체, 노력, 공간, 관계의 변화에 따라 다양한 기술을 단계적으로 향상할 수 있는 학습 활동을 선정하고 조직한다. 스포츠 유형에 적합한 기본 움직임 기술과 복합적인 움직임 기술을 연결하여 간단한 게임 상황에서 시도하고 익힐 수 있도록 활동을 구성한다. 기본 움직임 기술을 수행할 기회를 충분히 제공하며, 스포츠 경기 방법 자체보다 기본 움직임의 수행 능력을 충실하게 습득할 수 있도록 운영한다.
● 3~4학년군 스포츠 영역에서는 스포츠 수행에 필요한 다양한 기본 움직임 기술을 탐색하고 간단한 활동 상황에서 기본 움직임 기술을 시도하고 습득하는 것을 평가한다. 다양한 기본 움직임 기술의 정확하고 효과적인 수행 능력 습득에 평가의 초점을 맞추고, 이를 활용한 움직임 기술의 연결 능력과 스포츠 유형별 기본 기능에 적합한 복합 움직임 기술의 수행 능력을 평가한다.
● 기본 움직임 기술을 움직임의 요소에 따라 실제로 다양하게 수행할 수 있는지를 평가하도록 한다. 일회성 평가를 지양하고 간단한 게임 상황에서 각각의 움직임 기술을 상황에 맞게 수행할 수 있는지를 평가한다. 이를 위해 움직임 기술 수행 능력 평가, 체크리스트, 자기 평가 등의 다양한 평가 방법을 학습 상황에 맞게 활용한다. 
● 3~4학년군 스포츠 영역의 지식에 관한 이해력은 스포츠의 의미와 유형에 관한 이해를 간단한 질의응답이나 평가지를 통해 확인할 수 있으며, 스포츠 관련 움직임 수행 능력은 기본 움직임 기능 및 복합 움직임 기능을 조작적 상황 또는 게임 상황에서 평가할 수 있다. 가치⋅태도의 실천 능력은 지속적인 태도 변화를 관찰하거나 체크리스트, 성찰 일지, 관찰 등의 평가 방법과 함께 수업 상황에서의 실천 여부를 중심으로 평가한다. 
● 3~4학년군 스포츠 영역에서는 다양한 기본 움직임을 탐색하고 습득하는 과정을 통해 개인별 특성을 존중하고, 상호 존중 및 공동체 의식을 함양할 수 있도록 교수⋅학습을 계획하고 평가한다."
3~4,체육,스포츠,"⋅스포츠는 인간이 제도화된 규범과 움직임 기술을 바탕으로 타인 및 주변 세계와 소통하며 바람직한 구성원으로 성장하는 데 이바지한다. 
⋅스포츠는 인간이 환경과 상호작용하고 다양한 기술과 창의적인 전략을 발휘하며 한계를 극복하는 과정에서 발달한다. 
⋅인간은 스포츠를 다양한 방식으로 체험함으로써 움직임의 즐거움을 느끼고 활동적인 삶의 태도를 배운다.",4체02-04,기본 움직임 기술을 연결한 복합적인 움직임 기술을 파악하고 시도한다.,기본 움직임을 연결한 여러 가지 복합적인 움직임 기술을 명확히 파악하고 다양한 게임 상황에서 시도할 수 있다.,기본 움직임을 연결한 여러 가지 복합적인 움직임 기술을 대략적으로 파악하고 게임 상황에서 시도할 수 있다.,기본 움직임을 연결한 일부 움직임 기술을 대략적으로 파악하고 게임 상황에서 부분적으로 시도할 수 있다.,"[4체02-04]는 기본 움직임 기술을 연결하여 다양하고 복합적인 움직임 기술을 수행하기 위해 설정하였다. 움직임 기술의 종류별(이동 움직임 기술 내 호핑과 스키핑의 연결 등), 종류 간(조작 움직임 기술의 치기와 이동 움직임 기술의 달리기의 연결 등)에 기본 움직임을 다양한 방식으로 연결하여 기본 움직임보다 심화된 복합적인 움직임 기술을 익히고, 간단한 게임 상황에서 시도하도록 한다.","● 3~4학년군 스포츠 영역에서는 스포츠의 개념을 이해하고 다양한 유형의 스포츠 활동을 수행하는데 요구되는 기본 움직임과 복합적인 움직임을 탐색하고 간단한 게임 상황에서 시도하도록 한다. 특히 3~4학년군 스포츠 영역은 움직임의 체계적 발달을 위한 입문 단계로서 이동 움직임, 비이동 움직임, 조작 움직임 기술을 신체, 노력, 공간, 관계와 연결한 다양한 복합 움직임 기술의 수행 능력을 기를 수 있도록 충분한 학습 기회를 제공한다.
● 스포츠 유형별 기본 기능과 관련된 기본 움직임 기술을 습득하기 위해 신체, 노력, 공간, 관계의 변화에 따라 다양한 기술을 단계적으로 향상할 수 있는 학습 활동을 선정하고 조직한다. 스포츠 유형에 적합한 기본 움직임 기술과 복합적인 움직임 기술을 연결하여 간단한 게임 상황에서 시도하고 익힐 수 있도록 활동을 구성한다. 기본 움직임 기술을 수행할 기회를 충분히 제공하며, 스포츠 경기 방법 자체보다 기본 움직임의 수행 능력을 충실하게 습득할 수 있도록 운영한다.
● 3~4학년군 스포츠 영역에서는 스포츠 수행에 필요한 다양한 기본 움직임 기술을 탐색하고 간단한 활동 상황에서 기본 움직임 기술을 시도하고 습득하는 것을 평가한다. 다양한 기본 움직임 기술의 정확하고 효과적인 수행 능력 습득에 평가의 초점을 맞추고, 이를 활용한 움직임 기술의 연결 능력과 스포츠 유형별 기본 기능에 적합한 복합 움직임 기술의 수행 능력을 평가한다.
● 기본 움직임 기술을 움직임의 요소에 따라 실제로 다양하게 수행할 수 있는지를 평가하도록 한다. 일회성 평가를 지양하고 간단한 게임 상황에서 각각의 움직임 기술을 상황에 맞게 수행할 수 있는지를 평가한다. 이를 위해 움직임 기술 수행 능력 평가, 체크리스트, 자기 평가 등의 다양한 평가 방법을 학습 상황에 맞게 활용한다. 
● 3~4학년군 스포츠 영역의 지식에 관한 이해력은 스포츠의 의미와 유형에 관한 이해를 간단한 질의응답이나 평가지를 통해 확인할 수 있으며, 스포츠 관련 움직임 수행 능력은 기본 움직임 기능 및 복합 움직임 기능을 조작적 상황 또는 게임 상황에서 평가할 수 있다. 가치⋅태도의 실천 능력은 지속적인 태도 변화를 관찰하거나 체크리스트, 성찰 일지, 관찰 등의 평가 방법과 함께 수업 상황에서의 실천 여부를 중심으로 평가한다. 
● 3~4학년군 스포츠 영역에서는 다양한 기본 움직임을 탐색하고 습득하는 과정을 통해 개인별 특성을 존중하고, 상호 존중 및 공동체 의식을 함양할 수 있도록 교수⋅학습을 계획하고 평가한다."
3~4,체육,스포츠,"⋅스포츠는 인간이 제도화된 규범과 움직임 기술을 바탕으로 타인 및 주변 세계와 소통하며 바람직한 구성원으로 성장하는 데 이바지한다. 
⋅스포츠는 인간이 환경과 상호작용하고 다양한 기술과 창의적인 전략을 발휘하며 한계를 극복하는 과정에서 발달한다. 
⋅인간은 스포츠를 다양한 방식으로 체험함으로써 움직임의 즐거움을 느끼고 활동적인 삶의 태도를 배운다.",4체02-05,기술형 스포츠에 적합한 기본 움직임 기술을 파악하고 시도한다.,기술형 스포츠에 적합한 여러 가지 기본 움직임 기술을 구체적으로 파악하고 다양한 게임 상황에서 시도할 수 있다.,기술형 스포츠에 적합한 여러 가지 기본 움직임 기술을 대략적으로 파악하고 게임 상황에서 시도할 수 있다.,기술형 스포츠에 적합한 일부 기본 움직임 기술을 대략적으로 파악하고 게임 상황에서 부분적으로 시도할 수 있다.,"[4체02-05]는 기술형 스포츠 유형에 적합한 움직임 기술을 탐색하고 수행하기 위해 설정하였다. 움직임 기술의 수월성을 겨루는 기술형 스포츠 활동에서 활용되는 다양한 기능과 관련된 움직임 기술의 효과적 수행 방법(앞뒤 구르기, 옆돌기, 전력 달리기, 헤엄치기, 발차기 등)을 익히고, 간단한 게임 상황에서 시도하도록 한다.","● 3~4학년군 스포츠 영역에서는 스포츠의 개념을 이해하고 다양한 유형의 스포츠 활동을 수행하는데 요구되는 기본 움직임과 복합적인 움직임을 탐색하고 간단한 게임 상황에서 시도하도록 한다. 특히 3~4학년군 스포츠 영역은 움직임의 체계적 발달을 위한 입문 단계로서 이동 움직임, 비이동 움직임, 조작 움직임 기술을 신체, 노력, 공간, 관계와 연결한 다양한 복합 움직임 기술의 수행 능력을 기를 수 있도록 충분한 학습 기회를 제공한다.
● 스포츠 유형별 기본 기능과 관련된 기본 움직임 기술을 습득하기 위해 신체, 노력, 공간, 관계의 변화에 따라 다양한 기술을 단계적으로 향상할 수 있는 학습 활동을 선정하고 조직한다. 스포츠 유형에 적합한 기본 움직임 기술과 복합적인 움직임 기술을 연결하여 간단한 게임 상황에서 시도하고 익힐 수 있도록 활동을 구성한다. 기본 움직임 기술을 수행할 기회를 충분히 제공하며, 스포츠 경기 방법 자체보다 기본 움직임의 수행 능력을 충실하게 습득할 수 있도록 운영한다.
● 3~4학년군 스포츠 영역에서는 스포츠 수행에 필요한 다양한 기본 움직임 기술을 탐색하고 간단한 활동 상황에서 기본 움직임 기술을 시도하고 습득하는 것을 평가한다. 다양한 기본 움직임 기술의 정확하고 효과적인 수행 능력 습득에 평가의 초점을 맞추고, 이를 활용한 움직임 기술의 연결 능력과 스포츠 유형별 기본 기능에 적합한 복합 움직임 기술의 수행 능력을 평가한다.
● 기본 움직임 기술을 움직임의 요소에 따라 실제로 다양하게 수행할 수 있는지를 평가하도록 한다. 일회성 평가를 지양하고 간단한 게임 상황에서 각각의 움직임 기술을 상황에 맞게 수행할 수 있는지를 평가한다. 이를 위해 움직임 기술 수행 능력 평가, 체크리스트, 자기 평가 등의 다양한 평가 방법을 학습 상황에 맞게 활용한다. 
● 3~4학년군 스포츠 영역의 지식에 관한 이해력은 스포츠의 의미와 유형에 관한 이해를 간단한 질의응답이나 평가지를 통해 확인할 수 있으며, 스포츠 관련 움직임 수행 능력은 기본 움직임 기능 및 복합 움직임 기능을 조작적 상황 또는 게임 상황에서 평가할 수 있다. 가치⋅태도의 실천 능력은 지속적인 태도 변화를 관찰하거나 체크리스트, 성찰 일지, 관찰 등의 평가 방법과 함께 수업 상황에서의 실천 여부를 중심으로 평가한다. 
● 3~4학년군 스포츠 영역에서는 다양한 기본 움직임을 탐색하고 습득하는 과정을 통해 개인별 특성을 존중하고, 상호 존중 및 공동체 의식을 함양할 수 있도록 교수⋅학습을 계획하고 평가한다."
3~4,체육,스포츠,"⋅스포츠는 인간이 제도화된 규범과 움직임 기술을 바탕으로 타인 및 주변 세계와 소통하며 바람직한 구성원으로 성장하는 데 이바지한다. 
⋅스포츠는 인간이 환경과 상호작용하고 다양한 기술과 창의적인 전략을 발휘하며 한계를 극복하는 과정에서 발달한다. 
⋅인간은 스포츠를 다양한 방식으로 체험함으로써 움직임의 즐거움을 느끼고 활동적인 삶의 태도를 배운다.",4체02-06,전략형 스포츠에 적합한 기본 움직임 기술을 파악하고 시도한다.,전략형 스포츠에 적합한 여러 가지 기본 움직임 기술을 구체적으로 파악하고 다양한 게임 상황에서 기본적인 전략을 세워 시도할 수 있다.,전략형 스포츠에 적합한 여러 가지 기본 움직임 기술을 대략적으로 파악하고 게임 상황에서 시도할 수 있다.,전략형 스포츠에 적합한 일부 기본 움직임 기술을 대략적으로 파악하고 게임 상황에서 부분적으로 시도할 수 있다.,"[4체02-06]은 전략형 스포츠 유형에 적합한 움직임 기술을 탐색하고 수행하기 위해 설정하였다. 움직임 기술과 전략에 따라 승패가 결정되는 전략형 스포츠 활동의 다양한 기능과 관련된 움직임 기술의 효과적 수행 방법(공던지기와 잡기, 공몰기, 공차기와 멈추기, 공치기와 받기, 라켓으로 치기 등)을 익히고, 기본적인 전략을 세워 간단한 게임 상황에서 시도하도록 한다.","● 3~4학년군 스포츠 영역에서는 스포츠의 개념을 이해하고 다양한 유형의 스포츠 활동을 수행하는데 요구되는 기본 움직임과 복합적인 움직임을 탐색하고 간단한 게임 상황에서 시도하도록 한다. 특히 3~4학년군 스포츠 영역은 움직임의 체계적 발달을 위한 입문 단계로서 이동 움직임, 비이동 움직임, 조작 움직임 기술을 신체, 노력, 공간, 관계와 연결한 다양한 복합 움직임 기술의 수행 능력을 기를 수 있도록 충분한 학습 기회를 제공한다.
● 스포츠 유형별 기본 기능과 관련된 기본 움직임 기술을 습득하기 위해 신체, 노력, 공간, 관계의 변화에 따라 다양한 기술을 단계적으로 향상할 수 있는 학습 활동을 선정하고 조직한다. 스포츠 유형에 적합한 기본 움직임 기술과 복합적인 움직임 기술을 연결하여 간단한 게임 상황에서 시도하고 익힐 수 있도록 활동을 구성한다. 기본 움직임 기술을 수행할 기회를 충분히 제공하며, 스포츠 경기 방법 자체보다 기본 움직임의 수행 능력을 충실하게 습득할 수 있도록 운영한다.
● 3~4학년군 스포츠 영역에서는 스포츠 수행에 필요한 다양한 기본 움직임 기술을 탐색하고 간단한 활동 상황에서 기본 움직임 기술을 시도하고 습득하는 것을 평가한다. 다양한 기본 움직임 기술의 정확하고 효과적인 수행 능력 습득에 평가의 초점을 맞추고, 이를 활용한 움직임 기술의 연결 능력과 스포츠 유형별 기본 기능에 적합한 복합 움직임 기술의 수행 능력을 평가한다.
● 기본 움직임 기술을 움직임의 요소에 따라 실제로 다양하게 수행할 수 있는지를 평가하도록 한다. 일회성 평가를 지양하고 간단한 게임 상황에서 각각의 움직임 기술을 상황에 맞게 수행할 수 있는지를 평가한다. 이를 위해 움직임 기술 수행 능력 평가, 체크리스트, 자기 평가 등의 다양한 평가 방법을 학습 상황에 맞게 활용한다. 
● 3~4학년군 스포츠 영역의 지식에 관한 이해력은 스포츠의 의미와 유형에 관한 이해를 간단한 질의응답이나 평가지를 통해 확인할 수 있으며, 스포츠 관련 움직임 수행 능력은 기본 움직임 기능 및 복합 움직임 기능을 조작적 상황 또는 게임 상황에서 평가할 수 있다. 가치⋅태도의 실천 능력은 지속적인 태도 변화를 관찰하거나 체크리스트, 성찰 일지, 관찰 등의 평가 방법과 함께 수업 상황에서의 실천 여부를 중심으로 평가한다. 
● 3~4학년군 스포츠 영역에서는 다양한 기본 움직임을 탐색하고 습득하는 과정을 통해 개인별 특성을 존중하고, 상호 존중 및 공동체 의식을 함양할 수 있도록 교수⋅학습을 계획하고 평가한다."
3~4,체육,스포츠,"⋅스포츠는 인간이 제도화된 규범과 움직임 기술을 바탕으로 타인 및 주변 세계와 소통하며 바람직한 구성원으로 성장하는 데 이바지한다. 
⋅스포츠는 인간이 환경과 상호작용하고 다양한 기술과 창의적인 전략을 발휘하며 한계를 극복하는 과정에서 발달한다. 
⋅인간은 스포츠를 다양한 방식으로 체험함으로써 움직임의 즐거움을 느끼고 활동적인 삶의 태도를 배운다.",4체02-07,생태형 스포츠에 적합한 기본 움직임 기술을 파악하고 시도한다.,생태형 스포츠에 적합한 여러 가지 기본 움직임 기술을 구체적으로 파악하고 다양한 활동 상황에서 시도할 수 있다.,생태형 스포츠에 적합한 여러 가지 기본 움직임 기술을 대략적으로 파악하고 활동 상황에서 시도할 수 있다.,생태형 스포츠에 적합한 일부 기본 움직임 기술을 대략적으로 파악하고 활동 상황에서 부분적으로 시도할 수 있다.,"[4체02-07]은 생태형 스포츠 유형에 적합한 움직임 기술을 탐색하고 수행하기 위해 설정하였다. 생활 주변과 자연환경에서 이루어지는 다양한 생태형 스포츠 활동과 관련된 움직임 기술의 수행 방법(균형 잡고 이동하기, 타고 버티기, 잡고 오르기 등)을 익히고, 간단한 활동 상황에서 안전하게 시도하도록 한다.","● 3~4학년군 스포츠 영역에서는 스포츠의 개념을 이해하고 다양한 유형의 스포츠 활동을 수행하는데 요구되는 기본 움직임과 복합적인 움직임을 탐색하고 간단한 게임 상황에서 시도하도록 한다. 특히 3~4학년군 스포츠 영역은 움직임의 체계적 발달을 위한 입문 단계로서 이동 움직임, 비이동 움직임, 조작 움직임 기술을 신체, 노력, 공간, 관계와 연결한 다양한 복합 움직임 기술의 수행 능력을 기를 수 있도록 충분한 학습 기회를 제공한다.
● 스포츠 유형별 기본 기능과 관련된 기본 움직임 기술을 습득하기 위해 신체, 노력, 공간, 관계의 변화에 따라 다양한 기술을 단계적으로 향상할 수 있는 학습 활동을 선정하고 조직한다. 스포츠 유형에 적합한 기본 움직임 기술과 복합적인 움직임 기술을 연결하여 간단한 게임 상황에서 시도하고 익힐 수 있도록 활동을 구성한다. 기본 움직임 기술을 수행할 기회를 충분히 제공하며, 스포츠 경기 방법 자체보다 기본 움직임의 수행 능력을 충실하게 습득할 수 있도록 운영한다.
● 3~4학년군 스포츠 영역에서는 스포츠 수행에 필요한 다양한 기본 움직임 기술을 탐색하고 간단한 활동 상황에서 기본 움직임 기술을 시도하고 습득하는 것을 평가한다. 다양한 기본 움직임 기술의 정확하고 효과적인 수행 능력 습득에 평가의 초점을 맞추고, 이를 활용한 움직임 기술의 연결 능력과 스포츠 유형별 기본 기능에 적합한 복합 움직임 기술의 수행 능력을 평가한다.
● 기본 움직임 기술을 움직임의 요소에 따라 실제로 다양하게 수행할 수 있는지를 평가하도록 한다. 일회성 평가를 지양하고 간단한 게임 상황에서 각각의 움직임 기술을 상황에 맞게 수행할 수 있는지를 평가한다. 이를 위해 움직임 기술 수행 능력 평가, 체크리스트, 자기 평가 등의 다양한 평가 방법을 학습 상황에 맞게 활용한다. 
● 3~4학년군 스포츠 영역의 지식에 관한 이해력은 스포츠의 의미와 유형에 관한 이해를 간단한 질의응답이나 평가지를 통해 확인할 수 있으며, 스포츠 관련 움직임 수행 능력은 기본 움직임 기능 및 복합 움직임 기능을 조작적 상황 또는 게임 상황에서 평가할 수 있다. 가치⋅태도의 실천 능력은 지속적인 태도 변화를 관찰하거나 체크리스트, 성찰 일지, 관찰 등의 평가 방법과 함께 수업 상황에서의 실천 여부를 중심으로 평가한다. 
● 3~4학년군 스포츠 영역에서는 다양한 기본 움직임을 탐색하고 습득하는 과정을 통해 개인별 특성을 존중하고, 상호 존중 및 공동체 의식을 함양할 수 있도록 교수⋅학습을 계획하고 평가한다."
3~4,체육,스포츠,"⋅스포츠는 인간이 제도화된 규범과 움직임 기술을 바탕으로 타인 및 주변 세계와 소통하며 바람직한 구성원으로 성장하는 데 이바지한다. 
⋅스포츠는 인간이 환경과 상호작용하고 다양한 기술과 창의적인 전략을 발휘하며 한계를 극복하는 과정에서 발달한다. 
⋅인간은 스포츠를 다양한 방식으로 체험함으로써 움직임의 즐거움을 느끼고 활동적인 삶의 태도를 배운다.",4체02-08,움직임 기술 수행에 자신감을 갖고 적극적으로 시도한다.,움직임 기술 수행에 항상 자신감을 갖고 다양한 활동 상황에서 적극적으로 시도할 수 있다.,움직임 기술 수행에 자신감을 갖고 활동 상황에서 시도할 수 있다.,움직임 기술 수행에 자신감을 갖고자 노력하며 활동 상황에서 부분적으로 시도할 수 있다.,"[4체02-08]은 기본 움직임 기술의 지속적인 시도를 통해 움직임 기술 수행에 대한 자신감을 기르기 위해 설정하였다. 기본 움직임 기술을 체계적으로 숙달하고, 간단한 규칙을 적용한 활동 상황에서 적극적으로 시도하며 움직임 기술 수행에 대한 자신감을 갖도록 한다.","● 3~4학년군 스포츠 영역에서는 스포츠의 개념을 이해하고 다양한 유형의 스포츠 활동을 수행하는데 요구되는 기본 움직임과 복합적인 움직임을 탐색하고 간단한 게임 상황에서 시도하도록 한다. 특히 3~4학년군 스포츠 영역은 움직임의 체계적 발달을 위한 입문 단계로서 이동 움직임, 비이동 움직임, 조작 움직임 기술을 신체, 노력, 공간, 관계와 연결한 다양한 복합 움직임 기술의 수행 능력을 기를 수 있도록 충분한 학습 기회를 제공한다.
● 스포츠 유형별 기본 기능과 관련된 기본 움직임 기술을 습득하기 위해 신체, 노력, 공간, 관계의 변화에 따라 다양한 기술을 단계적으로 향상할 수 있는 학습 활동을 선정하고 조직한다. 스포츠 유형에 적합한 기본 움직임 기술과 복합적인 움직임 기술을 연결하여 간단한 게임 상황에서 시도하고 익힐 수 있도록 활동을 구성한다. 기본 움직임 기술을 수행할 기회를 충분히 제공하며, 스포츠 경기 방법 자체보다 기본 움직임의 수행 능력을 충실하게 습득할 수 있도록 운영한다.
● 3~4학년군 스포츠 영역에서는 스포츠 수행에 필요한 다양한 기본 움직임 기술을 탐색하고 간단한 활동 상황에서 기본 움직임 기술을 시도하고 습득하는 것을 평가한다. 다양한 기본 움직임 기술의 정확하고 효과적인 수행 능력 습득에 평가의 초점을 맞추고, 이를 활용한 움직임 기술의 연결 능력과 스포츠 유형별 기본 기능에 적합한 복합 움직임 기술의 수행 능력을 평가한다.
● 기본 움직임 기술을 움직임의 요소에 따라 실제로 다양하게 수행할 수 있는지를 평가하도록 한다. 일회성 평가를 지양하고 간단한 게임 상황에서 각각의 움직임 기술을 상황에 맞게 수행할 수 있는지를 평가한다. 이를 위해 움직임 기술 수행 능력 평가, 체크리스트, 자기 평가 등의 다양한 평가 방법을 학습 상황에 맞게 활용한다. 
● 3~4학년군 스포츠 영역의 지식에 관한 이해력은 스포츠의 의미와 유형에 관한 이해를 간단한 질의응답이나 평가지를 통해 확인할 수 있으며, 스포츠 관련 움직임 수행 능력은 기본 움직임 기능 및 복합 움직임 기능을 조작적 상황 또는 게임 상황에서 평가할 수 있다. 가치⋅태도의 실천 능력은 지속적인 태도 변화를 관찰하거나 체크리스트, 성찰 일지, 관찰 등의 평가 방법과 함께 수업 상황에서의 실천 여부를 중심으로 평가한다. 
● 3~4학년군 스포츠 영역에서는 다양한 기본 움직임을 탐색하고 습득하는 과정을 통해 개인별 특성을 존중하고, 상호 존중 및 공동체 의식을 함양할 수 있도록 교수⋅학습을 계획하고 평가한다."
3~4,체육,스포츠,"⋅스포츠는 인간이 제도화된 규범과 움직임 기술을 바탕으로 타인 및 주변 세계와 소통하며 바람직한 구성원으로 성장하는 데 이바지한다. 
⋅스포츠는 인간이 환경과 상호작용하고 다양한 기술과 창의적인 전략을 발휘하며 한계를 극복하는 과정에서 발달한다. 
⋅인간은 스포츠를 다양한 방식으로 체험함으로써 움직임의 즐거움을 느끼고 활동적인 삶의 태도를 배운다.",4체02-09,게임 활동에 최선을 다하고 규칙을 지킨다.,다양한 게임 활동에서 최선을 다하고 합의된 규칙을 일관되게 지키며 게임 활동에 참여할 수 있다.,일부 게임 활동에서 최선을 다하고 합의된 규칙을 지키며 게임 활동에 참여할 수 있다.,일부 게임 활동에 열심히 참여하고 합의된 규칙을 부분적으로 지킬 수 있다.,"[4체02-09]는 게임 활동을 수행하며 정해진 규칙을 지키고 최선을 다하는 태도를 기르기 위해 설정하였다. 다양한 유형의 스포츠 활동에 임하는 마음가짐, 구성원에 대한 태도, 규칙 준수의 필요성, 최선의 가치 등을 실제 활동 과정에서 느끼고 실천하도록 한다.","● 3~4학년군 스포츠 영역에서는 스포츠의 개념을 이해하고 다양한 유형의 스포츠 활동을 수행하는데 요구되는 기본 움직임과 복합적인 움직임을 탐색하고 간단한 게임 상황에서 시도하도록 한다. 특히 3~4학년군 스포츠 영역은 움직임의 체계적 발달을 위한 입문 단계로서 이동 움직임, 비이동 움직임, 조작 움직임 기술을 신체, 노력, 공간, 관계와 연결한 다양한 복합 움직임 기술의 수행 능력을 기를 수 있도록 충분한 학습 기회를 제공한다.
● 스포츠 유형별 기본 기능과 관련된 기본 움직임 기술을 습득하기 위해 신체, 노력, 공간, 관계의 변화에 따라 다양한 기술을 단계적으로 향상할 수 있는 학습 활동을 선정하고 조직한다. 스포츠 유형에 적합한 기본 움직임 기술과 복합적인 움직임 기술을 연결하여 간단한 게임 상황에서 시도하고 익힐 수 있도록 활동을 구성한다. 기본 움직임 기술을 수행할 기회를 충분히 제공하며, 스포츠 경기 방법 자체보다 기본 움직임의 수행 능력을 충실하게 습득할 수 있도록 운영한다.
● 3~4학년군 스포츠 영역에서는 스포츠 수행에 필요한 다양한 기본 움직임 기술을 탐색하고 간단한 활동 상황에서 기본 움직임 기술을 시도하고 습득하는 것을 평가한다. 다양한 기본 움직임 기술의 정확하고 효과적인 수행 능력 습득에 평가의 초점을 맞추고, 이를 활용한 움직임 기술의 연결 능력과 스포츠 유형별 기본 기능에 적합한 복합 움직임 기술의 수행 능력을 평가한다.
● 기본 움직임 기술을 움직임의 요소에 따라 실제로 다양하게 수행할 수 있는지를 평가하도록 한다. 일회성 평가를 지양하고 간단한 게임 상황에서 각각의 움직임 기술을 상황에 맞게 수행할 수 있는지를 평가한다. 이를 위해 움직임 기술 수행 능력 평가, 체크리스트, 자기 평가 등의 다양한 평가 방법을 학습 상황에 맞게 활용한다. 
● 3~4학년군 스포츠 영역의 지식에 관한 이해력은 스포츠의 의미와 유형에 관한 이해를 간단한 질의응답이나 평가지를 통해 확인할 수 있으며, 스포츠 관련 움직임 수행 능력은 기본 움직임 기능 및 복합 움직임 기능을 조작적 상황 또는 게임 상황에서 평가할 수 있다. 가치⋅태도의 실천 능력은 지속적인 태도 변화를 관찰하거나 체크리스트, 성찰 일지, 관찰 등의 평가 방법과 함께 수업 상황에서의 실천 여부를 중심으로 평가한다. 
● 3~4학년군 스포츠 영역에서는 다양한 기본 움직임을 탐색하고 습득하는 과정을 통해 개인별 특성을 존중하고, 상호 존중 및 공동체 의식을 함양할 수 있도록 교수⋅학습을 계획하고 평가한다."
3~4,체육,스포츠,"⋅스포츠는 인간이 제도화된 규범과 움직임 기술을 바탕으로 타인 및 주변 세계와 소통하며 바람직한 구성원으로 성장하는 데 이바지한다. 
⋅스포츠는 인간이 환경과 상호작용하고 다양한 기술과 창의적인 전략을 발휘하며 한계를 극복하는 과정에서 발달한다. 
⋅인간은 스포츠를 다양한 방식으로 체험함으로써 움직임의 즐거움을 느끼고 활동적인 삶의 태도를 배운다.",4체02-10,다양한 스포츠 환경에 개방적인 태도를 갖고 적극적이고 안전하게 스포츠 활동에 참여한다.,"다양한 스포츠 환경에 개방적인 태도를 갖고 이를 적극적으로 실천할 수 있으며, 여러 가지 스포츠 활동에 안전하게 참여할 수 있다.","일부 스포츠 환경에 개방적인 태도를 갖고 이를 실천할 수 있으며, 스포츠 활동에 안전하게 참여할 수 있다.","일부 스포츠 환경에 개방적인 태도를 갖고 이를 실천하기 위해 노력하며, 스포츠 활동에 부분적으로 안전하게 참여할 수 있다.","[4체02-10]은 스포츠 활동을 즐길 수 있는 환경에 개방적인 태도를 갖고 적극적이고 안전하게 활동하는 태도를 기르기 위해 설정하였다. 가정, 학교, 지역사회 체육 시설, 자연환경 등 다양하고 도전적인 스포츠 환경을 적극적으로 수용하고 활용하되, 안전 수칙을 숙지하여 안전사고를 예방하는 태도를 실천하도록 한다.","● 3~4학년군 스포츠 영역에서는 스포츠의 개념을 이해하고 다양한 유형의 스포츠 활동을 수행하는데 요구되는 기본 움직임과 복합적인 움직임을 탐색하고 간단한 게임 상황에서 시도하도록 한다. 특히 3~4학년군 스포츠 영역은 움직임의 체계적 발달을 위한 입문 단계로서 이동 움직임, 비이동 움직임, 조작 움직임 기술을 신체, 노력, 공간, 관계와 연결한 다양한 복합 움직임 기술의 수행 능력을 기를 수 있도록 충분한 학습 기회를 제공한다.
● 스포츠 유형별 기본 기능과 관련된 기본 움직임 기술을 습득하기 위해 신체, 노력, 공간, 관계의 변화에 따라 다양한 기술을 단계적으로 향상할 수 있는 학습 활동을 선정하고 조직한다. 스포츠 유형에 적합한 기본 움직임 기술과 복합적인 움직임 기술을 연결하여 간단한 게임 상황에서 시도하고 익힐 수 있도록 활동을 구성한다. 기본 움직임 기술을 수행할 기회를 충분히 제공하며, 스포츠 경기 방법 자체보다 기본 움직임의 수행 능력을 충실하게 습득할 수 있도록 운영한다.
● 3~4학년군 스포츠 영역에서는 스포츠 수행에 필요한 다양한 기본 움직임 기술을 탐색하고 간단한 활동 상황에서 기본 움직임 기술을 시도하고 습득하는 것을 평가한다. 다양한 기본 움직임 기술의 정확하고 효과적인 수행 능력 습득에 평가의 초점을 맞추고, 이를 활용한 움직임 기술의 연결 능력과 스포츠 유형별 기본 기능에 적합한 복합 움직임 기술의 수행 능력을 평가한다.
● 기본 움직임 기술을 움직임의 요소에 따라 실제로 다양하게 수행할 수 있는지를 평가하도록 한다. 일회성 평가를 지양하고 간단한 게임 상황에서 각각의 움직임 기술을 상황에 맞게 수행할 수 있는지를 평가한다. 이를 위해 움직임 기술 수행 능력 평가, 체크리스트, 자기 평가 등의 다양한 평가 방법을 학습 상황에 맞게 활용한다. 
● 3~4학년군 스포츠 영역의 지식에 관한 이해력은 스포츠의 의미와 유형에 관한 이해를 간단한 질의응답이나 평가지를 통해 확인할 수 있으며, 스포츠 관련 움직임 수행 능력은 기본 움직임 기능 및 복합 움직임 기능을 조작적 상황 또는 게임 상황에서 평가할 수 있다. 가치⋅태도의 실천 능력은 지속적인 태도 변화를 관찰하거나 체크리스트, 성찰 일지, 관찰 등의 평가 방법과 함께 수업 상황에서의 실천 여부를 중심으로 평가한다. 
● 3~4학년군 스포츠 영역에서는 다양한 기본 움직임을 탐색하고 습득하는 과정을 통해 개인별 특성을 존중하고, 상호 존중 및 공동체 의식을 함양할 수 있도록 교수⋅학습을 계획하고 평가한다."
3~4,체육,표현,"⋅표현 활동은 인간이 신체 움직임에 생각과 감정을 담아 심미적으로 표현하는 과정에서 창의적인 삶의 태도를 형성하고, 예술적 신체활동 문화를 향유할 수 있도록 한다. 
⋅표현 활동은 기본 움직임에 표현 원리가 적용되어 다양한 유형으로 구현되며, 구성 및 창작의 과정을 통해 발달한다. 
⋅인간은 다양한 표현 활동을 체험함으로써 움직임의 심미적 가치를 내면화하며 자유롭고 주체적으로 사는 방법을 터득한다.",4체03-01,표현 활동의 의미와 기본 움직임 기술과의 관계를 파악한다.,"표현 활동의 의미를 명확하게 알고, 표현과 기본 움직임 기술과의 관계를 예를 들어 구체적으로 설명할 수 있다.","표현 활동의 의미를 대략적으로 알고, 표현과 기본 움직임 기술과의 관계를 예를 들어 설명할 수 있다.","표현 활동의 의미를 대략적으로 알고, 표현과 기본 움직임 기술과의 관계를 일부 제시할 수 있다.","[4체03-01]은 표현 활동의 의미, 표현 활동과 기본 움직임 기술과의 관계를 이해하기 위해 설정하였다. 표현 활동에서의 움직임 기술과 운동 및 스포츠 영역에서의 움직임 기술의 차이를 이해함으로써 표현 활동에서 움직임 기술의 창의적이고 심미적인 특성을 이해하도록 한다.","● 3~4학년군 표현 영역에서는 표현 활동의 의미와 움직임 기술의 관계에 관한 이해를 바탕으로, 움직임 요소에 따른 표현 기술을 파악하고, 모방 및 추상 표현 방법, 리듬, 도구 등을 활용한 표현 방법을 탐색하여 발표함으로써 표현 활동의 기본 능력을 기르도록 한다. 표현에 관한 이해의 폭을 넓힐 수 있도록 다양한 표현 사례를 직⋅간접적으로 학습할 기회를 제공한다. 
● 모방 표현 방법을 학습하면서 모방 대상의 움직임을 충분히 관찰하고 자유로운 방식으로 표현할 수 있는 학습 분위기를 조성하며, 자연 현상과 주변 환경을 모방 대상으로 설정함으로써 생태전환적 관점에서 환경을 이해할 기회를 제공한다. 추상 표현 방법의 경우 느낌이나 생각을 자유롭게 나타내고, 타인의 표현 방법을 존중하는 허용적인 학습 분위기를 조성한다. 리듬 표현에서는 음악뿐만 아니라 자연 현상이나 생활에서 나타나는 규칙적, 불규칙적 리듬에 따라 신체 표현을 할 수 있도록 표현 대상을 다양화한다. 도구를 활용한 표현의 경우 사전에 안전한 도구 사용 방법을 충분히 숙지하고 그 특징을 파악하여 표현 활동에 활용하도록 한다.
● 기본 움직임 기술의 표현 방법은 자기 주도적 학습을 통해 다양한 움직임 요소를 반영한 기본 움직임 기술을 탐색할 기회를 제공하고, 탐색한 움직임을 모둠별로 공유할 수 있도록 협력 중심의 수업을 설계하고 운영할 수 있다. 또한 협력하여 만든 작품을 서로 발표하고 감상하는 과정을 통해 표현을 위한 움직임 기술을 넓게 탐색하도록 한다.
● 3~4학년군 표현 영역에서는 생각과 느낌을 자유롭게 움직임으로 표현하는 과정에서 인간의 신체적 자유에 대한 기본 권리와 행복추구권을 연계하고, 다양한 표현 방식을 이해하고 존중하는 태도를 학습하도록 한다.
● 3~4학년군 표현 영역에서는 표현과 움직임 기술의 관계, 움직임 요소에 따른 다양한 기본 움직임 기술의 이해력, 표현 방법에 따른 움직임 기술의 수행과 구성 능력, 표현 활동 과정에서 나타나는 움직임에 관한 호기심과 감수성을 균형 있게 평가한다. 
● 모방 대상의 특징을 움직임의 관점에서 파악하고 표현하는 능력, 생각과 느낌을 움직임으로 표현하는 능력, 리듬에 맞춰 다양한 요소에 따라 움직임을 표현하는 능력, 도구의 특성을 활용하여 심미적으로 표현하는 능력을 종합적으로 평가한다.
● 3~4학년군 표현 영역에서 표현의 의미와 움직임 기술의 관계에 대한 지식은 지필평가 외에 실제 움직임 표현 과정에서의 이해력을 중심으로 평가한다. 움직임 표현 능력은 표현 동작 검사, 관찰 평가, 프로젝트 평가 등을 활용하여 움직임 기술과 표현 방법의 선택, 동작 수행, 구성의 과정을 종합적으로 평가한다. 가치⋅태도에 관한 평가는 표현 활동의 적극성과 긍정적인 태도 변화를 관찰하거나 수행 일지, 감상문 등을 통해 평가할 수 있다."
3~4,체육,표현,"⋅표현 활동은 인간이 신체 움직임에 생각과 감정을 담아 심미적으로 표현하는 과정에서 창의적인 삶의 태도를 형성하고, 예술적 신체활동 문화를 향유할 수 있도록 한다. 
⋅표현 활동은 기본 움직임에 표현 원리가 적용되어 다양한 유형으로 구현되며, 구성 및 창작의 과정을 통해 발달한다. 
⋅인간은 다양한 표현 활동을 체험함으로써 움직임의 심미적 가치를 내면화하며 자유롭고 주체적으로 사는 방법을 터득한다.",4체03-02,움직임 요소에 따른 기본 움직임 기술의 표현 방법을 파악하고 시도한다.,"움직임 요소에 따른 기본 움직임 기술의 다양한 표현 방법을 명확하게 알고, 여러 가지 상황에서 아름답게 표현할 수 있다.","움직임 요소에 따른 기본 움직임 기술의 다양한 표현 방법을 대략적으로 알고, 여러 가지 상황에서 표현할 수 있다.","움직임 요소에 따른 기본 움직임 기술의 표현 방법 중 일부를 대략적으로 알고, 주어진 상황에서 부분적으로 표현할 수 있다.","[4체03-02]는 움직임 요소에 따른 다양한 기본 움직임 기술을 학습함으로써 표현 활동의 기본 수행 능력을 기르기 위해 설정하였다. 이동 움직임, 비이동 움직임, 조작 움직임 기술을 체험하되 신체, 노력, 공간, 관계 등 움직임 요소의 변화에 따라 기본 움직임 기술을 창의적이고 심미적으로 표현하도록 한다.","● 3~4학년군 표현 영역에서는 표현 활동의 의미와 움직임 기술의 관계에 관한 이해를 바탕으로, 움직임 요소에 따른 표현 기술을 파악하고, 모방 및 추상 표현 방법, 리듬, 도구 등을 활용한 표현 방법을 탐색하여 발표함으로써 표현 활동의 기본 능력을 기르도록 한다. 표현에 관한 이해의 폭을 넓힐 수 있도록 다양한 표현 사례를 직⋅간접적으로 학습할 기회를 제공한다. 
● 모방 표현 방법을 학습하면서 모방 대상의 움직임을 충분히 관찰하고 자유로운 방식으로 표현할 수 있는 학습 분위기를 조성하며, 자연 현상과 주변 환경을 모방 대상으로 설정함으로써 생태전환적 관점에서 환경을 이해할 기회를 제공한다. 추상 표현 방법의 경우 느낌이나 생각을 자유롭게 나타내고, 타인의 표현 방법을 존중하는 허용적인 학습 분위기를 조성한다. 리듬 표현에서는 음악뿐만 아니라 자연 현상이나 생활에서 나타나는 규칙적, 불규칙적 리듬에 따라 신체 표현을 할 수 있도록 표현 대상을 다양화한다. 도구를 활용한 표현의 경우 사전에 안전한 도구 사용 방법을 충분히 숙지하고 그 특징을 파악하여 표현 활동에 활용하도록 한다.
● 기본 움직임 기술의 표현 방법은 자기 주도적 학습을 통해 다양한 움직임 요소를 반영한 기본 움직임 기술을 탐색할 기회를 제공하고, 탐색한 움직임을 모둠별로 공유할 수 있도록 협력 중심의 수업을 설계하고 운영할 수 있다. 또한 협력하여 만든 작품을 서로 발표하고 감상하는 과정을 통해 표현을 위한 움직임 기술을 넓게 탐색하도록 한다.
● 3~4학년군 표현 영역에서는 생각과 느낌을 자유롭게 움직임으로 표현하는 과정에서 인간의 신체적 자유에 대한 기본 권리와 행복추구권을 연계하고, 다양한 표현 방식을 이해하고 존중하는 태도를 학습하도록 한다.
● 3~4학년군 표현 영역에서는 표현과 움직임 기술의 관계, 움직임 요소에 따른 다양한 기본 움직임 기술의 이해력, 표현 방법에 따른 움직임 기술의 수행과 구성 능력, 표현 활동 과정에서 나타나는 움직임에 관한 호기심과 감수성을 균형 있게 평가한다. 
● 모방 대상의 특징을 움직임의 관점에서 파악하고 표현하는 능력, 생각과 느낌을 움직임으로 표현하는 능력, 리듬에 맞춰 다양한 요소에 따라 움직임을 표현하는 능력, 도구의 특성을 활용하여 심미적으로 표현하는 능력을 종합적으로 평가한다.
● 3~4학년군 표현 영역에서 표현의 의미와 움직임 기술의 관계에 대한 지식은 지필평가 외에 실제 움직임 표현 과정에서의 이해력을 중심으로 평가한다. 움직임 표현 능력은 표현 동작 검사, 관찰 평가, 프로젝트 평가 등을 활용하여 움직임 기술과 표현 방법의 선택, 동작 수행, 구성의 과정을 종합적으로 평가한다. 가치⋅태도에 관한 평가는 표현 활동의 적극성과 긍정적인 태도 변화를 관찰하거나 수행 일지, 감상문 등을 통해 평가할 수 있다."
3~4,체육,표현,"⋅표현 활동은 인간이 신체 움직임에 생각과 감정을 담아 심미적으로 표현하는 과정에서 창의적인 삶의 태도를 형성하고, 예술적 신체활동 문화를 향유할 수 있도록 한다. 
⋅표현 활동은 기본 움직임에 표현 원리가 적용되어 다양한 유형으로 구현되며, 구성 및 창작의 과정을 통해 발달한다. 
⋅인간은 다양한 표현 활동을 체험함으로써 움직임의 심미적 가치를 내면화하며 자유롭고 주체적으로 사는 방법을 터득한다.",4체03-03,기본 움직임 기술을 활용하여 사물이나 자연을 모방하여 표현한다.,다양한 기본 움직임 기술을 종합적으로 활용하여 사물이나 자연의 여러 가지 모양 또는 움직임을 모방해 아름답게 표현할 수 있다.,일부 기본 움직임 기술을 활용하여 사물이나 자연의 모양 또는 움직임을 모방해 표현할 수 있다.,일부 기본 움직임 기술을 부분적으로 활용하여 사물이나 자연의 모양 또는 움직임을 모방해 표현할 수 있다.,"[4체03-03]은 기본 움직임 기술을 활용한 모방 표현 능력을 기르기 위해 설정하였다. 기본 움직임 기술을 활용하여 사물, 인물, 자연 현상 등의 모양과 움직임을 모방하여 표현하는 방법을 탐색하고 그 특징을 살려 표현하도록 한다.","● 3~4학년군 표현 영역에서는 표현 활동의 의미와 움직임 기술의 관계에 관한 이해를 바탕으로, 움직임 요소에 따른 표현 기술을 파악하고, 모방 및 추상 표현 방법, 리듬, 도구 등을 활용한 표현 방법을 탐색하여 발표함으로써 표현 활동의 기본 능력을 기르도록 한다. 표현에 관한 이해의 폭을 넓힐 수 있도록 다양한 표현 사례를 직⋅간접적으로 학습할 기회를 제공한다. 
● 모방 표현 방법을 학습하면서 모방 대상의 움직임을 충분히 관찰하고 자유로운 방식으로 표현할 수 있는 학습 분위기를 조성하며, 자연 현상과 주변 환경을 모방 대상으로 설정함으로써 생태전환적 관점에서 환경을 이해할 기회를 제공한다. 추상 표현 방법의 경우 느낌이나 생각을 자유롭게 나타내고, 타인의 표현 방법을 존중하는 허용적인 학습 분위기를 조성한다. 리듬 표현에서는 음악뿐만 아니라 자연 현상이나 생활에서 나타나는 규칙적, 불규칙적 리듬에 따라 신체 표현을 할 수 있도록 표현 대상을 다양화한다. 도구를 활용한 표현의 경우 사전에 안전한 도구 사용 방법을 충분히 숙지하고 그 특징을 파악하여 표현 활동에 활용하도록 한다.
● 기본 움직임 기술의 표현 방법은 자기 주도적 학습을 통해 다양한 움직임 요소를 반영한 기본 움직임 기술을 탐색할 기회를 제공하고, 탐색한 움직임을 모둠별로 공유할 수 있도록 협력 중심의 수업을 설계하고 운영할 수 있다. 또한 협력하여 만든 작품을 서로 발표하고 감상하는 과정을 통해 표현을 위한 움직임 기술을 넓게 탐색하도록 한다.
● 3~4학년군 표현 영역에서는 생각과 느낌을 자유롭게 움직임으로 표현하는 과정에서 인간의 신체적 자유에 대한 기본 권리와 행복추구권을 연계하고, 다양한 표현 방식을 이해하고 존중하는 태도를 학습하도록 한다.
● 3~4학년군 표현 영역에서는 표현과 움직임 기술의 관계, 움직임 요소에 따른 다양한 기본 움직임 기술의 이해력, 표현 방법에 따른 움직임 기술의 수행과 구성 능력, 표현 활동 과정에서 나타나는 움직임에 관한 호기심과 감수성을 균형 있게 평가한다. 
● 모방 대상의 특징을 움직임의 관점에서 파악하고 표현하는 능력, 생각과 느낌을 움직임으로 표현하는 능력, 리듬에 맞춰 다양한 요소에 따라 움직임을 표현하는 능력, 도구의 특성을 활용하여 심미적으로 표현하는 능력을 종합적으로 평가한다.
● 3~4학년군 표현 영역에서 표현의 의미와 움직임 기술의 관계에 대한 지식은 지필평가 외에 실제 움직임 표현 과정에서의 이해력을 중심으로 평가한다. 움직임 표현 능력은 표현 동작 검사, 관찰 평가, 프로젝트 평가 등을 활용하여 움직임 기술과 표현 방법의 선택, 동작 수행, 구성의 과정을 종합적으로 평가한다. 가치⋅태도에 관한 평가는 표현 활동의 적극성과 긍정적인 태도 변화를 관찰하거나 수행 일지, 감상문 등을 통해 평가할 수 있다."
3~4,체육,표현,"⋅표현 활동은 인간이 신체 움직임에 생각과 감정을 담아 심미적으로 표현하는 과정에서 창의적인 삶의 태도를 형성하고, 예술적 신체활동 문화를 향유할 수 있도록 한다. 
⋅표현 활동은 기본 움직임에 표현 원리가 적용되어 다양한 유형으로 구현되며, 구성 및 창작의 과정을 통해 발달한다. 
⋅인간은 다양한 표현 활동을 체험함으로써 움직임의 심미적 가치를 내면화하며 자유롭고 주체적으로 사는 방법을 터득한다.",4체03-04,기본 움직임 기술을 활용하여 느낌이나 생각을 표현한다.,여러 기본 움직임 기술을 활용하여 자신의 느낌이나 생각을 창의적으로 표현할 수 있다.,일부 기본 움직임 기술을 활용하여 자신의 느낌이나 생각을 표현할 수 있다.,일부 기본 움직임 기술을 활용하여 자신의 느낌이나 생각을 부분적으로 표현할 수 있다.,[4체03-04]는 기본 움직임 기술을 활용한 추상 표현 능력을 기르기 위해 설정하였다. 기본 움직임 기술을 활용하여 느낌과 생각 등을 동작으로 표현하는 방법을 탐색하고 창의적으로 표현하도록 한다.,"● 3~4학년군 표현 영역에서는 표현 활동의 의미와 움직임 기술의 관계에 관한 이해를 바탕으로, 움직임 요소에 따른 표현 기술을 파악하고, 모방 및 추상 표현 방법, 리듬, 도구 등을 활용한 표현 방법을 탐색하여 발표함으로써 표현 활동의 기본 능력을 기르도록 한다. 표현에 관한 이해의 폭을 넓힐 수 있도록 다양한 표현 사례를 직⋅간접적으로 학습할 기회를 제공한다. 
● 모방 표현 방법을 학습하면서 모방 대상의 움직임을 충분히 관찰하고 자유로운 방식으로 표현할 수 있는 학습 분위기를 조성하며, 자연 현상과 주변 환경을 모방 대상으로 설정함으로써 생태전환적 관점에서 환경을 이해할 기회를 제공한다. 추상 표현 방법의 경우 느낌이나 생각을 자유롭게 나타내고, 타인의 표현 방법을 존중하는 허용적인 학습 분위기를 조성한다. 리듬 표현에서는 음악뿐만 아니라 자연 현상이나 생활에서 나타나는 규칙적, 불규칙적 리듬에 따라 신체 표현을 할 수 있도록 표현 대상을 다양화한다. 도구를 활용한 표현의 경우 사전에 안전한 도구 사용 방법을 충분히 숙지하고 그 특징을 파악하여 표현 활동에 활용하도록 한다.
● 기본 움직임 기술의 표현 방법은 자기 주도적 학습을 통해 다양한 움직임 요소를 반영한 기본 움직임 기술을 탐색할 기회를 제공하고, 탐색한 움직임을 모둠별로 공유할 수 있도록 협력 중심의 수업을 설계하고 운영할 수 있다. 또한 협력하여 만든 작품을 서로 발표하고 감상하는 과정을 통해 표현을 위한 움직임 기술을 넓게 탐색하도록 한다.
● 3~4학년군 표현 영역에서는 생각과 느낌을 자유롭게 움직임으로 표현하는 과정에서 인간의 신체적 자유에 대한 기본 권리와 행복추구권을 연계하고, 다양한 표현 방식을 이해하고 존중하는 태도를 학습하도록 한다.
● 3~4학년군 표현 영역에서는 표현과 움직임 기술의 관계, 움직임 요소에 따른 다양한 기본 움직임 기술의 이해력, 표현 방법에 따른 움직임 기술의 수행과 구성 능력, 표현 활동 과정에서 나타나는 움직임에 관한 호기심과 감수성을 균형 있게 평가한다. 
● 모방 대상의 특징을 움직임의 관점에서 파악하고 표현하는 능력, 생각과 느낌을 움직임으로 표현하는 능력, 리듬에 맞춰 다양한 요소에 따라 움직임을 표현하는 능력, 도구의 특성을 활용하여 심미적으로 표현하는 능력을 종합적으로 평가한다.
● 3~4학년군 표현 영역에서 표현의 의미와 움직임 기술의 관계에 대한 지식은 지필평가 외에 실제 움직임 표현 과정에서의 이해력을 중심으로 평가한다. 움직임 표현 능력은 표현 동작 검사, 관찰 평가, 프로젝트 평가 등을 활용하여 움직임 기술과 표현 방법의 선택, 동작 수행, 구성의 과정을 종합적으로 평가한다. 가치⋅태도에 관한 평가는 표현 활동의 적극성과 긍정적인 태도 변화를 관찰하거나 수행 일지, 감상문 등을 통해 평가할 수 있다."
3~4,체육,표현,"⋅표현 활동은 인간이 신체 움직임에 생각과 감정을 담아 심미적으로 표현하는 과정에서 창의적인 삶의 태도를 형성하고, 예술적 신체활동 문화를 향유할 수 있도록 한다. 
⋅표현 활동은 기본 움직임에 표현 원리가 적용되어 다양한 유형으로 구현되며, 구성 및 창작의 과정을 통해 발달한다. 
⋅인간은 다양한 표현 활동을 체험함으로써 움직임의 심미적 가치를 내면화하며 자유롭고 주체적으로 사는 방법을 터득한다.",4체03-05,기본 움직임 기술을 리듬에 맞춰 표현한다.,"리듬에 맞춰 표현하는 여러 가지 방법을 구체적으로 탐색하고, 다양한 기본 움직임 기술을 활용하여 리듬감을 살려 표현할 수 있다.","리듬에 맞춰 표현하는 여러 가지 방법을 대략적으로 탐색하고, 일부 기본 움직임 기술을 활용하여 리듬감을 살려 표현할 수 있다.","리듬에 맞춰 표현하는 방법을 대략적으로 탐색하고, 일부 기본 움직임 기술을 부분적으로 활용하여 리듬감을 표현할 수 있다.","[4체03-05]는 기본 움직임 기술을 활용한 리듬 표현 능력을 기르기 위해 설정하였다. 기본 움직임 기술을 활용하여 박자, 강약, 빠르기, 패턴에 맞춰 표현하는 방법을 탐색하고 리듬감을 살려 표현하도록 한다.","● 3~4학년군 표현 영역에서는 표현 활동의 의미와 움직임 기술의 관계에 관한 이해를 바탕으로, 움직임 요소에 따른 표현 기술을 파악하고, 모방 및 추상 표현 방법, 리듬, 도구 등을 활용한 표현 방법을 탐색하여 발표함으로써 표현 활동의 기본 능력을 기르도록 한다. 표현에 관한 이해의 폭을 넓힐 수 있도록 다양한 표현 사례를 직⋅간접적으로 학습할 기회를 제공한다. 
● 모방 표현 방법을 학습하면서 모방 대상의 움직임을 충분히 관찰하고 자유로운 방식으로 표현할 수 있는 학습 분위기를 조성하며, 자연 현상과 주변 환경을 모방 대상으로 설정함으로써 생태전환적 관점에서 환경을 이해할 기회를 제공한다. 추상 표현 방법의 경우 느낌이나 생각을 자유롭게 나타내고, 타인의 표현 방법을 존중하는 허용적인 학습 분위기를 조성한다. 리듬 표현에서는 음악뿐만 아니라 자연 현상이나 생활에서 나타나는 규칙적, 불규칙적 리듬에 따라 신체 표현을 할 수 있도록 표현 대상을 다양화한다. 도구를 활용한 표현의 경우 사전에 안전한 도구 사용 방법을 충분히 숙지하고 그 특징을 파악하여 표현 활동에 활용하도록 한다.
● 기본 움직임 기술의 표현 방법은 자기 주도적 학습을 통해 다양한 움직임 요소를 반영한 기본 움직임 기술을 탐색할 기회를 제공하고, 탐색한 움직임을 모둠별로 공유할 수 있도록 협력 중심의 수업을 설계하고 운영할 수 있다. 또한 협력하여 만든 작품을 서로 발표하고 감상하는 과정을 통해 표현을 위한 움직임 기술을 넓게 탐색하도록 한다.
● 3~4학년군 표현 영역에서는 생각과 느낌을 자유롭게 움직임으로 표현하는 과정에서 인간의 신체적 자유에 대한 기본 권리와 행복추구권을 연계하고, 다양한 표현 방식을 이해하고 존중하는 태도를 학습하도록 한다.
● 3~4학년군 표현 영역에서는 표현과 움직임 기술의 관계, 움직임 요소에 따른 다양한 기본 움직임 기술의 이해력, 표현 방법에 따른 움직임 기술의 수행과 구성 능력, 표현 활동 과정에서 나타나는 움직임에 관한 호기심과 감수성을 균형 있게 평가한다. 
● 모방 대상의 특징을 움직임의 관점에서 파악하고 표현하는 능력, 생각과 느낌을 움직임으로 표현하는 능력, 리듬에 맞춰 다양한 요소에 따라 움직임을 표현하는 능력, 도구의 특성을 활용하여 심미적으로 표현하는 능력을 종합적으로 평가한다.
● 3~4학년군 표현 영역에서 표현의 의미와 움직임 기술의 관계에 대한 지식은 지필평가 외에 실제 움직임 표현 과정에서의 이해력을 중심으로 평가한다. 움직임 표현 능력은 표현 동작 검사, 관찰 평가, 프로젝트 평가 등을 활용하여 움직임 기술과 표현 방법의 선택, 동작 수행, 구성의 과정을 종합적으로 평가한다. 가치⋅태도에 관한 평가는 표현 활동의 적극성과 긍정적인 태도 변화를 관찰하거나 수행 일지, 감상문 등을 통해 평가할 수 있다."
3~4,체육,표현,"⋅표현 활동은 인간이 신체 움직임에 생각과 감정을 담아 심미적으로 표현하는 과정에서 창의적인 삶의 태도를 형성하고, 예술적 신체활동 문화를 향유할 수 있도록 한다. 
⋅표현 활동은 기본 움직임에 표현 원리가 적용되어 다양한 유형으로 구현되며, 구성 및 창작의 과정을 통해 발달한다. 
⋅인간은 다양한 표현 활동을 체험함으로써 움직임의 심미적 가치를 내면화하며 자유롭고 주체적으로 사는 방법을 터득한다.",4체03-06,기본 움직임 기술을 도구를 활용하여 표현한다.,"도구를 활용하여 표현하는 여러 가지 방법을 구체적으로 탐색하고, 다양한 기본 움직임 기술과 연결하여 아름답게 표현할 수 있다.","도구를 활용하여 표현하는 여러 가지 방법을 대략적으로 탐색하고, 일부 기본 움직임 기술과 연결하여 아름답게 표현할 수 있다.","도구를 활용하여 표현하는 방법을 대략적으로 탐색하고, 일부 기본 움직임 기술을 부분적으로 연결하여 표현할 수 있다.","[4체03-06]은 기본 움직임 기술을 활용한 도구 표현 능력을 기르기 위해 설정하였다. 기본 움직임 기술을 활용하여 줄, 공, 천, 훌라후프 등 도구의 특성을 활용한 표현 방법을 탐색하고 도구의 조작과 움직임을 연결하여 표현하도록 한다.","● 3~4학년군 표현 영역에서는 표현 활동의 의미와 움직임 기술의 관계에 관한 이해를 바탕으로, 움직임 요소에 따른 표현 기술을 파악하고, 모방 및 추상 표현 방법, 리듬, 도구 등을 활용한 표현 방법을 탐색하여 발표함으로써 표현 활동의 기본 능력을 기르도록 한다. 표현에 관한 이해의 폭을 넓힐 수 있도록 다양한 표현 사례를 직⋅간접적으로 학습할 기회를 제공한다. 
● 모방 표현 방법을 학습하면서 모방 대상의 움직임을 충분히 관찰하고 자유로운 방식으로 표현할 수 있는 학습 분위기를 조성하며, 자연 현상과 주변 환경을 모방 대상으로 설정함으로써 생태전환적 관점에서 환경을 이해할 기회를 제공한다. 추상 표현 방법의 경우 느낌이나 생각을 자유롭게 나타내고, 타인의 표현 방법을 존중하는 허용적인 학습 분위기를 조성한다. 리듬 표현에서는 음악뿐만 아니라 자연 현상이나 생활에서 나타나는 규칙적, 불규칙적 리듬에 따라 신체 표현을 할 수 있도록 표현 대상을 다양화한다. 도구를 활용한 표현의 경우 사전에 안전한 도구 사용 방법을 충분히 숙지하고 그 특징을 파악하여 표현 활동에 활용하도록 한다.
● 기본 움직임 기술의 표현 방법은 자기 주도적 학습을 통해 다양한 움직임 요소를 반영한 기본 움직임 기술을 탐색할 기회를 제공하고, 탐색한 움직임을 모둠별로 공유할 수 있도록 협력 중심의 수업을 설계하고 운영할 수 있다. 또한 협력하여 만든 작품을 서로 발표하고 감상하는 과정을 통해 표현을 위한 움직임 기술을 넓게 탐색하도록 한다.
● 3~4학년군 표현 영역에서는 생각과 느낌을 자유롭게 움직임으로 표현하는 과정에서 인간의 신체적 자유에 대한 기본 권리와 행복추구권을 연계하고, 다양한 표현 방식을 이해하고 존중하는 태도를 학습하도록 한다.
● 3~4학년군 표현 영역에서는 표현과 움직임 기술의 관계, 움직임 요소에 따른 다양한 기본 움직임 기술의 이해력, 표현 방법에 따른 움직임 기술의 수행과 구성 능력, 표현 활동 과정에서 나타나는 움직임에 관한 호기심과 감수성을 균형 있게 평가한다. 
● 모방 대상의 특징을 움직임의 관점에서 파악하고 표현하는 능력, 생각과 느낌을 움직임으로 표현하는 능력, 리듬에 맞춰 다양한 요소에 따라 움직임을 표현하는 능력, 도구의 특성을 활용하여 심미적으로 표현하는 능력을 종합적으로 평가한다.
● 3~4학년군 표현 영역에서 표현의 의미와 움직임 기술의 관계에 대한 지식은 지필평가 외에 실제 움직임 표현 과정에서의 이해력을 중심으로 평가한다. 움직임 표현 능력은 표현 동작 검사, 관찰 평가, 프로젝트 평가 등을 활용하여 움직임 기술과 표현 방법의 선택, 동작 수행, 구성의 과정을 종합적으로 평가한다. 가치⋅태도에 관한 평가는 표현 활동의 적극성과 긍정적인 태도 변화를 관찰하거나 수행 일지, 감상문 등을 통해 평가할 수 있다."
3~4,체육,표현,"⋅표현 활동은 인간이 신체 움직임에 생각과 감정을 담아 심미적으로 표현하는 과정에서 창의적인 삶의 태도를 형성하고, 예술적 신체활동 문화를 향유할 수 있도록 한다. 
⋅표현 활동은 기본 움직임에 표현 원리가 적용되어 다양한 유형으로 구현되며, 구성 및 창작의 과정을 통해 발달한다. 
⋅인간은 다양한 표현 활동을 체험함으로써 움직임의 심미적 가치를 내면화하며 자유롭고 주체적으로 사는 방법을 터득한다.",4체03-07,움직임의 심미적 표현에 대한 호기심과 감수성을 나타낸다.,다양한 기본 움직임 기술로 아름답게 표현하는 여러 가지 활동에 깊은 관심을 갖고 감수성을 적극적으로 나타낼 수 있다.,다양한 기본 움직임 기술로 아름답게 표현하는 일부 활동에 관심을 갖고 감수성을 나타낼 수 있다.,기본 움직임 기술로 아름답게 표현하는 일부 활동에 부분적으로 관심을 갖고 감수성을 나타낼 수 있다.,[4체03-07]은 움직임을 심미적으로 표현하는 것에 대한 호기심과 감수성을 갖도록 설정하였다. 기본 움직임 기술을 아름답게 표현하며 움직임을 심미적으로 표현하는 다양한 자극에 관심을 갖고 운동이나 스포츠 기술과는 다른 감성을 느낄 수 있도록 한다.,"● 3~4학년군 표현 영역에서는 표현 활동의 의미와 움직임 기술의 관계에 관한 이해를 바탕으로, 움직임 요소에 따른 표현 기술을 파악하고, 모방 및 추상 표현 방법, 리듬, 도구 등을 활용한 표현 방법을 탐색하여 발표함으로써 표현 활동의 기본 능력을 기르도록 한다. 표현에 관한 이해의 폭을 넓힐 수 있도록 다양한 표현 사례를 직⋅간접적으로 학습할 기회를 제공한다. 
● 모방 표현 방법을 학습하면서 모방 대상의 움직임을 충분히 관찰하고 자유로운 방식으로 표현할 수 있는 학습 분위기를 조성하며, 자연 현상과 주변 환경을 모방 대상으로 설정함으로써 생태전환적 관점에서 환경을 이해할 기회를 제공한다. 추상 표현 방법의 경우 느낌이나 생각을 자유롭게 나타내고, 타인의 표현 방법을 존중하는 허용적인 학습 분위기를 조성한다. 리듬 표현에서는 음악뿐만 아니라 자연 현상이나 생활에서 나타나는 규칙적, 불규칙적 리듬에 따라 신체 표현을 할 수 있도록 표현 대상을 다양화한다. 도구를 활용한 표현의 경우 사전에 안전한 도구 사용 방법을 충분히 숙지하고 그 특징을 파악하여 표현 활동에 활용하도록 한다.
● 기본 움직임 기술의 표현 방법은 자기 주도적 학습을 통해 다양한 움직임 요소를 반영한 기본 움직임 기술을 탐색할 기회를 제공하고, 탐색한 움직임을 모둠별로 공유할 수 있도록 협력 중심의 수업을 설계하고 운영할 수 있다. 또한 협력하여 만든 작품을 서로 발표하고 감상하는 과정을 통해 표현을 위한 움직임 기술을 넓게 탐색하도록 한다.
● 3~4학년군 표현 영역에서는 생각과 느낌을 자유롭게 움직임으로 표현하는 과정에서 인간의 신체적 자유에 대한 기본 권리와 행복추구권을 연계하고, 다양한 표현 방식을 이해하고 존중하는 태도를 학습하도록 한다.
● 3~4학년군 표현 영역에서는 표현과 움직임 기술의 관계, 움직임 요소에 따른 다양한 기본 움직임 기술의 이해력, 표현 방법에 따른 움직임 기술의 수행과 구성 능력, 표현 활동 과정에서 나타나는 움직임에 관한 호기심과 감수성을 균형 있게 평가한다. 
● 모방 대상의 특징을 움직임의 관점에서 파악하고 표현하는 능력, 생각과 느낌을 움직임으로 표현하는 능력, 리듬에 맞춰 다양한 요소에 따라 움직임을 표현하는 능력, 도구의 특성을 활용하여 심미적으로 표현하는 능력을 종합적으로 평가한다.
● 3~4학년군 표현 영역에서 표현의 의미와 움직임 기술의 관계에 대한 지식은 지필평가 외에 실제 움직임 표현 과정에서의 이해력을 중심으로 평가한다. 움직임 표현 능력은 표현 동작 검사, 관찰 평가, 프로젝트 평가 등을 활용하여 움직임 기술과 표현 방법의 선택, 동작 수행, 구성의 과정을 종합적으로 평가한다. 가치⋅태도에 관한 평가는 표현 활동의 적극성과 긍정적인 태도 변화를 관찰하거나 수행 일지, 감상문 등을 통해 평가할 수 있다."
3~4,음악,연주,"⋅음악은 고유한 방식과 원리에 따라 인간의 느낌, 생각, 경험을 다양한 소리의 어울림으로 표현한 것이다. 
⋅개인적 혹은 협력적 음악 연주는 인간의 감수성과 사회⋅문화적 배경에 따라 다양한 행위 과정으로 나타난다. 
⋅인간은 생활 속에서 다양한 음악 매체와 표현 방법을 활용하여 함께 경험하며 소통한다.",4음01-01,바른 자세와 주법을 익혀 노래 부르거나 악기로 연주한다.,바른 자세와 주법을 충분히 이해하여 자연스럽게 노래 부르거나 악기로 연주한다.,바른 자세와 주법을 이해하여 노래 부르거나 악기로 연주한다.,바른 자세와 주법을 부분적으로 이해하여 노래 부르거나 악기로 연주한다.,,"• 생활 속에서 접할 수 있는 다양한 노래와 악기 연주 활동을 통해 음악적 감성을 기르도록 한다. 
• 자유롭게 소리를 탐색하며 음악 요소나 주법 등을 기초적인 수준에서 이해하여 음악에는 고유한 방식과 원리가 있고 이를 다양한 소리로 표현할 수 있음을 경험하도록 한다. 
• 노래나 악기 연주를 통한 음악 기초 기능을 바탕으로 신체표현, 놀이, 이야기 등으로 점차 확장시켜 음악 개념과 활동을 의미 있게 연결 짓도록 구성한다. 
• 연주를 즐기는 태도나 연주에 대한 관심과 관련된 성취기준은 학생의 학습 참여도 등을 평가기준으로 삼아 표현하기, 이야기하기 등의 다양한 활동으로 나타내도록 할 수 있다.
• 간단한 악곡의 연주에 관한 개인 또는 공동체의 경험을 토대로 일상생활 속에서 음악에 관심을 가지고 생활화할 수 있도록 구조화된 점검표나 다이어그램, 음악 생활 일지 등을 활용할 수 있다."
3~4,음악,연주,"⋅음악은 고유한 방식과 원리에 따라 인간의 느낌, 생각, 경험을 다양한 소리의 어울림으로 표현한 것이다. 
⋅개인적 혹은 협력적 음악 연주는 인간의 감수성과 사회⋅문화적 배경에 따라 다양한 행위 과정으로 나타난다. 
⋅인간은 생활 속에서 다양한 음악 매체와 표현 방법을 활용하여 함께 경험하며 소통한다.",4음01-02,기초적인 음악 요소를 살려 노래 부르거나 악기로 연주하고 느낌을 이야기한다.,기초적인 음악 요소를 충분히 이해하여 그 특징을 전체적으로 살려 노래 부르거나 악기로 연주하고 연주를 통해 알게 된 점과 연주에 대한 자신의 느낌을 이야기한다.,기초적인 음악 요소를 이해하여 그 특징을 살려 노래 부르거나 악기로 연주하고 연주에 대한 자신의 느낌을 이야기한다.,기초적인 음악 요소를 부분적으로 이해하여 그 특징을 일부 살려 노래 부르거나 악기로 연주하고 연주에 대한 자신의 느낌을 이야기하려고 노력한다.,"[4음01-02] 이 성취기준은 노래나 악기 연주를 통해 기초적인 음악 요소를 표현하도록 하기 위해 설정하였다. 기초적인 수준의 음악 요소를 익혀 다양한 악곡을 연주하고, 이를 통해 알게 된 점이나 느낌 등을 이야기해 봄으로써 음악 개념과 활동을 의미 있게 연결 짓도록 하는 데 중점을 둔다.","• 생활 속에서 접할 수 있는 다양한 노래와 악기 연주 활동을 통해 음악적 감성을 기르도록 한다. 
• 자유롭게 소리를 탐색하며 음악 요소나 주법 등을 기초적인 수준에서 이해하여 음악에는 고유한 방식과 원리가 있고 이를 다양한 소리로 표현할 수 있음을 경험하도록 한다. 
• 노래나 악기 연주를 통한 음악 기초 기능을 바탕으로 신체표현, 놀이, 이야기 등으로 점차 확장시켜 음악 개념과 활동을 의미 있게 연결 짓도록 구성한다. 
• 연주를 즐기는 태도나 연주에 대한 관심과 관련된 성취기준은 학생의 학습 참여도 등을 평가기준으로 삼아 표현하기, 이야기하기 등의 다양한 활동으로 나타내도록 할 수 있다.
• 간단한 악곡의 연주에 관한 개인 또는 공동체의 경험을 토대로 일상생활 속에서 음악에 관심을 가지고 생활화할 수 있도록 구조화된 점검표나 다이어그램, 음악 생활 일지 등을 활용할 수 있다."
3~4,음악,연주,"⋅음악은 고유한 방식과 원리에 따라 인간의 느낌, 생각, 경험을 다양한 소리의 어울림으로 표현한 것이다. 
⋅개인적 혹은 협력적 음악 연주는 인간의 감수성과 사회⋅문화적 배경에 따라 다양한 행위 과정으로 나타난다. 
⋅인간은 생활 속에서 다양한 음악 매체와 표현 방법을 활용하여 함께 경험하며 소통한다.",4음01-03,노래와 악기 연주에 어울리는 신체표현이나 놀이를 하며 음악을 즐긴다.,노래와 악기 연주의 특성을 충분히 이해하여 악곡에 어울리는 신체표현이나 놀이를 하며 적극적인 태도로 음악을 즐긴다.,노래와 악기 연주의 특성을 이해하여 악곡에 어울리는 신체표현이나 놀이를 하며 음악을 즐긴다.,노래와 악기 연주의 특성을 부분적으로 이해하여 신체표현이나 놀이를 하며 음악을 즐기려고 노력한다.,"[4음01-03] 이 성취기준은 다양한 노래나 악기 연주의 특성을 탐색하고 관련지어 자유롭게 신체나 놀이로 표현하도록 하기 위해 설정하였다. 학습자의 발달 단계에 적합한 흥미로운 신체표현을 통해 음악을 즐기고, 음악을 활용하여 전통과 현대의 다양한 놀이를 하도록 함으로써 노래, 연주 등의 음악 활동이 음악 외의 여러 활동과 연결되도록 하는 데 중점을 둔다.","• 생활 속에서 접할 수 있는 다양한 노래와 악기 연주 활동을 통해 음악적 감성을 기르도록 한다. 
• 자유롭게 소리를 탐색하며 음악 요소나 주법 등을 기초적인 수준에서 이해하여 음악에는 고유한 방식과 원리가 있고 이를 다양한 소리로 표현할 수 있음을 경험하도록 한다. 
• 노래나 악기 연주를 통한 음악 기초 기능을 바탕으로 신체표현, 놀이, 이야기 등으로 점차 확장시켜 음악 개념과 활동을 의미 있게 연결 짓도록 구성한다. 
• 연주를 즐기는 태도나 연주에 대한 관심과 관련된 성취기준은 학생의 학습 참여도 등을 평가기준으로 삼아 표현하기, 이야기하기 등의 다양한 활동으로 나타내도록 할 수 있다.
• 간단한 악곡의 연주에 관한 개인 또는 공동체의 경험을 토대로 일상생활 속에서 음악에 관심을 가지고 생활화할 수 있도록 구조화된 점검표나 다이어그램, 음악 생활 일지 등을 활용할 수 있다."
3~4,음악,연주,"⋅음악은 고유한 방식과 원리에 따라 인간의 느낌, 생각, 경험을 다양한 소리의 어울림으로 표현한 것이다. 
⋅개인적 혹은 협력적 음악 연주는 인간의 감수성과 사회⋅문화적 배경에 따라 다양한 행위 과정으로 나타난다. 
⋅인간은 생활 속에서 다양한 음악 매체와 표현 방법을 활용하여 함께 경험하며 소통한다.",4음01-04,생활 속에서 음악을 경험하며 연주에 관심을 가지고 참여한다.,생활 속의 음악을 충분히 이해하여 음악을 경험하며 연주 활동에 관심을 가지고 적극적으로 참여한다.,생활 속의 음악을 이해하여 음악을 경험하며 연주 활동에 관심을 가지고 참여한다.,생활 속의 음악을 부분적으로 이해하여 음악을 경험하며 연주 활동에 참여하려고 노력한다.,"[4음01-04] 이 성취기준은 음악 수업을 통해 학습한 다양한 음악 경험을 생활 속으로 확장하도록 하기 위해 설정하였다. 혼자 또는 여럿이 함께한 노래 및 악기 연주 경험을 바탕으로 가정, 학교 등 주변 생활 속에서 음악을 활용할 수 있는 방법에 대해 살펴보고, 실제 생활에서 간단한 연주 활동에 스스로 관심을 가지고 참여하도록 하는 데 중점을 둔다.","• 생활 속에서 접할 수 있는 다양한 노래와 악기 연주 활동을 통해 음악적 감성을 기르도록 한다. 
• 자유롭게 소리를 탐색하며 음악 요소나 주법 등을 기초적인 수준에서 이해하여 음악에는 고유한 방식과 원리가 있고 이를 다양한 소리로 표현할 수 있음을 경험하도록 한다. 
• 노래나 악기 연주를 통한 음악 기초 기능을 바탕으로 신체표현, 놀이, 이야기 등으로 점차 확장시켜 음악 개념과 활동을 의미 있게 연결 짓도록 구성한다. 
• 연주를 즐기는 태도나 연주에 대한 관심과 관련된 성취기준은 학생의 학습 참여도 등을 평가기준으로 삼아 표현하기, 이야기하기 등의 다양한 활동으로 나타내도록 할 수 있다.
• 간단한 악곡의 연주에 관한 개인 또는 공동체의 경험을 토대로 일상생활 속에서 음악에 관심을 가지고 생활화할 수 있도록 구조화된 점검표나 다이어그램, 음악 생활 일지 등을 활용할 수 있다."
3~4,음악,감상,"⋅ 음악은 고유한 방식과 원리에 따라 다양한 속성을 청각적 형태로 구현한 것이다. 
⋅ 음악적 수용과 반응은 인간의 감수성과 사회⋅문화적 배경에 따라 다양하게 나타난다. 
⋅ 인간은 생활 속에서 다양한 음악 경험을 통해 미적 가치와 의미를 발견하고 공감한다.",4음02-01,음악을 듣고 기초적인 음악 요소를 탐색하며 반응한다.,음악을 듣고 기초적인 음악 요소를 적극적으로 탐색하며 음악 요소의 특성에 따라 적절하게 반응한다.,음악을 듣고 기초적인 음악 요소를 탐색하며 음악 요소의 특성에 따라 반응한다.,음악을 듣고 기초적인 음악 요소에 대해 반응하려고 노력한다.,"[4음02-01] 이 성취기준은 감상곡에 포함된 기초적인 음악 요소를 청각적으로 인식하도록 하기 위해 설정하였다. 음악을 들으며 기초적인 수준의 음악 요소를 탐색해 보고, 노래, 악기, 신체, 언어, 그림 등 다양한 방법으로 자신의 반응을 자유롭게 표현하도록 하는 데 중점을 둔다.","• 다양한 음악 감상을 통해 음악의 요소, 느낌, 쓰임 등을 파악하고 다양한 방식으로 반응, 탐색, 묘사해 보며, 음악이 고유한 방식과 원리에 따라 청각적으로 구현된 것임을 경험함으로써 음악적 감성을 기르도록 한다.
• 예술적⋅교육적 가치뿐만 아니라 주변 생활과 밀접한 주제나 쓰임을 지닌 감상곡을 다룸으로써 생활 속의 다양한 소리와 음악에 호기심과 흥미를 갖도록 한다.
• 음악의 종류나 주제에 따른 음악의 전반적 특징을 발견하고 이를 발표하며 공유하는 활동을 통해 청각적 인식과 음악적 이해를 연결 짓도록 한다.
• 다양한 쓰임이나 주제를 가진 음악을 듣고 이를 노래나 악기 연주뿐 아니라, 신체, 그림, 영상, 글 등의 다양한 방법과 연계하여 표현할 수 있도록 한다.
• 음악에 대한 호기심을 가지거나 음악을 즐기는 태도와 관련된 성취기준은 생활 속의 다양한 음악 조사하기, 소개하기, 생각 발표하기 등의 다양한 활동으로 나타내도록 할 수 있다.
• 감상에서 평가는 실음을 중심으로 악곡에 대한 이해뿐만 아니라 음악을 감상하는 태도를 포괄적으로 평가할 수 있도록 실음 지필 평가, 관찰 평가, 포트폴리오 등의 다양한 방법을 활용할 수 있다."
3~4,음악,감상,"⋅ 음악은 고유한 방식과 원리에 따라 다양한 속성을 청각적 형태로 구현한 것이다. 
⋅ 음악적 수용과 반응은 인간의 감수성과 사회⋅문화적 배경에 따라 다양하게 나타난다. 
⋅ 인간은 생활 속에서 다양한 음악 경험을 통해 미적 가치와 의미를 발견하고 공감한다.",4음02-02,다양한 음악을 듣고 음악적 특징을 발견한다.,다양한 음악을 듣고 음악의 종류나 주제에 따른 음악적 특징을 발견하고 종합적으로 연관지어 구체적으로 이야기한다.,다양한 음악을 듣고 음악의 종류나 주제에 따른 음악적 특징을 발견하고 연관지어 이야기한다.,다양한 음악을 듣고 음악의 종류나 주제 등에 따른 음악적 특징을 발견하고 부분적으로 연관지어 이야기한다.,[4음02-02] 이 성취기준은 음악의 종류나 주제 등에 따른 음악의 전반적 특징을 발견하며 감상하는 능력을 기르도록 하기 위해 설정하였다. 다양한 음악을 감상하며 음악적 특징을 발표하고 공유하는 활동을 통해 다양한 주제가 감상곡에서 어떤 음악적 특징으로 나타나는지 살펴 청각적 인식과 음악적 이해를 연결 짓도록 하는 데 중점을 둔다.,"• 다양한 음악 감상을 통해 음악의 요소, 느낌, 쓰임 등을 파악하고 다양한 방식으로 반응, 탐색, 묘사해 보며, 음악이 고유한 방식과 원리에 따라 청각적으로 구현된 것임을 경험함으로써 음악적 감성을 기르도록 한다.
• 예술적⋅교육적 가치뿐만 아니라 주변 생활과 밀접한 주제나 쓰임을 지닌 감상곡을 다룸으로써 생활 속의 다양한 소리와 음악에 호기심과 흥미를 갖도록 한다.
• 음악의 종류나 주제에 따른 음악의 전반적 특징을 발견하고 이를 발표하며 공유하는 활동을 통해 청각적 인식과 음악적 이해를 연결 짓도록 한다.
• 다양한 쓰임이나 주제를 가진 음악을 듣고 이를 노래나 악기 연주뿐 아니라, 신체, 그림, 영상, 글 등의 다양한 방법과 연계하여 표현할 수 있도록 한다.
• 음악에 대한 호기심을 가지거나 음악을 즐기는 태도와 관련된 성취기준은 생활 속의 다양한 음악 조사하기, 소개하기, 생각 발표하기 등의 다양한 활동으로 나타내도록 할 수 있다.
• 감상에서 평가는 실음을 중심으로 악곡에 대한 이해뿐만 아니라 음악을 감상하는 태도를 포괄적으로 평가할 수 있도록 실음 지필 평가, 관찰 평가, 포트폴리오 등의 다양한 방법을 활용할 수 있다."
3~4,음악,감상,"⋅ 음악은 고유한 방식과 원리에 따라 다양한 속성을 청각적 형태로 구현한 것이다. 
⋅ 음악적 수용과 반응은 인간의 감수성과 사회⋅문화적 배경에 따라 다양하게 나타난다. 
⋅ 인간은 생활 속에서 다양한 음악 경험을 통해 미적 가치와 의미를 발견하고 공감한다.",4음02-03,다양한 종류의 음악을 듣고 음악의 분위기를 묘사하거나 쓰임을 이야기한다.,다양한 분위기나 쓰임을 가진 여러 종류의 음악을 듣고 주어진 조건에 따라 음악의 분위기를 구체적으로 묘사하거나 쓰임에 대해 정확하게 이야기한다.,다양한 분위기나 쓰임을 가진 여러 종류의 음악을 듣고 주어진 조건에 따라 음악의 분위기를 묘사하거나 쓰임에 대해 이야기한다.,다양한 분위기나 쓰임을 가진 여러 종류의 음악을 듣고 주어진 조건에 따라 음악의 분위기를 간단하게 묘사하거나 쓰임에 대해 이야기하려고 노력한다.,"[4음02-03] 이 성취기준은 다양한 분위기와 쓰임을 가진 음악을 듣고 경험하도록 함으로써 음악을 활용할 수 있는 능력을 기르도록 하기 위해 설정하였다. 악곡과 관련된 느낌과 감정, 분위기나 장면 등을 떠올려 보고, 이를 노래, 악기 연주, 신체표현, 그림, 영상, 글쓰기 등의 방법으로 묘사해 본다. 나아가 놀이, 의식, 노동 등 생활 속에서 다양하게 쓰이는 음악에 관해 이야기해 보며 음악 감상을 통한 경험을 확장하도록 하는 데 중점을 둔다.","• 다양한 음악 감상을 통해 음악의 요소, 느낌, 쓰임 등을 파악하고 다양한 방식으로 반응, 탐색, 묘사해 보며, 음악이 고유한 방식과 원리에 따라 청각적으로 구현된 것임을 경험함으로써 음악적 감성을 기르도록 한다.
• 예술적⋅교육적 가치뿐만 아니라 주변 생활과 밀접한 주제나 쓰임을 지닌 감상곡을 다룸으로써 생활 속의 다양한 소리와 음악에 호기심과 흥미를 갖도록 한다.
• 음악의 종류나 주제에 따른 음악의 전반적 특징을 발견하고 이를 발표하며 공유하는 활동을 통해 청각적 인식과 음악적 이해를 연결 짓도록 한다.
• 다양한 쓰임이나 주제를 가진 음악을 듣고 이를 노래나 악기 연주뿐 아니라, 신체, 그림, 영상, 글 등의 다양한 방법과 연계하여 표현할 수 있도록 한다.
• 음악에 대한 호기심을 가지거나 음악을 즐기는 태도와 관련된 성취기준은 생활 속의 다양한 음악 조사하기, 소개하기, 생각 발표하기 등의 다양한 활동으로 나타내도록 할 수 있다.
• 감상에서 평가는 실음을 중심으로 악곡에 대한 이해뿐만 아니라 음악을 감상하는 태도를 포괄적으로 평가할 수 있도록 실음 지필 평가, 관찰 평가, 포트폴리오 등의 다양한 방법을 활용할 수 있다."
3~4,음악,감상,"⋅ 음악은 고유한 방식과 원리에 따라 다양한 속성을 청각적 형태로 구현한 것이다. 
⋅ 음악적 수용과 반응은 인간의 감수성과 사회⋅문화적 배경에 따라 다양하게 나타난다. 
⋅ 인간은 생활 속에서 다양한 음악 경험을 통해 미적 가치와 의미를 발견하고 공감한다.",4음02-04,생활 속에서 음악을 들으며 느낌과 호기심을 갖고 즐긴다.,생활 속에서 호기심을 가지고 다양한 음악을 듣고 음악을 친숙하게 느끼며 적극적으로 즐긴다.,생활 속에서 호기심을 가지고 음악을 듣고 음악을 친숙하게 느끼며 즐긴다.,생활 속에서 음악을 듣고 음악을 느끼며 즐기려고 노력한다.,"[4음02-04] 이 성취기준은 일상생활 속에서 호기심을 가지고 다양한 음악을 들으며 친숙함을 느끼도록 하기 위해 설정하였다. 국악, 서양음악, 세계음악, 대중매체에서 접하는 음악 등을 열린 마음으로 수용하고 즐김으로써 음악 감상을 생활화하도록 하는 데 중점을 둔다.","• 다양한 음악 감상을 통해 음악의 요소, 느낌, 쓰임 등을 파악하고 다양한 방식으로 반응, 탐색, 묘사해 보며, 음악이 고유한 방식과 원리에 따라 청각적으로 구현된 것임을 경험함으로써 음악적 감성을 기르도록 한다.
• 예술적⋅교육적 가치뿐만 아니라 주변 생활과 밀접한 주제나 쓰임을 지닌 감상곡을 다룸으로써 생활 속의 다양한 소리와 음악에 호기심과 흥미를 갖도록 한다.
• 음악의 종류나 주제에 따른 음악의 전반적 특징을 발견하고 이를 발표하며 공유하는 활동을 통해 청각적 인식과 음악적 이해를 연결 짓도록 한다.
• 다양한 쓰임이나 주제를 가진 음악을 듣고 이를 노래나 악기 연주뿐 아니라, 신체, 그림, 영상, 글 등의 다양한 방법과 연계하여 표현할 수 있도록 한다.
• 음악에 대한 호기심을 가지거나 음악을 즐기는 태도와 관련된 성취기준은 생활 속의 다양한 음악 조사하기, 소개하기, 생각 발표하기 등의 다양한 활동으로 나타내도록 할 수 있다.
• 감상에서 평가는 실음을 중심으로 악곡에 대한 이해뿐만 아니라 음악을 감상하는 태도를 포괄적으로 평가할 수 있도록 실음 지필 평가, 관찰 평가, 포트폴리오 등의 다양한 방법을 활용할 수 있다."
3~4,음악,감상,"⋅ 음악은 고유한 방식과 원리에 따라 다양한 속성을 청각적 형태로 구현한 것이다. 
⋅ 음악적 수용과 반응은 인간의 감수성과 사회⋅문화적 배경에 따라 다양하게 나타난다. 
⋅ 인간은 생활 속에서 다양한 음악 경험을 통해 미적 가치와 의미를 발견하고 공감한다.",4음02-05,우리 지역의 음악 문화유산을 찾아 듣고 국악을 즐기는 태도를 갖는다.,우리 지역의 음악 문화유산을 적극적으로 찾아 듣고 음악 문화유산을 충분히 이해하여 국악을 즐기는 태도를 갖는다.,우리 지역의 음악 문화유산을 찾아 듣고 음악 문화유산을 이해하여 국악을 즐기는 태도를 갖는다.,우리 지역의 음악 문화유산을 듣고 음악 문화유산을 부분적으로 이해하여 국악을 즐기는 태도를 가지려 노력한다.,"[4음02-05] 이 성취기준은 지역에 전승되어 오는 음악 문화유산에 관심을 갖고 찾아 들으며, 생활 속에서 국악을 즐기는 태도를 가질 수 있도록 하기 위해 설정하였다. 타 교과의 지역 학습과 연계하여 지역의 음악 문화유산을 통해 자신이 속한 지역 문화에 대한 이해를 높이고, 지역에 전승되어 오는 음악 문화유산에 호기심을 가지게 함으로써 생활 속에서 국악을 즐기는 태도를 함양하는 데 중점을 둔다.","• 다양한 음악 감상을 통해 음악의 요소, 느낌, 쓰임 등을 파악하고 다양한 방식으로 반응, 탐색, 묘사해 보며, 음악이 고유한 방식과 원리에 따라 청각적으로 구현된 것임을 경험함으로써 음악적 감성을 기르도록 한다.
• 예술적⋅교육적 가치뿐만 아니라 주변 생활과 밀접한 주제나 쓰임을 지닌 감상곡을 다룸으로써 생활 속의 다양한 소리와 음악에 호기심과 흥미를 갖도록 한다.
• 음악의 종류나 주제에 따른 음악의 전반적 특징을 발견하고 이를 발표하며 공유하는 활동을 통해 청각적 인식과 음악적 이해를 연결 짓도록 한다.
• 다양한 쓰임이나 주제를 가진 음악을 듣고 이를 노래나 악기 연주뿐 아니라, 신체, 그림, 영상, 글 등의 다양한 방법과 연계하여 표현할 수 있도록 한다.
• 음악에 대한 호기심을 가지거나 음악을 즐기는 태도와 관련된 성취기준은 생활 속의 다양한 음악 조사하기, 소개하기, 생각 발표하기 등의 다양한 활동으로 나타내도록 할 수 있다.
• 감상에서 평가는 실음을 중심으로 악곡에 대한 이해뿐만 아니라 음악을 감상하는 태도를 포괄적으로 평가할 수 있도록 실음 지필 평가, 관찰 평가, 포트폴리오 등의 다양한 방법을 활용할 수 있다."
3~4,음악,창작,"⋅음악은 고유한 방식과 원리에 따라 인간의 무한한 상상과 가능성을 탐구하여 만들어낸 것이다. 
⋅개인적 혹은 협력적 음악 창작은 인간의 감수성과 사회⋅문화적 배경에 따라 다양한 과정과 결과물로 나타난다. 
⋅인간은 생활 속에서 다양한 매체와 방법을 활용하여 자기 주도적으로 음악을 구성하며 기여한다.",4음03-01,느낌과 상상을 즉흥적으로 표현하며 음악에 대한 흥미를 갖는다.,경험에 관련된 느낌과 상상한 바를 어울리는 소리나 음악으로 즉흥적으로 표현하고 적극적으로 표현 활동하며 음악에 흥미를 갖는다.,경험에 관련된 느낌과 상상한 바를 소리나 음악으로 즉흥적으로 표현하며 음악에 대한 흥미를 갖는다.,"경험에 관련된 느낌과 상상한 바를 소리나 음악으로 즉흥적으로 표현하는 데 관심을 보이며, 음악에 대한 흥미를 가지려고 노력한다.","[4음03-01] 이 성취기준은 주변 경험과 관련된 느낌이나 상상한 바를 음악으로 나타냄으로써 음악적 상상력을 기르도록 하기 위하여 설정하였다. 자신의 느낌이나 상상을 일정한 틀이나 형식에 얽매이지 않고 목소리, 악기, 신체, 물체 등을 활용하여 즉흥적인 소리나 음악으로 표현하는 활동을 하며 자신과 다른 사람의 자유로운 표현을 즐기고 음악에 관한 흥미를 갖도록 하는 데 중점을 둔다.","• 소리와 음악의 새로운 표현을 탐구하고 즐기며 음악적 창의성을 기르도록 한다.
• 음악 요소 등 음악의 고유한 방식과 원리에 대한 이해를 바탕으로 한 음악적 표현을 통해 음악 창작 활동에 대한 자신감과 자기주도성의 토대를 형성하도록 한다.
• 자신의 느낌과 상상을 다양하게 탐구하여 즉흥 표현하기, 바꾸기, 모방하여 나타내기 등 간단한 수준의 여러 창작 활동들을 쉽고 재미있게 할 수 있도록 구성한다.
• 창작의 과정에 흥미를 느낄 수 있도록 자유롭고 수용적인 분위기를 조성하도록 한다.
• 학생의 관심과 음악적 수준에 따라 음악을 표기하는 다양한 방법 중 적절한 것을 선택하여 활용할 수 있도록 한다.
• 음악에 대한 흥미나 새로움을 즐기는 태도와 관련된 성취기준은 자신이 만든 음악을 신체나 악기 등으로 표현하기, 친구들과 공유하며 발전시키기, 창작 과정과 결과물에 관한 느낌 발표하기 등의 다양한 활동으로 나타낼 수 있다. 
• 창작에서 평가는 결과물뿐만 아니라 창작 동기나 과정, 참여도를 종합적으로 살피도록 하며 체크리스트, 포트폴리오, 음악 창작 일지 등을 활용할 수 있다."
3~4,음악,창작,"⋅음악은 고유한 방식과 원리에 따라 인간의 무한한 상상과 가능성을 탐구하여 만들어낸 것이다. 
⋅개인적 혹은 협력적 음악 창작은 인간의 감수성과 사회⋅문화적 배경에 따라 다양한 과정과 결과물로 나타난다. 
⋅인간은 생활 속에서 다양한 매체와 방법을 활용하여 자기 주도적으로 음악을 구성하며 기여한다.",4음03-02,악곡의 일부를 바꾸어 표현하고 간단한 악보로 나타낸다.,악곡의 특성을 충분히 이해하여 그 일부를 바꾸어 표현하고 음표·기호·숫자 등을 적절히 활용하여 간단한 악보로 나타낸다.,악곡의 특성을 이해하여 그 일부를 바꾸어 표현하고 음표·기호·숫자 등을 활용하여 간단한 악보로 나타낸다.,악곡의 특성을 부분적으로 이해하여 그 일부를 바꾸어 표현하고 음표·기호·숫자 등을 일부 활용하여 간단한 악보로 나타내려고 노력한다.,"[4음03-02] 이 성취기준은 노랫말 등 악곡의 일부를 바꾸어 표현하고 음악을 기록하는 다양한 방법에 대해 기초적인 수준에서 이해하도록 하기 위해 설정하였다. 음⋅음표, 그림, 기호, 숫자, 문자 등을 활용하여 악보로 나타내고 창작과 공유의 즐거움을 경험하도록 하는 데 중점을 둔다.","• 소리와 음악의 새로운 표현을 탐구하고 즐기며 음악적 창의성을 기르도록 한다.
• 음악 요소 등 음악의 고유한 방식과 원리에 대한 이해를 바탕으로 한 음악적 표현을 통해 음악 창작 활동에 대한 자신감과 자기주도성의 토대를 형성하도록 한다.
• 자신의 느낌과 상상을 다양하게 탐구하여 즉흥 표현하기, 바꾸기, 모방하여 나타내기 등 간단한 수준의 여러 창작 활동들을 쉽고 재미있게 할 수 있도록 구성한다.
• 창작의 과정에 흥미를 느낄 수 있도록 자유롭고 수용적인 분위기를 조성하도록 한다.
• 학생의 관심과 음악적 수준에 따라 음악을 표기하는 다양한 방법 중 적절한 것을 선택하여 활용할 수 있도록 한다.
• 음악에 대한 흥미나 새로움을 즐기는 태도와 관련된 성취기준은 자신이 만든 음악을 신체나 악기 등으로 표현하기, 친구들과 공유하며 발전시키기, 창작 과정과 결과물에 관한 느낌 발표하기 등의 다양한 활동으로 나타낼 수 있다. 
• 창작에서 평가는 결과물뿐만 아니라 창작 동기나 과정, 참여도를 종합적으로 살피도록 하며 체크리스트, 포트폴리오, 음악 창작 일지 등을 활용할 수 있다."
3~4,음악,창작,"⋅음악은 고유한 방식과 원리에 따라 인간의 무한한 상상과 가능성을 탐구하여 만들어낸 것이다. 
⋅개인적 혹은 협력적 음악 창작은 인간의 감수성과 사회⋅문화적 배경에 따라 다양한 과정과 결과물로 나타난다. 
⋅인간은 생활 속에서 다양한 매체와 방법을 활용하여 자기 주도적으로 음악을 구성하며 기여한다.",4음03-03,기초적인 음악 요소를 활용하여 소리나 음악으로 표현한다.,기초적인 음악 요소를 적절하게 활용하여 음악 요소의 특징이 잘 나타나도록 소리나 음악으로 창의적으로 표현한다.,기초적인 음악 요소를 활용하여 음악 요소의 특징이 나타나도록 소리나 음악으로 표현한다.,기초적인 음악 요소를 활용하여 소리나 음악으로 표현하려고 노력한다.,[4음03-03] 이 성취기준은 음악 요소에 관한 이해를 바탕으로 소리나 음악을 창작하는 기초적인 능력을 기르도록 하기 위해 설정하였다. 기초적인 수준의 음악 요소를 활용하여 짧고 간단한 소리나 음악으로 자유롭게 표현하며 음악 요소에 따른 음악적 효과와 특징을 스스로 인식하도록 하는 데 중점을 둔다.,"• 소리와 음악의 새로운 표현을 탐구하고 즐기며 음악적 창의성을 기르도록 한다.
• 음악 요소 등 음악의 고유한 방식과 원리에 대한 이해를 바탕으로 한 음악적 표현을 통해 음악 창작 활동에 대한 자신감과 자기주도성의 토대를 형성하도록 한다.
• 자신의 느낌과 상상을 다양하게 탐구하여 즉흥 표현하기, 바꾸기, 모방하여 나타내기 등 간단한 수준의 여러 창작 활동들을 쉽고 재미있게 할 수 있도록 구성한다.
• 창작의 과정에 흥미를 느낄 수 있도록 자유롭고 수용적인 분위기를 조성하도록 한다.
• 학생의 관심과 음악적 수준에 따라 음악을 표기하는 다양한 방법 중 적절한 것을 선택하여 활용할 수 있도록 한다.
• 음악에 대한 흥미나 새로움을 즐기는 태도와 관련된 성취기준은 자신이 만든 음악을 신체나 악기 등으로 표현하기, 친구들과 공유하며 발전시키기, 창작 과정과 결과물에 관한 느낌 발표하기 등의 다양한 활동으로 나타낼 수 있다. 
• 창작에서 평가는 결과물뿐만 아니라 창작 동기나 과정, 참여도를 종합적으로 살피도록 하며 체크리스트, 포트폴리오, 음악 창작 일지 등을 활용할 수 있다."
3~4,음악,창작,"⋅음악은 고유한 방식과 원리에 따라 인간의 무한한 상상과 가능성을 탐구하여 만들어낸 것이다. 
⋅개인적 혹은 협력적 음악 창작은 인간의 감수성과 사회⋅문화적 배경에 따라 다양한 과정과 결과물로 나타난다. 
⋅인간은 생활 속에서 다양한 매체와 방법을 활용하여 자기 주도적으로 음악을 구성하며 기여한다.",4음03-04,생활 주변의 소리나 장면을 모방하며 음악의 새로움을 즐기는 태도를 갖는다.,생활 주변의 소리나 장면의 특징을 살려 실감나게 모방하며 새로운 음악적 표현을 적극적으로 즐기는 태도를 갖는다.,생활 주변의 소리나 장면의 특징을 살려 모방하며 새로운 음악적 표현을 즐기는 태도를 갖는다.,생활 주변의 소리나 장면을 모방하며 새로운 음악적 표현을 즐기려고 노력한다.,"[4음03-04] 이 성취기준은 생활 주변의 소리에 민감하게 반응하고 새로운 음악을 만들어가며 즐길 수 있도록 하기 위해 설정하였다. 일상에서 경험할 수 있는 다양한 소리나 장면을 음악의 관점에서 탐색해 보고 이를 모방하여 노래, 악기 연주, 신체표현 등의 다양한 방법으로 나타내도록 한다. 학습자마다 산출해낸 다양한 결과물을 서로 공유하며 새로운 표현과 그 가능성을 즐기도록 하는 데 중점을 둔다.","• 소리와 음악의 새로운 표현을 탐구하고 즐기며 음악적 창의성을 기르도록 한다.
• 음악 요소 등 음악의 고유한 방식과 원리에 대한 이해를 바탕으로 한 음악적 표현을 통해 음악 창작 활동에 대한 자신감과 자기주도성의 토대를 형성하도록 한다.
• 자신의 느낌과 상상을 다양하게 탐구하여 즉흥 표현하기, 바꾸기, 모방하여 나타내기 등 간단한 수준의 여러 창작 활동들을 쉽고 재미있게 할 수 있도록 구성한다.
• 창작의 과정에 흥미를 느낄 수 있도록 자유롭고 수용적인 분위기를 조성하도록 한다.
• 학생의 관심과 음악적 수준에 따라 음악을 표기하는 다양한 방법 중 적절한 것을 선택하여 활용할 수 있도록 한다.
• 음악에 대한 흥미나 새로움을 즐기는 태도와 관련된 성취기준은 자신이 만든 음악을 신체나 악기 등으로 표현하기, 친구들과 공유하며 발전시키기, 창작 과정과 결과물에 관한 느낌 발표하기 등의 다양한 활동으로 나타낼 수 있다. 
• 창작에서 평가는 결과물뿐만 아니라 창작 동기나 과정, 참여도를 종합적으로 살피도록 하며 체크리스트, 포트폴리오, 음악 창작 일지 등을 활용할 수 있다."
3~4,미술,미적 체험,"⋅미적 체험은 감각을 깨워 미적 감수성을 풍부하게 하며 미적 가치를 발견하도록 한다. 
⋅대상과 현상을 관찰하고 지각하는 경험은 앎을 확장하고 자신을 성찰하게 한다. 
⋅이미지에 대한 비판적 이해는 시각적 소통과 문화적 참여의 토대가 된다.",4미01-01,자연물과 인공물을 탐색하는 데 다양한 감각을 활용할 수 있다.,자연물과 인공물을 탐색하는 데 쓰이는 자신의 다양한 감각을 이해하고 적극적으로 활용할 수 있다.,자연물과 인공물을 탐색하는 데 쓰이는 자신의 다양한 감각을 발견하고 활용할 수 있다.,자연물과 인공물을 탐색하는 데 자신의 다양한 감각을 제한적으로 활용할 수 있다.,,"• 미적 체험 영역에서는 학생들이 지각, 성찰, 소통의 개념을 이해하도록 한다.
• 미적 체험은 학생들이 자신의 감각으로 주변 대상을 생동감 있게 탐색하고 지각하는 활동을 통해 감각적 인식이 주는 새로움과 다양성을 경험하는 데 수업의 주안점을 둔다. 미적 체험에서는 시각을 비롯한 촉각, 청각, 후각, 미각 등 몸의 다양한 감각을 활용한다. 직접 체험이 좋지만, 환경적 여건이 어려울 때는 사진, 영상, 멀티미디어 자료 등을 활용한 간접 체험을 활용하도록 한다. 
• 특정 감각을 활용하는 데 어려움이 있는 학습자를 고려한 활동을 별도 구성하여 유의미한 미적 체험이 될 수 있도록 하며 활동 시 안전에 유의한다. 
• 미적 탐색은 대상을 지각하는 체험뿐만 아니라 대상에 반응하며 떠오르는 자신의 감정, 느낌, 생각 등을 글, 그림, 사진, 동영상, 음악, 움직임 등을 통해 자유롭게 표현하는 활동으로까지 이어지도록 한다. 이로써 자신의 감각을 통해 대상을 지각하고 반응하는 방식을 성찰할 수 있다. 작품 표현 활동이 아니므로 시각적 표현을 지나치게 강요하지 않도록 유의한다. 
• 생활 속 미술의 범위는 순수 미술, 응용 미술 및 시각 문화 전반을 포괄한다. 학습자가 주변의 생활용품이나 영상물, 건축 및 생활공간 등에서 미술과 관련된 것들을 조사⋅수집⋅분류하고 소통하는 과정에서 미술이 삶과 밀접하게 연관되어 있음을 이해하도록 한다. 
• 미적 체험은 감각을 통해 대상을 직접 보고 느끼며 이해하는 심미적 경험이다. 학습자가 대상을 보는 자신만의 방식을 발견하고 대상이 지닌 다채로운 면모를 접하며 세계에 대한 호기심을 기를 수 있도록 허용적인 분위기를 조성한다. 
• 미적 체험의 평가는 감각을 활용하는 능력, 대상을 관찰하고 탐색하는 능력, 대상에 대한 자신의 반응을 이해하는 능력, 생활 속에서 미술을 발견하는 능력을 평가하며 체험 결과뿐만 아니라 과정에 초점을 두고 관찰하여 평가한다."
3~4,미술,미적 체험,"⋅미적 체험은 감각을 깨워 미적 감수성을 풍부하게 하며 미적 가치를 발견하도록 한다. 
⋅대상과 현상을 관찰하고 지각하는 경험은 앎을 확장하고 자신을 성찰하게 한다. 
⋅이미지에 대한 비판적 이해는 시각적 소통과 문화적 참여의 토대가 된다.",4미01-02,주변 대상을 체험하며 떠오른 느낌과 생각을 다양한 방법으로 나타낼 수 있다.,주변 대상을 체험하며 떠오른 느낌과 생각을 구체적이고 다양한 방법으로 나타낼 수 있다.,주변 대상을 체험하며 떠오른 느낌과 생각을 다양한 방법으로 나타낼 수 있다.,주변 대상을 체험하며 떠오른 느낌과 생각을 부분적으로 나타낼 수 있다.,,"• 미적 체험 영역에서는 학생들이 지각, 성찰, 소통의 개념을 이해하도록 한다.
• 미적 체험은 학생들이 자신의 감각으로 주변 대상을 생동감 있게 탐색하고 지각하는 활동을 통해 감각적 인식이 주는 새로움과 다양성을 경험하는 데 수업의 주안점을 둔다. 미적 체험에서는 시각을 비롯한 촉각, 청각, 후각, 미각 등 몸의 다양한 감각을 활용한다. 직접 체험이 좋지만, 환경적 여건이 어려울 때는 사진, 영상, 멀티미디어 자료 등을 활용한 간접 체험을 활용하도록 한다. 
• 특정 감각을 활용하는 데 어려움이 있는 학습자를 고려한 활동을 별도 구성하여 유의미한 미적 체험이 될 수 있도록 하며 활동 시 안전에 유의한다. 
• 미적 탐색은 대상을 지각하는 체험뿐만 아니라 대상에 반응하며 떠오르는 자신의 감정, 느낌, 생각 등을 글, 그림, 사진, 동영상, 음악, 움직임 등을 통해 자유롭게 표현하는 활동으로까지 이어지도록 한다. 이로써 자신의 감각을 통해 대상을 지각하고 반응하는 방식을 성찰할 수 있다. 작품 표현 활동이 아니므로 시각적 표현을 지나치게 강요하지 않도록 유의한다. 
• 생활 속 미술의 범위는 순수 미술, 응용 미술 및 시각 문화 전반을 포괄한다. 학습자가 주변의 생활용품이나 영상물, 건축 및 생활공간 등에서 미술과 관련된 것들을 조사⋅수집⋅분류하고 소통하는 과정에서 미술이 삶과 밀접하게 연관되어 있음을 이해하도록 한다. 
• 미적 체험은 감각을 통해 대상을 직접 보고 느끼며 이해하는 심미적 경험이다. 학습자가 대상을 보는 자신만의 방식을 발견하고 대상이 지닌 다채로운 면모를 접하며 세계에 대한 호기심을 기를 수 있도록 허용적인 분위기를 조성한다. 
• 미적 체험의 평가는 감각을 활용하는 능력, 대상을 관찰하고 탐색하는 능력, 대상에 대한 자신의 반응을 이해하는 능력, 생활 속에서 미술을 발견하는 능력을 평가하며 체험 결과뿐만 아니라 과정에 초점을 두고 관찰하여 평가한다."
3~4,미술,미적 체험,"⋅미적 체험은 감각을 깨워 미적 감수성을 풍부하게 하며 미적 가치를 발견하도록 한다. 
⋅대상과 현상을 관찰하고 지각하는 경험은 앎을 확장하고 자신을 성찰하게 한다. 
⋅이미지에 대한 비판적 이해는 시각적 소통과 문화적 참여의 토대가 된다.",4미01-03,미적 탐색에 호기심을 갖고 참여하며 자신의 감각으로 대상의 특징을 이해할 수 있다.,미적 탐색에 호기심을 갖고 적극적으로 참여하며 자신의 감각으로 대상의 특징을 이해하고 설명할 수 있다.,미적 탐색에 호기심을 갖고 참여하며 자신의 감각으로 대상의 특징을 이해할 수 있다.,미적 탐색에 관심을 보이며 자신의 감각으로 대상의 특징을 부분적으로 이해할 수 있다.,"[4미01-03] 성취기준은 객관적 지식을 적용하거나 고정 관념에 따라 대상을 이해하는 방식에서 벗어나 몸의 다양한 감각으로 직접 대상을 탐색하는 데 호기심을 갖고 참여하며 자신의 감각을 바탕으로 대상의 특징을 이해하는 데 중점을 둔다. 같은 대상이라도 지각하고 반응하는 방식은 학생마다 다를 수 있다. 대상을 지각하며 자연스럽게 떠올린 자신의 감정, 느낌, 생각 등을 나타내고 친구들의 다양한 반응을 접하며 자신만의 고유한 감각을 통해 대상이 지닌 다채로운 특징을 이해한다.","• 미적 체험 영역에서는 학생들이 지각, 성찰, 소통의 개념을 이해하도록 한다.
• 미적 체험은 학생들이 자신의 감각으로 주변 대상을 생동감 있게 탐색하고 지각하는 활동을 통해 감각적 인식이 주는 새로움과 다양성을 경험하는 데 수업의 주안점을 둔다. 미적 체험에서는 시각을 비롯한 촉각, 청각, 후각, 미각 등 몸의 다양한 감각을 활용한다. 직접 체험이 좋지만, 환경적 여건이 어려울 때는 사진, 영상, 멀티미디어 자료 등을 활용한 간접 체험을 활용하도록 한다. 
• 특정 감각을 활용하는 데 어려움이 있는 학습자를 고려한 활동을 별도 구성하여 유의미한 미적 체험이 될 수 있도록 하며 활동 시 안전에 유의한다. 
• 미적 탐색은 대상을 지각하는 체험뿐만 아니라 대상에 반응하며 떠오르는 자신의 감정, 느낌, 생각 등을 글, 그림, 사진, 동영상, 음악, 움직임 등을 통해 자유롭게 표현하는 활동으로까지 이어지도록 한다. 이로써 자신의 감각을 통해 대상을 지각하고 반응하는 방식을 성찰할 수 있다. 작품 표현 활동이 아니므로 시각적 표현을 지나치게 강요하지 않도록 유의한다. 
• 생활 속 미술의 범위는 순수 미술, 응용 미술 및 시각 문화 전반을 포괄한다. 학습자가 주변의 생활용품이나 영상물, 건축 및 생활공간 등에서 미술과 관련된 것들을 조사⋅수집⋅분류하고 소통하는 과정에서 미술이 삶과 밀접하게 연관되어 있음을 이해하도록 한다. 
• 미적 체험은 감각을 통해 대상을 직접 보고 느끼며 이해하는 심미적 경험이다. 학습자가 대상을 보는 자신만의 방식을 발견하고 대상이 지닌 다채로운 면모를 접하며 세계에 대한 호기심을 기를 수 있도록 허용적인 분위기를 조성한다. 
• 미적 체험의 평가는 감각을 활용하는 능력, 대상을 관찰하고 탐색하는 능력, 대상에 대한 자신의 반응을 이해하는 능력, 생활 속에서 미술을 발견하는 능력을 평가하며 체험 결과뿐만 아니라 과정에 초점을 두고 관찰하여 평가한다."
3~4,미술,미적 체험,"⋅미적 체험은 감각을 깨워 미적 감수성을 풍부하게 하며 미적 가치를 발견하도록 한다. 
⋅대상과 현상을 관찰하고 지각하는 경험은 앎을 확장하고 자신을 성찰하게 한다. 
⋅이미지에 대한 비판적 이해는 시각적 소통과 문화적 참여의 토대가 된다.",4미01-04,생활 속에서 활용되는 미술에 관심을 가지고 미술의 특징과 역할을 발견할 수 있다.,생활 속에서 활용되는 미술에 지속적인 관심을 가지고 여러 사례를 조사하여 미술의 특징과 역할을 다양하게 발견할 수 있다.,생활 속에서 활용되는 미술에 관심을 가지고 사례를 찾아 미술의 특징과 역할을 발견할 수 있다.,생활 속에서 활용되는 미술에 관심을 보이며 미술의 특징과 역할을 발견하고자 노력한다.,,"• 미적 체험 영역에서는 학생들이 지각, 성찰, 소통의 개념을 이해하도록 한다.
• 미적 체험은 학생들이 자신의 감각으로 주변 대상을 생동감 있게 탐색하고 지각하는 활동을 통해 감각적 인식이 주는 새로움과 다양성을 경험하는 데 수업의 주안점을 둔다. 미적 체험에서는 시각을 비롯한 촉각, 청각, 후각, 미각 등 몸의 다양한 감각을 활용한다. 직접 체험이 좋지만, 환경적 여건이 어려울 때는 사진, 영상, 멀티미디어 자료 등을 활용한 간접 체험을 활용하도록 한다. 
• 특정 감각을 활용하는 데 어려움이 있는 학습자를 고려한 활동을 별도 구성하여 유의미한 미적 체험이 될 수 있도록 하며 활동 시 안전에 유의한다. 
• 미적 탐색은 대상을 지각하는 체험뿐만 아니라 대상에 반응하며 떠오르는 자신의 감정, 느낌, 생각 등을 글, 그림, 사진, 동영상, 음악, 움직임 등을 통해 자유롭게 표현하는 활동으로까지 이어지도록 한다. 이로써 자신의 감각을 통해 대상을 지각하고 반응하는 방식을 성찰할 수 있다. 작품 표현 활동이 아니므로 시각적 표현을 지나치게 강요하지 않도록 유의한다. 
• 생활 속 미술의 범위는 순수 미술, 응용 미술 및 시각 문화 전반을 포괄한다. 학습자가 주변의 생활용품이나 영상물, 건축 및 생활공간 등에서 미술과 관련된 것들을 조사⋅수집⋅분류하고 소통하는 과정에서 미술이 삶과 밀접하게 연관되어 있음을 이해하도록 한다. 
• 미적 체험은 감각을 통해 대상을 직접 보고 느끼며 이해하는 심미적 경험이다. 학습자가 대상을 보는 자신만의 방식을 발견하고 대상이 지닌 다채로운 면모를 접하며 세계에 대한 호기심을 기를 수 있도록 허용적인 분위기를 조성한다. 
• 미적 체험의 평가는 감각을 활용하는 능력, 대상을 관찰하고 탐색하는 능력, 대상에 대한 자신의 반응을 이해하는 능력, 생활 속에서 미술을 발견하는 능력을 평가하며 체험 결과뿐만 아니라 과정에 초점을 두고 관찰하여 평가한다."
3~4,미술,표현,"⋅표현은 자신의 느낌과 생각을 시각화하는 창의적 사고와 성찰의 순환 과정으로 이루어진다. 
⋅다양한 발상은 아이디어와 주제를 발전시키고 표현의 토대가 된다. 
⋅작품 제작은 표현 재료와 방법, 조형 요소와 원리 등을 선택하고 활용하여 창의적으로 문제를 해결하는 과정을 통해 예술적 성취를 경험하게 한다.",4미02-01,관찰과 상상으로 아이디어를 떠올려 표현 주제를 구체화할 수 있다.,관찰과 상상으로 다양한 아이디어를 떠올려 표현 주제를 구체화할 수 있다.,관찰과 상상으로 아이디어를 떠올려 표현 주제를 구체화할 수 있다.,관찰과 상상으로 아이디어를 떠올려 표현 주제를 나타낼 수 있다.,,"• 표현 영역에서는 학생들이 발상, 매체 탐색, 제작의 개념과 방법을 이해하도록 한다.
• 표현 활동이 학생들의 삶과 연결될 수 있도록 성취기준을 활용하여 학습 목표를 설정한다. 관찰의 대상이나 상상을 이끄는 동기는 학습자의 주변에서 흔히 접할 수 있는 생활 요소에서 출발하여 표현 활동이 삶에 주는 심미적 영향력을 경험할 수 있도록 한다.
• 작품 제작은 주제 선정에서 표현 계획 및 실행과 발표 및 마무리까지 일련의 문제 해결 과정이 되도록 한다. 심화 수준의 학생들에게는 표현 방법과 과정을 자기주도적으로 계획하여 실행할 수 있도록 장려하고, 보통 수준의 학생들에게는 표현 주제에 적합한 예시적인 방법을 제안하는 등 학생들의 개인차에 따라 과제를 부여한다.
• 조형 요소는 시각적 아름다움을 구성하는 기본 요소이다. 학생들이 작품뿐 아니라 주변 자연물이나 인공물에서 조형 요소를 발견하고 그 특징을 이해하여 주제 표현에 알맞은 조형 요소를 연결하여 적용할 수 있도록 한다.
• 표현 재료와 용구의 물성을 감각적으로 익히고 체험하는 활동은 학생들의 감수성을 발달시키고 자신의 느낌과 생각, 경험을 시각적으로 표현하는데 중요한 경험이다. 이에 다양한 표현 재료와 용구를 충분히 다루고 익힐 수 있는 시간을 확보하여 학생들이 의도에 따라 활용할 수 있도록 한다. 더불어 재료와 용구의 사용에 있어 제한이 있는 학생을 고려하여 대체할 방법을 마련하도록 한다. 
• 학생들의 건강과 환경에 미치는 영향을 고려하여 표현 재료와 용구를 준비하고 안전하게 사용하는 방법을 지도한다. 표현 재료와 용구의 구성 성분 및 유의 사항을 파악하여 학생들의 피부와 호흡기에 해로운 재료와 용구를 사전에 구별하여 제외한다. 사용 후 발생하는 쓰레기 처리 및 하수 처리 등이 환경에 미치는 영향을 고려하여 표현 재료와 용구를 준비하고 안전 수칙을 지켜 사용하도록 한다.
• 학생들의 감성, 흥미, 표현력 등의 개인차에　따라 작품 제작의 과정과 결과는 다를 수 있다. 다른 사람들의 시선을 의식하지 않고 자신의 창작 욕구에 따라 표현 주제에 흥미를 갖고 끝까지 작품을 제작하도록 하되 지나치게 높은 수준의 완성도를 요구하지 않도록 한다.
• 표현에서 평가는 표현 주제를 구체화하는 능력, 조형 요소의 특징을 이해하고 활용하는 능력, 기본적인 표현 재료와 용구의 사용 방법을 익히는 과정, 자유로운 시도로 의도에 맞게 작품을 제작하는 과정, 자기 작품을 소중히 하는 태도 등을 지속해서 관찰하여 평가한다."
3~4,미술,표현,"⋅표현은 자신의 느낌과 생각을 시각화하는 창의적 사고와 성찰의 순환 과정으로 이루어진다. 
⋅다양한 발상은 아이디어와 주제를 발전시키고 표현의 토대가 된다. 
⋅작품 제작은 표현 재료와 방법, 조형 요소와 원리 등을 선택하고 활용하여 창의적으로 문제를 해결하는 과정을 통해 예술적 성취를 경험하게 한다.",4미02-02,기본적인 표현 재료와 용구의 특성을 이해하고 사용 방법을 익힐 수 있다.,기본적인 표현 재료와 용구의 특성을 이해하고 설명하며 적절한 사용 방법을 익힐 수 있다.,기본적인 표현 재료와 용구의 특성을 이해하고 사용 방법을 익힐 수 있다.,기본적인 표현 재료와 용구의 특성을 부분적으로 이해하고 사용 방법을 익히고자 노력한다.,"[4미02-02] 성취기준은 기본적인 표현 재료의 물성을 경험하고 표현 용구의 사용법을 충분히 익히는 활동에 중점을 둔다. 표현 재료와 용구는 단순히 표현 수단을 넘어 그 자체로서 학생들에게 새로운 느낌과 생각을 가지게 한다. 초등학교 3~4학년 수준에서 다룰 수 있는 기본적인 표현 재료에는 종이류(도화지, 색종이, 한지 등), 드로잉 재료(연필, 펜 등), 채색 재료(크레파스, 파스텔, 수채화물감, 아크릴물감, 먹 등), 조소 재료(찰흙, 종이죽, 공예용 철사 등)가 있으며 그 밖에 생활 속에서 익숙하게 다루고 있는 다양한 생활용품 및 디지털 매체를 활용할 수 있다.","• 표현 영역에서는 학생들이 발상, 매체 탐색, 제작의 개념과 방법을 이해하도록 한다.
• 표현 활동이 학생들의 삶과 연결될 수 있도록 성취기준을 활용하여 학습 목표를 설정한다. 관찰의 대상이나 상상을 이끄는 동기는 학습자의 주변에서 흔히 접할 수 있는 생활 요소에서 출발하여 표현 활동이 삶에 주는 심미적 영향력을 경험할 수 있도록 한다.
• 작품 제작은 주제 선정에서 표현 계획 및 실행과 발표 및 마무리까지 일련의 문제 해결 과정이 되도록 한다. 심화 수준의 학생들에게는 표현 방법과 과정을 자기주도적으로 계획하여 실행할 수 있도록 장려하고, 보통 수준의 학생들에게는 표현 주제에 적합한 예시적인 방법을 제안하는 등 학생들의 개인차에 따라 과제를 부여한다.
• 조형 요소는 시각적 아름다움을 구성하는 기본 요소이다. 학생들이 작품뿐 아니라 주변 자연물이나 인공물에서 조형 요소를 발견하고 그 특징을 이해하여 주제 표현에 알맞은 조형 요소를 연결하여 적용할 수 있도록 한다.
• 표현 재료와 용구의 물성을 감각적으로 익히고 체험하는 활동은 학생들의 감수성을 발달시키고 자신의 느낌과 생각, 경험을 시각적으로 표현하는데 중요한 경험이다. 이에 다양한 표현 재료와 용구를 충분히 다루고 익힐 수 있는 시간을 확보하여 학생들이 의도에 따라 활용할 수 있도록 한다. 더불어 재료와 용구의 사용에 있어 제한이 있는 학생을 고려하여 대체할 방법을 마련하도록 한다. 
• 학생들의 건강과 환경에 미치는 영향을 고려하여 표현 재료와 용구를 준비하고 안전하게 사용하는 방법을 지도한다. 표현 재료와 용구의 구성 성분 및 유의 사항을 파악하여 학생들의 피부와 호흡기에 해로운 재료와 용구를 사전에 구별하여 제외한다. 사용 후 발생하는 쓰레기 처리 및 하수 처리 등이 환경에 미치는 영향을 고려하여 표현 재료와 용구를 준비하고 안전 수칙을 지켜 사용하도록 한다.
• 학생들의 감성, 흥미, 표현력 등의 개인차에　따라 작품 제작의 과정과 결과는 다를 수 있다. 다른 사람들의 시선을 의식하지 않고 자신의 창작 욕구에 따라 표현 주제에 흥미를 갖고 끝까지 작품을 제작하도록 하되 지나치게 높은 수준의 완성도를 요구하지 않도록 한다.
• 표현에서 평가는 표현 주제를 구체화하는 능력, 조형 요소의 특징을 이해하고 활용하는 능력, 기본적인 표현 재료와 용구의 사용 방법을 익히는 과정, 자유로운 시도로 의도에 맞게 작품을 제작하는 과정, 자기 작품을 소중히 하는 태도 등을 지속해서 관찰하여 평가한다."
3~4,미술,표현,"⋅표현은 자신의 느낌과 생각을 시각화하는 창의적 사고와 성찰의 순환 과정으로 이루어진다. 
⋅다양한 발상은 아이디어와 주제를 발전시키고 표현의 토대가 된다. 
⋅작품 제작은 표현 재료와 방법, 조형 요소와 원리 등을 선택하고 활용하여 창의적으로 문제를 해결하는 과정을 통해 예술적 성취를 경험하게 한다.",4미02-03,조형 요소의 특징을 자유롭게 탐색하며 주제 표현에 알맞게 활용할 수 있다.,"조형 요소의 다양한 특징을 자유롭게 탐색하여 이해하고 설명하며, 주제 표현에 적합한 조형 요소를 찾아 알맞게 활용할 수 있다.",조형 요소의 특징을 자유롭게 탐색하여 이해하고 주제 표현에 알맞게 활용할 수 있다.,조형 요소의 일부 특징을 알고 주제 표현에 활용하려고 시도할 수 있다.,"[4미02-03] 성취기준은 미술 표현에 기초가 되는 조형 요소의 특징을 탐색하고 표현 주제와 연결 지어 조형 요소를 활용하는 데 중점을 둔다. 조형 요소에는 선, 형과 형태, 색, 질감, 양감 등이 있다. 각 조형 요소를 탐색하여 시각적 특징을 발견하고 표현하고자 하는 주제와 어울리는 조형 요소를 찾아 주제 표현에 활용한다.","• 표현 영역에서는 학생들이 발상, 매체 탐색, 제작의 개념과 방법을 이해하도록 한다.
• 표현 활동이 학생들의 삶과 연결될 수 있도록 성취기준을 활용하여 학습 목표를 설정한다. 관찰의 대상이나 상상을 이끄는 동기는 학습자의 주변에서 흔히 접할 수 있는 생활 요소에서 출발하여 표현 활동이 삶에 주는 심미적 영향력을 경험할 수 있도록 한다.
• 작품 제작은 주제 선정에서 표현 계획 및 실행과 발표 및 마무리까지 일련의 문제 해결 과정이 되도록 한다. 심화 수준의 학생들에게는 표현 방법과 과정을 자기주도적으로 계획하여 실행할 수 있도록 장려하고, 보통 수준의 학생들에게는 표현 주제에 적합한 예시적인 방법을 제안하는 등 학생들의 개인차에 따라 과제를 부여한다.
• 조형 요소는 시각적 아름다움을 구성하는 기본 요소이다. 학생들이 작품뿐 아니라 주변 자연물이나 인공물에서 조형 요소를 발견하고 그 특징을 이해하여 주제 표현에 알맞은 조형 요소를 연결하여 적용할 수 있도록 한다.
• 표현 재료와 용구의 물성을 감각적으로 익히고 체험하는 활동은 학생들의 감수성을 발달시키고 자신의 느낌과 생각, 경험을 시각적으로 표현하는데 중요한 경험이다. 이에 다양한 표현 재료와 용구를 충분히 다루고 익힐 수 있는 시간을 확보하여 학생들이 의도에 따라 활용할 수 있도록 한다. 더불어 재료와 용구의 사용에 있어 제한이 있는 학생을 고려하여 대체할 방법을 마련하도록 한다. 
• 학생들의 건강과 환경에 미치는 영향을 고려하여 표현 재료와 용구를 준비하고 안전하게 사용하는 방법을 지도한다. 표현 재료와 용구의 구성 성분 및 유의 사항을 파악하여 학생들의 피부와 호흡기에 해로운 재료와 용구를 사전에 구별하여 제외한다. 사용 후 발생하는 쓰레기 처리 및 하수 처리 등이 환경에 미치는 영향을 고려하여 표현 재료와 용구를 준비하고 안전 수칙을 지켜 사용하도록 한다.
• 학생들의 감성, 흥미, 표현력 등의 개인차에　따라 작품 제작의 과정과 결과는 다를 수 있다. 다른 사람들의 시선을 의식하지 않고 자신의 창작 욕구에 따라 표현 주제에 흥미를 갖고 끝까지 작품을 제작하도록 하되 지나치게 높은 수준의 완성도를 요구하지 않도록 한다.
• 표현에서 평가는 표현 주제를 구체화하는 능력, 조형 요소의 특징을 이해하고 활용하는 능력, 기본적인 표현 재료와 용구의 사용 방법을 익히는 과정, 자유로운 시도로 의도에 맞게 작품을 제작하는 과정, 자기 작품을 소중히 하는 태도 등을 지속해서 관찰하여 평가한다."
3~4,미술,표현,"⋅표현은 자신의 느낌과 생각을 시각화하는 창의적 사고와 성찰의 순환 과정으로 이루어진다. 
⋅다양한 발상은 아이디어와 주제를 발전시키고 표현의 토대가 된다. 
⋅작품 제작은 표현 재료와 방법, 조형 요소와 원리 등을 선택하고 활용하여 창의적으로 문제를 해결하는 과정을 통해 예술적 성취를 경험하게 한다.",4미02-04,표현 의도를 가지고 작품을 제작하며 자기 작품을 소중히 여길 수 있다.,분명한 표현 의도를 가지고 주도적으로 작품을 제작하며 자기 작품을 소중히 여기는 태도를 실천한다.,표현 의도를 가지고 작품을 제작하며 자기 작품을 소중히 여기는 태도를 가진다.,표현 의도를 작품 제작에 반영하고자 시도하며 자기 작품을 소중히 여기는 태도를 가지려고 노력한다.,"[4미02-04] 성취기준은 작품 제작을 위한 계획 단계부터 작품을 완성한 후 발표 및 전시에 이르기까지 학생들의 제작 의도와 작품을 대하는 태도에 중점을 둔다. 작품 제작에 분명한 의도를 갖는 것은 주도적으로 작품을 제작하는 바탕이 되어 표현 재료와 용구, 조형 요소의 특징을 탐색하여 작품에 활용하는 일련의 과정을 이끈다. 또한, 자신의 의도에 따라 주도적으로 제작한 작품에는 특별한 의미가 부여되어 작품을 소중히 여기는 태도로 이어질 수 있다.","• 표현 영역에서는 학생들이 발상, 매체 탐색, 제작의 개념과 방법을 이해하도록 한다.
• 표현 활동이 학생들의 삶과 연결될 수 있도록 성취기준을 활용하여 학습 목표를 설정한다. 관찰의 대상이나 상상을 이끄는 동기는 학습자의 주변에서 흔히 접할 수 있는 생활 요소에서 출발하여 표현 활동이 삶에 주는 심미적 영향력을 경험할 수 있도록 한다.
• 작품 제작은 주제 선정에서 표현 계획 및 실행과 발표 및 마무리까지 일련의 문제 해결 과정이 되도록 한다. 심화 수준의 학생들에게는 표현 방법과 과정을 자기주도적으로 계획하여 실행할 수 있도록 장려하고, 보통 수준의 학생들에게는 표현 주제에 적합한 예시적인 방법을 제안하는 등 학생들의 개인차에 따라 과제를 부여한다.
• 조형 요소는 시각적 아름다움을 구성하는 기본 요소이다. 학생들이 작품뿐 아니라 주변 자연물이나 인공물에서 조형 요소를 발견하고 그 특징을 이해하여 주제 표현에 알맞은 조형 요소를 연결하여 적용할 수 있도록 한다.
• 표현 재료와 용구의 물성을 감각적으로 익히고 체험하는 활동은 학생들의 감수성을 발달시키고 자신의 느낌과 생각, 경험을 시각적으로 표현하는데 중요한 경험이다. 이에 다양한 표현 재료와 용구를 충분히 다루고 익힐 수 있는 시간을 확보하여 학생들이 의도에 따라 활용할 수 있도록 한다. 더불어 재료와 용구의 사용에 있어 제한이 있는 학생을 고려하여 대체할 방법을 마련하도록 한다. 
• 학생들의 건강과 환경에 미치는 영향을 고려하여 표현 재료와 용구를 준비하고 안전하게 사용하는 방법을 지도한다. 표현 재료와 용구의 구성 성분 및 유의 사항을 파악하여 학생들의 피부와 호흡기에 해로운 재료와 용구를 사전에 구별하여 제외한다. 사용 후 발생하는 쓰레기 처리 및 하수 처리 등이 환경에 미치는 영향을 고려하여 표현 재료와 용구를 준비하고 안전 수칙을 지켜 사용하도록 한다.
• 학생들의 감성, 흥미, 표현력 등의 개인차에　따라 작품 제작의 과정과 결과는 다를 수 있다. 다른 사람들의 시선을 의식하지 않고 자신의 창작 욕구에 따라 표현 주제에 흥미를 갖고 끝까지 작품을 제작하도록 하되 지나치게 높은 수준의 완성도를 요구하지 않도록 한다.
• 표현에서 평가는 표현 주제를 구체화하는 능력, 조형 요소의 특징을 이해하고 활용하는 능력, 기본적인 표현 재료와 용구의 사용 방법을 익히는 과정, 자유로운 시도로 의도에 맞게 작품을 제작하는 과정, 자기 작품을 소중히 하는 태도 등을 지속해서 관찰하여 평가한다."
3~4,미술,표현,"⋅표현은 자신의 느낌과 생각을 시각화하는 창의적 사고와 성찰의 순환 과정으로 이루어진다. 
⋅다양한 발상은 아이디어와 주제를 발전시키고 표현의 토대가 된다. 
⋅작품 제작은 표현 재료와 방법, 조형 요소와 원리 등을 선택하고 활용하여 창의적으로 문제를 해결하는 과정을 통해 예술적 성취를 경험하게 한다.",4미02-05,미술과 타 교과를 관련지어 주제를 표현하는데 흥미를 가질 수 있다.,다양한 탐색을 통해 미술과 타 교과를 관련지어 주제를 표현하는 데 지속적으로 흥미를 가진다.,미술과 타 교과를 관련지어 주제를 표현하는 데 흥미를 가진다.,미술과 타 교과를 관련지어 주제를 표현하는 데 흥미를 가지려고 노력한다.,,"• 표현 영역에서는 학생들이 발상, 매체 탐색, 제작의 개념과 방법을 이해하도록 한다.
• 표현 활동이 학생들의 삶과 연결될 수 있도록 성취기준을 활용하여 학습 목표를 설정한다. 관찰의 대상이나 상상을 이끄는 동기는 학습자의 주변에서 흔히 접할 수 있는 생활 요소에서 출발하여 표현 활동이 삶에 주는 심미적 영향력을 경험할 수 있도록 한다.
• 작품 제작은 주제 선정에서 표현 계획 및 실행과 발표 및 마무리까지 일련의 문제 해결 과정이 되도록 한다. 심화 수준의 학생들에게는 표현 방법과 과정을 자기주도적으로 계획하여 실행할 수 있도록 장려하고, 보통 수준의 학생들에게는 표현 주제에 적합한 예시적인 방법을 제안하는 등 학생들의 개인차에 따라 과제를 부여한다.
• 조형 요소는 시각적 아름다움을 구성하는 기본 요소이다. 학생들이 작품뿐 아니라 주변 자연물이나 인공물에서 조형 요소를 발견하고 그 특징을 이해하여 주제 표현에 알맞은 조형 요소를 연결하여 적용할 수 있도록 한다.
• 표현 재료와 용구의 물성을 감각적으로 익히고 체험하는 활동은 학생들의 감수성을 발달시키고 자신의 느낌과 생각, 경험을 시각적으로 표현하는데 중요한 경험이다. 이에 다양한 표현 재료와 용구를 충분히 다루고 익힐 수 있는 시간을 확보하여 학생들이 의도에 따라 활용할 수 있도록 한다. 더불어 재료와 용구의 사용에 있어 제한이 있는 학생을 고려하여 대체할 방법을 마련하도록 한다. 
• 학생들의 건강과 환경에 미치는 영향을 고려하여 표현 재료와 용구를 준비하고 안전하게 사용하는 방법을 지도한다. 표현 재료와 용구의 구성 성분 및 유의 사항을 파악하여 학생들의 피부와 호흡기에 해로운 재료와 용구를 사전에 구별하여 제외한다. 사용 후 발생하는 쓰레기 처리 및 하수 처리 등이 환경에 미치는 영향을 고려하여 표현 재료와 용구를 준비하고 안전 수칙을 지켜 사용하도록 한다.
• 학생들의 감성, 흥미, 표현력 등의 개인차에　따라 작품 제작의 과정과 결과는 다를 수 있다. 다른 사람들의 시선을 의식하지 않고 자신의 창작 욕구에 따라 표현 주제에 흥미를 갖고 끝까지 작품을 제작하도록 하되 지나치게 높은 수준의 완성도를 요구하지 않도록 한다.
• 표현에서 평가는 표현 주제를 구체화하는 능력, 조형 요소의 특징을 이해하고 활용하는 능력, 기본적인 표현 재료와 용구의 사용 방법을 익히는 과정, 자유로운 시도로 의도에 맞게 작품을 제작하는 과정, 자기 작품을 소중히 하는 태도 등을 지속해서 관찰하여 평가한다."
3~4,미술,감상,"⋅감상은 다양한 삶과 문화가 반영된 미술과의 만남으로 자신과 공동체의 문화를 이해하게 한다. 
⋅작품의 내용과 형식에 관한 맥락적 이해와 비평은 미적 판단 능력을 높인다. 
⋅감상은 서로 다른 관점을 이해하여 삶에서 미술 문화의 다원적 가치를 존중하도록 한다.",4미03-01,미술 작품을 자세히 보고 작품과 미술가에 관해 질문할 수 있다.,미술 작품을 자세히 보고 작품과 미술가에 관해 다양하게 질문할 수 있다.,미술 작품을 자세히 보고 작품과 미술가에 관해 질문할 수 있다.,미술 작품을 보고 작품과 미술가에 관해 일부 질문을 시도할 수 있다.,"[4미03-01] 성취기준은 작품에 대한 교사의 질문이나 조사에 의존하는 감상 방식에서 벗어나 학생들이 작품을 충분히 보고 자신의 느낌과 생각을 바탕으로 질문을 만들어 상호 작용하는 데 중점을 둔다. 질문하기를 통한 감상은 작품과 나누는 대화의 시작이다. 작품 정보를 활용한 질문, 작품의 내용이나 형식에 관한 질문, 작가의 입장이 되어 던지는 질문 등 다양한 질문을 통하여 학생들이 감상에 흥미를 느끼고 감상 관점을 기르도록 한다.","• 감상 영역에서는 학생들이 미술의 이해, 비평, 생활화의 개념을 이해하도록 한다.
• 감상 활동 시 미술 작품과 미술가를 조사하고 탐구하는 방법을 안내하고 정보와 일화 등을 활용하여 학생들이 미술 작품과 미술가를 친근하게 느끼고 감상에 흥미와 관심을 가지도록 한다. 
• 작품 선정은 학습자의 발달 수준을 고려하되, 여러 분야의 작품을 풍부하게 접할 수 있도록 배려한다. 사실기 전 발달 수준의 학습자들이 다양한 미술 작품을 접함으로써 미술에 대한 고정 관념에서 벗어나 자신의 취향을 발견하고 감상에서 이해한 바를 표현 활동의 아이디어로 연계할 수 있도록 한다. 더불어 미술 작품을 통해 서로 다른 생각이 공존할 수 있음을 이해하고 존중하는 태도를 기를 수 있도록 한다. 
• 미술 작품에 관해 교사가 질문하고 학생이 답변하는 감상이 아니라 미술 작품을 충분히 볼 수 있는 기회와 여건을 제공하여 학생들이 호기심을 갖고 질문을 만들 수 있도록 유도한다. 질문 만들기를 통해 미술 작품에 대한 적극적인 감상 태도와 자신의 감상 관점을 기르도록 한다.
• 작품 감상문 쓰기, 작품을 소개하는 편지 쓰기, 작품 속 장면을 연극으로 표현하기, 작품을 노래로 표현하기 등 작품에 대한 느낌과 생각을 자유롭게 발표하도록 한다.
• 감상에서 평가는 미술 작품과 미술가를 조사한 내용, 작품에 관한 질문 만들기, 작품에 대한 자신의 느낌과 생각 발표, 미술 전시에 참여하는 태도 등을 중심으로 평가한다. "
3~4,미술,감상,"⋅감상은 다양한 삶과 문화가 반영된 미술과의 만남으로 자신과 공동체의 문화를 이해하게 한다. 
⋅작품의 내용과 형식에 관한 맥락적 이해와 비평은 미적 판단 능력을 높인다. 
⋅감상은 서로 다른 관점을 이해하여 삶에서 미술 문화의 다원적 가치를 존중하도록 한다.",4미03-02,미술 작품의 특징과 작품에 관한 자신의 느낌과 생각을 설명할 수 있다.,미술 작품의 다양한 특징과 작품에 관한 자신의 느낌과 생각을 구체적으로 설명할 수 있다.,미술 작품의 특징과 작품에 관한 자신의 느낌과 생각을 설명할 수 있다.,미술 작품의 특징과 작품에 관한 자신의 느낌과 생각을 부분적으로 설명할 수 있다.,,"• 감상 영역에서는 학생들이 미술의 이해, 비평, 생활화의 개념을 이해하도록 한다.
• 감상 활동 시 미술 작품과 미술가를 조사하고 탐구하는 방법을 안내하고 정보와 일화 등을 활용하여 학생들이 미술 작품과 미술가를 친근하게 느끼고 감상에 흥미와 관심을 가지도록 한다. 
• 작품 선정은 학습자의 발달 수준을 고려하되, 여러 분야의 작품을 풍부하게 접할 수 있도록 배려한다. 사실기 전 발달 수준의 학습자들이 다양한 미술 작품을 접함으로써 미술에 대한 고정 관념에서 벗어나 자신의 취향을 발견하고 감상에서 이해한 바를 표현 활동의 아이디어로 연계할 수 있도록 한다. 더불어 미술 작품을 통해 서로 다른 생각이 공존할 수 있음을 이해하고 존중하는 태도를 기를 수 있도록 한다. 
• 미술 작품에 관해 교사가 질문하고 학생이 답변하는 감상이 아니라 미술 작품을 충분히 볼 수 있는 기회와 여건을 제공하여 학생들이 호기심을 갖고 질문을 만들 수 있도록 유도한다. 질문 만들기를 통해 미술 작품에 대한 적극적인 감상 태도와 자신의 감상 관점을 기르도록 한다.
• 작품 감상문 쓰기, 작품을 소개하는 편지 쓰기, 작품 속 장면을 연극으로 표현하기, 작품을 노래로 표현하기 등 작품에 대한 느낌과 생각을 자유롭게 발표하도록 한다.
• 감상에서 평가는 미술 작품과 미술가를 조사한 내용, 작품에 관한 질문 만들기, 작품에 대한 자신의 느낌과 생각 발표, 미술 전시에 참여하는 태도 등을 중심으로 평가한다. "
3~4,미술,감상,"⋅감상은 다양한 삶과 문화가 반영된 미술과의 만남으로 자신과 공동체의 문화를 이해하게 한다. 
⋅작품의 내용과 형식에 관한 맥락적 이해와 비평은 미적 판단 능력을 높인다. 
⋅감상은 서로 다른 관점을 이해하여 삶에서 미술 문화의 다원적 가치를 존중하도록 한다.",4미03-03,미술 문화에 관심을 가지고 전시 및 행사에 참여할 수 있다.,다양한 미술 문화에 관심을 가지고 미술 전시 및 행사에 주도적으로 참여할 수 있다.,미술 문화에 관심을 가지고 미술 전시 및 행사에 참여할 수 있다.,미술 문화에 일부 관심을 가지고 미술 전시 및 행사에 제한적으로 참여할 수 있다.,,"• 감상 영역에서는 학생들이 미술의 이해, 비평, 생활화의 개념을 이해하도록 한다.
• 감상 활동 시 미술 작품과 미술가를 조사하고 탐구하는 방법을 안내하고 정보와 일화 등을 활용하여 학생들이 미술 작품과 미술가를 친근하게 느끼고 감상에 흥미와 관심을 가지도록 한다. 
• 작품 선정은 학습자의 발달 수준을 고려하되, 여러 분야의 작품을 풍부하게 접할 수 있도록 배려한다. 사실기 전 발달 수준의 학습자들이 다양한 미술 작품을 접함으로써 미술에 대한 고정 관념에서 벗어나 자신의 취향을 발견하고 감상에서 이해한 바를 표현 활동의 아이디어로 연계할 수 있도록 한다. 더불어 미술 작품을 통해 서로 다른 생각이 공존할 수 있음을 이해하고 존중하는 태도를 기를 수 있도록 한다. 
• 미술 작품에 관해 교사가 질문하고 학생이 답변하는 감상이 아니라 미술 작품을 충분히 볼 수 있는 기회와 여건을 제공하여 학생들이 호기심을 갖고 질문을 만들 수 있도록 유도한다. 질문 만들기를 통해 미술 작품에 대한 적극적인 감상 태도와 자신의 감상 관점을 기르도록 한다.
• 작품 감상문 쓰기, 작품을 소개하는 편지 쓰기, 작품 속 장면을 연극으로 표현하기, 작품을 노래로 표현하기 등 작품에 대한 느낌과 생각을 자유롭게 발표하도록 한다.
• 감상에서 평가는 미술 작품과 미술가를 조사한 내용, 작품에 관한 질문 만들기, 작품에 대한 자신의 느낌과 생각 발표, 미술 전시에 참여하는 태도 등을 중심으로 평가한다. "
3~4,미술,감상,"⋅감상은 다양한 삶과 문화가 반영된 미술과의 만남으로 자신과 공동체의 문화를 이해하게 한다. 
⋅작품의 내용과 형식에 관한 맥락적 이해와 비평은 미적 판단 능력을 높인다. 
⋅감상은 서로 다른 관점을 이해하여 삶에서 미술 문화의 다원적 가치를 존중하도록 한다.",4미03-04,작품 감상에 흥미를 가지고 참여하며 작품에 대한 자신의 감상 관점을 존중할 수 있다.,작품 감상에 흥미를 가지고 적극적으로 참여하며 작품에 대한 자신의 감상 관점을 존중하는 태도를 내면화할 수 있다.,작품 감상에 흥미를 가지고 참여하며 작품에 대한 자신의 감상 관점을 존중할 수 있다.,작품 감상에 참여하며 작품에 대한 자신의 감상 관점을 가지려고 노력한다.,,"• 감상 영역에서는 학생들이 미술의 이해, 비평, 생활화의 개념을 이해하도록 한다.
• 감상 활동 시 미술 작품과 미술가를 조사하고 탐구하는 방법을 안내하고 정보와 일화 등을 활용하여 학생들이 미술 작품과 미술가를 친근하게 느끼고 감상에 흥미와 관심을 가지도록 한다. 
• 작품 선정은 학습자의 발달 수준을 고려하되, 여러 분야의 작품을 풍부하게 접할 수 있도록 배려한다. 사실기 전 발달 수준의 학습자들이 다양한 미술 작품을 접함으로써 미술에 대한 고정 관념에서 벗어나 자신의 취향을 발견하고 감상에서 이해한 바를 표현 활동의 아이디어로 연계할 수 있도록 한다. 더불어 미술 작품을 통해 서로 다른 생각이 공존할 수 있음을 이해하고 존중하는 태도를 기를 수 있도록 한다. 
• 미술 작품에 관해 교사가 질문하고 학생이 답변하는 감상이 아니라 미술 작품을 충분히 볼 수 있는 기회와 여건을 제공하여 학생들이 호기심을 갖고 질문을 만들 수 있도록 유도한다. 질문 만들기를 통해 미술 작품에 대한 적극적인 감상 태도와 자신의 감상 관점을 기르도록 한다.
• 작품 감상문 쓰기, 작품을 소개하는 편지 쓰기, 작품 속 장면을 연극으로 표현하기, 작품을 노래로 표현하기 등 작품에 대한 느낌과 생각을 자유롭게 발표하도록 한다.
• 감상에서 평가는 미술 작품과 미술가를 조사한 내용, 작품에 관한 질문 만들기, 작품에 대한 자신의 느낌과 생각 발표, 미술 전시에 참여하는 태도 등을 중심으로 평가한다. "
3~4,영어,이해,"⋅의사소통 목적과 상황에 맞게 배경지식을 활용하고 관점, 목적과 맥락을 파악함으로써 담화나 글을 이해하는 능력을 함양한다. 
⋅적절한 사고 과정 및 전략을 활용하여 담화나 글의 의미를 파악하고 분석한다. 
⋅담화나 글을 이해하는 활동은 협력적이고 포용적으로 화자나 필자의 의도를 이해하는 태도를 길러 준다.",4영01-01,알파벳과 쉽고 간단한 단어의 소리를 듣고 식별한다.,알파벳과 쉽고 간단한 단어의 소리를 듣고 정확하게 식별할 수 있다.,알파벳과 쉽고 간단한 단어의 소리를 듣고 대체로 식별할 수 있다.,알파벳과 매우 쉽고 간단한 단어의 소리를 반복하여 듣고 부분적으로 식별할 수 있다.,,"• 영어를 처음 접하는 시기이므로 듣기 능력의 향상에 중점을 두되, 읽기 능력도 균형적으로 발달하도록 지도한다. 또한 이해 영역의 듣기와 읽기를 연계한 활동뿐만 아니라 이해한 내용을 말하거나 쓰기, 질문하며 답하기 등의 활동을 활용하여 이해 영역 활동이 자연스럽게 표현 영역 활동에 연결되도록 통합적으로 지도한다.
• 영어 학습 초기임을 고려하여 학습자 자신 주변의 주제(이름, 색깔, 시간, 학용품, 운동, 동물 등)를 중심으로 듣기나 읽기 자료를 구성하는 것이 효과적이다. 다양한 실물, 동작, 그림, 사진, 삽화, 도표 등의 시각 정보도 함께 제시하여 학습자가 듣거나 읽은 것을 쉽게 이해할 수 있도록 한다.
• 영어 학습에 관한 인지적 부담을 낮추고 흥미와 자신감을 가질 수 있도록 듣고 행동으로 반응하기, 듣고 지시대로 행동하기, 들은 내용을 바탕으로 그리기, 들은 내용을 바탕으로 도표 만들기 등 듣고 이해한 정도를 다양한 과업 수행으로 표현할 수 있도록 지도한다.
• 듣기와 읽기 전략은 학습자가 담화나 문장을 효과적으로 이해하는 데 도움을 줄 수 있다. 그림이나 동작 등 시각적 단서를 활용하여 단어, 어구, 문장의 의미를 추측할 수 있으며, 삽화 속에 나타난 등장인물이나 상황을 통해 이야기의 내용이나 결말을 예측해 보도록 하여 능동적으로 의미를 구성해 보는 기회를 준다. 
• 듣기나 읽기 자료를 제시할 때는 시각 자료나 일상생활의 맥락, 배경이 포함되도록 하여 학습자의 이해를 돕고, 역할극, 놀이, 게임, 영상 등 다양한 매체와 학습 방법을 통해 관련 표현을 자연스럽게 반복적으로 배우도록 지도한다. 특히, 에듀테크에 기반한 디지털 매체는 영어 입력 및 영어 학습에 대한 흥미도 향상, 영어에 관한 불안감 해소에 기여할 수 있다. 
• 알파벳은 알파벳 모형 등 구체적인 조작물을 활용한 알파벳 대소문자 짝짓기, 이름 듣고 해당하는 알파벳 찾기, 신체를 활용한 알파벳 놀이, 디지털 도구를 활용한 알파벳 인식 등 다양한 읽기 활동을 통하여 재미를 느끼면서 익힐 수 있도록 지도한다.
• 소리와 철자의 관계를 지도할 때는 비슷한 패턴을 보이는 여러 단어를 사용하여 학습자가 스스로 규칙을 찾도록 유도한다. 첫소리나 끝소리가 같은 단어 찾기, 중간 모음이 같은 단어 찾기, 철자를 조합하거나 변형하여 읽어 보기 등 다양한 활동을 할 수 있다. 
• 듣기의 이해 정도를 평가할 때는 질문에 관한 대답뿐만 아니라 그림으로 나타내거나 행동으로 반응하는 등 언어 외적인 방법으로도 표현할 수 있도록 한다. 또한 상황에 따라 알맞게 단어나 어구 등을 바꾸어 제시하고 집중하여 듣는 능력을 평가하는 방법도 사용할 수 있다. 초기 영어 학습자임을 고려하여 단순한 음성 자료만 활용하는 것은 지양하고, 시각적 자료를 병행하거나 일상생활의 맥락, 배경이 포함된 음성 자료를 활용하여 평가하도록 한다.
• 단어나 어구 읽기를 평가할 때는 가급적 구두로 익힌 쉽고 간단한 단어나 어구를 선정한다. 학습자의 수준에 따라 시각적인 보조 자료 없이 문자 언어만 제시하는 것도 고려할 수 있다. 평가 방법으로는 단어 또는 어구와 그림을 연결하기, 단어 또는 어구를 읽고 분류하기, 상황에 어울리는 단어 또는 어구 카드 찾기 등이 있다.
• 영어 이해 기능의 가치⋅태도를 평가할 때는 해당 성취기준을 독립적으로 평가하기보다는 다른 성취기준과 통합하여 평가하는 것을 권장한다. 존중과 배려의 태도로 상대방의 말을 수용하거나 다양한 문화를 이해하는 것이 중요한 듣기의 태도임을 인식할 수 있도록 지도한다. 또한 일회적인 평가보다는 장기간의 지속적인 관찰을 통해 평가하기를 권장한다. 
• 평가에 대한 개별 피드백을 제공하여 학습에 대한 동기를 부여하고 이것이 다시 학습의 과정과 결과물에 반영되는 순환 구조가 이루어지도록 한다. "
3~4,영어,이해,"⋅의사소통 목적과 상황에 맞게 배경지식을 활용하고 관점, 목적과 맥락을 파악함으로써 담화나 글을 이해하는 능력을 함양한다. 
⋅적절한 사고 과정 및 전략을 활용하여 담화나 글의 의미를 파악하고 분석한다. 
⋅담화나 글을 이해하는 활동은 협력적이고 포용적으로 화자나 필자의 의도를 이해하는 태도를 길러 준다.",4영01-02,알파벳 대소문자를 식별하여 읽는다.,알파벳 대소문자를 식별하여 정확하게 읽을 수 있다.,알파벳 대소문자를 식별하여 대체로 읽을 수 있다.,알파벳 대소문자를 식별하여 부분적으로 읽을 수 있다.,,"• 영어를 처음 접하는 시기이므로 듣기 능력의 향상에 중점을 두되, 읽기 능력도 균형적으로 발달하도록 지도한다. 또한 이해 영역의 듣기와 읽기를 연계한 활동뿐만 아니라 이해한 내용을 말하거나 쓰기, 질문하며 답하기 등의 활동을 활용하여 이해 영역 활동이 자연스럽게 표현 영역 활동에 연결되도록 통합적으로 지도한다.
• 영어 학습 초기임을 고려하여 학습자 자신 주변의 주제(이름, 색깔, 시간, 학용품, 운동, 동물 등)를 중심으로 듣기나 읽기 자료를 구성하는 것이 효과적이다. 다양한 실물, 동작, 그림, 사진, 삽화, 도표 등의 시각 정보도 함께 제시하여 학습자가 듣거나 읽은 것을 쉽게 이해할 수 있도록 한다.
• 영어 학습에 관한 인지적 부담을 낮추고 흥미와 자신감을 가질 수 있도록 듣고 행동으로 반응하기, 듣고 지시대로 행동하기, 들은 내용을 바탕으로 그리기, 들은 내용을 바탕으로 도표 만들기 등 듣고 이해한 정도를 다양한 과업 수행으로 표현할 수 있도록 지도한다.
• 듣기와 읽기 전략은 학습자가 담화나 문장을 효과적으로 이해하는 데 도움을 줄 수 있다. 그림이나 동작 등 시각적 단서를 활용하여 단어, 어구, 문장의 의미를 추측할 수 있으며, 삽화 속에 나타난 등장인물이나 상황을 통해 이야기의 내용이나 결말을 예측해 보도록 하여 능동적으로 의미를 구성해 보는 기회를 준다. 
• 듣기나 읽기 자료를 제시할 때는 시각 자료나 일상생활의 맥락, 배경이 포함되도록 하여 학습자의 이해를 돕고, 역할극, 놀이, 게임, 영상 등 다양한 매체와 학습 방법을 통해 관련 표현을 자연스럽게 반복적으로 배우도록 지도한다. 특히, 에듀테크에 기반한 디지털 매체는 영어 입력 및 영어 학습에 대한 흥미도 향상, 영어에 관한 불안감 해소에 기여할 수 있다. 
• 알파벳은 알파벳 모형 등 구체적인 조작물을 활용한 알파벳 대소문자 짝짓기, 이름 듣고 해당하는 알파벳 찾기, 신체를 활용한 알파벳 놀이, 디지털 도구를 활용한 알파벳 인식 등 다양한 읽기 활동을 통하여 재미를 느끼면서 익힐 수 있도록 지도한다.
• 소리와 철자의 관계를 지도할 때는 비슷한 패턴을 보이는 여러 단어를 사용하여 학습자가 스스로 규칙을 찾도록 유도한다. 첫소리나 끝소리가 같은 단어 찾기, 중간 모음이 같은 단어 찾기, 철자를 조합하거나 변형하여 읽어 보기 등 다양한 활동을 할 수 있다. 
• 듣기의 이해 정도를 평가할 때는 질문에 관한 대답뿐만 아니라 그림으로 나타내거나 행동으로 반응하는 등 언어 외적인 방법으로도 표현할 수 있도록 한다. 또한 상황에 따라 알맞게 단어나 어구 등을 바꾸어 제시하고 집중하여 듣는 능력을 평가하는 방법도 사용할 수 있다. 초기 영어 학습자임을 고려하여 단순한 음성 자료만 활용하는 것은 지양하고, 시각적 자료를 병행하거나 일상생활의 맥락, 배경이 포함된 음성 자료를 활용하여 평가하도록 한다.
• 단어나 어구 읽기를 평가할 때는 가급적 구두로 익힌 쉽고 간단한 단어나 어구를 선정한다. 학습자의 수준에 따라 시각적인 보조 자료 없이 문자 언어만 제시하는 것도 고려할 수 있다. 평가 방법으로는 단어 또는 어구와 그림을 연결하기, 단어 또는 어구를 읽고 분류하기, 상황에 어울리는 단어 또는 어구 카드 찾기 등이 있다.
• 영어 이해 기능의 가치⋅태도를 평가할 때는 해당 성취기준을 독립적으로 평가하기보다는 다른 성취기준과 통합하여 평가하는 것을 권장한다. 존중과 배려의 태도로 상대방의 말을 수용하거나 다양한 문화를 이해하는 것이 중요한 듣기의 태도임을 인식할 수 있도록 지도한다. 또한 일회적인 평가보다는 장기간의 지속적인 관찰을 통해 평가하기를 권장한다. 
• 평가에 대한 개별 피드백을 제공하여 학습에 대한 동기를 부여하고 이것이 다시 학습의 과정과 결과물에 반영되는 순환 구조가 이루어지도록 한다. "
3~4,영어,이해,"⋅의사소통 목적과 상황에 맞게 배경지식을 활용하고 관점, 목적과 맥락을 파악함으로써 담화나 글을 이해하는 능력을 함양한다. 
⋅적절한 사고 과정 및 전략을 활용하여 담화나 글의 의미를 파악하고 분석한다. 
⋅담화나 글을 이해하는 활동은 협력적이고 포용적으로 화자나 필자의 의도를 이해하는 태도를 길러 준다.",4영01-03,"쉽고 간단한 단어, 어구, 문장을 듣고 강세, 리듬, 억양을 식별한다.","쉽고 간단한 단어, 어구, 문장을 듣고 강세, 리듬, 억양을 정확하게 식별할 수 있다.","쉽고 간단한 단어, 어구, 문장을 듣고 강세, 리듬, 억양을 대체로 식별할 수 있다.","매우 쉽고 간단한 단어, 어구, 문장을 반복하여 듣고 강세, 리듬, 억양을 부분적으로 식별할 수 있다.",,"• 영어를 처음 접하는 시기이므로 듣기 능력의 향상에 중점을 두되, 읽기 능력도 균형적으로 발달하도록 지도한다. 또한 이해 영역의 듣기와 읽기를 연계한 활동뿐만 아니라 이해한 내용을 말하거나 쓰기, 질문하며 답하기 등의 활동을 활용하여 이해 영역 활동이 자연스럽게 표현 영역 활동에 연결되도록 통합적으로 지도한다.
• 영어 학습 초기임을 고려하여 학습자 자신 주변의 주제(이름, 색깔, 시간, 학용품, 운동, 동물 등)를 중심으로 듣기나 읽기 자료를 구성하는 것이 효과적이다. 다양한 실물, 동작, 그림, 사진, 삽화, 도표 등의 시각 정보도 함께 제시하여 학습자가 듣거나 읽은 것을 쉽게 이해할 수 있도록 한다.
• 영어 학습에 관한 인지적 부담을 낮추고 흥미와 자신감을 가질 수 있도록 듣고 행동으로 반응하기, 듣고 지시대로 행동하기, 들은 내용을 바탕으로 그리기, 들은 내용을 바탕으로 도표 만들기 등 듣고 이해한 정도를 다양한 과업 수행으로 표현할 수 있도록 지도한다.
• 듣기와 읽기 전략은 학습자가 담화나 문장을 효과적으로 이해하는 데 도움을 줄 수 있다. 그림이나 동작 등 시각적 단서를 활용하여 단어, 어구, 문장의 의미를 추측할 수 있으며, 삽화 속에 나타난 등장인물이나 상황을 통해 이야기의 내용이나 결말을 예측해 보도록 하여 능동적으로 의미를 구성해 보는 기회를 준다. 
• 듣기나 읽기 자료를 제시할 때는 시각 자료나 일상생활의 맥락, 배경이 포함되도록 하여 학습자의 이해를 돕고, 역할극, 놀이, 게임, 영상 등 다양한 매체와 학습 방법을 통해 관련 표현을 자연스럽게 반복적으로 배우도록 지도한다. 특히, 에듀테크에 기반한 디지털 매체는 영어 입력 및 영어 학습에 대한 흥미도 향상, 영어에 관한 불안감 해소에 기여할 수 있다. 
• 알파벳은 알파벳 모형 등 구체적인 조작물을 활용한 알파벳 대소문자 짝짓기, 이름 듣고 해당하는 알파벳 찾기, 신체를 활용한 알파벳 놀이, 디지털 도구를 활용한 알파벳 인식 등 다양한 읽기 활동을 통하여 재미를 느끼면서 익힐 수 있도록 지도한다.
• 소리와 철자의 관계를 지도할 때는 비슷한 패턴을 보이는 여러 단어를 사용하여 학습자가 스스로 규칙을 찾도록 유도한다. 첫소리나 끝소리가 같은 단어 찾기, 중간 모음이 같은 단어 찾기, 철자를 조합하거나 변형하여 읽어 보기 등 다양한 활동을 할 수 있다. 
• 듣기의 이해 정도를 평가할 때는 질문에 관한 대답뿐만 아니라 그림으로 나타내거나 행동으로 반응하는 등 언어 외적인 방법으로도 표현할 수 있도록 한다. 또한 상황에 따라 알맞게 단어나 어구 등을 바꾸어 제시하고 집중하여 듣는 능력을 평가하는 방법도 사용할 수 있다. 초기 영어 학습자임을 고려하여 단순한 음성 자료만 활용하는 것은 지양하고, 시각적 자료를 병행하거나 일상생활의 맥락, 배경이 포함된 음성 자료를 활용하여 평가하도록 한다.
• 단어나 어구 읽기를 평가할 때는 가급적 구두로 익힌 쉽고 간단한 단어나 어구를 선정한다. 학습자의 수준에 따라 시각적인 보조 자료 없이 문자 언어만 제시하는 것도 고려할 수 있다. 평가 방법으로는 단어 또는 어구와 그림을 연결하기, 단어 또는 어구를 읽고 분류하기, 상황에 어울리는 단어 또는 어구 카드 찾기 등이 있다.
• 영어 이해 기능의 가치⋅태도를 평가할 때는 해당 성취기준을 독립적으로 평가하기보다는 다른 성취기준과 통합하여 평가하는 것을 권장한다. 존중과 배려의 태도로 상대방의 말을 수용하거나 다양한 문화를 이해하는 것이 중요한 듣기의 태도임을 인식할 수 있도록 지도한다. 또한 일회적인 평가보다는 장기간의 지속적인 관찰을 통해 평가하기를 권장한다. 
• 평가에 대한 개별 피드백을 제공하여 학습에 대한 동기를 부여하고 이것이 다시 학습의 과정과 결과물에 반영되는 순환 구조가 이루어지도록 한다. "
3~4,영어,이해,"⋅의사소통 목적과 상황에 맞게 배경지식을 활용하고 관점, 목적과 맥락을 파악함으로써 담화나 글을 이해하는 능력을 함양한다. 
⋅적절한 사고 과정 및 전략을 활용하여 담화나 글의 의미를 파악하고 분석한다. 
⋅담화나 글을 이해하는 활동은 협력적이고 포용적으로 화자나 필자의 의도를 이해하는 태도를 길러 준다.",4영01-04,"소리와 철자의 관계를 이해하며 쉽고 간단한 단어, 어구, 문장을 소리 내어 읽는다.","소리와 철자의 관계를 이해하며 쉽고 간단한 단어, 어구, 문장을 정확하게 소리 내어 읽을 수 있다.","소리와 철자의 관계를 이해하며 쉽고 간단한 단어, 어구, 문장을 대체로 소리 내어 읽을 수 있다.","소리와 철자의 관계를 이해하며 매우 쉽고 간단한 단어, 어구, 문장을 부분적으로 소리 내어 읽을 수 있다.","[4영01-04] 이 성취기준은 단어, 어구, 문장을 개별 소리와 철자 관계에 주목하며 소리 내어 읽음으로써 독자적인 문자 해독의 기초를 형성하는 데 초점이 있다. 초기 학습 단계에서는 소리와 철자 관계가 규칙적이면서 친숙한 단어를 읽고, 나아가 두음이나 각운이 같은 단어를 포함한 어구나 문장, 의미를 알고 있는 어구나 문장을 반복하여 읽으며 소리와 철자 관계를 이해하는 것을 의미한다.","• 영어를 처음 접하는 시기이므로 듣기 능력의 향상에 중점을 두되, 읽기 능력도 균형적으로 발달하도록 지도한다. 또한 이해 영역의 듣기와 읽기를 연계한 활동뿐만 아니라 이해한 내용을 말하거나 쓰기, 질문하며 답하기 등의 활동을 활용하여 이해 영역 활동이 자연스럽게 표현 영역 활동에 연결되도록 통합적으로 지도한다.
• 영어 학습 초기임을 고려하여 학습자 자신 주변의 주제(이름, 색깔, 시간, 학용품, 운동, 동물 등)를 중심으로 듣기나 읽기 자료를 구성하는 것이 효과적이다. 다양한 실물, 동작, 그림, 사진, 삽화, 도표 등의 시각 정보도 함께 제시하여 학습자가 듣거나 읽은 것을 쉽게 이해할 수 있도록 한다.
• 영어 학습에 관한 인지적 부담을 낮추고 흥미와 자신감을 가질 수 있도록 듣고 행동으로 반응하기, 듣고 지시대로 행동하기, 들은 내용을 바탕으로 그리기, 들은 내용을 바탕으로 도표 만들기 등 듣고 이해한 정도를 다양한 과업 수행으로 표현할 수 있도록 지도한다.
• 듣기와 읽기 전략은 학습자가 담화나 문장을 효과적으로 이해하는 데 도움을 줄 수 있다. 그림이나 동작 등 시각적 단서를 활용하여 단어, 어구, 문장의 의미를 추측할 수 있으며, 삽화 속에 나타난 등장인물이나 상황을 통해 이야기의 내용이나 결말을 예측해 보도록 하여 능동적으로 의미를 구성해 보는 기회를 준다. 
• 듣기나 읽기 자료를 제시할 때는 시각 자료나 일상생활의 맥락, 배경이 포함되도록 하여 학습자의 이해를 돕고, 역할극, 놀이, 게임, 영상 등 다양한 매체와 학습 방법을 통해 관련 표현을 자연스럽게 반복적으로 배우도록 지도한다. 특히, 에듀테크에 기반한 디지털 매체는 영어 입력 및 영어 학습에 대한 흥미도 향상, 영어에 관한 불안감 해소에 기여할 수 있다. 
• 알파벳은 알파벳 모형 등 구체적인 조작물을 활용한 알파벳 대소문자 짝짓기, 이름 듣고 해당하는 알파벳 찾기, 신체를 활용한 알파벳 놀이, 디지털 도구를 활용한 알파벳 인식 등 다양한 읽기 활동을 통하여 재미를 느끼면서 익힐 수 있도록 지도한다.
• 소리와 철자의 관계를 지도할 때는 비슷한 패턴을 보이는 여러 단어를 사용하여 학습자가 스스로 규칙을 찾도록 유도한다. 첫소리나 끝소리가 같은 단어 찾기, 중간 모음이 같은 단어 찾기, 철자를 조합하거나 변형하여 읽어 보기 등 다양한 활동을 할 수 있다. 
• 듣기의 이해 정도를 평가할 때는 질문에 관한 대답뿐만 아니라 그림으로 나타내거나 행동으로 반응하는 등 언어 외적인 방법으로도 표현할 수 있도록 한다. 또한 상황에 따라 알맞게 단어나 어구 등을 바꾸어 제시하고 집중하여 듣는 능력을 평가하는 방법도 사용할 수 있다. 초기 영어 학습자임을 고려하여 단순한 음성 자료만 활용하는 것은 지양하고, 시각적 자료를 병행하거나 일상생활의 맥락, 배경이 포함된 음성 자료를 활용하여 평가하도록 한다.
• 단어나 어구 읽기를 평가할 때는 가급적 구두로 익힌 쉽고 간단한 단어나 어구를 선정한다. 학습자의 수준에 따라 시각적인 보조 자료 없이 문자 언어만 제시하는 것도 고려할 수 있다. 평가 방법으로는 단어 또는 어구와 그림을 연결하기, 단어 또는 어구를 읽고 분류하기, 상황에 어울리는 단어 또는 어구 카드 찾기 등이 있다.
• 영어 이해 기능의 가치⋅태도를 평가할 때는 해당 성취기준을 독립적으로 평가하기보다는 다른 성취기준과 통합하여 평가하는 것을 권장한다. 존중과 배려의 태도로 상대방의 말을 수용하거나 다양한 문화를 이해하는 것이 중요한 듣기의 태도임을 인식할 수 있도록 지도한다. 또한 일회적인 평가보다는 장기간의 지속적인 관찰을 통해 평가하기를 권장한다. 
• 평가에 대한 개별 피드백을 제공하여 학습에 대한 동기를 부여하고 이것이 다시 학습의 과정과 결과물에 반영되는 순환 구조가 이루어지도록 한다. "
3~4,영어,이해,"⋅의사소통 목적과 상황에 맞게 배경지식을 활용하고 관점, 목적과 맥락을 파악함으로써 담화나 글을 이해하는 능력을 함양한다. 
⋅적절한 사고 과정 및 전략을 활용하여 담화나 글의 의미를 파악하고 분석한다. 
⋅담화나 글을 이해하는 활동은 협력적이고 포용적으로 화자나 필자의 의도를 이해하는 태도를 길러 준다.",4영01-05,"쉽고 간단한 단어, 어구, 문장의 의미를 이해한다.","쉽고 간단한 단어, 어구, 문장을 듣거나 읽고 의미를 정확하게 이해할 수 있다.","쉽고 간단한 단어, 어구, 문장을 듣거나 읽고 의미를 대체로 이해할 수 있다.","매우 쉽고 간단한 단어, 어구, 문장을 반복하여 듣거나 읽고 시각 자료 등의 도움을 받아 의미를 부분적으로 이해할 수 있다.",,"• 영어를 처음 접하는 시기이므로 듣기 능력의 향상에 중점을 두되, 읽기 능력도 균형적으로 발달하도록 지도한다. 또한 이해 영역의 듣기와 읽기를 연계한 활동뿐만 아니라 이해한 내용을 말하거나 쓰기, 질문하며 답하기 등의 활동을 활용하여 이해 영역 활동이 자연스럽게 표현 영역 활동에 연결되도록 통합적으로 지도한다.
• 영어 학습 초기임을 고려하여 학습자 자신 주변의 주제(이름, 색깔, 시간, 학용품, 운동, 동물 등)를 중심으로 듣기나 읽기 자료를 구성하는 것이 효과적이다. 다양한 실물, 동작, 그림, 사진, 삽화, 도표 등의 시각 정보도 함께 제시하여 학습자가 듣거나 읽은 것을 쉽게 이해할 수 있도록 한다.
• 영어 학습에 관한 인지적 부담을 낮추고 흥미와 자신감을 가질 수 있도록 듣고 행동으로 반응하기, 듣고 지시대로 행동하기, 들은 내용을 바탕으로 그리기, 들은 내용을 바탕으로 도표 만들기 등 듣고 이해한 정도를 다양한 과업 수행으로 표현할 수 있도록 지도한다.
• 듣기와 읽기 전략은 학습자가 담화나 문장을 효과적으로 이해하는 데 도움을 줄 수 있다. 그림이나 동작 등 시각적 단서를 활용하여 단어, 어구, 문장의 의미를 추측할 수 있으며, 삽화 속에 나타난 등장인물이나 상황을 통해 이야기의 내용이나 결말을 예측해 보도록 하여 능동적으로 의미를 구성해 보는 기회를 준다. 
• 듣기나 읽기 자료를 제시할 때는 시각 자료나 일상생활의 맥락, 배경이 포함되도록 하여 학습자의 이해를 돕고, 역할극, 놀이, 게임, 영상 등 다양한 매체와 학습 방법을 통해 관련 표현을 자연스럽게 반복적으로 배우도록 지도한다. 특히, 에듀테크에 기반한 디지털 매체는 영어 입력 및 영어 학습에 대한 흥미도 향상, 영어에 관한 불안감 해소에 기여할 수 있다. 
• 알파벳은 알파벳 모형 등 구체적인 조작물을 활용한 알파벳 대소문자 짝짓기, 이름 듣고 해당하는 알파벳 찾기, 신체를 활용한 알파벳 놀이, 디지털 도구를 활용한 알파벳 인식 등 다양한 읽기 활동을 통하여 재미를 느끼면서 익힐 수 있도록 지도한다.
• 소리와 철자의 관계를 지도할 때는 비슷한 패턴을 보이는 여러 단어를 사용하여 학습자가 스스로 규칙을 찾도록 유도한다. 첫소리나 끝소리가 같은 단어 찾기, 중간 모음이 같은 단어 찾기, 철자를 조합하거나 변형하여 읽어 보기 등 다양한 활동을 할 수 있다. 
• 듣기의 이해 정도를 평가할 때는 질문에 관한 대답뿐만 아니라 그림으로 나타내거나 행동으로 반응하는 등 언어 외적인 방법으로도 표현할 수 있도록 한다. 또한 상황에 따라 알맞게 단어나 어구 등을 바꾸어 제시하고 집중하여 듣는 능력을 평가하는 방법도 사용할 수 있다. 초기 영어 학습자임을 고려하여 단순한 음성 자료만 활용하는 것은 지양하고, 시각적 자료를 병행하거나 일상생활의 맥락, 배경이 포함된 음성 자료를 활용하여 평가하도록 한다.
• 단어나 어구 읽기를 평가할 때는 가급적 구두로 익힌 쉽고 간단한 단어나 어구를 선정한다. 학습자의 수준에 따라 시각적인 보조 자료 없이 문자 언어만 제시하는 것도 고려할 수 있다. 평가 방법으로는 단어 또는 어구와 그림을 연결하기, 단어 또는 어구를 읽고 분류하기, 상황에 어울리는 단어 또는 어구 카드 찾기 등이 있다.
• 영어 이해 기능의 가치⋅태도를 평가할 때는 해당 성취기준을 독립적으로 평가하기보다는 다른 성취기준과 통합하여 평가하는 것을 권장한다. 존중과 배려의 태도로 상대방의 말을 수용하거나 다양한 문화를 이해하는 것이 중요한 듣기의 태도임을 인식할 수 있도록 지도한다. 또한 일회적인 평가보다는 장기간의 지속적인 관찰을 통해 평가하기를 권장한다. 
• 평가에 대한 개별 피드백을 제공하여 학습에 대한 동기를 부여하고 이것이 다시 학습의 과정과 결과물에 반영되는 순환 구조가 이루어지도록 한다. "
3~4,영어,이해,"⋅의사소통 목적과 상황에 맞게 배경지식을 활용하고 관점, 목적과 맥락을 파악함으로써 담화나 글을 이해하는 능력을 함양한다. 
⋅적절한 사고 과정 및 전략을 활용하여 담화나 글의 의미를 파악하고 분석한다. 
⋅담화나 글을 이해하는 활동은 협력적이고 포용적으로 화자나 필자의 의도를 이해하는 태도를 길러 준다.",4영01-06,자기 주변 주제에 관한 담화의 주요 정보를 파악한다.,"자기 주변 주제에 관한 담화를 듣거나 읽고 모습, 크기, 색깔, 인물, 장소, 시간 등의 주요 정보를 정확하게 파악할 수 있다.","자기 주변 주제에 관한 담화를 듣거나 읽고 모습, 크기, 색깔, 인물, 장소, 시간 등의 주요 정보를 대체로 파악할 수 있다.","자기 주변 주제에 관한 쉽고 간단한 담화를 반복하여 듣거나 읽고 모습, 크기, 색깔, 인물, 장소, 시간 등의 주요 정보를 시각 자료 등의 도움을 받아 부분적으로 파악할 수 있다.","[4영01-06] 이 성취기준은 말이나 대화를 듣고 명시적이고 구체적으로 언급된 정보를 파악하는 사실적 이해의 수준을 말하며, 담화의 상황과 내용을 이해하는 데 가장 핵심이 되는 한두 가지의 정보를 파악하는 것을 의미한다.","• 영어를 처음 접하는 시기이므로 듣기 능력의 향상에 중점을 두되, 읽기 능력도 균형적으로 발달하도록 지도한다. 또한 이해 영역의 듣기와 읽기를 연계한 활동뿐만 아니라 이해한 내용을 말하거나 쓰기, 질문하며 답하기 등의 활동을 활용하여 이해 영역 활동이 자연스럽게 표현 영역 활동에 연결되도록 통합적으로 지도한다.
• 영어 학습 초기임을 고려하여 학습자 자신 주변의 주제(이름, 색깔, 시간, 학용품, 운동, 동물 등)를 중심으로 듣기나 읽기 자료를 구성하는 것이 효과적이다. 다양한 실물, 동작, 그림, 사진, 삽화, 도표 등의 시각 정보도 함께 제시하여 학습자가 듣거나 읽은 것을 쉽게 이해할 수 있도록 한다.
• 영어 학습에 관한 인지적 부담을 낮추고 흥미와 자신감을 가질 수 있도록 듣고 행동으로 반응하기, 듣고 지시대로 행동하기, 들은 내용을 바탕으로 그리기, 들은 내용을 바탕으로 도표 만들기 등 듣고 이해한 정도를 다양한 과업 수행으로 표현할 수 있도록 지도한다.
• 듣기와 읽기 전략은 학습자가 담화나 문장을 효과적으로 이해하는 데 도움을 줄 수 있다. 그림이나 동작 등 시각적 단서를 활용하여 단어, 어구, 문장의 의미를 추측할 수 있으며, 삽화 속에 나타난 등장인물이나 상황을 통해 이야기의 내용이나 결말을 예측해 보도록 하여 능동적으로 의미를 구성해 보는 기회를 준다. 
• 듣기나 읽기 자료를 제시할 때는 시각 자료나 일상생활의 맥락, 배경이 포함되도록 하여 학습자의 이해를 돕고, 역할극, 놀이, 게임, 영상 등 다양한 매체와 학습 방법을 통해 관련 표현을 자연스럽게 반복적으로 배우도록 지도한다. 특히, 에듀테크에 기반한 디지털 매체는 영어 입력 및 영어 학습에 대한 흥미도 향상, 영어에 관한 불안감 해소에 기여할 수 있다. 
• 알파벳은 알파벳 모형 등 구체적인 조작물을 활용한 알파벳 대소문자 짝짓기, 이름 듣고 해당하는 알파벳 찾기, 신체를 활용한 알파벳 놀이, 디지털 도구를 활용한 알파벳 인식 등 다양한 읽기 활동을 통하여 재미를 느끼면서 익힐 수 있도록 지도한다.
• 소리와 철자의 관계를 지도할 때는 비슷한 패턴을 보이는 여러 단어를 사용하여 학습자가 스스로 규칙을 찾도록 유도한다. 첫소리나 끝소리가 같은 단어 찾기, 중간 모음이 같은 단어 찾기, 철자를 조합하거나 변형하여 읽어 보기 등 다양한 활동을 할 수 있다. 
• 듣기의 이해 정도를 평가할 때는 질문에 관한 대답뿐만 아니라 그림으로 나타내거나 행동으로 반응하는 등 언어 외적인 방법으로도 표현할 수 있도록 한다. 또한 상황에 따라 알맞게 단어나 어구 등을 바꾸어 제시하고 집중하여 듣는 능력을 평가하는 방법도 사용할 수 있다. 초기 영어 학습자임을 고려하여 단순한 음성 자료만 활용하는 것은 지양하고, 시각적 자료를 병행하거나 일상생활의 맥락, 배경이 포함된 음성 자료를 활용하여 평가하도록 한다.
• 단어나 어구 읽기를 평가할 때는 가급적 구두로 익힌 쉽고 간단한 단어나 어구를 선정한다. 학습자의 수준에 따라 시각적인 보조 자료 없이 문자 언어만 제시하는 것도 고려할 수 있다. 평가 방법으로는 단어 또는 어구와 그림을 연결하기, 단어 또는 어구를 읽고 분류하기, 상황에 어울리는 단어 또는 어구 카드 찾기 등이 있다.
• 영어 이해 기능의 가치⋅태도를 평가할 때는 해당 성취기준을 독립적으로 평가하기보다는 다른 성취기준과 통합하여 평가하는 것을 권장한다. 존중과 배려의 태도로 상대방의 말을 수용하거나 다양한 문화를 이해하는 것이 중요한 듣기의 태도임을 인식할 수 있도록 지도한다. 또한 일회적인 평가보다는 장기간의 지속적인 관찰을 통해 평가하기를 권장한다. 
• 평가에 대한 개별 피드백을 제공하여 학습에 대한 동기를 부여하고 이것이 다시 학습의 과정과 결과물에 반영되는 순환 구조가 이루어지도록 한다. "
3~4,영어,이해,"⋅의사소통 목적과 상황에 맞게 배경지식을 활용하고 관점, 목적과 맥락을 파악함으로써 담화나 글을 이해하는 능력을 함양한다. 
⋅적절한 사고 과정 및 전략을 활용하여 담화나 글의 의미를 파악하고 분석한다. 
⋅담화나 글을 이해하는 활동은 협력적이고 포용적으로 화자나 필자의 의도를 이해하는 태도를 길러 준다.",4영01-07,적절한 전략을 활용하여 담화나 문장을 듣거나 읽는다.,적절한 전략을 다양하게 활용하여 담화나 문장을 듣거나 읽을 수 있다.,적절한 전략을 일부 활용하여 담화나 문장을 듣거나 읽을 수 있다.,예시를 참고하여 적절한 전략을 일부 활용하여 담화나 문장을 듣거나 읽을 수 있다.,"[4영01-07] 이 성취기준은 영어 듣기와 읽기 전략에 관한 것으로 실물, 그림, 동작 등의 시각 정보를 활용하여 담화의 상황이나 내용, 문장의 의미를 파악하는 것을 의미한다.","• 영어를 처음 접하는 시기이므로 듣기 능력의 향상에 중점을 두되, 읽기 능력도 균형적으로 발달하도록 지도한다. 또한 이해 영역의 듣기와 읽기를 연계한 활동뿐만 아니라 이해한 내용을 말하거나 쓰기, 질문하며 답하기 등의 활동을 활용하여 이해 영역 활동이 자연스럽게 표현 영역 활동에 연결되도록 통합적으로 지도한다.
• 영어 학습 초기임을 고려하여 학습자 자신 주변의 주제(이름, 색깔, 시간, 학용품, 운동, 동물 등)를 중심으로 듣기나 읽기 자료를 구성하는 것이 효과적이다. 다양한 실물, 동작, 그림, 사진, 삽화, 도표 등의 시각 정보도 함께 제시하여 학습자가 듣거나 읽은 것을 쉽게 이해할 수 있도록 한다.
• 영어 학습에 관한 인지적 부담을 낮추고 흥미와 자신감을 가질 수 있도록 듣고 행동으로 반응하기, 듣고 지시대로 행동하기, 들은 내용을 바탕으로 그리기, 들은 내용을 바탕으로 도표 만들기 등 듣고 이해한 정도를 다양한 과업 수행으로 표현할 수 있도록 지도한다.
• 듣기와 읽기 전략은 학습자가 담화나 문장을 효과적으로 이해하는 데 도움을 줄 수 있다. 그림이나 동작 등 시각적 단서를 활용하여 단어, 어구, 문장의 의미를 추측할 수 있으며, 삽화 속에 나타난 등장인물이나 상황을 통해 이야기의 내용이나 결말을 예측해 보도록 하여 능동적으로 의미를 구성해 보는 기회를 준다. 
• 듣기나 읽기 자료를 제시할 때는 시각 자료나 일상생활의 맥락, 배경이 포함되도록 하여 학습자의 이해를 돕고, 역할극, 놀이, 게임, 영상 등 다양한 매체와 학습 방법을 통해 관련 표현을 자연스럽게 반복적으로 배우도록 지도한다. 특히, 에듀테크에 기반한 디지털 매체는 영어 입력 및 영어 학습에 대한 흥미도 향상, 영어에 관한 불안감 해소에 기여할 수 있다. 
• 알파벳은 알파벳 모형 등 구체적인 조작물을 활용한 알파벳 대소문자 짝짓기, 이름 듣고 해당하는 알파벳 찾기, 신체를 활용한 알파벳 놀이, 디지털 도구를 활용한 알파벳 인식 등 다양한 읽기 활동을 통하여 재미를 느끼면서 익힐 수 있도록 지도한다.
• 소리와 철자의 관계를 지도할 때는 비슷한 패턴을 보이는 여러 단어를 사용하여 학습자가 스스로 규칙을 찾도록 유도한다. 첫소리나 끝소리가 같은 단어 찾기, 중간 모음이 같은 단어 찾기, 철자를 조합하거나 변형하여 읽어 보기 등 다양한 활동을 할 수 있다. 
• 듣기의 이해 정도를 평가할 때는 질문에 관한 대답뿐만 아니라 그림으로 나타내거나 행동으로 반응하는 등 언어 외적인 방법으로도 표현할 수 있도록 한다. 또한 상황에 따라 알맞게 단어나 어구 등을 바꾸어 제시하고 집중하여 듣는 능력을 평가하는 방법도 사용할 수 있다. 초기 영어 학습자임을 고려하여 단순한 음성 자료만 활용하는 것은 지양하고, 시각적 자료를 병행하거나 일상생활의 맥락, 배경이 포함된 음성 자료를 활용하여 평가하도록 한다.
• 단어나 어구 읽기를 평가할 때는 가급적 구두로 익힌 쉽고 간단한 단어나 어구를 선정한다. 학습자의 수준에 따라 시각적인 보조 자료 없이 문자 언어만 제시하는 것도 고려할 수 있다. 평가 방법으로는 단어 또는 어구와 그림을 연결하기, 단어 또는 어구를 읽고 분류하기, 상황에 어울리는 단어 또는 어구 카드 찾기 등이 있다.
• 영어 이해 기능의 가치⋅태도를 평가할 때는 해당 성취기준을 독립적으로 평가하기보다는 다른 성취기준과 통합하여 평가하는 것을 권장한다. 존중과 배려의 태도로 상대방의 말을 수용하거나 다양한 문화를 이해하는 것이 중요한 듣기의 태도임을 인식할 수 있도록 지도한다. 또한 일회적인 평가보다는 장기간의 지속적인 관찰을 통해 평가하기를 권장한다. 
• 평가에 대한 개별 피드백을 제공하여 학습에 대한 동기를 부여하고 이것이 다시 학습의 과정과 결과물에 반영되는 순환 구조가 이루어지도록 한다. "
3~4,영어,이해,"⋅의사소통 목적과 상황에 맞게 배경지식을 활용하고 관점, 목적과 맥락을 파악함으로써 담화나 글을 이해하는 능력을 함양한다. 
⋅적절한 사고 과정 및 전략을 활용하여 담화나 글의 의미를 파악하고 분석한다. 
⋅담화나 글을 이해하는 활동은 협력적이고 포용적으로 화자나 필자의 의도를 이해하는 태도를 길러 준다.",4영01-08,다양한 매체로 표현된 담화나 문장을 흥미를 가지고 듣거나 읽는다.,다양한 매체로 표현된 담화나 문장을 높은 흥미를 가지고 스스로 찾아 듣거나 읽는다.,다양한 매체로 표현된 담화나 문장을 대체로 흥미를 가지고 듣거나 읽는다.,다양한 매체로 표현된 담화나 문장을 흥미를 가지려고 노력하며 듣거나 읽는다.,,"• 영어를 처음 접하는 시기이므로 듣기 능력의 향상에 중점을 두되, 읽기 능력도 균형적으로 발달하도록 지도한다. 또한 이해 영역의 듣기와 읽기를 연계한 활동뿐만 아니라 이해한 내용을 말하거나 쓰기, 질문하며 답하기 등의 활동을 활용하여 이해 영역 활동이 자연스럽게 표현 영역 활동에 연결되도록 통합적으로 지도한다.
• 영어 학습 초기임을 고려하여 학습자 자신 주변의 주제(이름, 색깔, 시간, 학용품, 운동, 동물 등)를 중심으로 듣기나 읽기 자료를 구성하는 것이 효과적이다. 다양한 실물, 동작, 그림, 사진, 삽화, 도표 등의 시각 정보도 함께 제시하여 학습자가 듣거나 읽은 것을 쉽게 이해할 수 있도록 한다.
• 영어 학습에 관한 인지적 부담을 낮추고 흥미와 자신감을 가질 수 있도록 듣고 행동으로 반응하기, 듣고 지시대로 행동하기, 들은 내용을 바탕으로 그리기, 들은 내용을 바탕으로 도표 만들기 등 듣고 이해한 정도를 다양한 과업 수행으로 표현할 수 있도록 지도한다.
• 듣기와 읽기 전략은 학습자가 담화나 문장을 효과적으로 이해하는 데 도움을 줄 수 있다. 그림이나 동작 등 시각적 단서를 활용하여 단어, 어구, 문장의 의미를 추측할 수 있으며, 삽화 속에 나타난 등장인물이나 상황을 통해 이야기의 내용이나 결말을 예측해 보도록 하여 능동적으로 의미를 구성해 보는 기회를 준다. 
• 듣기나 읽기 자료를 제시할 때는 시각 자료나 일상생활의 맥락, 배경이 포함되도록 하여 학습자의 이해를 돕고, 역할극, 놀이, 게임, 영상 등 다양한 매체와 학습 방법을 통해 관련 표현을 자연스럽게 반복적으로 배우도록 지도한다. 특히, 에듀테크에 기반한 디지털 매체는 영어 입력 및 영어 학습에 대한 흥미도 향상, 영어에 관한 불안감 해소에 기여할 수 있다. 
• 알파벳은 알파벳 모형 등 구체적인 조작물을 활용한 알파벳 대소문자 짝짓기, 이름 듣고 해당하는 알파벳 찾기, 신체를 활용한 알파벳 놀이, 디지털 도구를 활용한 알파벳 인식 등 다양한 읽기 활동을 통하여 재미를 느끼면서 익힐 수 있도록 지도한다.
• 소리와 철자의 관계를 지도할 때는 비슷한 패턴을 보이는 여러 단어를 사용하여 학습자가 스스로 규칙을 찾도록 유도한다. 첫소리나 끝소리가 같은 단어 찾기, 중간 모음이 같은 단어 찾기, 철자를 조합하거나 변형하여 읽어 보기 등 다양한 활동을 할 수 있다. 
• 듣기의 이해 정도를 평가할 때는 질문에 관한 대답뿐만 아니라 그림으로 나타내거나 행동으로 반응하는 등 언어 외적인 방법으로도 표현할 수 있도록 한다. 또한 상황에 따라 알맞게 단어나 어구 등을 바꾸어 제시하고 집중하여 듣는 능력을 평가하는 방법도 사용할 수 있다. 초기 영어 학습자임을 고려하여 단순한 음성 자료만 활용하는 것은 지양하고, 시각적 자료를 병행하거나 일상생활의 맥락, 배경이 포함된 음성 자료를 활용하여 평가하도록 한다.
• 단어나 어구 읽기를 평가할 때는 가급적 구두로 익힌 쉽고 간단한 단어나 어구를 선정한다. 학습자의 수준에 따라 시각적인 보조 자료 없이 문자 언어만 제시하는 것도 고려할 수 있다. 평가 방법으로는 단어 또는 어구와 그림을 연결하기, 단어 또는 어구를 읽고 분류하기, 상황에 어울리는 단어 또는 어구 카드 찾기 등이 있다.
• 영어 이해 기능의 가치⋅태도를 평가할 때는 해당 성취기준을 독립적으로 평가하기보다는 다른 성취기준과 통합하여 평가하는 것을 권장한다. 존중과 배려의 태도로 상대방의 말을 수용하거나 다양한 문화를 이해하는 것이 중요한 듣기의 태도임을 인식할 수 있도록 지도한다. 또한 일회적인 평가보다는 장기간의 지속적인 관찰을 통해 평가하기를 권장한다. 
• 평가에 대한 개별 피드백을 제공하여 학습에 대한 동기를 부여하고 이것이 다시 학습의 과정과 결과물에 반영되는 순환 구조가 이루어지도록 한다. "
3~4,영어,이해,"⋅의사소통 목적과 상황에 맞게 배경지식을 활용하고 관점, 목적과 맥락을 파악함으로써 담화나 글을 이해하는 능력을 함양한다. 
⋅적절한 사고 과정 및 전략을 활용하여 담화나 글의 의미를 파악하고 분석한다. 
⋅담화나 글을 이해하는 활동은 협력적이고 포용적으로 화자나 필자의 의도를 이해하는 태도를 길러 준다.",4영01-09,"시, 노래, 이야기를 공감하며 듣는다.","시, 노래, 이야기를 스스로 찾아 들으면서 화자의 기쁨, 슬픔 등의 감정을 느끼고 적극적으로 공감하는 태도를 보인다.","시, 노래, 이야기를 들으면서 화자의 기쁨, 슬픔 등의 감정을 느끼고 공감하는 태도를 보인다.","시, 노래, 이야기를 들으면서 화자의 기쁨, 슬픔 등의 감정을 느끼고 공감하는 태도를 가지려고 노력한다.","[4영01-09] 이 성취기준은 시, 노래, 이야기 등 문학이나 예술적 감성을 불러일으키는 듣기 자료를 통해 기쁨, 슬픔 등의 감정을 느끼고 공감하는 것을 의미한다.","• 영어를 처음 접하는 시기이므로 듣기 능력의 향상에 중점을 두되, 읽기 능력도 균형적으로 발달하도록 지도한다. 또한 이해 영역의 듣기와 읽기를 연계한 활동뿐만 아니라 이해한 내용을 말하거나 쓰기, 질문하며 답하기 등의 활동을 활용하여 이해 영역 활동이 자연스럽게 표현 영역 활동에 연결되도록 통합적으로 지도한다.
• 영어 학습 초기임을 고려하여 학습자 자신 주변의 주제(이름, 색깔, 시간, 학용품, 운동, 동물 등)를 중심으로 듣기나 읽기 자료를 구성하는 것이 효과적이다. 다양한 실물, 동작, 그림, 사진, 삽화, 도표 등의 시각 정보도 함께 제시하여 학습자가 듣거나 읽은 것을 쉽게 이해할 수 있도록 한다.
• 영어 학습에 관한 인지적 부담을 낮추고 흥미와 자신감을 가질 수 있도록 듣고 행동으로 반응하기, 듣고 지시대로 행동하기, 들은 내용을 바탕으로 그리기, 들은 내용을 바탕으로 도표 만들기 등 듣고 이해한 정도를 다양한 과업 수행으로 표현할 수 있도록 지도한다.
• 듣기와 읽기 전략은 학습자가 담화나 문장을 효과적으로 이해하는 데 도움을 줄 수 있다. 그림이나 동작 등 시각적 단서를 활용하여 단어, 어구, 문장의 의미를 추측할 수 있으며, 삽화 속에 나타난 등장인물이나 상황을 통해 이야기의 내용이나 결말을 예측해 보도록 하여 능동적으로 의미를 구성해 보는 기회를 준다. 
• 듣기나 읽기 자료를 제시할 때는 시각 자료나 일상생활의 맥락, 배경이 포함되도록 하여 학습자의 이해를 돕고, 역할극, 놀이, 게임, 영상 등 다양한 매체와 학습 방법을 통해 관련 표현을 자연스럽게 반복적으로 배우도록 지도한다. 특히, 에듀테크에 기반한 디지털 매체는 영어 입력 및 영어 학습에 대한 흥미도 향상, 영어에 관한 불안감 해소에 기여할 수 있다. 
• 알파벳은 알파벳 모형 등 구체적인 조작물을 활용한 알파벳 대소문자 짝짓기, 이름 듣고 해당하는 알파벳 찾기, 신체를 활용한 알파벳 놀이, 디지털 도구를 활용한 알파벳 인식 등 다양한 읽기 활동을 통하여 재미를 느끼면서 익힐 수 있도록 지도한다.
• 소리와 철자의 관계를 지도할 때는 비슷한 패턴을 보이는 여러 단어를 사용하여 학습자가 스스로 규칙을 찾도록 유도한다. 첫소리나 끝소리가 같은 단어 찾기, 중간 모음이 같은 단어 찾기, 철자를 조합하거나 변형하여 읽어 보기 등 다양한 활동을 할 수 있다. 
• 듣기의 이해 정도를 평가할 때는 질문에 관한 대답뿐만 아니라 그림으로 나타내거나 행동으로 반응하는 등 언어 외적인 방법으로도 표현할 수 있도록 한다. 또한 상황에 따라 알맞게 단어나 어구 등을 바꾸어 제시하고 집중하여 듣는 능력을 평가하는 방법도 사용할 수 있다. 초기 영어 학습자임을 고려하여 단순한 음성 자료만 활용하는 것은 지양하고, 시각적 자료를 병행하거나 일상생활의 맥락, 배경이 포함된 음성 자료를 활용하여 평가하도록 한다.
• 단어나 어구 읽기를 평가할 때는 가급적 구두로 익힌 쉽고 간단한 단어나 어구를 선정한다. 학습자의 수준에 따라 시각적인 보조 자료 없이 문자 언어만 제시하는 것도 고려할 수 있다. 평가 방법으로는 단어 또는 어구와 그림을 연결하기, 단어 또는 어구를 읽고 분류하기, 상황에 어울리는 단어 또는 어구 카드 찾기 등이 있다.
• 영어 이해 기능의 가치⋅태도를 평가할 때는 해당 성취기준을 독립적으로 평가하기보다는 다른 성취기준과 통합하여 평가하는 것을 권장한다. 존중과 배려의 태도로 상대방의 말을 수용하거나 다양한 문화를 이해하는 것이 중요한 듣기의 태도임을 인식할 수 있도록 지도한다. 또한 일회적인 평가보다는 장기간의 지속적인 관찰을 통해 평가하기를 권장한다. 
• 평가에 대한 개별 피드백을 제공하여 학습에 대한 동기를 부여하고 이것이 다시 학습의 과정과 결과물에 반영되는 순환 구조가 이루어지도록 한다. "
3~4,영어,이해,"⋅의사소통 목적과 상황에 맞게 배경지식을 활용하고 관점, 목적과 맥락을 파악함으로써 담화나 글을 이해하는 능력을 함양한다. 
⋅적절한 사고 과정 및 전략을 활용하여 담화나 글의 의미를 파악하고 분석한다. 
⋅담화나 글을 이해하는 활동은 협력적이고 포용적으로 화자나 필자의 의도를 이해하는 태도를 길러 준다.",4영01-10,자기 주변 주제나 문화에 관한 담화나 문장을 존중의 태도로 듣거나 읽는다.,자기 주변 주제나 문화에 관한 담화나 문장을 듣거나 읽을 때 다양한 생각을 존중하는 적극적인 태도를 보인다.,자기 주변 주제나 문화에 관한 담화나 문장을 듣거나 읽을 때 다양한 생각을 존중하는 태도를 보인다.,자기 주변 주제나 문화에 관한 담화나 문장을 듣거나 읽을 때 다양한 생각을 존중하는 태도를 가지려고 노력한다.,,"• 영어를 처음 접하는 시기이므로 듣기 능력의 향상에 중점을 두되, 읽기 능력도 균형적으로 발달하도록 지도한다. 또한 이해 영역의 듣기와 읽기를 연계한 활동뿐만 아니라 이해한 내용을 말하거나 쓰기, 질문하며 답하기 등의 활동을 활용하여 이해 영역 활동이 자연스럽게 표현 영역 활동에 연결되도록 통합적으로 지도한다.
• 영어 학습 초기임을 고려하여 학습자 자신 주변의 주제(이름, 색깔, 시간, 학용품, 운동, 동물 등)를 중심으로 듣기나 읽기 자료를 구성하는 것이 효과적이다. 다양한 실물, 동작, 그림, 사진, 삽화, 도표 등의 시각 정보도 함께 제시하여 학습자가 듣거나 읽은 것을 쉽게 이해할 수 있도록 한다.
• 영어 학습에 관한 인지적 부담을 낮추고 흥미와 자신감을 가질 수 있도록 듣고 행동으로 반응하기, 듣고 지시대로 행동하기, 들은 내용을 바탕으로 그리기, 들은 내용을 바탕으로 도표 만들기 등 듣고 이해한 정도를 다양한 과업 수행으로 표현할 수 있도록 지도한다.
• 듣기와 읽기 전략은 학습자가 담화나 문장을 효과적으로 이해하는 데 도움을 줄 수 있다. 그림이나 동작 등 시각적 단서를 활용하여 단어, 어구, 문장의 의미를 추측할 수 있으며, 삽화 속에 나타난 등장인물이나 상황을 통해 이야기의 내용이나 결말을 예측해 보도록 하여 능동적으로 의미를 구성해 보는 기회를 준다. 
• 듣기나 읽기 자료를 제시할 때는 시각 자료나 일상생활의 맥락, 배경이 포함되도록 하여 학습자의 이해를 돕고, 역할극, 놀이, 게임, 영상 등 다양한 매체와 학습 방법을 통해 관련 표현을 자연스럽게 반복적으로 배우도록 지도한다. 특히, 에듀테크에 기반한 디지털 매체는 영어 입력 및 영어 학습에 대한 흥미도 향상, 영어에 관한 불안감 해소에 기여할 수 있다. 
• 알파벳은 알파벳 모형 등 구체적인 조작물을 활용한 알파벳 대소문자 짝짓기, 이름 듣고 해당하는 알파벳 찾기, 신체를 활용한 알파벳 놀이, 디지털 도구를 활용한 알파벳 인식 등 다양한 읽기 활동을 통하여 재미를 느끼면서 익힐 수 있도록 지도한다.
• 소리와 철자의 관계를 지도할 때는 비슷한 패턴을 보이는 여러 단어를 사용하여 학습자가 스스로 규칙을 찾도록 유도한다. 첫소리나 끝소리가 같은 단어 찾기, 중간 모음이 같은 단어 찾기, 철자를 조합하거나 변형하여 읽어 보기 등 다양한 활동을 할 수 있다. 
• 듣기의 이해 정도를 평가할 때는 질문에 관한 대답뿐만 아니라 그림으로 나타내거나 행동으로 반응하는 등 언어 외적인 방법으로도 표현할 수 있도록 한다. 또한 상황에 따라 알맞게 단어나 어구 등을 바꾸어 제시하고 집중하여 듣는 능력을 평가하는 방법도 사용할 수 있다. 초기 영어 학습자임을 고려하여 단순한 음성 자료만 활용하는 것은 지양하고, 시각적 자료를 병행하거나 일상생활의 맥락, 배경이 포함된 음성 자료를 활용하여 평가하도록 한다.
• 단어나 어구 읽기를 평가할 때는 가급적 구두로 익힌 쉽고 간단한 단어나 어구를 선정한다. 학습자의 수준에 따라 시각적인 보조 자료 없이 문자 언어만 제시하는 것도 고려할 수 있다. 평가 방법으로는 단어 또는 어구와 그림을 연결하기, 단어 또는 어구를 읽고 분류하기, 상황에 어울리는 단어 또는 어구 카드 찾기 등이 있다.
• 영어 이해 기능의 가치⋅태도를 평가할 때는 해당 성취기준을 독립적으로 평가하기보다는 다른 성취기준과 통합하여 평가하는 것을 권장한다. 존중과 배려의 태도로 상대방의 말을 수용하거나 다양한 문화를 이해하는 것이 중요한 듣기의 태도임을 인식할 수 있도록 지도한다. 또한 일회적인 평가보다는 장기간의 지속적인 관찰을 통해 평가하기를 권장한다. 
• 평가에 대한 개별 피드백을 제공하여 학습에 대한 동기를 부여하고 이것이 다시 학습의 과정과 결과물에 반영되는 순환 구조가 이루어지도록 한다. "
3~4,영어,표현,"⋅의사소통 목적과 상황에 맞게 적절한 매체를 활용하여 자신의 감정이나 의견을 담화나 글로 표현하는 능력을 함양한다. 
⋅적절한 사고 과정 및 전략을 활용하여 의미를 표현하거나 교환한다. 
⋅담화나 글로 표현하는 활동은 다양한 문화와 관점에 대한 이해를 바탕으로 협력적이고 포용적으로 상호 소통하며 의미를 표현하거나 교환하는 태도를 길러 준다.",4영02-01,"쉽고 간단한 단어, 어구, 문장을 강세, 리듬, 억양에 맞게 따라 말한다.","쉽고 간단한 단어, 어구, 문장을 듣고 강세, 리듬, 억양에 맞게 정확하게 따라 말할 수 있다.","쉽고 간단한 단어, 어구, 문장을 듣고 강세, 리듬, 억양에 맞게 대체로 따라 말할 수 있다.","매우 쉽고 간단한 단어, 어구, 문장을 반복하여 듣고 강세, 리듬, 억양에 맞게 부분적으로 따라 말할 수 있다.",,"• 영어를 처음 접하는 시기이므로 말하기 능력의 향상에 중점을 두되, 쓰기 능력도 균형적으로 발달하도록 지도한다. 또한 표현 영역에서 말하기와 쓰기를 연계한 활동뿐만 아니라 듣고 말하기, 읽고 쓰기 등의 활동을 활용하여 이해 영역과 표현 영역의 활동이 자연스럽게 연결되도록 통합적으로 지도한다.
• 교실 및 자기 주변에서 쉽게 접하는 교사나 친구, 사물에 대하여 말하거나 쓰는 활동을 통해 교사와 학생, 동료 학생 간의 상호 작용을 강화하고 목표 언어의 의미와 사용 맥락을 실제적으로 체험할 수 있도록 지도한다. 
• 노래와 찬트는 영어의 강세, 리듬, 억양을 익히기에 좋은 언어 자료이므로 내용을 이해하고 반복적으로 들으면서 따라 부르도록 한다. 단어 수준에서부터 어구, 문장, 간단한 대화 등의 순으로 들려주면서 자연스럽게 영어의 강세, 리듬, 억양에 익숙해지게 한다.
• 학습자는 여러 단계의 중간 언어(interlanguage)를 거쳐 영어를 습득하기 때문에 발화 과정에서 나타나는 오류는 자연스러운 현상이다. 따라서 의사소통에 지장을 주는 경우가 아니라면 오류에 대한 즉각적인 교정은 피하는 것이 좋다. 교정적인 피드백은 학습자끼리 주고받을 수도 있고, 오류의 유형과 특성에 따라 개인별 혹은 전체를 대상으로 교사가 제공할 수도 있다. 
• 알파벳 쓰기를 처음 배우는 시기이므로 대소문자를 모양과 획순에 맞게 정확하게 쓸 수 있게 충분한 연습 기회를 제공한다. 모양이 유사해서 혼동하기 쉬운 철자에 대하여 반복적으로 학습할 기회를 제공하고, 소문자 위주로 단어나 어구 등이 제시될 수 있으므로 대문자도 균형적으로 익힐 수 있도록 유의한다. 학습자의 특성과 필요에 따라 단기간 집중 또는 분산 지도 방법을 사용하여 알파벳을 지도할 수 있으며, 읽기와 쓰기를 연계하여 지도한다.
• 초기 쓰기 단계에서는 학습자가 철자 쓰기에 어려움을 겪는다. 따라 쓰기, 보고 쓰기, 완성하여 쓰기의 순으로 점진적으로 통제의 정도를 줄여 가며 쓰도록 하여 쓰기에 대한 자신감을 가지게 한다. 또한 알파벳의 이름과 소리를 연계하여 생각해 보기, 같은 소리와 철자를 가진 친숙한 단어 생각해 보기 등 철자를 기억할 수 있는 다양한 전략도 활용하도록 안내한다.
• 학습자는 영어로 표현하는 것에 대한 어려움과 불안감을 느끼는 경우가 많다. 교사는 이해 가능한 입력 자료, 의미 중심의 활동, 동료와의 협력 등을 통해 발화에 어려움이 있는 학습자가 적극적으로 대화에 참여하도록 이끌어 주어야 한다. 쓰기에 대한 흥미와 관심도 잃지 않도록 주변의 친숙한 간판이나 표지판, 상표 등에 나타난 알파벳과 단어를 중심으로 쓰게 한다. 또한 언어 수준을 고려하여 개별 학습자에게 필요한 맞춤형 자료를 준비하여 지도한다.
• 학습자 간 의사소통 과정에서 기본적인 대화 예절을 이해하고 준수하도록 지도한다. 적극적으로 대화에 참여하는 태도, 상대방을 배려하여 공손하게 듣고 말하는 태도, 말하는 차례 지키기 등을 의사소통 전 과정에 걸쳐 체득할 수 있도록 지속적으로 점검하고 격려한다.
• 에듀테크의 발달에 따라 사이버 공간에서 활발한 상호 작용이 이루어지고 온오프라인 연계 학습이 활성화되고 있으므로 교육 환경과 학습자의 상황을 고려하여 적절한 매체와 기법을 활용하여 새롭고 흥미로운 학습 경험을 제공하고, 다양한 형태의 결과물을 창의적으로 만들 수 있도록 유도한다.
• 말하기 형성평가는 교사의 발문에 대한 응답, 짝이나 소그룹 활동 등에서 이루어지는 학습자들의 상호 작용 및 과업 수행 정도, 전략 활용과 대화 예절 등에 초점을 두고 진행한다. 쓰기 형성평가는 학습자가 배운 단어, 어구, 문장을 바르게 쓸 수 있는지와 과업의 수행 정도 등에 중점을 둔다.
• 말하기와 쓰기에 대한 흥미나 자신감을 평가하는 방법으로 자기 평가와 동료 평가를 활용할 수 있다. 표현 활동에 얼마나 흥미가 있으며 자신감이 생겼는지 평가하는 과정을 통해 학습자 스스로 학습 계획을 세워 실천해 나가며 성찰할 수 있는 자기주도학습의 기초가 될 수 있도록 한다. 
• 말하기와 쓰기의 통합 평가를 위해 간단한 단어와 어구를 쓰고 이와 관련된 의사소통 표현을 묻거나 답하는 방법, 구어로 물어본 질문에 답하고 이를 단어나 어구로 쓰도록 하는 방법 등을 이용할 수 있다. 통합 평가를 수행하는 데 어려움을 겪는 학습자에게는 시각적 단서 등의 자료를 제공하여 평가할 수 있다."
3~4,영어,표현,"⋅의사소통 목적과 상황에 맞게 적절한 매체를 활용하여 자신의 감정이나 의견을 담화나 글로 표현하는 능력을 함양한다. 
⋅적절한 사고 과정 및 전략을 활용하여 의미를 표현하거나 교환한다. 
⋅담화나 글로 표현하는 활동은 다양한 문화와 관점에 대한 이해를 바탕으로 협력적이고 포용적으로 상호 소통하며 의미를 표현하거나 교환하는 태도를 길러 준다.",4영02-02,알파벳 대소문자를 구별하여 쓴다.,알파벳 대소 문자를 구별하여 정확하게 쓸 수 있다.,알파벳 대소 문자를 구별하여 대체로 쓸 수 있다.,알파벳 대소 문자를 구별하여 부분적으로 쓸 수 있다.,,"• 영어를 처음 접하는 시기이므로 말하기 능력의 향상에 중점을 두되, 쓰기 능력도 균형적으로 발달하도록 지도한다. 또한 표현 영역에서 말하기와 쓰기를 연계한 활동뿐만 아니라 듣고 말하기, 읽고 쓰기 등의 활동을 활용하여 이해 영역과 표현 영역의 활동이 자연스럽게 연결되도록 통합적으로 지도한다.
• 교실 및 자기 주변에서 쉽게 접하는 교사나 친구, 사물에 대하여 말하거나 쓰는 활동을 통해 교사와 학생, 동료 학생 간의 상호 작용을 강화하고 목표 언어의 의미와 사용 맥락을 실제적으로 체험할 수 있도록 지도한다. 
• 노래와 찬트는 영어의 강세, 리듬, 억양을 익히기에 좋은 언어 자료이므로 내용을 이해하고 반복적으로 들으면서 따라 부르도록 한다. 단어 수준에서부터 어구, 문장, 간단한 대화 등의 순으로 들려주면서 자연스럽게 영어의 강세, 리듬, 억양에 익숙해지게 한다.
• 학습자는 여러 단계의 중간 언어(interlanguage)를 거쳐 영어를 습득하기 때문에 발화 과정에서 나타나는 오류는 자연스러운 현상이다. 따라서 의사소통에 지장을 주는 경우가 아니라면 오류에 대한 즉각적인 교정은 피하는 것이 좋다. 교정적인 피드백은 학습자끼리 주고받을 수도 있고, 오류의 유형과 특성에 따라 개인별 혹은 전체를 대상으로 교사가 제공할 수도 있다. 
• 알파벳 쓰기를 처음 배우는 시기이므로 대소문자를 모양과 획순에 맞게 정확하게 쓸 수 있게 충분한 연습 기회를 제공한다. 모양이 유사해서 혼동하기 쉬운 철자에 대하여 반복적으로 학습할 기회를 제공하고, 소문자 위주로 단어나 어구 등이 제시될 수 있으므로 대문자도 균형적으로 익힐 수 있도록 유의한다. 학습자의 특성과 필요에 따라 단기간 집중 또는 분산 지도 방법을 사용하여 알파벳을 지도할 수 있으며, 읽기와 쓰기를 연계하여 지도한다.
• 초기 쓰기 단계에서는 학습자가 철자 쓰기에 어려움을 겪는다. 따라 쓰기, 보고 쓰기, 완성하여 쓰기의 순으로 점진적으로 통제의 정도를 줄여 가며 쓰도록 하여 쓰기에 대한 자신감을 가지게 한다. 또한 알파벳의 이름과 소리를 연계하여 생각해 보기, 같은 소리와 철자를 가진 친숙한 단어 생각해 보기 등 철자를 기억할 수 있는 다양한 전략도 활용하도록 안내한다.
• 학습자는 영어로 표현하는 것에 대한 어려움과 불안감을 느끼는 경우가 많다. 교사는 이해 가능한 입력 자료, 의미 중심의 활동, 동료와의 협력 등을 통해 발화에 어려움이 있는 학습자가 적극적으로 대화에 참여하도록 이끌어 주어야 한다. 쓰기에 대한 흥미와 관심도 잃지 않도록 주변의 친숙한 간판이나 표지판, 상표 등에 나타난 알파벳과 단어를 중심으로 쓰게 한다. 또한 언어 수준을 고려하여 개별 학습자에게 필요한 맞춤형 자료를 준비하여 지도한다.
• 학습자 간 의사소통 과정에서 기본적인 대화 예절을 이해하고 준수하도록 지도한다. 적극적으로 대화에 참여하는 태도, 상대방을 배려하여 공손하게 듣고 말하는 태도, 말하는 차례 지키기 등을 의사소통 전 과정에 걸쳐 체득할 수 있도록 지속적으로 점검하고 격려한다.
• 에듀테크의 발달에 따라 사이버 공간에서 활발한 상호 작용이 이루어지고 온오프라인 연계 학습이 활성화되고 있으므로 교육 환경과 학습자의 상황을 고려하여 적절한 매체와 기법을 활용하여 새롭고 흥미로운 학습 경험을 제공하고, 다양한 형태의 결과물을 창의적으로 만들 수 있도록 유도한다.
• 말하기 형성평가는 교사의 발문에 대한 응답, 짝이나 소그룹 활동 등에서 이루어지는 학습자들의 상호 작용 및 과업 수행 정도, 전략 활용과 대화 예절 등에 초점을 두고 진행한다. 쓰기 형성평가는 학습자가 배운 단어, 어구, 문장을 바르게 쓸 수 있는지와 과업의 수행 정도 등에 중점을 둔다.
• 말하기와 쓰기에 대한 흥미나 자신감을 평가하는 방법으로 자기 평가와 동료 평가를 활용할 수 있다. 표현 활동에 얼마나 흥미가 있으며 자신감이 생겼는지 평가하는 과정을 통해 학습자 스스로 학습 계획을 세워 실천해 나가며 성찰할 수 있는 자기주도학습의 기초가 될 수 있도록 한다. 
• 말하기와 쓰기의 통합 평가를 위해 간단한 단어와 어구를 쓰고 이와 관련된 의사소통 표현을 묻거나 답하는 방법, 구어로 물어본 질문에 답하고 이를 단어나 어구로 쓰도록 하는 방법 등을 이용할 수 있다. 통합 평가를 수행하는 데 어려움을 겪는 학습자에게는 시각적 단서 등의 자료를 제공하여 평가할 수 있다."
3~4,영어,표현,"⋅의사소통 목적과 상황에 맞게 적절한 매체를 활용하여 자신의 감정이나 의견을 담화나 글로 표현하는 능력을 함양한다. 
⋅적절한 사고 과정 및 전략을 활용하여 의미를 표현하거나 교환한다. 
⋅담화나 글로 표현하는 활동은 다양한 문화와 관점에 대한 이해를 바탕으로 협력적이고 포용적으로 상호 소통하며 의미를 표현하거나 교환하는 태도를 길러 준다.",4영02-03,소리와 철자의 관계를 바탕으로 쉽고 간단한 단어를 쓴다.,소리와 철자의 관계를 바탕으로 쉽고 간단한 단어를 정확하게 쓸 수 있다.,소리와 철자의 관계를 바탕으로 쉽고 간단한 단어를 대체로 쓸 수 있다.,소리와 철자의 관계를 바탕으로 매우 쉽고 간단한 단어를 부분적으로 쓸 수 있다.,[4영02-03] 이 성취기준은 단어를 쓰는 단계에서 학습자가 기계적으로 철자를 외워서 쓰는 것이 아니라 단어의 개별 소리에 대응하는 철자를 생각해 보며 쓰도록 하는 것을 의미한다.,"• 영어를 처음 접하는 시기이므로 말하기 능력의 향상에 중점을 두되, 쓰기 능력도 균형적으로 발달하도록 지도한다. 또한 표현 영역에서 말하기와 쓰기를 연계한 활동뿐만 아니라 듣고 말하기, 읽고 쓰기 등의 활동을 활용하여 이해 영역과 표현 영역의 활동이 자연스럽게 연결되도록 통합적으로 지도한다.
• 교실 및 자기 주변에서 쉽게 접하는 교사나 친구, 사물에 대하여 말하거나 쓰는 활동을 통해 교사와 학생, 동료 학생 간의 상호 작용을 강화하고 목표 언어의 의미와 사용 맥락을 실제적으로 체험할 수 있도록 지도한다. 
• 노래와 찬트는 영어의 강세, 리듬, 억양을 익히기에 좋은 언어 자료이므로 내용을 이해하고 반복적으로 들으면서 따라 부르도록 한다. 단어 수준에서부터 어구, 문장, 간단한 대화 등의 순으로 들려주면서 자연스럽게 영어의 강세, 리듬, 억양에 익숙해지게 한다.
• 학습자는 여러 단계의 중간 언어(interlanguage)를 거쳐 영어를 습득하기 때문에 발화 과정에서 나타나는 오류는 자연스러운 현상이다. 따라서 의사소통에 지장을 주는 경우가 아니라면 오류에 대한 즉각적인 교정은 피하는 것이 좋다. 교정적인 피드백은 학습자끼리 주고받을 수도 있고, 오류의 유형과 특성에 따라 개인별 혹은 전체를 대상으로 교사가 제공할 수도 있다. 
• 알파벳 쓰기를 처음 배우는 시기이므로 대소문자를 모양과 획순에 맞게 정확하게 쓸 수 있게 충분한 연습 기회를 제공한다. 모양이 유사해서 혼동하기 쉬운 철자에 대하여 반복적으로 학습할 기회를 제공하고, 소문자 위주로 단어나 어구 등이 제시될 수 있으므로 대문자도 균형적으로 익힐 수 있도록 유의한다. 학습자의 특성과 필요에 따라 단기간 집중 또는 분산 지도 방법을 사용하여 알파벳을 지도할 수 있으며, 읽기와 쓰기를 연계하여 지도한다.
• 초기 쓰기 단계에서는 학습자가 철자 쓰기에 어려움을 겪는다. 따라 쓰기, 보고 쓰기, 완성하여 쓰기의 순으로 점진적으로 통제의 정도를 줄여 가며 쓰도록 하여 쓰기에 대한 자신감을 가지게 한다. 또한 알파벳의 이름과 소리를 연계하여 생각해 보기, 같은 소리와 철자를 가진 친숙한 단어 생각해 보기 등 철자를 기억할 수 있는 다양한 전략도 활용하도록 안내한다.
• 학습자는 영어로 표현하는 것에 대한 어려움과 불안감을 느끼는 경우가 많다. 교사는 이해 가능한 입력 자료, 의미 중심의 활동, 동료와의 협력 등을 통해 발화에 어려움이 있는 학습자가 적극적으로 대화에 참여하도록 이끌어 주어야 한다. 쓰기에 대한 흥미와 관심도 잃지 않도록 주변의 친숙한 간판이나 표지판, 상표 등에 나타난 알파벳과 단어를 중심으로 쓰게 한다. 또한 언어 수준을 고려하여 개별 학습자에게 필요한 맞춤형 자료를 준비하여 지도한다.
• 학습자 간 의사소통 과정에서 기본적인 대화 예절을 이해하고 준수하도록 지도한다. 적극적으로 대화에 참여하는 태도, 상대방을 배려하여 공손하게 듣고 말하는 태도, 말하는 차례 지키기 등을 의사소통 전 과정에 걸쳐 체득할 수 있도록 지속적으로 점검하고 격려한다.
• 에듀테크의 발달에 따라 사이버 공간에서 활발한 상호 작용이 이루어지고 온오프라인 연계 학습이 활성화되고 있으므로 교육 환경과 학습자의 상황을 고려하여 적절한 매체와 기법을 활용하여 새롭고 흥미로운 학습 경험을 제공하고, 다양한 형태의 결과물을 창의적으로 만들 수 있도록 유도한다.
• 말하기 형성평가는 교사의 발문에 대한 응답, 짝이나 소그룹 활동 등에서 이루어지는 학습자들의 상호 작용 및 과업 수행 정도, 전략 활용과 대화 예절 등에 초점을 두고 진행한다. 쓰기 형성평가는 학습자가 배운 단어, 어구, 문장을 바르게 쓸 수 있는지와 과업의 수행 정도 등에 중점을 둔다.
• 말하기와 쓰기에 대한 흥미나 자신감을 평가하는 방법으로 자기 평가와 동료 평가를 활용할 수 있다. 표현 활동에 얼마나 흥미가 있으며 자신감이 생겼는지 평가하는 과정을 통해 학습자 스스로 학습 계획을 세워 실천해 나가며 성찰할 수 있는 자기주도학습의 기초가 될 수 있도록 한다. 
• 말하기와 쓰기의 통합 평가를 위해 간단한 단어와 어구를 쓰고 이와 관련된 의사소통 표현을 묻거나 답하는 방법, 구어로 물어본 질문에 답하고 이를 단어나 어구로 쓰도록 하는 방법 등을 이용할 수 있다. 통합 평가를 수행하는 데 어려움을 겪는 학습자에게는 시각적 단서 등의 자료를 제공하여 평가할 수 있다."
3~4,영어,표현,"⋅의사소통 목적과 상황에 맞게 적절한 매체를 활용하여 자신의 감정이나 의견을 담화나 글로 표현하는 능력을 함양한다. 
⋅적절한 사고 과정 및 전략을 활용하여 의미를 표현하거나 교환한다. 
⋅담화나 글로 표현하는 활동은 다양한 문화와 관점에 대한 이해를 바탕으로 협력적이고 포용적으로 상호 소통하며 의미를 표현하거나 교환하는 태도를 길러 준다.",4영02-04,"실물, 그림, 동작 등을 보고 쉽고 간단한 문장으로 말하거나 단어나 어구를 쓴다.","실물, 그림, 동작 등을 보고 적절한 단어와 언어 형식을 사용하여 쉽고 간단한 문장으로 말하거나 단어나 어구를 정확하게 쓸 수 있다.","실물, 그림, 동작 등을 보고 적절한 단어를 사용하여 쉽고 간단한 문장으로 대체로 말하거나 단어나 어구를 대체로 쓸 수 있다.","실물, 그림, 동작 등을 보고 주어진 단어를 사용하여 매우 쉽고 간단한 문장으로 부분적으로 말하거나 주어진 철자를 사용하여 단어나 어구를 부분적으로 쓸 수 있다.",,"• 영어를 처음 접하는 시기이므로 말하기 능력의 향상에 중점을 두되, 쓰기 능력도 균형적으로 발달하도록 지도한다. 또한 표현 영역에서 말하기와 쓰기를 연계한 활동뿐만 아니라 듣고 말하기, 읽고 쓰기 등의 활동을 활용하여 이해 영역과 표현 영역의 활동이 자연스럽게 연결되도록 통합적으로 지도한다.
• 교실 및 자기 주변에서 쉽게 접하는 교사나 친구, 사물에 대하여 말하거나 쓰는 활동을 통해 교사와 학생, 동료 학생 간의 상호 작용을 강화하고 목표 언어의 의미와 사용 맥락을 실제적으로 체험할 수 있도록 지도한다. 
• 노래와 찬트는 영어의 강세, 리듬, 억양을 익히기에 좋은 언어 자료이므로 내용을 이해하고 반복적으로 들으면서 따라 부르도록 한다. 단어 수준에서부터 어구, 문장, 간단한 대화 등의 순으로 들려주면서 자연스럽게 영어의 강세, 리듬, 억양에 익숙해지게 한다.
• 학습자는 여러 단계의 중간 언어(interlanguage)를 거쳐 영어를 습득하기 때문에 발화 과정에서 나타나는 오류는 자연스러운 현상이다. 따라서 의사소통에 지장을 주는 경우가 아니라면 오류에 대한 즉각적인 교정은 피하는 것이 좋다. 교정적인 피드백은 학습자끼리 주고받을 수도 있고, 오류의 유형과 특성에 따라 개인별 혹은 전체를 대상으로 교사가 제공할 수도 있다. 
• 알파벳 쓰기를 처음 배우는 시기이므로 대소문자를 모양과 획순에 맞게 정확하게 쓸 수 있게 충분한 연습 기회를 제공한다. 모양이 유사해서 혼동하기 쉬운 철자에 대하여 반복적으로 학습할 기회를 제공하고, 소문자 위주로 단어나 어구 등이 제시될 수 있으므로 대문자도 균형적으로 익힐 수 있도록 유의한다. 학습자의 특성과 필요에 따라 단기간 집중 또는 분산 지도 방법을 사용하여 알파벳을 지도할 수 있으며, 읽기와 쓰기를 연계하여 지도한다.
• 초기 쓰기 단계에서는 학습자가 철자 쓰기에 어려움을 겪는다. 따라 쓰기, 보고 쓰기, 완성하여 쓰기의 순으로 점진적으로 통제의 정도를 줄여 가며 쓰도록 하여 쓰기에 대한 자신감을 가지게 한다. 또한 알파벳의 이름과 소리를 연계하여 생각해 보기, 같은 소리와 철자를 가진 친숙한 단어 생각해 보기 등 철자를 기억할 수 있는 다양한 전략도 활용하도록 안내한다.
• 학습자는 영어로 표현하는 것에 대한 어려움과 불안감을 느끼는 경우가 많다. 교사는 이해 가능한 입력 자료, 의미 중심의 활동, 동료와의 협력 등을 통해 발화에 어려움이 있는 학습자가 적극적으로 대화에 참여하도록 이끌어 주어야 한다. 쓰기에 대한 흥미와 관심도 잃지 않도록 주변의 친숙한 간판이나 표지판, 상표 등에 나타난 알파벳과 단어를 중심으로 쓰게 한다. 또한 언어 수준을 고려하여 개별 학습자에게 필요한 맞춤형 자료를 준비하여 지도한다.
• 학습자 간 의사소통 과정에서 기본적인 대화 예절을 이해하고 준수하도록 지도한다. 적극적으로 대화에 참여하는 태도, 상대방을 배려하여 공손하게 듣고 말하는 태도, 말하는 차례 지키기 등을 의사소통 전 과정에 걸쳐 체득할 수 있도록 지속적으로 점검하고 격려한다.
• 에듀테크의 발달에 따라 사이버 공간에서 활발한 상호 작용이 이루어지고 온오프라인 연계 학습이 활성화되고 있으므로 교육 환경과 학습자의 상황을 고려하여 적절한 매체와 기법을 활용하여 새롭고 흥미로운 학습 경험을 제공하고, 다양한 형태의 결과물을 창의적으로 만들 수 있도록 유도한다.
• 말하기 형성평가는 교사의 발문에 대한 응답, 짝이나 소그룹 활동 등에서 이루어지는 학습자들의 상호 작용 및 과업 수행 정도, 전략 활용과 대화 예절 등에 초점을 두고 진행한다. 쓰기 형성평가는 학습자가 배운 단어, 어구, 문장을 바르게 쓸 수 있는지와 과업의 수행 정도 등에 중점을 둔다.
• 말하기와 쓰기에 대한 흥미나 자신감을 평가하는 방법으로 자기 평가와 동료 평가를 활용할 수 있다. 표현 활동에 얼마나 흥미가 있으며 자신감이 생겼는지 평가하는 과정을 통해 학습자 스스로 학습 계획을 세워 실천해 나가며 성찰할 수 있는 자기주도학습의 기초가 될 수 있도록 한다. 
• 말하기와 쓰기의 통합 평가를 위해 간단한 단어와 어구를 쓰고 이와 관련된 의사소통 표현을 묻거나 답하는 방법, 구어로 물어본 질문에 답하고 이를 단어나 어구로 쓰도록 하는 방법 등을 이용할 수 있다. 통합 평가를 수행하는 데 어려움을 겪는 학습자에게는 시각적 단서 등의 자료를 제공하여 평가할 수 있다."
3~4,영어,표현,"⋅의사소통 목적과 상황에 맞게 적절한 매체를 활용하여 자신의 감정이나 의견을 담화나 글로 표현하는 능력을 함양한다. 
⋅적절한 사고 과정 및 전략을 활용하여 의미를 표현하거나 교환한다. 
⋅담화나 글로 표현하는 활동은 다양한 문화와 관점에 대한 이해를 바탕으로 협력적이고 포용적으로 상호 소통하며 의미를 표현하거나 교환하는 태도를 길러 준다.",4영02-05,"자신, 주변 사람이나 사물의 소개나 묘사를 쉽고 간단한 문장으로 말하거나 보고 쓴다.","자신, 주변 사람이나 사물을 소개 또는 묘사하는 말을 적절한 단어와 언어 형식을 사용하여 쉽고 간단한 문장으로 말하거나 제시된 문장을 정확하게 보고 쓸 수 있다.","자신, 주변 사람이나 사물을 소개 또는 묘사하는 말을 적절한 단어를 사용하여 쉽고 간단한 문장으로 대체로 말하거나 제시된 문장을 대체로 보고 쓸 수 있다.","자신, 주변 사람이나 사물을 소개 또는 묘사하는 말을 주어진 도움 자료를 참고하여 매우 쉽고 간단한 문장으로 부분적으로 말하거나 제시된 문장을 부분적으로 보고 쓸 수 있다.","[4영02-05] 이 성취기준은 간단한 인사말과 함께 자신과 가족, 친구 등의 이름이나 외모, 주변의 물건이나 동물 등의 특징을 쉬운 언어 형식의 한두 문장으로 말하거나 제시된 문장을 그대로 보고 쓰는 것을 의미한다.","• 영어를 처음 접하는 시기이므로 말하기 능력의 향상에 중점을 두되, 쓰기 능력도 균형적으로 발달하도록 지도한다. 또한 표현 영역에서 말하기와 쓰기를 연계한 활동뿐만 아니라 듣고 말하기, 읽고 쓰기 등의 활동을 활용하여 이해 영역과 표현 영역의 활동이 자연스럽게 연결되도록 통합적으로 지도한다.
• 교실 및 자기 주변에서 쉽게 접하는 교사나 친구, 사물에 대하여 말하거나 쓰는 활동을 통해 교사와 학생, 동료 학생 간의 상호 작용을 강화하고 목표 언어의 의미와 사용 맥락을 실제적으로 체험할 수 있도록 지도한다. 
• 노래와 찬트는 영어의 강세, 리듬, 억양을 익히기에 좋은 언어 자료이므로 내용을 이해하고 반복적으로 들으면서 따라 부르도록 한다. 단어 수준에서부터 어구, 문장, 간단한 대화 등의 순으로 들려주면서 자연스럽게 영어의 강세, 리듬, 억양에 익숙해지게 한다.
• 학습자는 여러 단계의 중간 언어(interlanguage)를 거쳐 영어를 습득하기 때문에 발화 과정에서 나타나는 오류는 자연스러운 현상이다. 따라서 의사소통에 지장을 주는 경우가 아니라면 오류에 대한 즉각적인 교정은 피하는 것이 좋다. 교정적인 피드백은 학습자끼리 주고받을 수도 있고, 오류의 유형과 특성에 따라 개인별 혹은 전체를 대상으로 교사가 제공할 수도 있다. 
• 알파벳 쓰기를 처음 배우는 시기이므로 대소문자를 모양과 획순에 맞게 정확하게 쓸 수 있게 충분한 연습 기회를 제공한다. 모양이 유사해서 혼동하기 쉬운 철자에 대하여 반복적으로 학습할 기회를 제공하고, 소문자 위주로 단어나 어구 등이 제시될 수 있으므로 대문자도 균형적으로 익힐 수 있도록 유의한다. 학습자의 특성과 필요에 따라 단기간 집중 또는 분산 지도 방법을 사용하여 알파벳을 지도할 수 있으며, 읽기와 쓰기를 연계하여 지도한다.
• 초기 쓰기 단계에서는 학습자가 철자 쓰기에 어려움을 겪는다. 따라 쓰기, 보고 쓰기, 완성하여 쓰기의 순으로 점진적으로 통제의 정도를 줄여 가며 쓰도록 하여 쓰기에 대한 자신감을 가지게 한다. 또한 알파벳의 이름과 소리를 연계하여 생각해 보기, 같은 소리와 철자를 가진 친숙한 단어 생각해 보기 등 철자를 기억할 수 있는 다양한 전략도 활용하도록 안내한다.
• 학습자는 영어로 표현하는 것에 대한 어려움과 불안감을 느끼는 경우가 많다. 교사는 이해 가능한 입력 자료, 의미 중심의 활동, 동료와의 협력 등을 통해 발화에 어려움이 있는 학습자가 적극적으로 대화에 참여하도록 이끌어 주어야 한다. 쓰기에 대한 흥미와 관심도 잃지 않도록 주변의 친숙한 간판이나 표지판, 상표 등에 나타난 알파벳과 단어를 중심으로 쓰게 한다. 또한 언어 수준을 고려하여 개별 학습자에게 필요한 맞춤형 자료를 준비하여 지도한다.
• 학습자 간 의사소통 과정에서 기본적인 대화 예절을 이해하고 준수하도록 지도한다. 적극적으로 대화에 참여하는 태도, 상대방을 배려하여 공손하게 듣고 말하는 태도, 말하는 차례 지키기 등을 의사소통 전 과정에 걸쳐 체득할 수 있도록 지속적으로 점검하고 격려한다.
• 에듀테크의 발달에 따라 사이버 공간에서 활발한 상호 작용이 이루어지고 온오프라인 연계 학습이 활성화되고 있으므로 교육 환경과 학습자의 상황을 고려하여 적절한 매체와 기법을 활용하여 새롭고 흥미로운 학습 경험을 제공하고, 다양한 형태의 결과물을 창의적으로 만들 수 있도록 유도한다.
• 말하기 형성평가는 교사의 발문에 대한 응답, 짝이나 소그룹 활동 등에서 이루어지는 학습자들의 상호 작용 및 과업 수행 정도, 전략 활용과 대화 예절 등에 초점을 두고 진행한다. 쓰기 형성평가는 학습자가 배운 단어, 어구, 문장을 바르게 쓸 수 있는지와 과업의 수행 정도 등에 중점을 둔다.
• 말하기와 쓰기에 대한 흥미나 자신감을 평가하는 방법으로 자기 평가와 동료 평가를 활용할 수 있다. 표현 활동에 얼마나 흥미가 있으며 자신감이 생겼는지 평가하는 과정을 통해 학습자 스스로 학습 계획을 세워 실천해 나가며 성찰할 수 있는 자기주도학습의 기초가 될 수 있도록 한다. 
• 말하기와 쓰기의 통합 평가를 위해 간단한 단어와 어구를 쓰고 이와 관련된 의사소통 표현을 묻거나 답하는 방법, 구어로 물어본 질문에 답하고 이를 단어나 어구로 쓰도록 하는 방법 등을 이용할 수 있다. 통합 평가를 수행하는 데 어려움을 겪는 학습자에게는 시각적 단서 등의 자료를 제공하여 평가할 수 있다."
3~4,영어,표현,"⋅의사소통 목적과 상황에 맞게 적절한 매체를 활용하여 자신의 감정이나 의견을 담화나 글로 표현하는 능력을 함양한다. 
⋅적절한 사고 과정 및 전략을 활용하여 의미를 표현하거나 교환한다. 
⋅담화나 글로 표현하는 활동은 다양한 문화와 관점에 대한 이해를 바탕으로 협력적이고 포용적으로 상호 소통하며 의미를 표현하거나 교환하는 태도를 길러 준다.",4영02-06,행동 지시를 쉽고 간단한 문장으로 말하거나 보고 쓴다.,행동을 지시하는 말을 적절한 단어와 언어 형식을 사용하여 쉽고 간단한 문장으로 말하거나 제시된 문장을 정확하게 보고 쓸 수 있다.,행동을 지시하는 말을 적절한 단어를 사용하여 쉽고 간단한 문장으로 대체로 말하거나 제시된 문장을 대체로 보고 쓸 수 있다.,주어진 도움 자료를 사용하여 행동을 지시하는 말을 매우 쉽고 간단한 문장으로 부분적으로 말하거나 제시된 문장을 부분적으로 보고 쓸 수 있다.,,"• 영어를 처음 접하는 시기이므로 말하기 능력의 향상에 중점을 두되, 쓰기 능력도 균형적으로 발달하도록 지도한다. 또한 표현 영역에서 말하기와 쓰기를 연계한 활동뿐만 아니라 듣고 말하기, 읽고 쓰기 등의 활동을 활용하여 이해 영역과 표현 영역의 활동이 자연스럽게 연결되도록 통합적으로 지도한다.
• 교실 및 자기 주변에서 쉽게 접하는 교사나 친구, 사물에 대하여 말하거나 쓰는 활동을 통해 교사와 학생, 동료 학생 간의 상호 작용을 강화하고 목표 언어의 의미와 사용 맥락을 실제적으로 체험할 수 있도록 지도한다. 
• 노래와 찬트는 영어의 강세, 리듬, 억양을 익히기에 좋은 언어 자료이므로 내용을 이해하고 반복적으로 들으면서 따라 부르도록 한다. 단어 수준에서부터 어구, 문장, 간단한 대화 등의 순으로 들려주면서 자연스럽게 영어의 강세, 리듬, 억양에 익숙해지게 한다.
• 학습자는 여러 단계의 중간 언어(interlanguage)를 거쳐 영어를 습득하기 때문에 발화 과정에서 나타나는 오류는 자연스러운 현상이다. 따라서 의사소통에 지장을 주는 경우가 아니라면 오류에 대한 즉각적인 교정은 피하는 것이 좋다. 교정적인 피드백은 학습자끼리 주고받을 수도 있고, 오류의 유형과 특성에 따라 개인별 혹은 전체를 대상으로 교사가 제공할 수도 있다. 
• 알파벳 쓰기를 처음 배우는 시기이므로 대소문자를 모양과 획순에 맞게 정확하게 쓸 수 있게 충분한 연습 기회를 제공한다. 모양이 유사해서 혼동하기 쉬운 철자에 대하여 반복적으로 학습할 기회를 제공하고, 소문자 위주로 단어나 어구 등이 제시될 수 있으므로 대문자도 균형적으로 익힐 수 있도록 유의한다. 학습자의 특성과 필요에 따라 단기간 집중 또는 분산 지도 방법을 사용하여 알파벳을 지도할 수 있으며, 읽기와 쓰기를 연계하여 지도한다.
• 초기 쓰기 단계에서는 학습자가 철자 쓰기에 어려움을 겪는다. 따라 쓰기, 보고 쓰기, 완성하여 쓰기의 순으로 점진적으로 통제의 정도를 줄여 가며 쓰도록 하여 쓰기에 대한 자신감을 가지게 한다. 또한 알파벳의 이름과 소리를 연계하여 생각해 보기, 같은 소리와 철자를 가진 친숙한 단어 생각해 보기 등 철자를 기억할 수 있는 다양한 전략도 활용하도록 안내한다.
• 학습자는 영어로 표현하는 것에 대한 어려움과 불안감을 느끼는 경우가 많다. 교사는 이해 가능한 입력 자료, 의미 중심의 활동, 동료와의 협력 등을 통해 발화에 어려움이 있는 학습자가 적극적으로 대화에 참여하도록 이끌어 주어야 한다. 쓰기에 대한 흥미와 관심도 잃지 않도록 주변의 친숙한 간판이나 표지판, 상표 등에 나타난 알파벳과 단어를 중심으로 쓰게 한다. 또한 언어 수준을 고려하여 개별 학습자에게 필요한 맞춤형 자료를 준비하여 지도한다.
• 학습자 간 의사소통 과정에서 기본적인 대화 예절을 이해하고 준수하도록 지도한다. 적극적으로 대화에 참여하는 태도, 상대방을 배려하여 공손하게 듣고 말하는 태도, 말하는 차례 지키기 등을 의사소통 전 과정에 걸쳐 체득할 수 있도록 지속적으로 점검하고 격려한다.
• 에듀테크의 발달에 따라 사이버 공간에서 활발한 상호 작용이 이루어지고 온오프라인 연계 학습이 활성화되고 있으므로 교육 환경과 학습자의 상황을 고려하여 적절한 매체와 기법을 활용하여 새롭고 흥미로운 학습 경험을 제공하고, 다양한 형태의 결과물을 창의적으로 만들 수 있도록 유도한다.
• 말하기 형성평가는 교사의 발문에 대한 응답, 짝이나 소그룹 활동 등에서 이루어지는 학습자들의 상호 작용 및 과업 수행 정도, 전략 활용과 대화 예절 등에 초점을 두고 진행한다. 쓰기 형성평가는 학습자가 배운 단어, 어구, 문장을 바르게 쓸 수 있는지와 과업의 수행 정도 등에 중점을 둔다.
• 말하기와 쓰기에 대한 흥미나 자신감을 평가하는 방법으로 자기 평가와 동료 평가를 활용할 수 있다. 표현 활동에 얼마나 흥미가 있으며 자신감이 생겼는지 평가하는 과정을 통해 학습자 스스로 학습 계획을 세워 실천해 나가며 성찰할 수 있는 자기주도학습의 기초가 될 수 있도록 한다. 
• 말하기와 쓰기의 통합 평가를 위해 간단한 단어와 어구를 쓰고 이와 관련된 의사소통 표현을 묻거나 답하는 방법, 구어로 물어본 질문에 답하고 이를 단어나 어구로 쓰도록 하는 방법 등을 이용할 수 있다. 통합 평가를 수행하는 데 어려움을 겪는 학습자에게는 시각적 단서 등의 자료를 제공하여 평가할 수 있다."
3~4,영어,표현,"⋅의사소통 목적과 상황에 맞게 적절한 매체를 활용하여 자신의 감정이나 의견을 담화나 글로 표현하는 능력을 함양한다. 
⋅적절한 사고 과정 및 전략을 활용하여 의미를 표현하거나 교환한다. 
⋅담화나 글로 표현하는 활동은 다양한 문화와 관점에 대한 이해를 바탕으로 협력적이고 포용적으로 상호 소통하며 의미를 표현하거나 교환하는 태도를 길러 준다.",4영02-07,자신의 감정을 쉽고 간단한 문장으로 말하거나 보고 쓴다.,자신의 감정을 적절한 단어와 언어 형식을 사용하여 쉽고 간단한 문장으로 말하거나 제시된 문장을 정확하게 보고 쓸 수 있다.,자신의 감정을 적절한 단어를 사용하여 쉽고 간단한 문장으로 대체로 말하거나 제시된 문장을 대체로 보고 쓸 수 있다.,주어진 도움 자료를 사용하여 자신의 감정을 매우 쉽고 간단한 문장으로 부분적으로 말하거나 제시된 문장을 부분적으로 보고 쓸 수 있다.,,"• 영어를 처음 접하는 시기이므로 말하기 능력의 향상에 중점을 두되, 쓰기 능력도 균형적으로 발달하도록 지도한다. 또한 표현 영역에서 말하기와 쓰기를 연계한 활동뿐만 아니라 듣고 말하기, 읽고 쓰기 등의 활동을 활용하여 이해 영역과 표현 영역의 활동이 자연스럽게 연결되도록 통합적으로 지도한다.
• 교실 및 자기 주변에서 쉽게 접하는 교사나 친구, 사물에 대하여 말하거나 쓰는 활동을 통해 교사와 학생, 동료 학생 간의 상호 작용을 강화하고 목표 언어의 의미와 사용 맥락을 실제적으로 체험할 수 있도록 지도한다. 
• 노래와 찬트는 영어의 강세, 리듬, 억양을 익히기에 좋은 언어 자료이므로 내용을 이해하고 반복적으로 들으면서 따라 부르도록 한다. 단어 수준에서부터 어구, 문장, 간단한 대화 등의 순으로 들려주면서 자연스럽게 영어의 강세, 리듬, 억양에 익숙해지게 한다.
• 학습자는 여러 단계의 중간 언어(interlanguage)를 거쳐 영어를 습득하기 때문에 발화 과정에서 나타나는 오류는 자연스러운 현상이다. 따라서 의사소통에 지장을 주는 경우가 아니라면 오류에 대한 즉각적인 교정은 피하는 것이 좋다. 교정적인 피드백은 학습자끼리 주고받을 수도 있고, 오류의 유형과 특성에 따라 개인별 혹은 전체를 대상으로 교사가 제공할 수도 있다. 
• 알파벳 쓰기를 처음 배우는 시기이므로 대소문자를 모양과 획순에 맞게 정확하게 쓸 수 있게 충분한 연습 기회를 제공한다. 모양이 유사해서 혼동하기 쉬운 철자에 대하여 반복적으로 학습할 기회를 제공하고, 소문자 위주로 단어나 어구 등이 제시될 수 있으므로 대문자도 균형적으로 익힐 수 있도록 유의한다. 학습자의 특성과 필요에 따라 단기간 집중 또는 분산 지도 방법을 사용하여 알파벳을 지도할 수 있으며, 읽기와 쓰기를 연계하여 지도한다.
• 초기 쓰기 단계에서는 학습자가 철자 쓰기에 어려움을 겪는다. 따라 쓰기, 보고 쓰기, 완성하여 쓰기의 순으로 점진적으로 통제의 정도를 줄여 가며 쓰도록 하여 쓰기에 대한 자신감을 가지게 한다. 또한 알파벳의 이름과 소리를 연계하여 생각해 보기, 같은 소리와 철자를 가진 친숙한 단어 생각해 보기 등 철자를 기억할 수 있는 다양한 전략도 활용하도록 안내한다.
• 학습자는 영어로 표현하는 것에 대한 어려움과 불안감을 느끼는 경우가 많다. 교사는 이해 가능한 입력 자료, 의미 중심의 활동, 동료와의 협력 등을 통해 발화에 어려움이 있는 학습자가 적극적으로 대화에 참여하도록 이끌어 주어야 한다. 쓰기에 대한 흥미와 관심도 잃지 않도록 주변의 친숙한 간판이나 표지판, 상표 등에 나타난 알파벳과 단어를 중심으로 쓰게 한다. 또한 언어 수준을 고려하여 개별 학습자에게 필요한 맞춤형 자료를 준비하여 지도한다.
• 학습자 간 의사소통 과정에서 기본적인 대화 예절을 이해하고 준수하도록 지도한다. 적극적으로 대화에 참여하는 태도, 상대방을 배려하여 공손하게 듣고 말하는 태도, 말하는 차례 지키기 등을 의사소통 전 과정에 걸쳐 체득할 수 있도록 지속적으로 점검하고 격려한다.
• 에듀테크의 발달에 따라 사이버 공간에서 활발한 상호 작용이 이루어지고 온오프라인 연계 학습이 활성화되고 있으므로 교육 환경과 학습자의 상황을 고려하여 적절한 매체와 기법을 활용하여 새롭고 흥미로운 학습 경험을 제공하고, 다양한 형태의 결과물을 창의적으로 만들 수 있도록 유도한다.
• 말하기 형성평가는 교사의 발문에 대한 응답, 짝이나 소그룹 활동 등에서 이루어지는 학습자들의 상호 작용 및 과업 수행 정도, 전략 활용과 대화 예절 등에 초점을 두고 진행한다. 쓰기 형성평가는 학습자가 배운 단어, 어구, 문장을 바르게 쓸 수 있는지와 과업의 수행 정도 등에 중점을 둔다.
• 말하기와 쓰기에 대한 흥미나 자신감을 평가하는 방법으로 자기 평가와 동료 평가를 활용할 수 있다. 표현 활동에 얼마나 흥미가 있으며 자신감이 생겼는지 평가하는 과정을 통해 학습자 스스로 학습 계획을 세워 실천해 나가며 성찰할 수 있는 자기주도학습의 기초가 될 수 있도록 한다. 
• 말하기와 쓰기의 통합 평가를 위해 간단한 단어와 어구를 쓰고 이와 관련된 의사소통 표현을 묻거나 답하는 방법, 구어로 물어본 질문에 답하고 이를 단어나 어구로 쓰도록 하는 방법 등을 이용할 수 있다. 통합 평가를 수행하는 데 어려움을 겪는 학습자에게는 시각적 단서 등의 자료를 제공하여 평가할 수 있다."
3~4,영어,표현,"⋅의사소통 목적과 상황에 맞게 적절한 매체를 활용하여 자신의 감정이나 의견을 담화나 글로 표현하는 능력을 함양한다. 
⋅적절한 사고 과정 및 전략을 활용하여 의미를 표현하거나 교환한다. 
⋅담화나 글로 표현하는 활동은 다양한 문화와 관점에 대한 이해를 바탕으로 협력적이고 포용적으로 상호 소통하며 의미를 표현하거나 교환하는 태도를 길러 준다.",4영02-08,자기 주변 주제에 관한 담화의 주요 정보를 묻거나 답한다.,자기 주변 주제에 관한 담화의 주요 정보를 적절한 단어와 언어 형식에 맞게 묻거나 답할 수 있다.,자기 주변 주제에 관한 담화의 주요 정보를 적절한 단어를 사용하여 대체로 묻거나 답할 수 있다.,자기 주변 주제에 관한 담화의 주요 정보를 주어진 단어를 참고하여 부분적으로 묻거나 답할 수 있다.,,"• 영어를 처음 접하는 시기이므로 말하기 능력의 향상에 중점을 두되, 쓰기 능력도 균형적으로 발달하도록 지도한다. 또한 표현 영역에서 말하기와 쓰기를 연계한 활동뿐만 아니라 듣고 말하기, 읽고 쓰기 등의 활동을 활용하여 이해 영역과 표현 영역의 활동이 자연스럽게 연결되도록 통합적으로 지도한다.
• 교실 및 자기 주변에서 쉽게 접하는 교사나 친구, 사물에 대하여 말하거나 쓰는 활동을 통해 교사와 학생, 동료 학생 간의 상호 작용을 강화하고 목표 언어의 의미와 사용 맥락을 실제적으로 체험할 수 있도록 지도한다. 
• 노래와 찬트는 영어의 강세, 리듬, 억양을 익히기에 좋은 언어 자료이므로 내용을 이해하고 반복적으로 들으면서 따라 부르도록 한다. 단어 수준에서부터 어구, 문장, 간단한 대화 등의 순으로 들려주면서 자연스럽게 영어의 강세, 리듬, 억양에 익숙해지게 한다.
• 학습자는 여러 단계의 중간 언어(interlanguage)를 거쳐 영어를 습득하기 때문에 발화 과정에서 나타나는 오류는 자연스러운 현상이다. 따라서 의사소통에 지장을 주는 경우가 아니라면 오류에 대한 즉각적인 교정은 피하는 것이 좋다. 교정적인 피드백은 학습자끼리 주고받을 수도 있고, 오류의 유형과 특성에 따라 개인별 혹은 전체를 대상으로 교사가 제공할 수도 있다. 
• 알파벳 쓰기를 처음 배우는 시기이므로 대소문자를 모양과 획순에 맞게 정확하게 쓸 수 있게 충분한 연습 기회를 제공한다. 모양이 유사해서 혼동하기 쉬운 철자에 대하여 반복적으로 학습할 기회를 제공하고, 소문자 위주로 단어나 어구 등이 제시될 수 있으므로 대문자도 균형적으로 익힐 수 있도록 유의한다. 학습자의 특성과 필요에 따라 단기간 집중 또는 분산 지도 방법을 사용하여 알파벳을 지도할 수 있으며, 읽기와 쓰기를 연계하여 지도한다.
• 초기 쓰기 단계에서는 학습자가 철자 쓰기에 어려움을 겪는다. 따라 쓰기, 보고 쓰기, 완성하여 쓰기의 순으로 점진적으로 통제의 정도를 줄여 가며 쓰도록 하여 쓰기에 대한 자신감을 가지게 한다. 또한 알파벳의 이름과 소리를 연계하여 생각해 보기, 같은 소리와 철자를 가진 친숙한 단어 생각해 보기 등 철자를 기억할 수 있는 다양한 전략도 활용하도록 안내한다.
• 학습자는 영어로 표현하는 것에 대한 어려움과 불안감을 느끼는 경우가 많다. 교사는 이해 가능한 입력 자료, 의미 중심의 활동, 동료와의 협력 등을 통해 발화에 어려움이 있는 학습자가 적극적으로 대화에 참여하도록 이끌어 주어야 한다. 쓰기에 대한 흥미와 관심도 잃지 않도록 주변의 친숙한 간판이나 표지판, 상표 등에 나타난 알파벳과 단어를 중심으로 쓰게 한다. 또한 언어 수준을 고려하여 개별 학습자에게 필요한 맞춤형 자료를 준비하여 지도한다.
• 학습자 간 의사소통 과정에서 기본적인 대화 예절을 이해하고 준수하도록 지도한다. 적극적으로 대화에 참여하는 태도, 상대방을 배려하여 공손하게 듣고 말하는 태도, 말하는 차례 지키기 등을 의사소통 전 과정에 걸쳐 체득할 수 있도록 지속적으로 점검하고 격려한다.
• 에듀테크의 발달에 따라 사이버 공간에서 활발한 상호 작용이 이루어지고 온오프라인 연계 학습이 활성화되고 있으므로 교육 환경과 학습자의 상황을 고려하여 적절한 매체와 기법을 활용하여 새롭고 흥미로운 학습 경험을 제공하고, 다양한 형태의 결과물을 창의적으로 만들 수 있도록 유도한다.
• 말하기 형성평가는 교사의 발문에 대한 응답, 짝이나 소그룹 활동 등에서 이루어지는 학습자들의 상호 작용 및 과업 수행 정도, 전략 활용과 대화 예절 등에 초점을 두고 진행한다. 쓰기 형성평가는 학습자가 배운 단어, 어구, 문장을 바르게 쓸 수 있는지와 과업의 수행 정도 등에 중점을 둔다.
• 말하기와 쓰기에 대한 흥미나 자신감을 평가하는 방법으로 자기 평가와 동료 평가를 활용할 수 있다. 표현 활동에 얼마나 흥미가 있으며 자신감이 생겼는지 평가하는 과정을 통해 학습자 스스로 학습 계획을 세워 실천해 나가며 성찰할 수 있는 자기주도학습의 기초가 될 수 있도록 한다. 
• 말하기와 쓰기의 통합 평가를 위해 간단한 단어와 어구를 쓰고 이와 관련된 의사소통 표현을 묻거나 답하는 방법, 구어로 물어본 질문에 답하고 이를 단어나 어구로 쓰도록 하는 방법 등을 이용할 수 있다. 통합 평가를 수행하는 데 어려움을 겪는 학습자에게는 시각적 단서 등의 자료를 제공하여 평가할 수 있다."
3~4,영어,표현,"⋅의사소통 목적과 상황에 맞게 적절한 매체를 활용하여 자신의 감정이나 의견을 담화나 글로 표현하는 능력을 함양한다. 
⋅적절한 사고 과정 및 전략을 활용하여 의미를 표현하거나 교환한다. 
⋅담화나 글로 표현하는 활동은 다양한 문화와 관점에 대한 이해를 바탕으로 협력적이고 포용적으로 상호 소통하며 의미를 표현하거나 교환하는 태도를 길러 준다.",4영02-09,적절한 매체나 전략을 활용하여 창의적으로 의미를 표현한다.,적절한 매체나 전략을 다양하게 활용하여 창의적으로 의미를 표현할 수 있다.,적절한 매체나 전략을 일부 활용하여 창의적으로 의미를 표현할 수 있다.,예시를 참고하여 적절한 매체나 전략을 일부 활용하여 창의적으로 의미를 표현할 수 있다.,"[4영02-09] 이 성취기준은 의사소통 과정에서 사진, 그림, 디지털 매체 등을 활용하여 다양한 방식으로 의미를 전달하거나 교환하는 것을 말한다. 이는 표정, 몸짓, 동작 등의 비언어적 수단을 수반하여 말하는 것과 함께 그림 글자나 단어 쓰기, 고안 철자(invented spelling) 쓰기, 철자 점검하며 다시 쓰기 등의 전략을 적절하게 사용하는 것을 의미한다.","• 영어를 처음 접하는 시기이므로 말하기 능력의 향상에 중점을 두되, 쓰기 능력도 균형적으로 발달하도록 지도한다. 또한 표현 영역에서 말하기와 쓰기를 연계한 활동뿐만 아니라 듣고 말하기, 읽고 쓰기 등의 활동을 활용하여 이해 영역과 표현 영역의 활동이 자연스럽게 연결되도록 통합적으로 지도한다.
• 교실 및 자기 주변에서 쉽게 접하는 교사나 친구, 사물에 대하여 말하거나 쓰는 활동을 통해 교사와 학생, 동료 학생 간의 상호 작용을 강화하고 목표 언어의 의미와 사용 맥락을 실제적으로 체험할 수 있도록 지도한다. 
• 노래와 찬트는 영어의 강세, 리듬, 억양을 익히기에 좋은 언어 자료이므로 내용을 이해하고 반복적으로 들으면서 따라 부르도록 한다. 단어 수준에서부터 어구, 문장, 간단한 대화 등의 순으로 들려주면서 자연스럽게 영어의 강세, 리듬, 억양에 익숙해지게 한다.
• 학습자는 여러 단계의 중간 언어(interlanguage)를 거쳐 영어를 습득하기 때문에 발화 과정에서 나타나는 오류는 자연스러운 현상이다. 따라서 의사소통에 지장을 주는 경우가 아니라면 오류에 대한 즉각적인 교정은 피하는 것이 좋다. 교정적인 피드백은 학습자끼리 주고받을 수도 있고, 오류의 유형과 특성에 따라 개인별 혹은 전체를 대상으로 교사가 제공할 수도 있다. 
• 알파벳 쓰기를 처음 배우는 시기이므로 대소문자를 모양과 획순에 맞게 정확하게 쓸 수 있게 충분한 연습 기회를 제공한다. 모양이 유사해서 혼동하기 쉬운 철자에 대하여 반복적으로 학습할 기회를 제공하고, 소문자 위주로 단어나 어구 등이 제시될 수 있으므로 대문자도 균형적으로 익힐 수 있도록 유의한다. 학습자의 특성과 필요에 따라 단기간 집중 또는 분산 지도 방법을 사용하여 알파벳을 지도할 수 있으며, 읽기와 쓰기를 연계하여 지도한다.
• 초기 쓰기 단계에서는 학습자가 철자 쓰기에 어려움을 겪는다. 따라 쓰기, 보고 쓰기, 완성하여 쓰기의 순으로 점진적으로 통제의 정도를 줄여 가며 쓰도록 하여 쓰기에 대한 자신감을 가지게 한다. 또한 알파벳의 이름과 소리를 연계하여 생각해 보기, 같은 소리와 철자를 가진 친숙한 단어 생각해 보기 등 철자를 기억할 수 있는 다양한 전략도 활용하도록 안내한다.
• 학습자는 영어로 표현하는 것에 대한 어려움과 불안감을 느끼는 경우가 많다. 교사는 이해 가능한 입력 자료, 의미 중심의 활동, 동료와의 협력 등을 통해 발화에 어려움이 있는 학습자가 적극적으로 대화에 참여하도록 이끌어 주어야 한다. 쓰기에 대한 흥미와 관심도 잃지 않도록 주변의 친숙한 간판이나 표지판, 상표 등에 나타난 알파벳과 단어를 중심으로 쓰게 한다. 또한 언어 수준을 고려하여 개별 학습자에게 필요한 맞춤형 자료를 준비하여 지도한다.
• 학습자 간 의사소통 과정에서 기본적인 대화 예절을 이해하고 준수하도록 지도한다. 적극적으로 대화에 참여하는 태도, 상대방을 배려하여 공손하게 듣고 말하는 태도, 말하는 차례 지키기 등을 의사소통 전 과정에 걸쳐 체득할 수 있도록 지속적으로 점검하고 격려한다.
• 에듀테크의 발달에 따라 사이버 공간에서 활발한 상호 작용이 이루어지고 온오프라인 연계 학습이 활성화되고 있으므로 교육 환경과 학습자의 상황을 고려하여 적절한 매체와 기법을 활용하여 새롭고 흥미로운 학습 경험을 제공하고, 다양한 형태의 결과물을 창의적으로 만들 수 있도록 유도한다.
• 말하기 형성평가는 교사의 발문에 대한 응답, 짝이나 소그룹 활동 등에서 이루어지는 학습자들의 상호 작용 및 과업 수행 정도, 전략 활용과 대화 예절 등에 초점을 두고 진행한다. 쓰기 형성평가는 학습자가 배운 단어, 어구, 문장을 바르게 쓸 수 있는지와 과업의 수행 정도 등에 중점을 둔다.
• 말하기와 쓰기에 대한 흥미나 자신감을 평가하는 방법으로 자기 평가와 동료 평가를 활용할 수 있다. 표현 활동에 얼마나 흥미가 있으며 자신감이 생겼는지 평가하는 과정을 통해 학습자 스스로 학습 계획을 세워 실천해 나가며 성찰할 수 있는 자기주도학습의 기초가 될 수 있도록 한다. 
• 말하기와 쓰기의 통합 평가를 위해 간단한 단어와 어구를 쓰고 이와 관련된 의사소통 표현을 묻거나 답하는 방법, 구어로 물어본 질문에 답하고 이를 단어나 어구로 쓰도록 하는 방법 등을 이용할 수 있다. 통합 평가를 수행하는 데 어려움을 겪는 학습자에게는 시각적 단서 등의 자료를 제공하여 평가할 수 있다."
3~4,영어,표현,"⋅의사소통 목적과 상황에 맞게 적절한 매체를 활용하여 자신의 감정이나 의견을 담화나 글로 표현하는 능력을 함양한다. 
⋅적절한 사고 과정 및 전략을 활용하여 의미를 표현하거나 교환한다. 
⋅담화나 글로 표현하는 활동은 다양한 문화와 관점에 대한 이해를 바탕으로 협력적이고 포용적으로 상호 소통하며 의미를 표현하거나 교환하는 태도를 길러 준다.",4영02-10,의사소통 활동에 흥미와 자신감을 가지고 대화 예절을 지키며 참여한다.,의사소통 활동에 높은 흥미와 자신감을 가지고 상대방을 배려하고 차례를 지키며 대화에 적극적으로 참여한다.,의사소통 활동에 대체로 흥미와 자신감을 가지고 상대방을 배려하고 차례를 지키며 대화에 참여하는 태도를 보인다.,의사소통 활동에 일부 흥미와 자신감을 가지고 상대방을 배려하고 차례를 지키며 참여하려고 노력한다.,"[4영02-10] 이 성취기준은 말하기⋅쓰기 활동 및 과업을 수행하는 과정에서 학습자가 흥미와 자신감을 가지고 능동적으로 참여하도록 다양한 학습 경험을 제공하는 데 초점이 있으며, 대화 상대자의 영어 사용 수준이나 문화적 차이를 고려하여 상대방을 배려하고 차례를 지키며 대화에 참여하도록 하는 것을 의미한다.","• 영어를 처음 접하는 시기이므로 말하기 능력의 향상에 중점을 두되, 쓰기 능력도 균형적으로 발달하도록 지도한다. 또한 표현 영역에서 말하기와 쓰기를 연계한 활동뿐만 아니라 듣고 말하기, 읽고 쓰기 등의 활동을 활용하여 이해 영역과 표현 영역의 활동이 자연스럽게 연결되도록 통합적으로 지도한다.
• 교실 및 자기 주변에서 쉽게 접하는 교사나 친구, 사물에 대하여 말하거나 쓰는 활동을 통해 교사와 학생, 동료 학생 간의 상호 작용을 강화하고 목표 언어의 의미와 사용 맥락을 실제적으로 체험할 수 있도록 지도한다. 
• 노래와 찬트는 영어의 강세, 리듬, 억양을 익히기에 좋은 언어 자료이므로 내용을 이해하고 반복적으로 들으면서 따라 부르도록 한다. 단어 수준에서부터 어구, 문장, 간단한 대화 등의 순으로 들려주면서 자연스럽게 영어의 강세, 리듬, 억양에 익숙해지게 한다.
• 학습자는 여러 단계의 중간 언어(interlanguage)를 거쳐 영어를 습득하기 때문에 발화 과정에서 나타나는 오류는 자연스러운 현상이다. 따라서 의사소통에 지장을 주는 경우가 아니라면 오류에 대한 즉각적인 교정은 피하는 것이 좋다. 교정적인 피드백은 학습자끼리 주고받을 수도 있고, 오류의 유형과 특성에 따라 개인별 혹은 전체를 대상으로 교사가 제공할 수도 있다. 
• 알파벳 쓰기를 처음 배우는 시기이므로 대소문자를 모양과 획순에 맞게 정확하게 쓸 수 있게 충분한 연습 기회를 제공한다. 모양이 유사해서 혼동하기 쉬운 철자에 대하여 반복적으로 학습할 기회를 제공하고, 소문자 위주로 단어나 어구 등이 제시될 수 있으므로 대문자도 균형적으로 익힐 수 있도록 유의한다. 학습자의 특성과 필요에 따라 단기간 집중 또는 분산 지도 방법을 사용하여 알파벳을 지도할 수 있으며, 읽기와 쓰기를 연계하여 지도한다.
• 초기 쓰기 단계에서는 학습자가 철자 쓰기에 어려움을 겪는다. 따라 쓰기, 보고 쓰기, 완성하여 쓰기의 순으로 점진적으로 통제의 정도를 줄여 가며 쓰도록 하여 쓰기에 대한 자신감을 가지게 한다. 또한 알파벳의 이름과 소리를 연계하여 생각해 보기, 같은 소리와 철자를 가진 친숙한 단어 생각해 보기 등 철자를 기억할 수 있는 다양한 전략도 활용하도록 안내한다.
• 학습자는 영어로 표현하는 것에 대한 어려움과 불안감을 느끼는 경우가 많다. 교사는 이해 가능한 입력 자료, 의미 중심의 활동, 동료와의 협력 등을 통해 발화에 어려움이 있는 학습자가 적극적으로 대화에 참여하도록 이끌어 주어야 한다. 쓰기에 대한 흥미와 관심도 잃지 않도록 주변의 친숙한 간판이나 표지판, 상표 등에 나타난 알파벳과 단어를 중심으로 쓰게 한다. 또한 언어 수준을 고려하여 개별 학습자에게 필요한 맞춤형 자료를 준비하여 지도한다.
• 학습자 간 의사소통 과정에서 기본적인 대화 예절을 이해하고 준수하도록 지도한다. 적극적으로 대화에 참여하는 태도, 상대방을 배려하여 공손하게 듣고 말하는 태도, 말하는 차례 지키기 등을 의사소통 전 과정에 걸쳐 체득할 수 있도록 지속적으로 점검하고 격려한다.
• 에듀테크의 발달에 따라 사이버 공간에서 활발한 상호 작용이 이루어지고 온오프라인 연계 학습이 활성화되고 있으므로 교육 환경과 학습자의 상황을 고려하여 적절한 매체와 기법을 활용하여 새롭고 흥미로운 학습 경험을 제공하고, 다양한 형태의 결과물을 창의적으로 만들 수 있도록 유도한다.
• 말하기 형성평가는 교사의 발문에 대한 응답, 짝이나 소그룹 활동 등에서 이루어지는 학습자들의 상호 작용 및 과업 수행 정도, 전략 활용과 대화 예절 등에 초점을 두고 진행한다. 쓰기 형성평가는 학습자가 배운 단어, 어구, 문장을 바르게 쓸 수 있는지와 과업의 수행 정도 등에 중점을 둔다.
• 말하기와 쓰기에 대한 흥미나 자신감을 평가하는 방법으로 자기 평가와 동료 평가를 활용할 수 있다. 표현 활동에 얼마나 흥미가 있으며 자신감이 생겼는지 평가하는 과정을 통해 학습자 스스로 학습 계획을 세워 실천해 나가며 성찰할 수 있는 자기주도학습의 기초가 될 수 있도록 한다. 
• 말하기와 쓰기의 통합 평가를 위해 간단한 단어와 어구를 쓰고 이와 관련된 의사소통 표현을 묻거나 답하는 방법, 구어로 물어본 질문에 답하고 이를 단어나 어구로 쓰도록 하는 방법 등을 이용할 수 있다. 통합 평가를 수행하는 데 어려움을 겪는 학습자에게는 시각적 단서 등의 자료를 제공하여 평가할 수 있다."
5~6,국어,듣기⋅말하기,"⋅듣기⋅말하기는 언어, 준언어, 비언어, 매체 등을 활용하여 서로의 생각과 감정을 주고받는 행위이다.
⋅화자와 청자는 상황 맥락 및 사회⋅문화적 맥락 속에서 의사소통 목적을 달성하기 위하여 다양한 유형의 담화를 듣고 말한다.
⋅화자와 청자는 의사소통 과정에 협력적으로 참여하고 듣기⋅말하기 과정에서의 문제를 해결하기 위해 적절한 전략을 사용하여 듣고 말한다.
⋅화자와 청자는 듣기⋅말하기에 흥미를 가지고 적극적으로 참여하면서 담화 공동체 구성원으로 성장하고, 상호 존중하고 공감하는 소통 문화를 만들어 간다.",6국01-01,대화에서 생략된 내용을 추론하며 듣는다.,대화에서 들은 내용에 담긴 정보와 맥락을 적극적으로 활용하여 드러나지 않거나 생략된 내용을 적절하게 추론하며 들을 수 있다.,대화에서 들은 내용에 담긴 정보와 맥락을 활용하여 드러나지 않거나 생략된 내용을 추론하며 들을 수 있다. ,대화에서 들은 내용에 담긴 정보와 맥락을 제한적으로 활용하여 드러나지 않거나 생략된 내용을 부분적으로 추론하며 듣는다. ,,"• 다양한 담화 상황에서 지켜야 할 절차와 규칙, 태도를 학습함으로써 기본적인 구어 의사소통 능력을 기르고, 이를 바탕으로 교과 학습을 수행하며 대인 관계를 형성하고 학습자가 속한 공동체의 문제를 해결하는 능력을 갖출 수 있도록 한다. 친숙하거나 흥미로운 주제에 대해 대화하는 상황, 정보를 수집하기 위해 면담하는 상황, 자료를 선별하고 매체를 활용하여 발표하는 상황, 학교나 지역사회 문제에 대해 토의하는 상황, 찬성과 반대로 나누어 토론하는 상황 등을 중심으로 듣기⋅말하기 활동이 이루어지도록 한다.
• 전형적인 구어 담화 자료 이외에 학습자들이 일상에서 접할 수 있는 여러 가지 매체를 활용하여 디지털 공간을 비롯한 다양한 소통 공간에서 담화를 정확하게 이해하고 효과적으로 표현하는 능력을 기르도록 지도한다. 발표를 위해 주제나 목적에 적합한 자료를 선별할 때, 면담을 위해 사전 질문을 준비할 때, 토의에 필요한 자료를 수집할 때, 토론에서 타당한 근거를 마련할 때에 매체 영역과 연계하여 지도할 수 있다.
• 대화, 면담, 발표, 토의, 토론 담화에 대한 수업을 설계할 때 다양한 사회⋅문화적 배경의 학습자들이 소외되지 않고 듣기⋅말하기 활동에 적극적으로 참여할 수 있도록 주제, 청자, 매체 선정 등에 유의한다. 구어 의사소통 과정에서 상대방이 처한 상황과 입장의 다양성을 인정하고 서로를 배려하는 민주시민의 기초 소양을 함양할 수 있도록 한다. 
• 추론하며 듣기, 주제에 적절한 질문하기, 의견 비교 및 조정하기, 주장⋅이유⋅근거가 타당한지 평가하며 듣기 등의 기능은 대화, 토의, 토론 담화에서뿐만 아니라 다양한 담화를 듣고 말하는 데 두루 필요함을 고려하여 지도한다. 
• 듣기⋅말하기 과정과 전략에 대해 점검하고 조정하기 기능은 면담에서 질문이 적절한지, 발표 내용이 목적과 주제에 적절한지, 토론에서 절차와 규칙을 준수하고 있는지 등을 듣기⋅말하기 중이나 후에 점검하고 조정하는 활동을 통해 지도한다. 
• 면담하기를 지도할 때는 학습자의 진로를 탐색하는 활동과 연계할 수도 있다. 학습자가 관심을 가지고 있는 직업군에서 면담 대상자를 선정하고, 해당 직업에 대해 인터넷 정보 검색을 통해서 확인할 수 있는 정보보다 면담을 통해서 얻을 수 있는 정보를 물어보는 구체적이고 실제적인 질문을 준비하여 면담하도록 한다. 다만 면담의 실제성이 높아지는 만큼 사전 준비와 면담 시 지켜야 할 예절 등을 충분히 지도한다.
• 토의하기를 지도할 때는 토의의 일반적인 절차를 고려하여 학습자가 경험한 일상생활의 실제적 문제에 대해 토의하도록 한다. 특히 학습자가 소속된 학교나 지역사회 문제와 연계된 토의 주제를 정함으로써 협력적 소통을 통해 공동체의 문제를 해결하는 방안을 마련해 보는 경험을 할 수 있도록 한다.
• 토론하기를 지도할 때는 토론이 문제에 대해 대립되는 입장을 확인함으로써 상호 이해의 계기를 마련하는 민주적인 소통 방법이라는 점을 안내한다. 토론 과정에서 상대의 의견을 존중하며 경청하는 태도와 자신의 의견만을 고집하지 않는 자세를 갖추도록 하여, 민주시민으로서의 기초 소양을 함양할 수 있도록 한다."
5~6,국어,듣기⋅말하기,"⋅듣기⋅말하기는 언어, 준언어, 비언어, 매체 등을 활용하여 서로의 생각과 감정을 주고받는 행위이다.
⋅화자와 청자는 상황 맥락 및 사회⋅문화적 맥락 속에서 의사소통 목적을 달성하기 위하여 다양한 유형의 담화를 듣고 말한다.
⋅화자와 청자는 의사소통 과정에 협력적으로 참여하고 듣기⋅말하기 과정에서의 문제를 해결하기 위해 적절한 전략을 사용하여 듣고 말한다.
⋅화자와 청자는 듣기⋅말하기에 흥미를 가지고 적극적으로 참여하면서 담화 공동체 구성원으로 성장하고, 상호 존중하고 공감하는 소통 문화를 만들어 간다.",6국01-02,주장을 파악하고 이유나 근거가 타당한지 평가하며 듣는다.,"상대의 주장, 이유, 근거를 정확하게 파악하고, 이유나 근거가 주장을 타당하게 뒷받침하는지 적극적으로 평가하며 들을 수 있다. ","상대의 주장, 이유, 근거를 파악하고, 이유나 근거가 주장을 타당하게 뒷받침하는지 평가하며 들을 수 있다. ","상대의 주장, 이유, 근거를 제한적으로 파악하고, 이유나 근거를 부분적으로 평가하며 듣는다. ",,"• 다양한 담화 상황에서 지켜야 할 절차와 규칙, 태도를 학습함으로써 기본적인 구어 의사소통 능력을 기르고, 이를 바탕으로 교과 학습을 수행하며 대인 관계를 형성하고 학습자가 속한 공동체의 문제를 해결하는 능력을 갖출 수 있도록 한다. 친숙하거나 흥미로운 주제에 대해 대화하는 상황, 정보를 수집하기 위해 면담하는 상황, 자료를 선별하고 매체를 활용하여 발표하는 상황, 학교나 지역사회 문제에 대해 토의하는 상황, 찬성과 반대로 나누어 토론하는 상황 등을 중심으로 듣기⋅말하기 활동이 이루어지도록 한다.
• 전형적인 구어 담화 자료 이외에 학습자들이 일상에서 접할 수 있는 여러 가지 매체를 활용하여 디지털 공간을 비롯한 다양한 소통 공간에서 담화를 정확하게 이해하고 효과적으로 표현하는 능력을 기르도록 지도한다. 발표를 위해 주제나 목적에 적합한 자료를 선별할 때, 면담을 위해 사전 질문을 준비할 때, 토의에 필요한 자료를 수집할 때, 토론에서 타당한 근거를 마련할 때에 매체 영역과 연계하여 지도할 수 있다.
• 대화, 면담, 발표, 토의, 토론 담화에 대한 수업을 설계할 때 다양한 사회⋅문화적 배경의 학습자들이 소외되지 않고 듣기⋅말하기 활동에 적극적으로 참여할 수 있도록 주제, 청자, 매체 선정 등에 유의한다. 구어 의사소통 과정에서 상대방이 처한 상황과 입장의 다양성을 인정하고 서로를 배려하는 민주시민의 기초 소양을 함양할 수 있도록 한다. 
• 추론하며 듣기, 주제에 적절한 질문하기, 의견 비교 및 조정하기, 주장⋅이유⋅근거가 타당한지 평가하며 듣기 등의 기능은 대화, 토의, 토론 담화에서뿐만 아니라 다양한 담화를 듣고 말하는 데 두루 필요함을 고려하여 지도한다. 
• 듣기⋅말하기 과정과 전략에 대해 점검하고 조정하기 기능은 면담에서 질문이 적절한지, 발표 내용이 목적과 주제에 적절한지, 토론에서 절차와 규칙을 준수하고 있는지 등을 듣기⋅말하기 중이나 후에 점검하고 조정하는 활동을 통해 지도한다. 
• 면담하기를 지도할 때는 학습자의 진로를 탐색하는 활동과 연계할 수도 있다. 학습자가 관심을 가지고 있는 직업군에서 면담 대상자를 선정하고, 해당 직업에 대해 인터넷 정보 검색을 통해서 확인할 수 있는 정보보다 면담을 통해서 얻을 수 있는 정보를 물어보는 구체적이고 실제적인 질문을 준비하여 면담하도록 한다. 다만 면담의 실제성이 높아지는 만큼 사전 준비와 면담 시 지켜야 할 예절 등을 충분히 지도한다.
• 토의하기를 지도할 때는 토의의 일반적인 절차를 고려하여 학습자가 경험한 일상생활의 실제적 문제에 대해 토의하도록 한다. 특히 학습자가 소속된 학교나 지역사회 문제와 연계된 토의 주제를 정함으로써 협력적 소통을 통해 공동체의 문제를 해결하는 방안을 마련해 보는 경험을 할 수 있도록 한다.
• 토론하기를 지도할 때는 토론이 문제에 대해 대립되는 입장을 확인함으로써 상호 이해의 계기를 마련하는 민주적인 소통 방법이라는 점을 안내한다. 토론 과정에서 상대의 의견을 존중하며 경청하는 태도와 자신의 의견만을 고집하지 않는 자세를 갖추도록 하여, 민주시민으로서의 기초 소양을 함양할 수 있도록 한다."
5~6,국어,듣기⋅말하기,"⋅듣기⋅말하기는 언어, 준언어, 비언어, 매체 등을 활용하여 서로의 생각과 감정을 주고받는 행위이다.
⋅화자와 청자는 상황 맥락 및 사회⋅문화적 맥락 속에서 의사소통 목적을 달성하기 위하여 다양한 유형의 담화를 듣고 말한다.
⋅화자와 청자는 의사소통 과정에 협력적으로 참여하고 듣기⋅말하기 과정에서의 문제를 해결하기 위해 적절한 전략을 사용하여 듣고 말한다.
⋅화자와 청자는 듣기⋅말하기에 흥미를 가지고 적극적으로 참여하면서 담화 공동체 구성원으로 성장하고, 상호 존중하고 공감하는 소통 문화를 만들어 간다.",6국01-03,주제와 관련하여 궁금한 내용을 질문하며 적극적으로 듣고 말한다.,"듣기 목적에 맞게 주제와 관련하여 궁금한 내용에 대해 분명한 표현으로 질문하며, 적극적으로 듣고 말할 수 있다.","듣기 목적에 맞게 주제와 관련하여 궁금한 내용에 대해 질문하며, 적극적으로 듣고 말할 수 있다.",주제와 관련하여 궁금한 내용에 대해 제한적으로 질문하며 듣고 말한다.,"[6국01-03] 이 성취기준은 교과 학습 상황을 비롯한 다양한 상황에서 주제와 관련하여 적극적으로 질문하며 구어 의사소통에 참여하는 능력을 기르기 위해 설정하였다. 들은 내용을 확인하거나 명료하게 이해하기 위한 질문, 생략된 내용을 추론하기 위한 질문, 상대의 의도를 파악하기 위한 질문, 다른 사람의 생각과 자신의 생각을 연결하기 위한 질문, 자료에서 제시되지 않은 대안이나 더 많은 정보를 찾기 위한 질문 등 다양한 목적으로 질문 생성하기, 분명한 표현으로 질문하기, 예절을 지켜 질문하기 등을 학습한다.","• 다양한 담화 상황에서 지켜야 할 절차와 규칙, 태도를 학습함으로써 기본적인 구어 의사소통 능력을 기르고, 이를 바탕으로 교과 학습을 수행하며 대인 관계를 형성하고 학습자가 속한 공동체의 문제를 해결하는 능력을 갖출 수 있도록 한다. 친숙하거나 흥미로운 주제에 대해 대화하는 상황, 정보를 수집하기 위해 면담하는 상황, 자료를 선별하고 매체를 활용하여 발표하는 상황, 학교나 지역사회 문제에 대해 토의하는 상황, 찬성과 반대로 나누어 토론하는 상황 등을 중심으로 듣기⋅말하기 활동이 이루어지도록 한다.
• 전형적인 구어 담화 자료 이외에 학습자들이 일상에서 접할 수 있는 여러 가지 매체를 활용하여 디지털 공간을 비롯한 다양한 소통 공간에서 담화를 정확하게 이해하고 효과적으로 표현하는 능력을 기르도록 지도한다. 발표를 위해 주제나 목적에 적합한 자료를 선별할 때, 면담을 위해 사전 질문을 준비할 때, 토의에 필요한 자료를 수집할 때, 토론에서 타당한 근거를 마련할 때에 매체 영역과 연계하여 지도할 수 있다.
• 대화, 면담, 발표, 토의, 토론 담화에 대한 수업을 설계할 때 다양한 사회⋅문화적 배경의 학습자들이 소외되지 않고 듣기⋅말하기 활동에 적극적으로 참여할 수 있도록 주제, 청자, 매체 선정 등에 유의한다. 구어 의사소통 과정에서 상대방이 처한 상황과 입장의 다양성을 인정하고 서로를 배려하는 민주시민의 기초 소양을 함양할 수 있도록 한다. 
• 추론하며 듣기, 주제에 적절한 질문하기, 의견 비교 및 조정하기, 주장⋅이유⋅근거가 타당한지 평가하며 듣기 등의 기능은 대화, 토의, 토론 담화에서뿐만 아니라 다양한 담화를 듣고 말하는 데 두루 필요함을 고려하여 지도한다. 
• 듣기⋅말하기 과정과 전략에 대해 점검하고 조정하기 기능은 면담에서 질문이 적절한지, 발표 내용이 목적과 주제에 적절한지, 토론에서 절차와 규칙을 준수하고 있는지 등을 듣기⋅말하기 중이나 후에 점검하고 조정하는 활동을 통해 지도한다. 
• 면담하기를 지도할 때는 학습자의 진로를 탐색하는 활동과 연계할 수도 있다. 학습자가 관심을 가지고 있는 직업군에서 면담 대상자를 선정하고, 해당 직업에 대해 인터넷 정보 검색을 통해서 확인할 수 있는 정보보다 면담을 통해서 얻을 수 있는 정보를 물어보는 구체적이고 실제적인 질문을 준비하여 면담하도록 한다. 다만 면담의 실제성이 높아지는 만큼 사전 준비와 면담 시 지켜야 할 예절 등을 충분히 지도한다.
• 토의하기를 지도할 때는 토의의 일반적인 절차를 고려하여 학습자가 경험한 일상생활의 실제적 문제에 대해 토의하도록 한다. 특히 학습자가 소속된 학교나 지역사회 문제와 연계된 토의 주제를 정함으로써 협력적 소통을 통해 공동체의 문제를 해결하는 방안을 마련해 보는 경험을 할 수 있도록 한다.
• 토론하기를 지도할 때는 토론이 문제에 대해 대립되는 입장을 확인함으로써 상호 이해의 계기를 마련하는 민주적인 소통 방법이라는 점을 안내한다. 토론 과정에서 상대의 의견을 존중하며 경청하는 태도와 자신의 의견만을 고집하지 않는 자세를 갖추도록 하여, 민주시민으로서의 기초 소양을 함양할 수 있도록 한다."
5~6,국어,듣기⋅말하기,"⋅듣기⋅말하기는 언어, 준언어, 비언어, 매체 등을 활용하여 서로의 생각과 감정을 주고받는 행위이다.
⋅화자와 청자는 상황 맥락 및 사회⋅문화적 맥락 속에서 의사소통 목적을 달성하기 위하여 다양한 유형의 담화를 듣고 말한다.
⋅화자와 청자는 의사소통 과정에 협력적으로 참여하고 듣기⋅말하기 과정에서의 문제를 해결하기 위해 적절한 전략을 사용하여 듣고 말한다.
⋅화자와 청자는 듣기⋅말하기에 흥미를 가지고 적극적으로 참여하면서 담화 공동체 구성원으로 성장하고, 상호 존중하고 공감하는 소통 문화를 만들어 간다.",6국01-04,면담의 절차를 이해하고 상대와 매체를 고려하여 면담한다.,"면담의 절차를 이해하여 상황에 맞게 적절하게 적용하고, 상대와 매체를 고려하여 효과적으로 면담할 수 있다.","면담의 절차를 이해하여 단계적으로 수행하고, 상대와 매체를 고려하여 면담할 수 있다. ",면담의 절차를 부분적으로 이해하고 상대와 매체를 일부 고려하여 면담한다. ,"[6국01-04] 이 성취기준은 일련의 절차에 따라 면담을 경험해 봄으로써 정보 수집 등의 목적을 가진 구어 의사소통을 효과적이고 체계적으로 수행하는 능력을 기르기 위해 설정하였다. 면담 준비⋅진행⋅결과 정리 등 면담의 절차 이해하기, 면담의 목적⋅대상⋅주제 등 설정하기, 사전 정보 수집하기, 면담 대상 섭외하기, 목적⋅대상⋅주제에 알맞은 질문 준비하기, 녹음기나 기록용 노트 등 면담에 필요한 매체 준비하기, 준비한 질문을 바탕으로 면담하기, 면담 결과를 발표하거나 글로 써서 보고하기 등을 학습한다. 면담 상대를 배려하여 사전에 약속 시간 정하기, 녹음 여부에 대해 동의 구하기, 민감하거나 불편한 질문은 아닌지 점검하기, 종료 후 감사 표현하기 등 면담 과정에서 지켜야 할 예절도 학습한다. ","• 다양한 담화 상황에서 지켜야 할 절차와 규칙, 태도를 학습함으로써 기본적인 구어 의사소통 능력을 기르고, 이를 바탕으로 교과 학습을 수행하며 대인 관계를 형성하고 학습자가 속한 공동체의 문제를 해결하는 능력을 갖출 수 있도록 한다. 친숙하거나 흥미로운 주제에 대해 대화하는 상황, 정보를 수집하기 위해 면담하는 상황, 자료를 선별하고 매체를 활용하여 발표하는 상황, 학교나 지역사회 문제에 대해 토의하는 상황, 찬성과 반대로 나누어 토론하는 상황 등을 중심으로 듣기⋅말하기 활동이 이루어지도록 한다.
• 전형적인 구어 담화 자료 이외에 학습자들이 일상에서 접할 수 있는 여러 가지 매체를 활용하여 디지털 공간을 비롯한 다양한 소통 공간에서 담화를 정확하게 이해하고 효과적으로 표현하는 능력을 기르도록 지도한다. 발표를 위해 주제나 목적에 적합한 자료를 선별할 때, 면담을 위해 사전 질문을 준비할 때, 토의에 필요한 자료를 수집할 때, 토론에서 타당한 근거를 마련할 때에 매체 영역과 연계하여 지도할 수 있다.
• 대화, 면담, 발표, 토의, 토론 담화에 대한 수업을 설계할 때 다양한 사회⋅문화적 배경의 학습자들이 소외되지 않고 듣기⋅말하기 활동에 적극적으로 참여할 수 있도록 주제, 청자, 매체 선정 등에 유의한다. 구어 의사소통 과정에서 상대방이 처한 상황과 입장의 다양성을 인정하고 서로를 배려하는 민주시민의 기초 소양을 함양할 수 있도록 한다. 
• 추론하며 듣기, 주제에 적절한 질문하기, 의견 비교 및 조정하기, 주장⋅이유⋅근거가 타당한지 평가하며 듣기 등의 기능은 대화, 토의, 토론 담화에서뿐만 아니라 다양한 담화를 듣고 말하는 데 두루 필요함을 고려하여 지도한다. 
• 듣기⋅말하기 과정과 전략에 대해 점검하고 조정하기 기능은 면담에서 질문이 적절한지, 발표 내용이 목적과 주제에 적절한지, 토론에서 절차와 규칙을 준수하고 있는지 등을 듣기⋅말하기 중이나 후에 점검하고 조정하는 활동을 통해 지도한다. 
• 면담하기를 지도할 때는 학습자의 진로를 탐색하는 활동과 연계할 수도 있다. 학습자가 관심을 가지고 있는 직업군에서 면담 대상자를 선정하고, 해당 직업에 대해 인터넷 정보 검색을 통해서 확인할 수 있는 정보보다 면담을 통해서 얻을 수 있는 정보를 물어보는 구체적이고 실제적인 질문을 준비하여 면담하도록 한다. 다만 면담의 실제성이 높아지는 만큼 사전 준비와 면담 시 지켜야 할 예절 등을 충분히 지도한다.
• 토의하기를 지도할 때는 토의의 일반적인 절차를 고려하여 학습자가 경험한 일상생활의 실제적 문제에 대해 토의하도록 한다. 특히 학습자가 소속된 학교나 지역사회 문제와 연계된 토의 주제를 정함으로써 협력적 소통을 통해 공동체의 문제를 해결하는 방안을 마련해 보는 경험을 할 수 있도록 한다.
• 토론하기를 지도할 때는 토론이 문제에 대해 대립되는 입장을 확인함으로써 상호 이해의 계기를 마련하는 민주적인 소통 방법이라는 점을 안내한다. 토론 과정에서 상대의 의견을 존중하며 경청하는 태도와 자신의 의견만을 고집하지 않는 자세를 갖추도록 하여, 민주시민으로서의 기초 소양을 함양할 수 있도록 한다."
5~6,국어,듣기⋅말하기,"⋅듣기⋅말하기는 언어, 준언어, 비언어, 매체 등을 활용하여 서로의 생각과 감정을 주고받는 행위이다.
⋅화자와 청자는 상황 맥락 및 사회⋅문화적 맥락 속에서 의사소통 목적을 달성하기 위하여 다양한 유형의 담화를 듣고 말한다.
⋅화자와 청자는 의사소통 과정에 협력적으로 참여하고 듣기⋅말하기 과정에서의 문제를 해결하기 위해 적절한 전략을 사용하여 듣고 말한다.
⋅화자와 청자는 듣기⋅말하기에 흥미를 가지고 적극적으로 참여하면서 담화 공동체 구성원으로 성장하고, 상호 존중하고 공감하는 소통 문화를 만들어 간다.",6국01-05,자료를 선별하여 핵심 정보를 중심으로 내용을 구성하고 매체를 활용하여 발표한다.,"말하기 목적과 주제를 고려하여 선별한 자료에서 핵심 정보를 중심으로 내용을 효과적으로 구성하고, 말하기 상황과 내용에 적합한 매체를 활용하여 발표할 수 있다. ","선별한 자료에서 핵심 정보를 중심으로 내용을 구성하고, 말하기 상황과 내용에 적절한 매체를 활용하여 발표할 수 있다.","수집한 자료에서 발표 내용을 제한적으로 구성하고, 매체를 부분적으로 활용하여 발표한다.",,"• 다양한 담화 상황에서 지켜야 할 절차와 규칙, 태도를 학습함으로써 기본적인 구어 의사소통 능력을 기르고, 이를 바탕으로 교과 학습을 수행하며 대인 관계를 형성하고 학습자가 속한 공동체의 문제를 해결하는 능력을 갖출 수 있도록 한다. 친숙하거나 흥미로운 주제에 대해 대화하는 상황, 정보를 수집하기 위해 면담하는 상황, 자료를 선별하고 매체를 활용하여 발표하는 상황, 학교나 지역사회 문제에 대해 토의하는 상황, 찬성과 반대로 나누어 토론하는 상황 등을 중심으로 듣기⋅말하기 활동이 이루어지도록 한다.
• 전형적인 구어 담화 자료 이외에 학습자들이 일상에서 접할 수 있는 여러 가지 매체를 활용하여 디지털 공간을 비롯한 다양한 소통 공간에서 담화를 정확하게 이해하고 효과적으로 표현하는 능력을 기르도록 지도한다. 발표를 위해 주제나 목적에 적합한 자료를 선별할 때, 면담을 위해 사전 질문을 준비할 때, 토의에 필요한 자료를 수집할 때, 토론에서 타당한 근거를 마련할 때에 매체 영역과 연계하여 지도할 수 있다.
• 대화, 면담, 발표, 토의, 토론 담화에 대한 수업을 설계할 때 다양한 사회⋅문화적 배경의 학습자들이 소외되지 않고 듣기⋅말하기 활동에 적극적으로 참여할 수 있도록 주제, 청자, 매체 선정 등에 유의한다. 구어 의사소통 과정에서 상대방이 처한 상황과 입장의 다양성을 인정하고 서로를 배려하는 민주시민의 기초 소양을 함양할 수 있도록 한다. 
• 추론하며 듣기, 주제에 적절한 질문하기, 의견 비교 및 조정하기, 주장⋅이유⋅근거가 타당한지 평가하며 듣기 등의 기능은 대화, 토의, 토론 담화에서뿐만 아니라 다양한 담화를 듣고 말하는 데 두루 필요함을 고려하여 지도한다. 
• 듣기⋅말하기 과정과 전략에 대해 점검하고 조정하기 기능은 면담에서 질문이 적절한지, 발표 내용이 목적과 주제에 적절한지, 토론에서 절차와 규칙을 준수하고 있는지 등을 듣기⋅말하기 중이나 후에 점검하고 조정하는 활동을 통해 지도한다. 
• 면담하기를 지도할 때는 학습자의 진로를 탐색하는 활동과 연계할 수도 있다. 학습자가 관심을 가지고 있는 직업군에서 면담 대상자를 선정하고, 해당 직업에 대해 인터넷 정보 검색을 통해서 확인할 수 있는 정보보다 면담을 통해서 얻을 수 있는 정보를 물어보는 구체적이고 실제적인 질문을 준비하여 면담하도록 한다. 다만 면담의 실제성이 높아지는 만큼 사전 준비와 면담 시 지켜야 할 예절 등을 충분히 지도한다.
• 토의하기를 지도할 때는 토의의 일반적인 절차를 고려하여 학습자가 경험한 일상생활의 실제적 문제에 대해 토의하도록 한다. 특히 학습자가 소속된 학교나 지역사회 문제와 연계된 토의 주제를 정함으로써 협력적 소통을 통해 공동체의 문제를 해결하는 방안을 마련해 보는 경험을 할 수 있도록 한다.
• 토론하기를 지도할 때는 토론이 문제에 대해 대립되는 입장을 확인함으로써 상호 이해의 계기를 마련하는 민주적인 소통 방법이라는 점을 안내한다. 토론 과정에서 상대의 의견을 존중하며 경청하는 태도와 자신의 의견만을 고집하지 않는 자세를 갖추도록 하여, 민주시민으로서의 기초 소양을 함양할 수 있도록 한다."
5~6,국어,듣기⋅말하기,"⋅듣기⋅말하기는 언어, 준언어, 비언어, 매체 등을 활용하여 서로의 생각과 감정을 주고받는 행위이다.
⋅화자와 청자는 상황 맥락 및 사회⋅문화적 맥락 속에서 의사소통 목적을 달성하기 위하여 다양한 유형의 담화를 듣고 말한다.
⋅화자와 청자는 의사소통 과정에 협력적으로 참여하고 듣기⋅말하기 과정에서의 문제를 해결하기 위해 적절한 전략을 사용하여 듣고 말한다.
⋅화자와 청자는 듣기⋅말하기에 흥미를 가지고 적극적으로 참여하면서 담화 공동체 구성원으로 성장하고, 상호 존중하고 공감하는 소통 문화를 만들어 간다.",6국01-06,토의에 협력적으로 참여하며 서로의 의견을 비교하고 조정한다.,"다른 사람의 의견을 경청하고 자신의 의견을 타당하게 제시하며 토의 활동에 협력적으로 참여하고, 서로의 의견을 종합적으로 검토하고 비교하여 조정할 수 있다. ","다른 사람의 의견을 경청하고 자신의 의견을 제시하며 토의 활동에 협력적으로 참여하고, 서로의 의견을 검토하고 비교하여 조정할 수 있다. ",토의에 제한적으로 참여하며 서로의 의견을 부분적으로 비교한다. ,,"• 다양한 담화 상황에서 지켜야 할 절차와 규칙, 태도를 학습함으로써 기본적인 구어 의사소통 능력을 기르고, 이를 바탕으로 교과 학습을 수행하며 대인 관계를 형성하고 학습자가 속한 공동체의 문제를 해결하는 능력을 갖출 수 있도록 한다. 친숙하거나 흥미로운 주제에 대해 대화하는 상황, 정보를 수집하기 위해 면담하는 상황, 자료를 선별하고 매체를 활용하여 발표하는 상황, 학교나 지역사회 문제에 대해 토의하는 상황, 찬성과 반대로 나누어 토론하는 상황 등을 중심으로 듣기⋅말하기 활동이 이루어지도록 한다.
• 전형적인 구어 담화 자료 이외에 학습자들이 일상에서 접할 수 있는 여러 가지 매체를 활용하여 디지털 공간을 비롯한 다양한 소통 공간에서 담화를 정확하게 이해하고 효과적으로 표현하는 능력을 기르도록 지도한다. 발표를 위해 주제나 목적에 적합한 자료를 선별할 때, 면담을 위해 사전 질문을 준비할 때, 토의에 필요한 자료를 수집할 때, 토론에서 타당한 근거를 마련할 때에 매체 영역과 연계하여 지도할 수 있다.
• 대화, 면담, 발표, 토의, 토론 담화에 대한 수업을 설계할 때 다양한 사회⋅문화적 배경의 학습자들이 소외되지 않고 듣기⋅말하기 활동에 적극적으로 참여할 수 있도록 주제, 청자, 매체 선정 등에 유의한다. 구어 의사소통 과정에서 상대방이 처한 상황과 입장의 다양성을 인정하고 서로를 배려하는 민주시민의 기초 소양을 함양할 수 있도록 한다. 
• 추론하며 듣기, 주제에 적절한 질문하기, 의견 비교 및 조정하기, 주장⋅이유⋅근거가 타당한지 평가하며 듣기 등의 기능은 대화, 토의, 토론 담화에서뿐만 아니라 다양한 담화를 듣고 말하는 데 두루 필요함을 고려하여 지도한다. 
• 듣기⋅말하기 과정과 전략에 대해 점검하고 조정하기 기능은 면담에서 질문이 적절한지, 발표 내용이 목적과 주제에 적절한지, 토론에서 절차와 규칙을 준수하고 있는지 등을 듣기⋅말하기 중이나 후에 점검하고 조정하는 활동을 통해 지도한다. 
• 면담하기를 지도할 때는 학습자의 진로를 탐색하는 활동과 연계할 수도 있다. 학습자가 관심을 가지고 있는 직업군에서 면담 대상자를 선정하고, 해당 직업에 대해 인터넷 정보 검색을 통해서 확인할 수 있는 정보보다 면담을 통해서 얻을 수 있는 정보를 물어보는 구체적이고 실제적인 질문을 준비하여 면담하도록 한다. 다만 면담의 실제성이 높아지는 만큼 사전 준비와 면담 시 지켜야 할 예절 등을 충분히 지도한다.
• 토의하기를 지도할 때는 토의의 일반적인 절차를 고려하여 학습자가 경험한 일상생활의 실제적 문제에 대해 토의하도록 한다. 특히 학습자가 소속된 학교나 지역사회 문제와 연계된 토의 주제를 정함으로써 협력적 소통을 통해 공동체의 문제를 해결하는 방안을 마련해 보는 경험을 할 수 있도록 한다.
• 토론하기를 지도할 때는 토론이 문제에 대해 대립되는 입장을 확인함으로써 상호 이해의 계기를 마련하는 민주적인 소통 방법이라는 점을 안내한다. 토론 과정에서 상대의 의견을 존중하며 경청하는 태도와 자신의 의견만을 고집하지 않는 자세를 갖추도록 하여, 민주시민으로서의 기초 소양을 함양할 수 있도록 한다."
5~6,국어,듣기⋅말하기,"⋅듣기⋅말하기는 언어, 준언어, 비언어, 매체 등을 활용하여 서로의 생각과 감정을 주고받는 행위이다.
⋅화자와 청자는 상황 맥락 및 사회⋅문화적 맥락 속에서 의사소통 목적을 달성하기 위하여 다양한 유형의 담화를 듣고 말한다.
⋅화자와 청자는 의사소통 과정에 협력적으로 참여하고 듣기⋅말하기 과정에서의 문제를 해결하기 위해 적절한 전략을 사용하여 듣고 말한다.
⋅화자와 청자는 듣기⋅말하기에 흥미를 가지고 적극적으로 참여하면서 담화 공동체 구성원으로 성장하고, 상호 존중하고 공감하는 소통 문화를 만들어 간다.",6국01-07,절차와 규칙을 지키고 타당한 이유와 근거를 제시하며 토론한다.,"토론의 절차와 규칙을 정확하게 지키며, 주장에 대한 타당한 이유와 근거를 명확하게 제시하며 토론할 수 있다.","토론의 절차와 규칙을 지키며, 주장에 대한 타당한 이유와 근거를 제시하며 토론할 수 있다.","토론의 절차와 규칙을 제한적으로 따르며, 주장에 대한 이유나 근거를 일부 제시하며 토론에 참여한다. ","[6국01-07] 이 성취기준은 민주적 의사소통 능력으로서 토론 능력을 기르기 위해 설정하였다. 찬성 또는 반대의 입장에서 주장하는 바에 대한 이유 마련하기, 이유를 뒷받침할 수 있는 객관적인 사실 또는 정보를 활용하여 근거 마련하기, 주장이 가치 있고 실천 가능한지 검토하기, 이유가 주장과 관련이 있는지 검토하기, 이유가 상대에게 받아들여질 수 있는지 검토하기, 근거가 이유와 관련이 있는지 검토하기, 근거로 제시한 자료의 출처가 명확하고 믿을 만한지 검토하기, 상대의 의견을 존중하며 토론하기, 절차와 규칙에 따라 합리적으로 소통하는 태도 형성하기 등을 학습한다.","• 다양한 담화 상황에서 지켜야 할 절차와 규칙, 태도를 학습함으로써 기본적인 구어 의사소통 능력을 기르고, 이를 바탕으로 교과 학습을 수행하며 대인 관계를 형성하고 학습자가 속한 공동체의 문제를 해결하는 능력을 갖출 수 있도록 한다. 친숙하거나 흥미로운 주제에 대해 대화하는 상황, 정보를 수집하기 위해 면담하는 상황, 자료를 선별하고 매체를 활용하여 발표하는 상황, 학교나 지역사회 문제에 대해 토의하는 상황, 찬성과 반대로 나누어 토론하는 상황 등을 중심으로 듣기⋅말하기 활동이 이루어지도록 한다.
• 전형적인 구어 담화 자료 이외에 학습자들이 일상에서 접할 수 있는 여러 가지 매체를 활용하여 디지털 공간을 비롯한 다양한 소통 공간에서 담화를 정확하게 이해하고 효과적으로 표현하는 능력을 기르도록 지도한다. 발표를 위해 주제나 목적에 적합한 자료를 선별할 때, 면담을 위해 사전 질문을 준비할 때, 토의에 필요한 자료를 수집할 때, 토론에서 타당한 근거를 마련할 때에 매체 영역과 연계하여 지도할 수 있다.
• 대화, 면담, 발표, 토의, 토론 담화에 대한 수업을 설계할 때 다양한 사회⋅문화적 배경의 학습자들이 소외되지 않고 듣기⋅말하기 활동에 적극적으로 참여할 수 있도록 주제, 청자, 매체 선정 등에 유의한다. 구어 의사소통 과정에서 상대방이 처한 상황과 입장의 다양성을 인정하고 서로를 배려하는 민주시민의 기초 소양을 함양할 수 있도록 한다. 
• 추론하며 듣기, 주제에 적절한 질문하기, 의견 비교 및 조정하기, 주장⋅이유⋅근거가 타당한지 평가하며 듣기 등의 기능은 대화, 토의, 토론 담화에서뿐만 아니라 다양한 담화를 듣고 말하는 데 두루 필요함을 고려하여 지도한다. 
• 듣기⋅말하기 과정과 전략에 대해 점검하고 조정하기 기능은 면담에서 질문이 적절한지, 발표 내용이 목적과 주제에 적절한지, 토론에서 절차와 규칙을 준수하고 있는지 등을 듣기⋅말하기 중이나 후에 점검하고 조정하는 활동을 통해 지도한다. 
• 면담하기를 지도할 때는 학습자의 진로를 탐색하는 활동과 연계할 수도 있다. 학습자가 관심을 가지고 있는 직업군에서 면담 대상자를 선정하고, 해당 직업에 대해 인터넷 정보 검색을 통해서 확인할 수 있는 정보보다 면담을 통해서 얻을 수 있는 정보를 물어보는 구체적이고 실제적인 질문을 준비하여 면담하도록 한다. 다만 면담의 실제성이 높아지는 만큼 사전 준비와 면담 시 지켜야 할 예절 등을 충분히 지도한다.
• 토의하기를 지도할 때는 토의의 일반적인 절차를 고려하여 학습자가 경험한 일상생활의 실제적 문제에 대해 토의하도록 한다. 특히 학습자가 소속된 학교나 지역사회 문제와 연계된 토의 주제를 정함으로써 협력적 소통을 통해 공동체의 문제를 해결하는 방안을 마련해 보는 경험을 할 수 있도록 한다.
• 토론하기를 지도할 때는 토론이 문제에 대해 대립되는 입장을 확인함으로써 상호 이해의 계기를 마련하는 민주적인 소통 방법이라는 점을 안내한다. 토론 과정에서 상대의 의견을 존중하며 경청하는 태도와 자신의 의견만을 고집하지 않는 자세를 갖추도록 하여, 민주시민으로서의 기초 소양을 함양할 수 있도록 한다."
5~6,국어,읽기,"⋅읽기는 독자가 자신의 배경지식이나 경험을 활용하여 언어를 비롯한 다양한 기호나 매체로 표현된 글의 의미를 능동적으로 구성하는 행위이다. 
⋅독자는 다양한 상황 맥락과 사회⋅문화적 맥락 속에서 자신의 읽기 목적을 달성하기 위하여 다양한 유형의 글을 읽는다. 
⋅독자는 읽기 과정을 점검⋅조정하며 읽기 과정에서 부딪히는 문제를 해결하기 위해 적절한 읽기 전략을 사용하여 글을 읽는다. 
⋅독자는 읽기 경험을 통해 읽기에 대한 긍정적 정서를 형성하고 삶과 공동체의 문제 해결을 위해 공동체 구성원과 함께 독서를 통해 소통함으로써 사회적 독서 문화를 만들어 간다.",6국02-01,글의 구조를 고려하며 주제나 주장을 파악하고 글 내용을 요약한다.,글의 구조를 고려하며 주제나 주장을 정확하게 파악하고 글의 내용을 자신의 언어로 중심 내용이 잘 드러나게 요약할 수 있다.,글의 구조를 고려하며 주제나 주장을 파악하고 글의 내용을 자신의 언어로 요약할 수 있다.,글의 구조를 고려하며 글의 내용을 부분적으로 파악하고 이를 요약한다.,"[6국02-01] 이 성취기준은 글의 구조를 고려하며 글의 중심 내용을 파악하고 자신의 언어로 요약하는 능력을 기르기 위해 설정하였다. 요약하기의 일반 원리를 이해하기, 글의 구조를 시각화한 도해 조직자를 활용하여 글의 구조와 내용 파악하기, 주제나 주장을 파악하기, 글의 중심 내용을 자신의 언어로 재구성하여 요약하기 등을 학습한다.","• 글의 구조를 고려하여 요약하기를 지도할 때는 요약하기가 단순히 글의 분량을 줄이는 것이 아니라 글의 구조에 따라 중심 내용을 자신의 언어로 표현하는 것임을 이해할 수 있도록 지도한다. 글의 구조를 시각화하여 제시한 도해 조직자 등을 활용하고, 짝 활동이나 모둠 활동을 통해 요약하기 과정과 결과를 공유하며 효과적으로 요약하기 전략을 내면화할 수 있도록 지도한다. 해당 성취기준은 타 교과 학습을 위한 교과서 읽기, 학습 자료 읽기 등의 상황과 연계하여 지도함으로써 교과 학습과 관련하여 읽기 능력이 균형 있게 발달하도록 지도한다.
• 일반 학습자를 포함하여, 다문화 배경 학습자나 느린 학습자 등의 특별한 요구가 있는 경우에는 해당 성취기준에 대한 개별화 맞춤형 수업을 통해 한글 깨치기 학습과 기본적인 읽기 기능에 대한 학습이 연계하여 이루어질 수 있도록 지도한다. 
• 교육 기술의 발달에 따라 교육 현장의 여건과 학습자의 수준에 적절한 매체를 선정하여 학습 공간을 연결하고 확장하여 지도할 수 있다. 수업 상황에서는 학습관리시스템(LMS), 교육 기술 수업 도구, 실시간 쌍방향 수업 플랫폼, 메타버스 등을 활용하여 실시간과 비실시간으로 독서 토론, 대화, 발표, 질의응답 등을 수행하고 독서에 관한 피드백을 나눌 수 있다. 또한 독서 과정과 결과를 인터넷 게시판, 누리집 등을 통해 공유할 수 있다. 독서 감상문이나 서평 쓰기, 책 쓰기 등의 독서 활동 이외에도 카드 뉴스 만들기, 책 소개 영상을 제작하고 공유하는 활동 등 매체를 활용하여 다채로운 독서 활동을 수행할 수 있도록 지도한다.
• 학습자 스스로 자신의 읽기 활동을 되돌아보고 능동적으로 읽기에 참여하는지 확인하기 위해 독서 성찰 일지나 독서 기록장을 작성하도록 하고, 자기 점검표나 관찰 기록표 작성 등 다양한 방법을 활용하여 일상의 읽기 습관을 개선하고 읽기 동기를 긍정적으로 형성하도록 지도한다. 이때 글을 읽는 과정에서 새롭게 알게 된 단어나 교과 학습을 위한 목적으로 글을 읽을 때 새롭게 알게 된 개념어 등을 토대로 나만의 단어 사전이나 단어 기록장 등을 만들어 학습자가 자기주도적으로 읽기 활동을 수행하는 가운데 어휘 학습을 연계할 수 있도록 지도한다. 
• 이 시기는 학습자가 긍정적인 읽기 동기를 형성하여 읽기에 지속적으로 참여할 수 있도록 하는 태도를 형성하는 데 매우 중요한 시기이다. 학습자가 읽기에 대한 중요성과 가치를 인식하고, 교과 학습, 진로 탐색, 여가 등의 읽기 목적과 학습자 개인의 흥미나 수준을 고려하여 읽을거리를 스스로 찾아 읽되, 한 학기에 적어도 한 편의 글을 능동적으로 읽는 경험을 할 수 있도록 지도한다. 이때, 교사는 도서관이나 인터넷에서 관련 자료를 찾아 참고하면서 책을 찾아 읽을 수 있도록 안내하거나, 관심 분야가 유사한 학습자 간에 모둠을 구성하여 책을 선정하여 읽고, 읽기 결과를 공유할 수 있도록 하는 등의 독서 활동에 필요한 시간을 확보한다. 보상이나 성적 등에 의한 것이 아니라, 주제에 대한 흥미와 선호, 읽기의 가치와 중요성, 읽기에 대한 즐거움 등을 느낄 수 있는 독서 경험을 통해 읽기 동기가 형성될 수 있도록 지도한다."
5~6,국어,읽기,"⋅읽기는 독자가 자신의 배경지식이나 경험을 활용하여 언어를 비롯한 다양한 기호나 매체로 표현된 글의 의미를 능동적으로 구성하는 행위이다. 
⋅독자는 다양한 상황 맥락과 사회⋅문화적 맥락 속에서 자신의 읽기 목적을 달성하기 위하여 다양한 유형의 글을 읽는다. 
⋅독자는 읽기 과정을 점검⋅조정하며 읽기 과정에서 부딪히는 문제를 해결하기 위해 적절한 읽기 전략을 사용하여 글을 읽는다. 
⋅독자는 읽기 경험을 통해 읽기에 대한 긍정적 정서를 형성하고 삶과 공동체의 문제 해결을 위해 공동체 구성원과 함께 독서를 통해 소통함으로써 사회적 독서 문화를 만들어 간다.",6국02-02,글에서 생략된 내용이나 함축된 표현을 문맥을 고려하여 추론한다.,"글의 문맥을 고려하여 의미를 이해할 수 있으며 생략된 내용이나 이어질 내용, 함축된 표현을 정확하게 추론할 수 있다.",글의 문맥을 고려하여 생략된 내용이나 함축된 표현을 추론할 수 있다. ,글의 문맥을 일부 고려하며 글에서 생략된 내용과 함축된 표현을 제한적으로 추론한다.,"[6국02-02] 이 성취기준은 글의 문맥을 고려하여 글에 표면적으로 드러나지 않은 내용을 추론하며 읽는 능력을 기르기 위해 설정하였다. 중요 단어나 문장, 문단 등의 수준에서 의미 추론하기, 글의 전체적인 흐름을 고려할 때 글에서 빠진 세부 내용이나 이어질 내용 추론하기, 학습자의 배경지식을 이용하여 함축적 표현이 암시하거나 내포하는 의미 추측하기 등을 학습한다.","• 글의 구조를 고려하여 요약하기를 지도할 때는 요약하기가 단순히 글의 분량을 줄이는 것이 아니라 글의 구조에 따라 중심 내용을 자신의 언어로 표현하는 것임을 이해할 수 있도록 지도한다. 글의 구조를 시각화하여 제시한 도해 조직자 등을 활용하고, 짝 활동이나 모둠 활동을 통해 요약하기 과정과 결과를 공유하며 효과적으로 요약하기 전략을 내면화할 수 있도록 지도한다. 해당 성취기준은 타 교과 학습을 위한 교과서 읽기, 학습 자료 읽기 등의 상황과 연계하여 지도함으로써 교과 학습과 관련하여 읽기 능력이 균형 있게 발달하도록 지도한다.
• 일반 학습자를 포함하여, 다문화 배경 학습자나 느린 학습자 등의 특별한 요구가 있는 경우에는 해당 성취기준에 대한 개별화 맞춤형 수업을 통해 한글 깨치기 학습과 기본적인 읽기 기능에 대한 학습이 연계하여 이루어질 수 있도록 지도한다. 
• 교육 기술의 발달에 따라 교육 현장의 여건과 학습자의 수준에 적절한 매체를 선정하여 학습 공간을 연결하고 확장하여 지도할 수 있다. 수업 상황에서는 학습관리시스템(LMS), 교육 기술 수업 도구, 실시간 쌍방향 수업 플랫폼, 메타버스 등을 활용하여 실시간과 비실시간으로 독서 토론, 대화, 발표, 질의응답 등을 수행하고 독서에 관한 피드백을 나눌 수 있다. 또한 독서 과정과 결과를 인터넷 게시판, 누리집 등을 통해 공유할 수 있다. 독서 감상문이나 서평 쓰기, 책 쓰기 등의 독서 활동 이외에도 카드 뉴스 만들기, 책 소개 영상을 제작하고 공유하는 활동 등 매체를 활용하여 다채로운 독서 활동을 수행할 수 있도록 지도한다.
• 학습자 스스로 자신의 읽기 활동을 되돌아보고 능동적으로 읽기에 참여하는지 확인하기 위해 독서 성찰 일지나 독서 기록장을 작성하도록 하고, 자기 점검표나 관찰 기록표 작성 등 다양한 방법을 활용하여 일상의 읽기 습관을 개선하고 읽기 동기를 긍정적으로 형성하도록 지도한다. 이때 글을 읽는 과정에서 새롭게 알게 된 단어나 교과 학습을 위한 목적으로 글을 읽을 때 새롭게 알게 된 개념어 등을 토대로 나만의 단어 사전이나 단어 기록장 등을 만들어 학습자가 자기주도적으로 읽기 활동을 수행하는 가운데 어휘 학습을 연계할 수 있도록 지도한다. 
• 이 시기는 학습자가 긍정적인 읽기 동기를 형성하여 읽기에 지속적으로 참여할 수 있도록 하는 태도를 형성하는 데 매우 중요한 시기이다. 학습자가 읽기에 대한 중요성과 가치를 인식하고, 교과 학습, 진로 탐색, 여가 등의 읽기 목적과 학습자 개인의 흥미나 수준을 고려하여 읽을거리를 스스로 찾아 읽되, 한 학기에 적어도 한 편의 글을 능동적으로 읽는 경험을 할 수 있도록 지도한다. 이때, 교사는 도서관이나 인터넷에서 관련 자료를 찾아 참고하면서 책을 찾아 읽을 수 있도록 안내하거나, 관심 분야가 유사한 학습자 간에 모둠을 구성하여 책을 선정하여 읽고, 읽기 결과를 공유할 수 있도록 하는 등의 독서 활동에 필요한 시간을 확보한다. 보상이나 성적 등에 의한 것이 아니라, 주제에 대한 흥미와 선호, 읽기의 가치와 중요성, 읽기에 대한 즐거움 등을 느낄 수 있는 독서 경험을 통해 읽기 동기가 형성될 수 있도록 지도한다."
5~6,국어,읽기,"⋅읽기는 독자가 자신의 배경지식이나 경험을 활용하여 언어를 비롯한 다양한 기호나 매체로 표현된 글의 의미를 능동적으로 구성하는 행위이다. 
⋅독자는 다양한 상황 맥락과 사회⋅문화적 맥락 속에서 자신의 읽기 목적을 달성하기 위하여 다양한 유형의 글을 읽는다. 
⋅독자는 읽기 과정을 점검⋅조정하며 읽기 과정에서 부딪히는 문제를 해결하기 위해 적절한 읽기 전략을 사용하여 글을 읽는다. 
⋅독자는 읽기 경험을 통해 읽기에 대한 긍정적 정서를 형성하고 삶과 공동체의 문제 해결을 위해 공동체 구성원과 함께 독서를 통해 소통함으로써 사회적 독서 문화를 만들어 간다.",6국02-03,글이나 자료를 읽고 내용의 타당성과 표현의 적절성을 평가한다.,글이나 자료를 읽고 평가 근거를 토대로 내용의 타당성과 표현의 적절성을 종합적으로 평가할 수 있다.,글이나 자료를 읽고 평가 근거를 토대로 내용의 타당성과 표현의 적절성을 평가할 수 있다.,글이나 자료를 읽고 내용의 타당성이나 표현의 적절성을 부분적으로 평가한다. ,,"• 글의 구조를 고려하여 요약하기를 지도할 때는 요약하기가 단순히 글의 분량을 줄이는 것이 아니라 글의 구조에 따라 중심 내용을 자신의 언어로 표현하는 것임을 이해할 수 있도록 지도한다. 글의 구조를 시각화하여 제시한 도해 조직자 등을 활용하고, 짝 활동이나 모둠 활동을 통해 요약하기 과정과 결과를 공유하며 효과적으로 요약하기 전략을 내면화할 수 있도록 지도한다. 해당 성취기준은 타 교과 학습을 위한 교과서 읽기, 학습 자료 읽기 등의 상황과 연계하여 지도함으로써 교과 학습과 관련하여 읽기 능력이 균형 있게 발달하도록 지도한다.
• 일반 학습자를 포함하여, 다문화 배경 학습자나 느린 학습자 등의 특별한 요구가 있는 경우에는 해당 성취기준에 대한 개별화 맞춤형 수업을 통해 한글 깨치기 학습과 기본적인 읽기 기능에 대한 학습이 연계하여 이루어질 수 있도록 지도한다. 
• 교육 기술의 발달에 따라 교육 현장의 여건과 학습자의 수준에 적절한 매체를 선정하여 학습 공간을 연결하고 확장하여 지도할 수 있다. 수업 상황에서는 학습관리시스템(LMS), 교육 기술 수업 도구, 실시간 쌍방향 수업 플랫폼, 메타버스 등을 활용하여 실시간과 비실시간으로 독서 토론, 대화, 발표, 질의응답 등을 수행하고 독서에 관한 피드백을 나눌 수 있다. 또한 독서 과정과 결과를 인터넷 게시판, 누리집 등을 통해 공유할 수 있다. 독서 감상문이나 서평 쓰기, 책 쓰기 등의 독서 활동 이외에도 카드 뉴스 만들기, 책 소개 영상을 제작하고 공유하는 활동 등 매체를 활용하여 다채로운 독서 활동을 수행할 수 있도록 지도한다.
• 학습자 스스로 자신의 읽기 활동을 되돌아보고 능동적으로 읽기에 참여하는지 확인하기 위해 독서 성찰 일지나 독서 기록장을 작성하도록 하고, 자기 점검표나 관찰 기록표 작성 등 다양한 방법을 활용하여 일상의 읽기 습관을 개선하고 읽기 동기를 긍정적으로 형성하도록 지도한다. 이때 글을 읽는 과정에서 새롭게 알게 된 단어나 교과 학습을 위한 목적으로 글을 읽을 때 새롭게 알게 된 개념어 등을 토대로 나만의 단어 사전이나 단어 기록장 등을 만들어 학습자가 자기주도적으로 읽기 활동을 수행하는 가운데 어휘 학습을 연계할 수 있도록 지도한다. 
• 이 시기는 학습자가 긍정적인 읽기 동기를 형성하여 읽기에 지속적으로 참여할 수 있도록 하는 태도를 형성하는 데 매우 중요한 시기이다. 학습자가 읽기에 대한 중요성과 가치를 인식하고, 교과 학습, 진로 탐색, 여가 등의 읽기 목적과 학습자 개인의 흥미나 수준을 고려하여 읽을거리를 스스로 찾아 읽되, 한 학기에 적어도 한 편의 글을 능동적으로 읽는 경험을 할 수 있도록 지도한다. 이때, 교사는 도서관이나 인터넷에서 관련 자료를 찾아 참고하면서 책을 찾아 읽을 수 있도록 안내하거나, 관심 분야가 유사한 학습자 간에 모둠을 구성하여 책을 선정하여 읽고, 읽기 결과를 공유할 수 있도록 하는 등의 독서 활동에 필요한 시간을 확보한다. 보상이나 성적 등에 의한 것이 아니라, 주제에 대한 흥미와 선호, 읽기의 가치와 중요성, 읽기에 대한 즐거움 등을 느낄 수 있는 독서 경험을 통해 읽기 동기가 형성될 수 있도록 지도한다."
5~6,국어,읽기,"⋅읽기는 독자가 자신의 배경지식이나 경험을 활용하여 언어를 비롯한 다양한 기호나 매체로 표현된 글의 의미를 능동적으로 구성하는 행위이다. 
⋅독자는 다양한 상황 맥락과 사회⋅문화적 맥락 속에서 자신의 읽기 목적을 달성하기 위하여 다양한 유형의 글을 읽는다. 
⋅독자는 읽기 과정을 점검⋅조정하며 읽기 과정에서 부딪히는 문제를 해결하기 위해 적절한 읽기 전략을 사용하여 글을 읽는다. 
⋅독자는 읽기 경험을 통해 읽기에 대한 긍정적 정서를 형성하고 삶과 공동체의 문제 해결을 위해 공동체 구성원과 함께 독서를 통해 소통함으로써 사회적 독서 문화를 만들어 간다.",6국02-04,문제 상황과 관련된 다양한 관점의 글을 읽고 이를 문제 해결에 활용한다.,"문제 상황과 관련된 다양한 관점의 글을 읽고, 내용의 타당성과 유용성을 평가하여 문제 해결 방안을 마련하는 데 이를 활용할 수 있다.",문제 상황과 관련된 다양한 관점의 글을 읽고 문제 해결 방안을 마련하는 데 이를 활용할 수 있다.,문제 상황과 관련된 다양한 관점의 글을 읽고 문제 해결 방안을 마련하는 데 이를 제한적으로 활용한다. ,"[6국02-04] 이 성취기준은 학습자가 직면한 문제를 해결하기 위해 다양한 관점의 글을 찾아 읽고 문제 해결에 필요한 지식이나 정보를 구성하는 창의적 읽기 능력을 기르기 위해 설정하였다. 문제 상황과 관련한 읽기 목적 명료화하기, 문제 상황 해결에 도움을 줄 수 있는 다양한 관점의 글 선정하기, 다양한 관점의 글을 읽고 내용의 타당성과 유용성 평가하기, 문제 해결을 위한 자신만의 창의적인 해결 방안 마련하기 등을 학습한다.","• 글의 구조를 고려하여 요약하기를 지도할 때는 요약하기가 단순히 글의 분량을 줄이는 것이 아니라 글의 구조에 따라 중심 내용을 자신의 언어로 표현하는 것임을 이해할 수 있도록 지도한다. 글의 구조를 시각화하여 제시한 도해 조직자 등을 활용하고, 짝 활동이나 모둠 활동을 통해 요약하기 과정과 결과를 공유하며 효과적으로 요약하기 전략을 내면화할 수 있도록 지도한다. 해당 성취기준은 타 교과 학습을 위한 교과서 읽기, 학습 자료 읽기 등의 상황과 연계하여 지도함으로써 교과 학습과 관련하여 읽기 능력이 균형 있게 발달하도록 지도한다.
• 일반 학습자를 포함하여, 다문화 배경 학습자나 느린 학습자 등의 특별한 요구가 있는 경우에는 해당 성취기준에 대한 개별화 맞춤형 수업을 통해 한글 깨치기 학습과 기본적인 읽기 기능에 대한 학습이 연계하여 이루어질 수 있도록 지도한다. 
• 교육 기술의 발달에 따라 교육 현장의 여건과 학습자의 수준에 적절한 매체를 선정하여 학습 공간을 연결하고 확장하여 지도할 수 있다. 수업 상황에서는 학습관리시스템(LMS), 교육 기술 수업 도구, 실시간 쌍방향 수업 플랫폼, 메타버스 등을 활용하여 실시간과 비실시간으로 독서 토론, 대화, 발표, 질의응답 등을 수행하고 독서에 관한 피드백을 나눌 수 있다. 또한 독서 과정과 결과를 인터넷 게시판, 누리집 등을 통해 공유할 수 있다. 독서 감상문이나 서평 쓰기, 책 쓰기 등의 독서 활동 이외에도 카드 뉴스 만들기, 책 소개 영상을 제작하고 공유하는 활동 등 매체를 활용하여 다채로운 독서 활동을 수행할 수 있도록 지도한다.
• 학습자 스스로 자신의 읽기 활동을 되돌아보고 능동적으로 읽기에 참여하는지 확인하기 위해 독서 성찰 일지나 독서 기록장을 작성하도록 하고, 자기 점검표나 관찰 기록표 작성 등 다양한 방법을 활용하여 일상의 읽기 습관을 개선하고 읽기 동기를 긍정적으로 형성하도록 지도한다. 이때 글을 읽는 과정에서 새롭게 알게 된 단어나 교과 학습을 위한 목적으로 글을 읽을 때 새롭게 알게 된 개념어 등을 토대로 나만의 단어 사전이나 단어 기록장 등을 만들어 학습자가 자기주도적으로 읽기 활동을 수행하는 가운데 어휘 학습을 연계할 수 있도록 지도한다. 
• 이 시기는 학습자가 긍정적인 읽기 동기를 형성하여 읽기에 지속적으로 참여할 수 있도록 하는 태도를 형성하는 데 매우 중요한 시기이다. 학습자가 읽기에 대한 중요성과 가치를 인식하고, 교과 학습, 진로 탐색, 여가 등의 읽기 목적과 학습자 개인의 흥미나 수준을 고려하여 읽을거리를 스스로 찾아 읽되, 한 학기에 적어도 한 편의 글을 능동적으로 읽는 경험을 할 수 있도록 지도한다. 이때, 교사는 도서관이나 인터넷에서 관련 자료를 찾아 참고하면서 책을 찾아 읽을 수 있도록 안내하거나, 관심 분야가 유사한 학습자 간에 모둠을 구성하여 책을 선정하여 읽고, 읽기 결과를 공유할 수 있도록 하는 등의 독서 활동에 필요한 시간을 확보한다. 보상이나 성적 등에 의한 것이 아니라, 주제에 대한 흥미와 선호, 읽기의 가치와 중요성, 읽기에 대한 즐거움 등을 느낄 수 있는 독서 경험을 통해 읽기 동기가 형성될 수 있도록 지도한다."
5~6,국어,읽기,"⋅읽기는 독자가 자신의 배경지식이나 경험을 활용하여 언어를 비롯한 다양한 기호나 매체로 표현된 글의 의미를 능동적으로 구성하는 행위이다. 
⋅독자는 다양한 상황 맥락과 사회⋅문화적 맥락 속에서 자신의 읽기 목적을 달성하기 위하여 다양한 유형의 글을 읽는다. 
⋅독자는 읽기 과정을 점검⋅조정하며 읽기 과정에서 부딪히는 문제를 해결하기 위해 적절한 읽기 전략을 사용하여 글을 읽는다. 
⋅독자는 읽기 경험을 통해 읽기에 대한 긍정적 정서를 형성하고 삶과 공동체의 문제 해결을 위해 공동체 구성원과 함께 독서를 통해 소통함으로써 사회적 독서 문화를 만들어 간다.",6국02-05,긍정적인 읽기 동기를 형성하고 적극적으로 읽기에 참여하는 태도를 기른다.,"읽기의 중요성과 가치를 인식하고, 긍정적인 읽기 동기를 형성하며 읽기 활동에 적극적이고 주도적으로 참여하는 태도를 지닌다.",긍정적인 읽기 동기를 형성하며 읽기 활동에 적극적으로 참여하는 태도를 지닌다.,긍정적인 읽기 동기 형성과 읽기 활동에 대한 참여가 제한적이다.,,"• 글의 구조를 고려하여 요약하기를 지도할 때는 요약하기가 단순히 글의 분량을 줄이는 것이 아니라 글의 구조에 따라 중심 내용을 자신의 언어로 표현하는 것임을 이해할 수 있도록 지도한다. 글의 구조를 시각화하여 제시한 도해 조직자 등을 활용하고, 짝 활동이나 모둠 활동을 통해 요약하기 과정과 결과를 공유하며 효과적으로 요약하기 전략을 내면화할 수 있도록 지도한다. 해당 성취기준은 타 교과 학습을 위한 교과서 읽기, 학습 자료 읽기 등의 상황과 연계하여 지도함으로써 교과 학습과 관련하여 읽기 능력이 균형 있게 발달하도록 지도한다.
• 일반 학습자를 포함하여, 다문화 배경 학습자나 느린 학습자 등의 특별한 요구가 있는 경우에는 해당 성취기준에 대한 개별화 맞춤형 수업을 통해 한글 깨치기 학습과 기본적인 읽기 기능에 대한 학습이 연계하여 이루어질 수 있도록 지도한다. 
• 교육 기술의 발달에 따라 교육 현장의 여건과 학습자의 수준에 적절한 매체를 선정하여 학습 공간을 연결하고 확장하여 지도할 수 있다. 수업 상황에서는 학습관리시스템(LMS), 교육 기술 수업 도구, 실시간 쌍방향 수업 플랫폼, 메타버스 등을 활용하여 실시간과 비실시간으로 독서 토론, 대화, 발표, 질의응답 등을 수행하고 독서에 관한 피드백을 나눌 수 있다. 또한 독서 과정과 결과를 인터넷 게시판, 누리집 등을 통해 공유할 수 있다. 독서 감상문이나 서평 쓰기, 책 쓰기 등의 독서 활동 이외에도 카드 뉴스 만들기, 책 소개 영상을 제작하고 공유하는 활동 등 매체를 활용하여 다채로운 독서 활동을 수행할 수 있도록 지도한다.
• 학습자 스스로 자신의 읽기 활동을 되돌아보고 능동적으로 읽기에 참여하는지 확인하기 위해 독서 성찰 일지나 독서 기록장을 작성하도록 하고, 자기 점검표나 관찰 기록표 작성 등 다양한 방법을 활용하여 일상의 읽기 습관을 개선하고 읽기 동기를 긍정적으로 형성하도록 지도한다. 이때 글을 읽는 과정에서 새롭게 알게 된 단어나 교과 학습을 위한 목적으로 글을 읽을 때 새롭게 알게 된 개념어 등을 토대로 나만의 단어 사전이나 단어 기록장 등을 만들어 학습자가 자기주도적으로 읽기 활동을 수행하는 가운데 어휘 학습을 연계할 수 있도록 지도한다. 
• 이 시기는 학습자가 긍정적인 읽기 동기를 형성하여 읽기에 지속적으로 참여할 수 있도록 하는 태도를 형성하는 데 매우 중요한 시기이다. 학습자가 읽기에 대한 중요성과 가치를 인식하고, 교과 학습, 진로 탐색, 여가 등의 읽기 목적과 학습자 개인의 흥미나 수준을 고려하여 읽을거리를 스스로 찾아 읽되, 한 학기에 적어도 한 편의 글을 능동적으로 읽는 경험을 할 수 있도록 지도한다. 이때, 교사는 도서관이나 인터넷에서 관련 자료를 찾아 참고하면서 책을 찾아 읽을 수 있도록 안내하거나, 관심 분야가 유사한 학습자 간에 모둠을 구성하여 책을 선정하여 읽고, 읽기 결과를 공유할 수 있도록 하는 등의 독서 활동에 필요한 시간을 확보한다. 보상이나 성적 등에 의한 것이 아니라, 주제에 대한 흥미와 선호, 읽기의 가치와 중요성, 읽기에 대한 즐거움 등을 느낄 수 있는 독서 경험을 통해 읽기 동기가 형성될 수 있도록 지도한다."
5~6,국어,쓰기,"⋅쓰기는 언어를 비롯한 다양한 기호나 매체를 활용하여 인간의 생각과 감정을 글로 표현함으로써 의미를 구성하는 행위이다. 
⋅필자는 상황 맥락 및 사회⋅문화적 맥락 속에서 자신의 의사소통 목적을 달성하기 위하여 다양한 유형의 글을 쓴다. 
⋅필자는 쓰기 과정에서 부딪히는 문제를 해결하기 위하여 적절한 쓰기 전략을 사용하여 글을 쓴다. 
⋅필자는 쓰기 경험을 통해 언어 공동체의 구성원으로 성장하고, 쓰기 윤리를 갖추어 독자와 소통함으로써 바람직한 의사소통 문화를 만들어 간다.",6국03-01,알맞은 내용을 선정하여 대상의 특성이 나타나게 설명하는 글을 쓴다.,"설명 대상의 특성을 드러내는 알맞은 내용을 선정하고, 이를 효과적으로 나타낼 수 있는 적절한 설명 방법을 활용하여 독자가 이해하기 쉽게 설명하는 글을 쓸 수 있다.",설명 대상의 특성을 드러내는 알맞은 내용을 선정하고 이를 나타낼 수 있는 설명 방법을 활용하여 설명하는 글을 쓸 수 있다.,설명 대상의 특성을 드러내는 내용을 일부 선정하고 이와 관련된 설명 방법을 부분적으로 활용하여 설명하는 글을 쓴다.,"[6국03-01] 이 성취기준은 설명하는 글을 쓰는 데에 필요한 능력을 기르기 위해 설정하였다. 설명하고자 하는 대상의 특성을 드러낼 수 있는 내용을 선정하는 방법, 개념 정의, 부연 상술, 예시, 열거, 인용, 비교와 대조 등을 활용하여 독자가 대상의 특성을 이해하기 쉽게 내용을 구성하고 표현하는 방법, 설명 대상과 설명 방법의 관련성 등을 학습한다. 설명 대상은 인문, 사회, 과학, 예술, 체육 등 교과 내용에서 선정한다.  ","• 설명하는 글 쓰기는 학습에 필요한 쓰기 능력을 갖출 수 있도록 교과 학습과 연계하여 지도하는 것이 효율적이다. 각 교과의 관찰, 조사 등의 학습 활동과 연계하여 대상의 특성이 나타나게 설명하는 글을 쓰도록 지도한다. 
• 쓰기 과정에서 자료 수집이 필요할 경우, 다양한 매체를 활용하여 표현하고자 하는 내용에 알맞은 사진이나 삽화, 도표, 동영상 등의 자료를 찾을 수 있도록 지도한다. 또한 글을 쓸 때에도 글의 목적이나 주제에 따라 필자의 의도를 효과적으로 전달할 수 있는 다양한 매체를 선정하고, 선정한 매체의 특성을 고려하여 글을 쓸 수 있도록 지도한다. 동일한 목적의 글이라 하더라도 매체가 달라지면 글의 내용과 형식이 영향을 받게 됨을 이해하도록 하는 것에 중점을 두되, 다양한 예시 글을 제시하고 학습자가 스스로 글을 분석하여 내용 선정 시 고려해야 할 점, 내용 선정 방법 등을 찾을 수 있도록 안내한다. 이때 제시한 글이 단순히 모방을 위한 예가 되지 않도록 유의한다. 
• 설득을 목적으로 하는 글 쓰기는 주장하는 바가 뚜렷하게 드러나고 근거가 적절해야 독자를 효과적으로 설득할 수 있음을 지도한다. 제시한 근거가 주장과 관련이 있는지, 주장을 뒷받침하는 데에 적절한지에 중점을 둔다. 
• 체험을 바탕으로 감상을 나타내는 글을 쓰는 과정을 지도할 때는 학습자의 삶의 맥락에서 접하는 다양한 체험을 소재로 솔직하고 진솔하게 글을 쓰게 하되, 특별한 경험이 아닌 일상의 경험에서 의미 있는 글의 소재를 찾을 수 있도록 지도한다.  
• 쓰기 과정을 지도할 때는 계획하기, 내용 생성하기, 내용 조직하기, 초고 쓰기, 고쳐쓰기와 같은 일련의 과정을 거침으로써 효율적인 글쓰기가 가능해진다는 점을 이해시키되, 이러한 일련의 쓰기 과정이 엄격하게 구별되거나 분절적인 것이 아니며 쓰기 과정에 대한 점검 및 조정을 통해 회귀할 수 있는 특성을 가졌다는 점에 유의하여 지도한다. 내용 생성하기 과정에서는 독자와 매체를 고려하여 내용 생성하기를 지도하되, 브레인스토밍, 마인드맵 등의 방법을 통해 글을 쓰기 위한 내용 생성 전략이나 기능을 익히도록 한다. 고쳐쓰기 과정에서는 띄어쓰기와 맞춤법을 포함하여 지도하되, 본래 의도한 의미가 독자에게 전달될 수 있도록 표현되었는지, 글 전체의 통일성이 확보되었는지 등에 중점을 두어 지도한다.
• 쓰기 윤리는 필자가 글을 쓰는 과정에서 준수해야 할 윤리적 규범으로, 학습자가 글을 쓰는 과정 전반에서 이를 고려하도록 지도한다. 다른 사람의 글이나 자료를 인용하여 글을 쓸 때는 그 출처를 밝히도록 지도하는 데에 중점을 두며, 자신의 의견과 다른 사람의 의견을 구분하여 표시하고 지나치게 많은 부분을 인용하지 않도록 지도한다. 디지털 의사소통 환경 속에서 글을 쓰고 소통할 때에도 쓰기 윤리를 지키고 독자를 존중하고 배려하는 태도를 지녀야 한다는 점에 유의하도록 지도한다.
• 진로연계교육과 관련하여 자신의 흥미나 관심사가 무엇인지 생각해 보고, 관련된 직업에 대해 다양한 매체를 활용하여 글을 쓸 수 있도록 지도한다.
• 쓰기는 사회⋅문화적 맥락을 고려한 사회적 행위이며, 필자는 쓰기 경험을 통해 언어 공동체의 구성원으로 성장할 수 있어야 한다. 쓰기 과정에서 필자가 고려해야 하는 사회⋅문화적 맥락으로는 자신이 속한 언어 공동체의 문화, 신념, 가치관 등을 들 수 있다. 자신이 속한 언어 공동체의 구성원이 공유하는 사회⋅문화적 맥락에 대해 이해하고 필자로서 언어 공동체에 적극적으로 참여하는 경험을 통해 독자와 효과적으로 소통하는 필자로 성장할 수 있도록 지도한다."
5~6,국어,쓰기,"⋅쓰기는 언어를 비롯한 다양한 기호나 매체를 활용하여 인간의 생각과 감정을 글로 표현함으로써 의미를 구성하는 행위이다. 
⋅필자는 상황 맥락 및 사회⋅문화적 맥락 속에서 자신의 의사소통 목적을 달성하기 위하여 다양한 유형의 글을 쓴다. 
⋅필자는 쓰기 과정에서 부딪히는 문제를 해결하기 위하여 적절한 쓰기 전략을 사용하여 글을 쓴다. 
⋅필자는 쓰기 경험을 통해 언어 공동체의 구성원으로 성장하고, 쓰기 윤리를 갖추어 독자와 소통함으로써 바람직한 의사소통 문화를 만들어 간다.",6국03-02,적절한 근거를 사용하고 인용의 출처를 밝히며 주장하는 글을 쓴다.,주장을 뒷받침하는 이유와 적절한 근거를 들고 인용의 출처를 정확하게 밝히며 자신의 주장을 설득력 있게 제시하는 주장하는 글을 쓸 수 있다. ,주장과 관련한 적절한 근거를 들고 인용의 출처를 밝히며 자신의 주장을 명확하게 제시하는 주장하는 글을 쓸 수 있다.,주장과 관련한 근거를 들고 인용의 출처를 부분적으로 밝히며 주장하는 글을 쓴다.,"[6국03-02] 이 성취기준은 주장하는 글을 쓰는 데에 필요한 능력과 쓰기 윤리를 준수하며 글을 쓰는 태도를 기르기 위해 설정하였다. 주장하는 글 쓰기의 중요성과 특성, 주장과 이유 및 근거의 개념과 관계, 주장하는 글에 적절한 근거가 필요한 까닭, 역사적 사실, 실험 및 조사 결과, 통계 수치, 전문가의 견해 등을 활용하여 근거 생성하기, 이유와 근거를 활용하여 주장하는 글 쓰기, 인용의 출처를 밝혀야 하는 이유와 기본적인 인용 방법 등을 학습한다. ","• 설명하는 글 쓰기는 학습에 필요한 쓰기 능력을 갖출 수 있도록 교과 학습과 연계하여 지도하는 것이 효율적이다. 각 교과의 관찰, 조사 등의 학습 활동과 연계하여 대상의 특성이 나타나게 설명하는 글을 쓰도록 지도한다. 
• 쓰기 과정에서 자료 수집이 필요할 경우, 다양한 매체를 활용하여 표현하고자 하는 내용에 알맞은 사진이나 삽화, 도표, 동영상 등의 자료를 찾을 수 있도록 지도한다. 또한 글을 쓸 때에도 글의 목적이나 주제에 따라 필자의 의도를 효과적으로 전달할 수 있는 다양한 매체를 선정하고, 선정한 매체의 특성을 고려하여 글을 쓸 수 있도록 지도한다. 동일한 목적의 글이라 하더라도 매체가 달라지면 글의 내용과 형식이 영향을 받게 됨을 이해하도록 하는 것에 중점을 두되, 다양한 예시 글을 제시하고 학습자가 스스로 글을 분석하여 내용 선정 시 고려해야 할 점, 내용 선정 방법 등을 찾을 수 있도록 안내한다. 이때 제시한 글이 단순히 모방을 위한 예가 되지 않도록 유의한다. 
• 설득을 목적으로 하는 글 쓰기는 주장하는 바가 뚜렷하게 드러나고 근거가 적절해야 독자를 효과적으로 설득할 수 있음을 지도한다. 제시한 근거가 주장과 관련이 있는지, 주장을 뒷받침하는 데에 적절한지에 중점을 둔다. 
• 체험을 바탕으로 감상을 나타내는 글을 쓰는 과정을 지도할 때는 학습자의 삶의 맥락에서 접하는 다양한 체험을 소재로 솔직하고 진솔하게 글을 쓰게 하되, 특별한 경험이 아닌 일상의 경험에서 의미 있는 글의 소재를 찾을 수 있도록 지도한다.  
• 쓰기 과정을 지도할 때는 계획하기, 내용 생성하기, 내용 조직하기, 초고 쓰기, 고쳐쓰기와 같은 일련의 과정을 거침으로써 효율적인 글쓰기가 가능해진다는 점을 이해시키되, 이러한 일련의 쓰기 과정이 엄격하게 구별되거나 분절적인 것이 아니며 쓰기 과정에 대한 점검 및 조정을 통해 회귀할 수 있는 특성을 가졌다는 점에 유의하여 지도한다. 내용 생성하기 과정에서는 독자와 매체를 고려하여 내용 생성하기를 지도하되, 브레인스토밍, 마인드맵 등의 방법을 통해 글을 쓰기 위한 내용 생성 전략이나 기능을 익히도록 한다. 고쳐쓰기 과정에서는 띄어쓰기와 맞춤법을 포함하여 지도하되, 본래 의도한 의미가 독자에게 전달될 수 있도록 표현되었는지, 글 전체의 통일성이 확보되었는지 등에 중점을 두어 지도한다.
• 쓰기 윤리는 필자가 글을 쓰는 과정에서 준수해야 할 윤리적 규범으로, 학습자가 글을 쓰는 과정 전반에서 이를 고려하도록 지도한다. 다른 사람의 글이나 자료를 인용하여 글을 쓸 때는 그 출처를 밝히도록 지도하는 데에 중점을 두며, 자신의 의견과 다른 사람의 의견을 구분하여 표시하고 지나치게 많은 부분을 인용하지 않도록 지도한다. 디지털 의사소통 환경 속에서 글을 쓰고 소통할 때에도 쓰기 윤리를 지키고 독자를 존중하고 배려하는 태도를 지녀야 한다는 점에 유의하도록 지도한다.
• 진로연계교육과 관련하여 자신의 흥미나 관심사가 무엇인지 생각해 보고, 관련된 직업에 대해 다양한 매체를 활용하여 글을 쓸 수 있도록 지도한다.
• 쓰기는 사회⋅문화적 맥락을 고려한 사회적 행위이며, 필자는 쓰기 경험을 통해 언어 공동체의 구성원으로 성장할 수 있어야 한다. 쓰기 과정에서 필자가 고려해야 하는 사회⋅문화적 맥락으로는 자신이 속한 언어 공동체의 문화, 신념, 가치관 등을 들 수 있다. 자신이 속한 언어 공동체의 구성원이 공유하는 사회⋅문화적 맥락에 대해 이해하고 필자로서 언어 공동체에 적극적으로 참여하는 경험을 통해 독자와 효과적으로 소통하는 필자로 성장할 수 있도록 지도한다."
5~6,국어,쓰기,"⋅쓰기는 언어를 비롯한 다양한 기호나 매체를 활용하여 인간의 생각과 감정을 글로 표현함으로써 의미를 구성하는 행위이다. 
⋅필자는 상황 맥락 및 사회⋅문화적 맥락 속에서 자신의 의사소통 목적을 달성하기 위하여 다양한 유형의 글을 쓴다. 
⋅필자는 쓰기 과정에서 부딪히는 문제를 해결하기 위하여 적절한 쓰기 전략을 사용하여 글을 쓴다. 
⋅필자는 쓰기 경험을 통해 언어 공동체의 구성원으로 성장하고, 쓰기 윤리를 갖추어 독자와 소통함으로써 바람직한 의사소통 문화를 만들어 간다.",6국03-03,체험한 일에 대한 감상을 나타내는 글을 쓴다.,체험한 일과 이에 대한 감상을 풍부하게 나타내는 글을 쓸 수 있다.,체험한 일에 대한 감상을 나타내는 글을 쓸 수 있다.,일상의 체험에 대한 감상을 일부 나타내는 글을 쓴다.,,"• 설명하는 글 쓰기는 학습에 필요한 쓰기 능력을 갖출 수 있도록 교과 학습과 연계하여 지도하는 것이 효율적이다. 각 교과의 관찰, 조사 등의 학습 활동과 연계하여 대상의 특성이 나타나게 설명하는 글을 쓰도록 지도한다. 
• 쓰기 과정에서 자료 수집이 필요할 경우, 다양한 매체를 활용하여 표현하고자 하는 내용에 알맞은 사진이나 삽화, 도표, 동영상 등의 자료를 찾을 수 있도록 지도한다. 또한 글을 쓸 때에도 글의 목적이나 주제에 따라 필자의 의도를 효과적으로 전달할 수 있는 다양한 매체를 선정하고, 선정한 매체의 특성을 고려하여 글을 쓸 수 있도록 지도한다. 동일한 목적의 글이라 하더라도 매체가 달라지면 글의 내용과 형식이 영향을 받게 됨을 이해하도록 하는 것에 중점을 두되, 다양한 예시 글을 제시하고 학습자가 스스로 글을 분석하여 내용 선정 시 고려해야 할 점, 내용 선정 방법 등을 찾을 수 있도록 안내한다. 이때 제시한 글이 단순히 모방을 위한 예가 되지 않도록 유의한다. 
• 설득을 목적으로 하는 글 쓰기는 주장하는 바가 뚜렷하게 드러나고 근거가 적절해야 독자를 효과적으로 설득할 수 있음을 지도한다. 제시한 근거가 주장과 관련이 있는지, 주장을 뒷받침하는 데에 적절한지에 중점을 둔다. 
• 체험을 바탕으로 감상을 나타내는 글을 쓰는 과정을 지도할 때는 학습자의 삶의 맥락에서 접하는 다양한 체험을 소재로 솔직하고 진솔하게 글을 쓰게 하되, 특별한 경험이 아닌 일상의 경험에서 의미 있는 글의 소재를 찾을 수 있도록 지도한다.  
• 쓰기 과정을 지도할 때는 계획하기, 내용 생성하기, 내용 조직하기, 초고 쓰기, 고쳐쓰기와 같은 일련의 과정을 거침으로써 효율적인 글쓰기가 가능해진다는 점을 이해시키되, 이러한 일련의 쓰기 과정이 엄격하게 구별되거나 분절적인 것이 아니며 쓰기 과정에 대한 점검 및 조정을 통해 회귀할 수 있는 특성을 가졌다는 점에 유의하여 지도한다. 내용 생성하기 과정에서는 독자와 매체를 고려하여 내용 생성하기를 지도하되, 브레인스토밍, 마인드맵 등의 방법을 통해 글을 쓰기 위한 내용 생성 전략이나 기능을 익히도록 한다. 고쳐쓰기 과정에서는 띄어쓰기와 맞춤법을 포함하여 지도하되, 본래 의도한 의미가 독자에게 전달될 수 있도록 표현되었는지, 글 전체의 통일성이 확보되었는지 등에 중점을 두어 지도한다.
• 쓰기 윤리는 필자가 글을 쓰는 과정에서 준수해야 할 윤리적 규범으로, 학습자가 글을 쓰는 과정 전반에서 이를 고려하도록 지도한다. 다른 사람의 글이나 자료를 인용하여 글을 쓸 때는 그 출처를 밝히도록 지도하는 데에 중점을 두며, 자신의 의견과 다른 사람의 의견을 구분하여 표시하고 지나치게 많은 부분을 인용하지 않도록 지도한다. 디지털 의사소통 환경 속에서 글을 쓰고 소통할 때에도 쓰기 윤리를 지키고 독자를 존중하고 배려하는 태도를 지녀야 한다는 점에 유의하도록 지도한다.
• 진로연계교육과 관련하여 자신의 흥미나 관심사가 무엇인지 생각해 보고, 관련된 직업에 대해 다양한 매체를 활용하여 글을 쓸 수 있도록 지도한다.
• 쓰기는 사회⋅문화적 맥락을 고려한 사회적 행위이며, 필자는 쓰기 경험을 통해 언어 공동체의 구성원으로 성장할 수 있어야 한다. 쓰기 과정에서 필자가 고려해야 하는 사회⋅문화적 맥락으로는 자신이 속한 언어 공동체의 문화, 신념, 가치관 등을 들 수 있다. 자신이 속한 언어 공동체의 구성원이 공유하는 사회⋅문화적 맥락에 대해 이해하고 필자로서 언어 공동체에 적극적으로 참여하는 경험을 통해 독자와 효과적으로 소통하는 필자로 성장할 수 있도록 지도한다."
5~6,국어,쓰기,"⋅쓰기는 언어를 비롯한 다양한 기호나 매체를 활용하여 인간의 생각과 감정을 글로 표현함으로써 의미를 구성하는 행위이다. 
⋅필자는 상황 맥락 및 사회⋅문화적 맥락 속에서 자신의 의사소통 목적을 달성하기 위하여 다양한 유형의 글을 쓴다. 
⋅필자는 쓰기 과정에서 부딪히는 문제를 해결하기 위하여 적절한 쓰기 전략을 사용하여 글을 쓴다. 
⋅필자는 쓰기 경험을 통해 언어 공동체의 구성원으로 성장하고, 쓰기 윤리를 갖추어 독자와 소통함으로써 바람직한 의사소통 문화를 만들어 간다.",6국03-04,독자와 매체를 고려하여 내용을 생성하고 표현하며 글을 쓴다.,독자와 매체와 같은 쓰기의 상황 맥락을 전체적으로 고려하여 적절한 내용을 생성하고 효과적으로 표현하며 글을 쓸 수 있다. ,독자와 매체와 같은 쓰기의 상황 맥락을 고려하여 내용을 생성하고 표현하며 글을 쓸 수 있다. ,독자 또는 매체를 고려하여 내용을 일부 생성하고 표현하며 글을 쓴다.,"[6국03-04] 이 성취기준은 글을 쓰는 과정에서 쓰기 목적, 독자와 매체 등과 같은 상황 맥락을 고려하여 내용을 생성하고 표현하는 능력을 기르기 위해 설정하였다. 예상 독자의 개념 이해하기, 독자 고려의 필요성 인식하기, 온라인 대화, 인터넷 게시판 댓글, 전자 우편, 블로그, 휴대전화 문자 메시지 등 다양한 매체의 특성 이해하기, 글의 목적이나 주제에 따라 알맞은 매체와 예상 독자 선정하기, 독자와 매체의 특성을 고려하여 계획 및 내용 생성하기, 독자와 매체의 특성을 고려하여 표현하기 등을 학습한다. ","• 설명하는 글 쓰기는 학습에 필요한 쓰기 능력을 갖출 수 있도록 교과 학습과 연계하여 지도하는 것이 효율적이다. 각 교과의 관찰, 조사 등의 학습 활동과 연계하여 대상의 특성이 나타나게 설명하는 글을 쓰도록 지도한다. 
• 쓰기 과정에서 자료 수집이 필요할 경우, 다양한 매체를 활용하여 표현하고자 하는 내용에 알맞은 사진이나 삽화, 도표, 동영상 등의 자료를 찾을 수 있도록 지도한다. 또한 글을 쓸 때에도 글의 목적이나 주제에 따라 필자의 의도를 효과적으로 전달할 수 있는 다양한 매체를 선정하고, 선정한 매체의 특성을 고려하여 글을 쓸 수 있도록 지도한다. 동일한 목적의 글이라 하더라도 매체가 달라지면 글의 내용과 형식이 영향을 받게 됨을 이해하도록 하는 것에 중점을 두되, 다양한 예시 글을 제시하고 학습자가 스스로 글을 분석하여 내용 선정 시 고려해야 할 점, 내용 선정 방법 등을 찾을 수 있도록 안내한다. 이때 제시한 글이 단순히 모방을 위한 예가 되지 않도록 유의한다. 
• 설득을 목적으로 하는 글 쓰기는 주장하는 바가 뚜렷하게 드러나고 근거가 적절해야 독자를 효과적으로 설득할 수 있음을 지도한다. 제시한 근거가 주장과 관련이 있는지, 주장을 뒷받침하는 데에 적절한지에 중점을 둔다. 
• 체험을 바탕으로 감상을 나타내는 글을 쓰는 과정을 지도할 때는 학습자의 삶의 맥락에서 접하는 다양한 체험을 소재로 솔직하고 진솔하게 글을 쓰게 하되, 특별한 경험이 아닌 일상의 경험에서 의미 있는 글의 소재를 찾을 수 있도록 지도한다.  
• 쓰기 과정을 지도할 때는 계획하기, 내용 생성하기, 내용 조직하기, 초고 쓰기, 고쳐쓰기와 같은 일련의 과정을 거침으로써 효율적인 글쓰기가 가능해진다는 점을 이해시키되, 이러한 일련의 쓰기 과정이 엄격하게 구별되거나 분절적인 것이 아니며 쓰기 과정에 대한 점검 및 조정을 통해 회귀할 수 있는 특성을 가졌다는 점에 유의하여 지도한다. 내용 생성하기 과정에서는 독자와 매체를 고려하여 내용 생성하기를 지도하되, 브레인스토밍, 마인드맵 등의 방법을 통해 글을 쓰기 위한 내용 생성 전략이나 기능을 익히도록 한다. 고쳐쓰기 과정에서는 띄어쓰기와 맞춤법을 포함하여 지도하되, 본래 의도한 의미가 독자에게 전달될 수 있도록 표현되었는지, 글 전체의 통일성이 확보되었는지 등에 중점을 두어 지도한다.
• 쓰기 윤리는 필자가 글을 쓰는 과정에서 준수해야 할 윤리적 규범으로, 학습자가 글을 쓰는 과정 전반에서 이를 고려하도록 지도한다. 다른 사람의 글이나 자료를 인용하여 글을 쓸 때는 그 출처를 밝히도록 지도하는 데에 중점을 두며, 자신의 의견과 다른 사람의 의견을 구분하여 표시하고 지나치게 많은 부분을 인용하지 않도록 지도한다. 디지털 의사소통 환경 속에서 글을 쓰고 소통할 때에도 쓰기 윤리를 지키고 독자를 존중하고 배려하는 태도를 지녀야 한다는 점에 유의하도록 지도한다.
• 진로연계교육과 관련하여 자신의 흥미나 관심사가 무엇인지 생각해 보고, 관련된 직업에 대해 다양한 매체를 활용하여 글을 쓸 수 있도록 지도한다.
• 쓰기는 사회⋅문화적 맥락을 고려한 사회적 행위이며, 필자는 쓰기 경험을 통해 언어 공동체의 구성원으로 성장할 수 있어야 한다. 쓰기 과정에서 필자가 고려해야 하는 사회⋅문화적 맥락으로는 자신이 속한 언어 공동체의 문화, 신념, 가치관 등을 들 수 있다. 자신이 속한 언어 공동체의 구성원이 공유하는 사회⋅문화적 맥락에 대해 이해하고 필자로서 언어 공동체에 적극적으로 참여하는 경험을 통해 독자와 효과적으로 소통하는 필자로 성장할 수 있도록 지도한다."
5~6,국어,쓰기,"⋅쓰기는 언어를 비롯한 다양한 기호나 매체를 활용하여 인간의 생각과 감정을 글로 표현함으로써 의미를 구성하는 행위이다. 
⋅필자는 상황 맥락 및 사회⋅문화적 맥락 속에서 자신의 의사소통 목적을 달성하기 위하여 다양한 유형의 글을 쓴다. 
⋅필자는 쓰기 과정에서 부딪히는 문제를 해결하기 위하여 적절한 쓰기 전략을 사용하여 글을 쓴다. 
⋅필자는 쓰기 경험을 통해 언어 공동체의 구성원으로 성장하고, 쓰기 윤리를 갖추어 독자와 소통함으로써 바람직한 의사소통 문화를 만들어 간다.",6국03-05,"쓰기 과정을 점검⋅조정하며 글을 쓰고, 글 전체를 대상으로 통일성 있게 고쳐 쓴다.","쓰기 과정을 능동적으로 점검‧조정하며 글을 쓸 수 있고, 다양한 유형의 글에 대해 글 전체의 내용과 표현을 통일성 있게 효과적으로 고쳐 쓸 수 있다. ","쓰기 과정을 점검‧조정하며 글을 쓸 수 있고, 글 전체의 내용과 표현을 통일성 있게 고쳐 쓸 수 있다.","쓰기 과정을 부분적으로 점검하면서 글을 쓰고, 일부 유형의 글에 대해 글 전체의 내용이나 표현을 통일성 있게 고쳐 쓴다.","[6국03-05] 이 성취기준은 필자가 자신의 쓰기 과정을 점검⋅조정하고 그 결과를 바탕으로 글을 고쳐 쓰는 능력을 기르기 위해 설정하였다. 글쓰기에서 통일성의 개념과 중요성, 쓰기 과정에 대한 점검과 조정의 필요성, 쓰기 과정의 회귀적 특성, 글에 대한 독자의 반응을 생각하며 고쳐쓰기, 글의 주제와 목적, 예상 독자 등을 고려하여 글의 통일성 점검하기 등을 학습한다. ","• 설명하는 글 쓰기는 학습에 필요한 쓰기 능력을 갖출 수 있도록 교과 학습과 연계하여 지도하는 것이 효율적이다. 각 교과의 관찰, 조사 등의 학습 활동과 연계하여 대상의 특성이 나타나게 설명하는 글을 쓰도록 지도한다. 
• 쓰기 과정에서 자료 수집이 필요할 경우, 다양한 매체를 활용하여 표현하고자 하는 내용에 알맞은 사진이나 삽화, 도표, 동영상 등의 자료를 찾을 수 있도록 지도한다. 또한 글을 쓸 때에도 글의 목적이나 주제에 따라 필자의 의도를 효과적으로 전달할 수 있는 다양한 매체를 선정하고, 선정한 매체의 특성을 고려하여 글을 쓸 수 있도록 지도한다. 동일한 목적의 글이라 하더라도 매체가 달라지면 글의 내용과 형식이 영향을 받게 됨을 이해하도록 하는 것에 중점을 두되, 다양한 예시 글을 제시하고 학습자가 스스로 글을 분석하여 내용 선정 시 고려해야 할 점, 내용 선정 방법 등을 찾을 수 있도록 안내한다. 이때 제시한 글이 단순히 모방을 위한 예가 되지 않도록 유의한다. 
• 설득을 목적으로 하는 글 쓰기는 주장하는 바가 뚜렷하게 드러나고 근거가 적절해야 독자를 효과적으로 설득할 수 있음을 지도한다. 제시한 근거가 주장과 관련이 있는지, 주장을 뒷받침하는 데에 적절한지에 중점을 둔다. 
• 체험을 바탕으로 감상을 나타내는 글을 쓰는 과정을 지도할 때는 학습자의 삶의 맥락에서 접하는 다양한 체험을 소재로 솔직하고 진솔하게 글을 쓰게 하되, 특별한 경험이 아닌 일상의 경험에서 의미 있는 글의 소재를 찾을 수 있도록 지도한다.  
• 쓰기 과정을 지도할 때는 계획하기, 내용 생성하기, 내용 조직하기, 초고 쓰기, 고쳐쓰기와 같은 일련의 과정을 거침으로써 효율적인 글쓰기가 가능해진다는 점을 이해시키되, 이러한 일련의 쓰기 과정이 엄격하게 구별되거나 분절적인 것이 아니며 쓰기 과정에 대한 점검 및 조정을 통해 회귀할 수 있는 특성을 가졌다는 점에 유의하여 지도한다. 내용 생성하기 과정에서는 독자와 매체를 고려하여 내용 생성하기를 지도하되, 브레인스토밍, 마인드맵 등의 방법을 통해 글을 쓰기 위한 내용 생성 전략이나 기능을 익히도록 한다. 고쳐쓰기 과정에서는 띄어쓰기와 맞춤법을 포함하여 지도하되, 본래 의도한 의미가 독자에게 전달될 수 있도록 표현되었는지, 글 전체의 통일성이 확보되었는지 등에 중점을 두어 지도한다.
• 쓰기 윤리는 필자가 글을 쓰는 과정에서 준수해야 할 윤리적 규범으로, 학습자가 글을 쓰는 과정 전반에서 이를 고려하도록 지도한다. 다른 사람의 글이나 자료를 인용하여 글을 쓸 때는 그 출처를 밝히도록 지도하는 데에 중점을 두며, 자신의 의견과 다른 사람의 의견을 구분하여 표시하고 지나치게 많은 부분을 인용하지 않도록 지도한다. 디지털 의사소통 환경 속에서 글을 쓰고 소통할 때에도 쓰기 윤리를 지키고 독자를 존중하고 배려하는 태도를 지녀야 한다는 점에 유의하도록 지도한다.
• 진로연계교육과 관련하여 자신의 흥미나 관심사가 무엇인지 생각해 보고, 관련된 직업에 대해 다양한 매체를 활용하여 글을 쓸 수 있도록 지도한다.
• 쓰기는 사회⋅문화적 맥락을 고려한 사회적 행위이며, 필자는 쓰기 경험을 통해 언어 공동체의 구성원으로 성장할 수 있어야 한다. 쓰기 과정에서 필자가 고려해야 하는 사회⋅문화적 맥락으로는 자신이 속한 언어 공동체의 문화, 신념, 가치관 등을 들 수 있다. 자신이 속한 언어 공동체의 구성원이 공유하는 사회⋅문화적 맥락에 대해 이해하고 필자로서 언어 공동체에 적극적으로 참여하는 경험을 통해 독자와 효과적으로 소통하는 필자로 성장할 수 있도록 지도한다."
5~6,국어,쓰기,"⋅쓰기는 언어를 비롯한 다양한 기호나 매체를 활용하여 인간의 생각과 감정을 글로 표현함으로써 의미를 구성하는 행위이다. 
⋅필자는 상황 맥락 및 사회⋅문화적 맥락 속에서 자신의 의사소통 목적을 달성하기 위하여 다양한 유형의 글을 쓴다. 
⋅필자는 쓰기 과정에서 부딪히는 문제를 해결하기 위하여 적절한 쓰기 전략을 사용하여 글을 쓴다. 
⋅필자는 쓰기 경험을 통해 언어 공동체의 구성원으로 성장하고, 쓰기 윤리를 갖추어 독자와 소통함으로써 바람직한 의사소통 문화를 만들어 간다.",6국03-06,쓰기에 적극적으로 참여하며 자신의 글을 독자와 공유하는 태도를 지닌다.,쓰기 맥락을 고려하여 쓰기에 적극적이고 주도적으로 참여하며 자신의 글을 다양한 독자와 공유하는 태도를 지닌다. ,쓰기 맥락을 고려하여 쓰기에 적극적으로 참여하며 자신의 글을 독자와 공유하는 태도를 지닌다.,쓰기에 참여하며 자신의 글을 독자와 공유하려는 태도를 지닌다. ,,"• 설명하는 글 쓰기는 학습에 필요한 쓰기 능력을 갖출 수 있도록 교과 학습과 연계하여 지도하는 것이 효율적이다. 각 교과의 관찰, 조사 등의 학습 활동과 연계하여 대상의 특성이 나타나게 설명하는 글을 쓰도록 지도한다. 
• 쓰기 과정에서 자료 수집이 필요할 경우, 다양한 매체를 활용하여 표현하고자 하는 내용에 알맞은 사진이나 삽화, 도표, 동영상 등의 자료를 찾을 수 있도록 지도한다. 또한 글을 쓸 때에도 글의 목적이나 주제에 따라 필자의 의도를 효과적으로 전달할 수 있는 다양한 매체를 선정하고, 선정한 매체의 특성을 고려하여 글을 쓸 수 있도록 지도한다. 동일한 목적의 글이라 하더라도 매체가 달라지면 글의 내용과 형식이 영향을 받게 됨을 이해하도록 하는 것에 중점을 두되, 다양한 예시 글을 제시하고 학습자가 스스로 글을 분석하여 내용 선정 시 고려해야 할 점, 내용 선정 방법 등을 찾을 수 있도록 안내한다. 이때 제시한 글이 단순히 모방을 위한 예가 되지 않도록 유의한다. 
• 설득을 목적으로 하는 글 쓰기는 주장하는 바가 뚜렷하게 드러나고 근거가 적절해야 독자를 효과적으로 설득할 수 있음을 지도한다. 제시한 근거가 주장과 관련이 있는지, 주장을 뒷받침하는 데에 적절한지에 중점을 둔다. 
• 체험을 바탕으로 감상을 나타내는 글을 쓰는 과정을 지도할 때는 학습자의 삶의 맥락에서 접하는 다양한 체험을 소재로 솔직하고 진솔하게 글을 쓰게 하되, 특별한 경험이 아닌 일상의 경험에서 의미 있는 글의 소재를 찾을 수 있도록 지도한다.  
• 쓰기 과정을 지도할 때는 계획하기, 내용 생성하기, 내용 조직하기, 초고 쓰기, 고쳐쓰기와 같은 일련의 과정을 거침으로써 효율적인 글쓰기가 가능해진다는 점을 이해시키되, 이러한 일련의 쓰기 과정이 엄격하게 구별되거나 분절적인 것이 아니며 쓰기 과정에 대한 점검 및 조정을 통해 회귀할 수 있는 특성을 가졌다는 점에 유의하여 지도한다. 내용 생성하기 과정에서는 독자와 매체를 고려하여 내용 생성하기를 지도하되, 브레인스토밍, 마인드맵 등의 방법을 통해 글을 쓰기 위한 내용 생성 전략이나 기능을 익히도록 한다. 고쳐쓰기 과정에서는 띄어쓰기와 맞춤법을 포함하여 지도하되, 본래 의도한 의미가 독자에게 전달될 수 있도록 표현되었는지, 글 전체의 통일성이 확보되었는지 등에 중점을 두어 지도한다.
• 쓰기 윤리는 필자가 글을 쓰는 과정에서 준수해야 할 윤리적 규범으로, 학습자가 글을 쓰는 과정 전반에서 이를 고려하도록 지도한다. 다른 사람의 글이나 자료를 인용하여 글을 쓸 때는 그 출처를 밝히도록 지도하는 데에 중점을 두며, 자신의 의견과 다른 사람의 의견을 구분하여 표시하고 지나치게 많은 부분을 인용하지 않도록 지도한다. 디지털 의사소통 환경 속에서 글을 쓰고 소통할 때에도 쓰기 윤리를 지키고 독자를 존중하고 배려하는 태도를 지녀야 한다는 점에 유의하도록 지도한다.
• 진로연계교육과 관련하여 자신의 흥미나 관심사가 무엇인지 생각해 보고, 관련된 직업에 대해 다양한 매체를 활용하여 글을 쓸 수 있도록 지도한다.
• 쓰기는 사회⋅문화적 맥락을 고려한 사회적 행위이며, 필자는 쓰기 경험을 통해 언어 공동체의 구성원으로 성장할 수 있어야 한다. 쓰기 과정에서 필자가 고려해야 하는 사회⋅문화적 맥락으로는 자신이 속한 언어 공동체의 문화, 신념, 가치관 등을 들 수 있다. 자신이 속한 언어 공동체의 구성원이 공유하는 사회⋅문화적 맥락에 대해 이해하고 필자로서 언어 공동체에 적극적으로 참여하는 경험을 통해 독자와 효과적으로 소통하는 필자로 성장할 수 있도록 지도한다."
5~6,국어,문법,"⋅문법은 국어의 형식과 내용을 이루는 틀로서 규칙과 원리로 구성⋅운영되며, 문법 탐구는 문법에 대해 사고하는 활동으로 국어에 대한 총체적 앎을 이끈다. 
⋅국어는 체계와 구조를 갖춘 의미 생성 자원이자, 사회적으로 구성된 관습적 규약이며, 공동체의 사고와 가치를 표상하는 문화적 산물이다. 
⋅국어 자료는 다양한 맥락에서 만들어지는 의사소통의 결과물로서, 국어 현상을 파악하고 국어 문제를 발견할 수 있는 문법 탐구의 대상이다. 
⋅국어 사용자는 일상생활에서 국어 현상과 국어 문제를 탐구하고 성찰하면서 언어 주체로서의 정체성과 국어 의식을 형성한다.",6국04-01,음성 언어 및 문자 언어의 특성을 이해하고 다양한 매체 자료에서 표현 효과를 평가한다.,음성 언어 및 문자 언어의 특성을 분석하고 다양한 매체 자료에서 표현 효과를 종합적으로 평가할 수 있다.,음성 언어 및 문자 언어의 특성을 이해하고 매체 자료에서 표현 효과를 분석할 수 있다. ,음성 언어와 문자 언어의 특성을 확인하고 매체 자료에서 표현 효과를 제한적으로 이해한다.,"[6국04-01] 이 성취기준은 생각을 표현하는 언어 양식으로서 음성 언어와 문자 언어의 특성을 이해하고, 매체 자료에서 생성된 음성 언어 및 문자 언어의 표현 효과를 평가하는 능력을 기르기 위해 설정하였다. 음성 언어 및 문자 언어의 특성을 비교하되, 복합양식적 특성을 지니는 다양한 매체 자료에 사용된 언어 양식의 표현 효과를 학습하고, 표현하고자 하는 목적이나 핵심 주제가 같더라도 언어 양식이 다르면 전달되는 내용과 표현 효과가 다를 수 있음을 분석적, 비판적 시각으로 이해하고 평가할 수 있도록 한다.  ","• 고유어와 관용 표현의 의미와 쓰임, 시간 표현의 형식이나 기능을 지도할 때는, 문장 수준에 국한되지 않도록 우리 주변의 글이나 담화 자료를 다양하게 활용하고, 학습한 지식을 바탕으로 어휘력이나 문장 생성 능력을 신장할 수 있도록 연계함으로써 문법 활동이 학습자의 실제 삶의 맥락 및 국어생활과 밀접히 관련될 수 있도록 한다. 
• 지역에 따른 언어 변이로서 방언을 지도할 때는, 지역 연계 학습을 도입, 활용하여 지역 방언을 자신이 속한 언어 공동체의 언어로서 인식하고, 그러한 언어로 사고하고 소통하는 것의 의미를 자신의 삶의 맥락 및 정체성과 연계하여 이해할 수 있도록 한다. 또한 학습자들의 다양한 언어적 배경과 교실 맥락을 고려하여 특정 학습자가 소외되지 않고 적극적으로 참여할 수 있도록 학습 활동을 설계한다. 
• 다양한 매체에 나타난 음성 언어 및 문자 언어의 특성과 표현 효과를 지도할 때는, 매체 영역 5~6학년의 복합양식 매체 자료 제작 관련 성취기준과 연계할 수 있으며, 직접 매체 자료를 제작해 보는 과정을 통해 그 이해가 확장, 심화될 수 있도록 학습 활동을 설계할 수 있다.
• 호응 관계가 자연스럽고 올바른 문장 사용하기, 잘못 쓰인 단어나 문장 고쳐 쓰기, 오⋅남용한 외래어 순화하기 등 바른 국어생활을 위한 내용을 지도할 때는, 배운 지식을 활용하여 자신의 국어생활을 되돌아볼 수 있도록 구조화된 점검표나 관찰 기록표, 성찰 일지, 자기 보고서 등 다양한 형태의 평가 도구를 제공함으로써 일상의 국어생활을 민감하게 주시하고 이 과정에서 발견되는 문제를 적극적으로 개선할 수 있도록 지도한다."
5~6,국어,문법,"⋅문법은 국어의 형식과 내용을 이루는 틀로서 규칙과 원리로 구성⋅운영되며, 문법 탐구는 문법에 대해 사고하는 활동으로 국어에 대한 총체적 앎을 이끈다. 
⋅국어는 체계와 구조를 갖춘 의미 생성 자원이자, 사회적으로 구성된 관습적 규약이며, 공동체의 사고와 가치를 표상하는 문화적 산물이다. 
⋅국어 자료는 다양한 맥락에서 만들어지는 의사소통의 결과물로서, 국어 현상을 파악하고 국어 문제를 발견할 수 있는 문법 탐구의 대상이다. 
⋅국어 사용자는 일상생활에서 국어 현상과 국어 문제를 탐구하고 성찰하면서 언어 주체로서의 정체성과 국어 의식을 형성한다.",6국04-02,표준어와 방언의 기능을 파악하고 언어 공동체와 국어생활과의 관계를 이해한다.,표준어와 방언의 다양한 기능을 분석하고 언어 공동체와 국어생활과의 관계를 종합적으로 이해할 수 있다.,표준어와 방언의 기능을 이해하고 언어 공동체와 국어생활과의 관계를 이해할 수 있다. ,표준어와 방언의 기능을 확인하고 언어 공동체와 국어생활과의 관계를 제한적으로 이해한다. ,"[6국04-02] 이 성취기준은 국어 화자의 의사소통에서 표준어와 방언이 담당하는 기능이 다르다는 점을 알고, 자신이 속한 언어 공동체 특유의 한국어 변이형들로 인해 자신의 국어생활이 상황에 따라 다양하게 실현됨을 이해하도록 하기 위해 설정하였다. 방언의 형성과 존재 양상을 파악함으로써 지역적 요인에 따라 자연스럽게 한국어에 변이가 일어남을 이해하도록 하고, 이러한 다양성을 아우르는 언어 공동체 규준인 표준어의 개념과 필요성을 함께 다루도록 한다. 또한 의사소통의 공적⋅사적 상황에 따라, 상대방과의 거리감 조절 등 화자의 의도에 따라 표준어와 방언을 선택함으로써 다양한 의사소통 기능이 실현된다는 점을 확인할 수 있도록 한다.","• 고유어와 관용 표현의 의미와 쓰임, 시간 표현의 형식이나 기능을 지도할 때는, 문장 수준에 국한되지 않도록 우리 주변의 글이나 담화 자료를 다양하게 활용하고, 학습한 지식을 바탕으로 어휘력이나 문장 생성 능력을 신장할 수 있도록 연계함으로써 문법 활동이 학습자의 실제 삶의 맥락 및 국어생활과 밀접히 관련될 수 있도록 한다. 
• 지역에 따른 언어 변이로서 방언을 지도할 때는, 지역 연계 학습을 도입, 활용하여 지역 방언을 자신이 속한 언어 공동체의 언어로서 인식하고, 그러한 언어로 사고하고 소통하는 것의 의미를 자신의 삶의 맥락 및 정체성과 연계하여 이해할 수 있도록 한다. 또한 학습자들의 다양한 언어적 배경과 교실 맥락을 고려하여 특정 학습자가 소외되지 않고 적극적으로 참여할 수 있도록 학습 활동을 설계한다. 
• 다양한 매체에 나타난 음성 언어 및 문자 언어의 특성과 표현 효과를 지도할 때는, 매체 영역 5~6학년의 복합양식 매체 자료 제작 관련 성취기준과 연계할 수 있으며, 직접 매체 자료를 제작해 보는 과정을 통해 그 이해가 확장, 심화될 수 있도록 학습 활동을 설계할 수 있다.
• 호응 관계가 자연스럽고 올바른 문장 사용하기, 잘못 쓰인 단어나 문장 고쳐 쓰기, 오⋅남용한 외래어 순화하기 등 바른 국어생활을 위한 내용을 지도할 때는, 배운 지식을 활용하여 자신의 국어생활을 되돌아볼 수 있도록 구조화된 점검표나 관찰 기록표, 성찰 일지, 자기 보고서 등 다양한 형태의 평가 도구를 제공함으로써 일상의 국어생활을 민감하게 주시하고 이 과정에서 발견되는 문제를 적극적으로 개선할 수 있도록 지도한다."
5~6,국어,문법,"⋅문법은 국어의 형식과 내용을 이루는 틀로서 규칙과 원리로 구성⋅운영되며, 문법 탐구는 문법에 대해 사고하는 활동으로 국어에 대한 총체적 앎을 이끈다. 
⋅국어는 체계와 구조를 갖춘 의미 생성 자원이자, 사회적으로 구성된 관습적 규약이며, 공동체의 사고와 가치를 표상하는 문화적 산물이다. 
⋅국어 자료는 다양한 맥락에서 만들어지는 의사소통의 결과물로서, 국어 현상을 파악하고 국어 문제를 발견할 수 있는 문법 탐구의 대상이다. 
⋅국어 사용자는 일상생활에서 국어 현상과 국어 문제를 탐구하고 성찰하면서 언어 주체로서의 정체성과 국어 의식을 형성한다.",6국04-03,고유어와 관용 표현의 쓰임과 가치를 이해하고 상황에 맞게 표현한다.,고유어와 관용 표현의 다양한 쓰임과 가치를 분석하고 적절한 표현을 상황에 따라 효과적으로 활용할 수 있다. ,고유어와 관용 표현의 쓰임과 가치를 이해하고 이를 상황에 따라 표현할 수 있다.,고유어와 관용 표현의 쓰임과 가치를 확인하고 일부를 상황에 따라 제한적으로 표현한다.,"[6국04-03] 이 성취기준은 고유어와 관용 표현의 쓰임과 가치를 이해하고 국어문화에 대한 관심과 우리말을 소중히 여기는 태도를 고양하기 위해 설정하였다. 한자어, 외래어와 함께 국어 어휘의 일부를 이루는 고유어의 특성과 가치, 고유어에 다양하게 발달해 있는 관용 표현의 특성과 쓰임에 대한 이해에 중점을 두되, 상황과 표현 의도에 따라 어휘를 적절하게 사용하고 외래어의 오⋅남용 방지 등 국어 순화의 필요성을 자각하며 실천할 수 있도록 한다.","• 고유어와 관용 표현의 의미와 쓰임, 시간 표현의 형식이나 기능을 지도할 때는, 문장 수준에 국한되지 않도록 우리 주변의 글이나 담화 자료를 다양하게 활용하고, 학습한 지식을 바탕으로 어휘력이나 문장 생성 능력을 신장할 수 있도록 연계함으로써 문법 활동이 학습자의 실제 삶의 맥락 및 국어생활과 밀접히 관련될 수 있도록 한다. 
• 지역에 따른 언어 변이로서 방언을 지도할 때는, 지역 연계 학습을 도입, 활용하여 지역 방언을 자신이 속한 언어 공동체의 언어로서 인식하고, 그러한 언어로 사고하고 소통하는 것의 의미를 자신의 삶의 맥락 및 정체성과 연계하여 이해할 수 있도록 한다. 또한 학습자들의 다양한 언어적 배경과 교실 맥락을 고려하여 특정 학습자가 소외되지 않고 적극적으로 참여할 수 있도록 학습 활동을 설계한다. 
• 다양한 매체에 나타난 음성 언어 및 문자 언어의 특성과 표현 효과를 지도할 때는, 매체 영역 5~6학년의 복합양식 매체 자료 제작 관련 성취기준과 연계할 수 있으며, 직접 매체 자료를 제작해 보는 과정을 통해 그 이해가 확장, 심화될 수 있도록 학습 활동을 설계할 수 있다.
• 호응 관계가 자연스럽고 올바른 문장 사용하기, 잘못 쓰인 단어나 문장 고쳐 쓰기, 오⋅남용한 외래어 순화하기 등 바른 국어생활을 위한 내용을 지도할 때는, 배운 지식을 활용하여 자신의 국어생활을 되돌아볼 수 있도록 구조화된 점검표나 관찰 기록표, 성찰 일지, 자기 보고서 등 다양한 형태의 평가 도구를 제공함으로써 일상의 국어생활을 민감하게 주시하고 이 과정에서 발견되는 문제를 적극적으로 개선할 수 있도록 지도한다."
5~6,국어,문법,"⋅문법은 국어의 형식과 내용을 이루는 틀로서 규칙과 원리로 구성⋅운영되며, 문법 탐구는 문법에 대해 사고하는 활동으로 국어에 대한 총체적 앎을 이끈다. 
⋅국어는 체계와 구조를 갖춘 의미 생성 자원이자, 사회적으로 구성된 관습적 규약이며, 공동체의 사고와 가치를 표상하는 문화적 산물이다. 
⋅국어 자료는 다양한 맥락에서 만들어지는 의사소통의 결과물로서, 국어 현상을 파악하고 국어 문제를 발견할 수 있는 문법 탐구의 대상이다. 
⋅국어 사용자는 일상생활에서 국어 현상과 국어 문제를 탐구하고 성찰하면서 언어 주체로서의 정체성과 국어 의식을 형성한다.",6국04-04,문장 성분을 이해하고 호응 관계가 올바른 문장을 구성한다.,문장 성분을 분석하고 국어생활에서 호응 관계가 올바른 다양한 문장을 구성할 수 있다.,문장 성분을 이해하고 문장 성분이 호응 관계를 이루는 문장을 구성할 수 있다. ,문장 성분을 확인하고 문장 성분이 호응 관계를 이루는 문장을 제한적으로 구성한다.,"[6국04-04] 이 성취기준은 문장을 구성하는 성분들 사이의 호응 관계가 올바르고 자연스러운 문장을 구성하는 데 필요한 능력을 기르기 위해 설정하였다. 문장에서 주어, 목적어, 서술어의 역할, 성분 간의 호응 관계(주어와 서술어의 호응, 목적어와 서술어의 호응)에 대해 학습하고, 이전 학년군의 높임 표현 및 동일 학년군의 시간 표현 성취기준과 연계하여 높임이나 시제의 일치를 함께 학습할 수 있다. ","• 고유어와 관용 표현의 의미와 쓰임, 시간 표현의 형식이나 기능을 지도할 때는, 문장 수준에 국한되지 않도록 우리 주변의 글이나 담화 자료를 다양하게 활용하고, 학습한 지식을 바탕으로 어휘력이나 문장 생성 능력을 신장할 수 있도록 연계함으로써 문법 활동이 학습자의 실제 삶의 맥락 및 국어생활과 밀접히 관련될 수 있도록 한다. 
• 지역에 따른 언어 변이로서 방언을 지도할 때는, 지역 연계 학습을 도입, 활용하여 지역 방언을 자신이 속한 언어 공동체의 언어로서 인식하고, 그러한 언어로 사고하고 소통하는 것의 의미를 자신의 삶의 맥락 및 정체성과 연계하여 이해할 수 있도록 한다. 또한 학습자들의 다양한 언어적 배경과 교실 맥락을 고려하여 특정 학습자가 소외되지 않고 적극적으로 참여할 수 있도록 학습 활동을 설계한다. 
• 다양한 매체에 나타난 음성 언어 및 문자 언어의 특성과 표현 효과를 지도할 때는, 매체 영역 5~6학년의 복합양식 매체 자료 제작 관련 성취기준과 연계할 수 있으며, 직접 매체 자료를 제작해 보는 과정을 통해 그 이해가 확장, 심화될 수 있도록 학습 활동을 설계할 수 있다.
• 호응 관계가 자연스럽고 올바른 문장 사용하기, 잘못 쓰인 단어나 문장 고쳐 쓰기, 오⋅남용한 외래어 순화하기 등 바른 국어생활을 위한 내용을 지도할 때는, 배운 지식을 활용하여 자신의 국어생활을 되돌아볼 수 있도록 구조화된 점검표나 관찰 기록표, 성찰 일지, 자기 보고서 등 다양한 형태의 평가 도구를 제공함으로써 일상의 국어생활을 민감하게 주시하고 이 과정에서 발견되는 문제를 적극적으로 개선할 수 있도록 지도한다."
5~6,국어,문법,"⋅문법은 국어의 형식과 내용을 이루는 틀로서 규칙과 원리로 구성⋅운영되며, 문법 탐구는 문법에 대해 사고하는 활동으로 국어에 대한 총체적 앎을 이끈다. 
⋅국어는 체계와 구조를 갖춘 의미 생성 자원이자, 사회적으로 구성된 관습적 규약이며, 공동체의 사고와 가치를 표상하는 문화적 산물이다. 
⋅국어 자료는 다양한 맥락에서 만들어지는 의사소통의 결과물로서, 국어 현상을 파악하고 국어 문제를 발견할 수 있는 문법 탐구의 대상이다. 
⋅국어 사용자는 일상생활에서 국어 현상과 국어 문제를 탐구하고 성찰하면서 언어 주체로서의 정체성과 국어 의식을 형성한다.",6국04-05,글과 담화에 쓰인 시간 표현을 이해하고 상황에 맞게 표현한다.,글과 담화에 쓰인 다양한 시간 표현을 분석하고 적절한 표현을 상황에 따라 효과적으로 활용할 수 있다. ,글과 담화에 쓰인 시간 표현을 이해하고 이를 상황에 따라 표현할 수 있다.,글과 담화에 쓰인 시간 표현을 확인하고 일부를 상황에 따라 제한적으로 표현한다.,"[6국04-05] 이 성취기준은 효과적인 의사소통을 위해 상황 맥락에 맞게 시간 표현을 사용하는 것의 중요성을 알고 시간을 표현할 때 사용되는 언어 형식을 이해하고 활용하는 능력을 기르기 위해 설정하였다. ‘-았-/-었-, -는-/-ㄴ-, -겠-, -(으)ㄹ 것이-’나 시간 부사 등 글이나 담화에서 과거, 현재, 미래를 표현하는 언어 형식 및 방법을 학습하고, 다양한 상황 맥락에서 시간 표현을 사용한 후 그 적절성을 평가해 보도록 한다. ","• 고유어와 관용 표현의 의미와 쓰임, 시간 표현의 형식이나 기능을 지도할 때는, 문장 수준에 국한되지 않도록 우리 주변의 글이나 담화 자료를 다양하게 활용하고, 학습한 지식을 바탕으로 어휘력이나 문장 생성 능력을 신장할 수 있도록 연계함으로써 문법 활동이 학습자의 실제 삶의 맥락 및 국어생활과 밀접히 관련될 수 있도록 한다. 
• 지역에 따른 언어 변이로서 방언을 지도할 때는, 지역 연계 학습을 도입, 활용하여 지역 방언을 자신이 속한 언어 공동체의 언어로서 인식하고, 그러한 언어로 사고하고 소통하는 것의 의미를 자신의 삶의 맥락 및 정체성과 연계하여 이해할 수 있도록 한다. 또한 학습자들의 다양한 언어적 배경과 교실 맥락을 고려하여 특정 학습자가 소외되지 않고 적극적으로 참여할 수 있도록 학습 활동을 설계한다. 
• 다양한 매체에 나타난 음성 언어 및 문자 언어의 특성과 표현 효과를 지도할 때는, 매체 영역 5~6학년의 복합양식 매체 자료 제작 관련 성취기준과 연계할 수 있으며, 직접 매체 자료를 제작해 보는 과정을 통해 그 이해가 확장, 심화될 수 있도록 학습 활동을 설계할 수 있다.
• 호응 관계가 자연스럽고 올바른 문장 사용하기, 잘못 쓰인 단어나 문장 고쳐 쓰기, 오⋅남용한 외래어 순화하기 등 바른 국어생활을 위한 내용을 지도할 때는, 배운 지식을 활용하여 자신의 국어생활을 되돌아볼 수 있도록 구조화된 점검표나 관찰 기록표, 성찰 일지, 자기 보고서 등 다양한 형태의 평가 도구를 제공함으로써 일상의 국어생활을 민감하게 주시하고 이 과정에서 발견되는 문제를 적극적으로 개선할 수 있도록 지도한다."
5~6,국어,문법,"⋅문법은 국어의 형식과 내용을 이루는 틀로서 규칙과 원리로 구성⋅운영되며, 문법 탐구는 문법에 대해 사고하는 활동으로 국어에 대한 총체적 앎을 이끈다. 
⋅국어는 체계와 구조를 갖춘 의미 생성 자원이자, 사회적으로 구성된 관습적 규약이며, 공동체의 사고와 가치를 표상하는 문화적 산물이다. 
⋅국어 자료는 다양한 맥락에서 만들어지는 의사소통의 결과물로서, 국어 현상을 파악하고 국어 문제를 발견할 수 있는 문법 탐구의 대상이다. 
⋅국어 사용자는 일상생활에서 국어 현상과 국어 문제를 탐구하고 성찰하면서 언어 주체로서의 정체성과 국어 의식을 형성한다.",6국04-06,"글과 담화에 쓰인 단어 및 문장, 띄어쓰기를 민감하게 살펴 바르게 고치는 태도를 지닌다.","국어생활에서 글과 담화에 쓰인 단어 및 문장, 띄어쓰기를 민감하게 점검하여 바르게 고치는 태도를 내면화한다.","글과 담화에 쓰인 단어 및 문장, 띄어쓰기를 점검하여 바르게 고치는 태도를 지닌다.","글과 담화에 쓰인 단어 및 문장, 띄어쓰기를 제한적으로 점검하고 바르게 고치는 것에 관심을 가진다. ",,"• 고유어와 관용 표현의 의미와 쓰임, 시간 표현의 형식이나 기능을 지도할 때는, 문장 수준에 국한되지 않도록 우리 주변의 글이나 담화 자료를 다양하게 활용하고, 학습한 지식을 바탕으로 어휘력이나 문장 생성 능력을 신장할 수 있도록 연계함으로써 문법 활동이 학습자의 실제 삶의 맥락 및 국어생활과 밀접히 관련될 수 있도록 한다. 
• 지역에 따른 언어 변이로서 방언을 지도할 때는, 지역 연계 학습을 도입, 활용하여 지역 방언을 자신이 속한 언어 공동체의 언어로서 인식하고, 그러한 언어로 사고하고 소통하는 것의 의미를 자신의 삶의 맥락 및 정체성과 연계하여 이해할 수 있도록 한다. 또한 학습자들의 다양한 언어적 배경과 교실 맥락을 고려하여 특정 학습자가 소외되지 않고 적극적으로 참여할 수 있도록 학습 활동을 설계한다. 
• 다양한 매체에 나타난 음성 언어 및 문자 언어의 특성과 표현 효과를 지도할 때는, 매체 영역 5~6학년의 복합양식 매체 자료 제작 관련 성취기준과 연계할 수 있으며, 직접 매체 자료를 제작해 보는 과정을 통해 그 이해가 확장, 심화될 수 있도록 학습 활동을 설계할 수 있다.
• 호응 관계가 자연스럽고 올바른 문장 사용하기, 잘못 쓰인 단어나 문장 고쳐 쓰기, 오⋅남용한 외래어 순화하기 등 바른 국어생활을 위한 내용을 지도할 때는, 배운 지식을 활용하여 자신의 국어생활을 되돌아볼 수 있도록 구조화된 점검표나 관찰 기록표, 성찰 일지, 자기 보고서 등 다양한 형태의 평가 도구를 제공함으로써 일상의 국어생활을 민감하게 주시하고 이 과정에서 발견되는 문제를 적극적으로 개선할 수 있도록 지도한다."
5~6,국어,문학,"⋅문학은 인간의 삶을 언어로 형상화한 작품을 통해 즐거움과 깨달음을 얻고 타자와 소통하는 행위이다. 
⋅문학 작품을 통한 소통은 작품의 갈래, 작가와 독자, 사회와 문화, 문학사의 영향 등을 고려하며 이루어진다. 
⋅문학 수용⋅생산 능력은 문학의 해석, 감상, 비평, 창작 활동을 통해 향상된다. 
⋅인간은 문학을 향유하면서 자아를 성찰하고 타자를 이해하며 공동체의 일원으로 성장한다.",6국05-01,작가의 의도를 생각하며 작품을 읽는다.,작가의 의도를 적절하게 생각하며 작품을 깊이 있게 읽을 수 있다.,작가의 의도를 생각하며 작품을 읽을 수 있다.,작가의 의도를 부분적으로 생각하며 작품을 읽는다. ,"[6국05-01] 이 성취기준은 작품을 만든 이에 대해 호기심을 가지고 작가라는 존재를 고려하면서 작품을 수용하는 능력을 기르게 하기 위해 설정하였다. 작가가 작품을 쓰게 된 계기나 상황을 생각하고, 작가의 취지와 의도를 헤아리면서 작품을 더 깊고 넓게 이해할 수 있게 한다. 또한 작가에 대한 관심을 바탕으로 작가의 다른 작품들도 찾아 읽는 태도를 가지며 능동적인 문학 향유자로 성장할 수 있게 한다. 아울러 다양한 상상의 세계를 펼쳐 보이는 창의성을 가진 인간에게 관심을 가짐으로써 학습자도 그러한 창의성을 가진 인간으로 성장하는 계기가 될 수 있게 한다. 다만 작품의 의미는 작가의 의도에 한정되는 것이 아니며, 다양한 독자들의 해석이 더해져서 계속 생성되어 가는 것이라는 점을 함께 생각하며 문학 소통에 적극적으로 참여할 수 있게 한다.","• 작품에 담긴 뜻이나 의도를 깊이 생각하고, 작품을 구성하는 여러 요소들에 대한 이해를 바탕으로 작품에 대한 자신의 의견을 적극적으로 표현하는 데에 중점을 둔다. 또한 작품을 읽고 자신의 삶을 성찰하는 한편, 자신의 경험을 다양한 갈래로 표현하여 다른 독자들과 능동적으로 소통하도록 한다.
• 작품에 대한 의견을 나누는 활동을 할 때는 다른 사람의 의견을 존중하는 가운데 국어과의 다른 영역 성취기준과 연계하여 통합적인 국어 능력이 신장될 수 있도록 한다. 예를 들어 이전 학년 쓰기 영역의 ‘자신의 의견을 담은 글 쓰기’([4국03-03])에 대해 학습한 내용을 활용하여, 의견을 제시할 때 고려해야 할 점에 유의하면서 작품에 대한 자신의 의견을 명확하게 전달할 수 있도록 한다. 
• 자신의 경험을 문학으로 표현하는 활동을 할 때, 작품으로 쓸 만한 특별한 일이나 경험이 없다고 어려움을 호소하는 학습자의 경우, 관심을 가지고 주위를 둘러보며 익숙했던 것들을 새로운 시각으로 관찰하는 등 작고 쉬운 일에서부터 경험의 폭을 넓힐 수 있게 독려한다. 또한 이러한 태도를 지속적으로 유지하며 문학 표현에 적극성을 가질 수 있게 지도한다. 
• 어떤 대상이나 상태를 다른 것에 빗대어 나타내는 비유적 표현을 지도할 때는 비유를 쓰지 않았을 때와 비유를 사용했을 때의 차이와 효과를 생각해 보게 함으로써 비유의 특성을 자연스럽게 이해할 수 있게 하는 데에 중점을 둔다. 또한 문학 작품을 읽을 때는 물론이고 일상에서 언어생활을 할 때에도 비유를 통해 효과적인 언어 표현이 이루어짐을 깨달음으로써 비유의 중요성을 인식할 수 있게 지도한다.  
• 학습자가 작품을 수용하고 생산하는 과정에서 자연스럽게 문학에 대한 지식을 익히고, 그 지식을 바탕으로 학습자가 더 적극적이고 수준 높은 문학 활동을 수행하는 선순환적 관계를 형성할 수 있게 지도한다. 
• 지구가 처한 위기에 관련된 문제들을 찾아보고 일상에서 그러한 문제를 해결하기 위해 노력하는 생태 소양을 함양하는 한편 융합적인 사고와 역량을 기를 수 있도록 지도한다. 예를 들어 사회과의 ‘지구촌을 위협하는 다양한 문제들을 파악하고, 지속가능한 미래를 위한 해결 방안을 탐색’하는 성취기준([6사12-02])과 연계할 수 있는 문학 작품을 선정하여 교과 통합적 활동을 수행하도록 한다. 
• 진로연계교육과 관련하여 학습자가 자신의 흥미나 관심사가 무엇인지 생각해 보고, 관심사와 연관된 작품을 찾아 읽으며 자신의 미래에 대해 지속적으로 관심을 가지고 탐색할 수 있도록 지도한다."
5~6,국어,문학,"⋅문학은 인간의 삶을 언어로 형상화한 작품을 통해 즐거움과 깨달음을 얻고 타자와 소통하는 행위이다. 
⋅문학 작품을 통한 소통은 작품의 갈래, 작가와 독자, 사회와 문화, 문학사의 영향 등을 고려하며 이루어진다. 
⋅문학 수용⋅생산 능력은 문학의 해석, 감상, 비평, 창작 활동을 통해 향상된다. 
⋅인간은 문학을 향유하면서 자아를 성찰하고 타자를 이해하며 공동체의 일원으로 성장한다.",6국05-02,비유적 표현의 효과에 유의하여 작품을 감상한다.,비유적 표현의 특성과 효과에 유의하여 작품을 즐겨 감상할 수 있다.,비유적 표현의 효과에 유의하여 작품을 감상할 수 있다.,비유에 대한 부분적인 이해를 바탕으로 비유적 표현을 찾으며 작품을 읽는다.,,"• 작품에 담긴 뜻이나 의도를 깊이 생각하고, 작품을 구성하는 여러 요소들에 대한 이해를 바탕으로 작품에 대한 자신의 의견을 적극적으로 표현하는 데에 중점을 둔다. 또한 작품을 읽고 자신의 삶을 성찰하는 한편, 자신의 경험을 다양한 갈래로 표현하여 다른 독자들과 능동적으로 소통하도록 한다.
• 작품에 대한 의견을 나누는 활동을 할 때는 다른 사람의 의견을 존중하는 가운데 국어과의 다른 영역 성취기준과 연계하여 통합적인 국어 능력이 신장될 수 있도록 한다. 예를 들어 이전 학년 쓰기 영역의 ‘자신의 의견을 담은 글 쓰기’([4국03-03])에 대해 학습한 내용을 활용하여, 의견을 제시할 때 고려해야 할 점에 유의하면서 작품에 대한 자신의 의견을 명확하게 전달할 수 있도록 한다. 
• 자신의 경험을 문학으로 표현하는 활동을 할 때, 작품으로 쓸 만한 특별한 일이나 경험이 없다고 어려움을 호소하는 학습자의 경우, 관심을 가지고 주위를 둘러보며 익숙했던 것들을 새로운 시각으로 관찰하는 등 작고 쉬운 일에서부터 경험의 폭을 넓힐 수 있게 독려한다. 또한 이러한 태도를 지속적으로 유지하며 문학 표현에 적극성을 가질 수 있게 지도한다. 
• 어떤 대상이나 상태를 다른 것에 빗대어 나타내는 비유적 표현을 지도할 때는 비유를 쓰지 않았을 때와 비유를 사용했을 때의 차이와 효과를 생각해 보게 함으로써 비유의 특성을 자연스럽게 이해할 수 있게 하는 데에 중점을 둔다. 또한 문학 작품을 읽을 때는 물론이고 일상에서 언어생활을 할 때에도 비유를 통해 효과적인 언어 표현이 이루어짐을 깨달음으로써 비유의 중요성을 인식할 수 있게 지도한다.  
• 학습자가 작품을 수용하고 생산하는 과정에서 자연스럽게 문학에 대한 지식을 익히고, 그 지식을 바탕으로 학습자가 더 적극적이고 수준 높은 문학 활동을 수행하는 선순환적 관계를 형성할 수 있게 지도한다. 
• 지구가 처한 위기에 관련된 문제들을 찾아보고 일상에서 그러한 문제를 해결하기 위해 노력하는 생태 소양을 함양하는 한편 융합적인 사고와 역량을 기를 수 있도록 지도한다. 예를 들어 사회과의 ‘지구촌을 위협하는 다양한 문제들을 파악하고, 지속가능한 미래를 위한 해결 방안을 탐색’하는 성취기준([6사12-02])과 연계할 수 있는 문학 작품을 선정하여 교과 통합적 활동을 수행하도록 한다. 
• 진로연계교육과 관련하여 학습자가 자신의 흥미나 관심사가 무엇인지 생각해 보고, 관심사와 연관된 작품을 찾아 읽으며 자신의 미래에 대해 지속적으로 관심을 가지고 탐색할 수 있도록 지도한다."
5~6,국어,문학,"⋅문학은 인간의 삶을 언어로 형상화한 작품을 통해 즐거움과 깨달음을 얻고 타자와 소통하는 행위이다. 
⋅문학 작품을 통한 소통은 작품의 갈래, 작가와 독자, 사회와 문화, 문학사의 영향 등을 고려하며 이루어진다. 
⋅문학 수용⋅생산 능력은 문학의 해석, 감상, 비평, 창작 활동을 통해 향상된다. 
⋅인간은 문학을 향유하면서 자아를 성찰하고 타자를 이해하며 공동체의 일원으로 성장한다.",6국05-03,"소설이나 극을 읽고 인물, 사건, 배경을 파악한다.","인물, 사건, 배경에 대한 이해를 바탕으로 소설이나 극을 읽고 인물, 사건, 배경을 적절하게 정리할 수 있다.","인물, 사건, 배경에 대한 이해를 바탕으로 소설이나 극을 읽고 인물, 사건, 배경을 찾을 수 있다.","소설이나 극을 읽고 인물, 사건, 배경이 있음을 안다.","[6국05-03] 이 성취기준은 작품을 이루는 주요 요소를 중심으로 작품을 분석하고 이해하는 능력을 기르게 하기 위해 설정하였다. 작품 속 인물, 사건, 배경을 파악하고, 각 요소의 기능 및 요소 간 관계를 이해하도록 한다. 예를 들어 인물의 성격과 사건의 전개 과정 간의 관계, 인물의 성격이 사건 전개 과정에 끼치는 영향, 사건의 전개 과정과 배경과의 관련, 배경의 변화에 따른 사건 전개 과정의 변화 등을 파악하여 작품을 깊이 있게 감상한다. 나아가 이러한 요소의 역할이나 관계가 모든 작품에서 동일한 양상으로 나타나는 것이 아니며, 작품에 따라 특정 요소가 두드러지게 부각되기도 하고 요소 간의 관계가 독특하게 형성되기도 한다는 점을 생각하며 작품을 수용하게 한다.","• 작품에 담긴 뜻이나 의도를 깊이 생각하고, 작품을 구성하는 여러 요소들에 대한 이해를 바탕으로 작품에 대한 자신의 의견을 적극적으로 표현하는 데에 중점을 둔다. 또한 작품을 읽고 자신의 삶을 성찰하는 한편, 자신의 경험을 다양한 갈래로 표현하여 다른 독자들과 능동적으로 소통하도록 한다.
• 작품에 대한 의견을 나누는 활동을 할 때는 다른 사람의 의견을 존중하는 가운데 국어과의 다른 영역 성취기준과 연계하여 통합적인 국어 능력이 신장될 수 있도록 한다. 예를 들어 이전 학년 쓰기 영역의 ‘자신의 의견을 담은 글 쓰기’([4국03-03])에 대해 학습한 내용을 활용하여, 의견을 제시할 때 고려해야 할 점에 유의하면서 작품에 대한 자신의 의견을 명확하게 전달할 수 있도록 한다. 
• 자신의 경험을 문학으로 표현하는 활동을 할 때, 작품으로 쓸 만한 특별한 일이나 경험이 없다고 어려움을 호소하는 학습자의 경우, 관심을 가지고 주위를 둘러보며 익숙했던 것들을 새로운 시각으로 관찰하는 등 작고 쉬운 일에서부터 경험의 폭을 넓힐 수 있게 독려한다. 또한 이러한 태도를 지속적으로 유지하며 문학 표현에 적극성을 가질 수 있게 지도한다. 
• 어떤 대상이나 상태를 다른 것에 빗대어 나타내는 비유적 표현을 지도할 때는 비유를 쓰지 않았을 때와 비유를 사용했을 때의 차이와 효과를 생각해 보게 함으로써 비유의 특성을 자연스럽게 이해할 수 있게 하는 데에 중점을 둔다. 또한 문학 작품을 읽을 때는 물론이고 일상에서 언어생활을 할 때에도 비유를 통해 효과적인 언어 표현이 이루어짐을 깨달음으로써 비유의 중요성을 인식할 수 있게 지도한다.  
• 학습자가 작품을 수용하고 생산하는 과정에서 자연스럽게 문학에 대한 지식을 익히고, 그 지식을 바탕으로 학습자가 더 적극적이고 수준 높은 문학 활동을 수행하는 선순환적 관계를 형성할 수 있게 지도한다. 
• 지구가 처한 위기에 관련된 문제들을 찾아보고 일상에서 그러한 문제를 해결하기 위해 노력하는 생태 소양을 함양하는 한편 융합적인 사고와 역량을 기를 수 있도록 지도한다. 예를 들어 사회과의 ‘지구촌을 위협하는 다양한 문제들을 파악하고, 지속가능한 미래를 위한 해결 방안을 탐색’하는 성취기준([6사12-02])과 연계할 수 있는 문학 작품을 선정하여 교과 통합적 활동을 수행하도록 한다. 
• 진로연계교육과 관련하여 학습자가 자신의 흥미나 관심사가 무엇인지 생각해 보고, 관심사와 연관된 작품을 찾아 읽으며 자신의 미래에 대해 지속적으로 관심을 가지고 탐색할 수 있도록 지도한다."
5~6,국어,문학,"⋅문학은 인간의 삶을 언어로 형상화한 작품을 통해 즐거움과 깨달음을 얻고 타자와 소통하는 행위이다. 
⋅문학 작품을 통한 소통은 작품의 갈래, 작가와 독자, 사회와 문화, 문학사의 영향 등을 고려하며 이루어진다. 
⋅문학 수용⋅생산 능력은 문학의 해석, 감상, 비평, 창작 활동을 통해 향상된다. 
⋅인간은 문학을 향유하면서 자아를 성찰하고 타자를 이해하며 공동체의 일원으로 성장한다.",6국05-04,인상적인 부분을 중심으로 작품에 대한 의견을 나눈다.,작품에서 인상적인 부분을 찾아 그 이유를 작품과 연결 지어 구체적으로 설명하고 다른 사람과 의견을 즐겨 나눌 수 있다.,작품에서 인상적인 부분을 찾아 그 이유를 말하면서 다른 사람과 의견을 나눌 수 있다.,작품에서 인상적인 부분을 찾아 자신의 의견을 말한다.,"[6국05-04] 이 성취기준은 학습자가 작품에 대한 자신의 생각을 적극적으로 표현하고, 이를 타인과 나눔으로써 보다 주체적인 문학 수용 능력을 기르게 하기 위해 설정하였다. 이를 위해 인상적인 장면을 중심으로 작품에 대한 의견을 나누되, 인상적이라고 생각하는 이유나 근거를 작품과 연결 지어 설명하도록 한다. 또한 상대방의 수용 경험에도 귀를 기울여 작품에 대한 해석이 다양한 관점에서 이루어질 수 있음을 알고 문학 소통에 즐겁게 참여하도록 한다. ","• 작품에 담긴 뜻이나 의도를 깊이 생각하고, 작품을 구성하는 여러 요소들에 대한 이해를 바탕으로 작품에 대한 자신의 의견을 적극적으로 표현하는 데에 중점을 둔다. 또한 작품을 읽고 자신의 삶을 성찰하는 한편, 자신의 경험을 다양한 갈래로 표현하여 다른 독자들과 능동적으로 소통하도록 한다.
• 작품에 대한 의견을 나누는 활동을 할 때는 다른 사람의 의견을 존중하는 가운데 국어과의 다른 영역 성취기준과 연계하여 통합적인 국어 능력이 신장될 수 있도록 한다. 예를 들어 이전 학년 쓰기 영역의 ‘자신의 의견을 담은 글 쓰기’([4국03-03])에 대해 학습한 내용을 활용하여, 의견을 제시할 때 고려해야 할 점에 유의하면서 작품에 대한 자신의 의견을 명확하게 전달할 수 있도록 한다. 
• 자신의 경험을 문학으로 표현하는 활동을 할 때, 작품으로 쓸 만한 특별한 일이나 경험이 없다고 어려움을 호소하는 학습자의 경우, 관심을 가지고 주위를 둘러보며 익숙했던 것들을 새로운 시각으로 관찰하는 등 작고 쉬운 일에서부터 경험의 폭을 넓힐 수 있게 독려한다. 또한 이러한 태도를 지속적으로 유지하며 문학 표현에 적극성을 가질 수 있게 지도한다. 
• 어떤 대상이나 상태를 다른 것에 빗대어 나타내는 비유적 표현을 지도할 때는 비유를 쓰지 않았을 때와 비유를 사용했을 때의 차이와 효과를 생각해 보게 함으로써 비유의 특성을 자연스럽게 이해할 수 있게 하는 데에 중점을 둔다. 또한 문학 작품을 읽을 때는 물론이고 일상에서 언어생활을 할 때에도 비유를 통해 효과적인 언어 표현이 이루어짐을 깨달음으로써 비유의 중요성을 인식할 수 있게 지도한다.  
• 학습자가 작품을 수용하고 생산하는 과정에서 자연스럽게 문학에 대한 지식을 익히고, 그 지식을 바탕으로 학습자가 더 적극적이고 수준 높은 문학 활동을 수행하는 선순환적 관계를 형성할 수 있게 지도한다. 
• 지구가 처한 위기에 관련된 문제들을 찾아보고 일상에서 그러한 문제를 해결하기 위해 노력하는 생태 소양을 함양하는 한편 융합적인 사고와 역량을 기를 수 있도록 지도한다. 예를 들어 사회과의 ‘지구촌을 위협하는 다양한 문제들을 파악하고, 지속가능한 미래를 위한 해결 방안을 탐색’하는 성취기준([6사12-02])과 연계할 수 있는 문학 작품을 선정하여 교과 통합적 활동을 수행하도록 한다. 
• 진로연계교육과 관련하여 학습자가 자신의 흥미나 관심사가 무엇인지 생각해 보고, 관심사와 연관된 작품을 찾아 읽으며 자신의 미래에 대해 지속적으로 관심을 가지고 탐색할 수 있도록 지도한다."
5~6,국어,문학,"⋅문학은 인간의 삶을 언어로 형상화한 작품을 통해 즐거움과 깨달음을 얻고 타자와 소통하는 행위이다. 
⋅문학 작품을 통한 소통은 작품의 갈래, 작가와 독자, 사회와 문화, 문학사의 영향 등을 고려하며 이루어진다. 
⋅문학 수용⋅생산 능력은 문학의 해석, 감상, 비평, 창작 활동을 통해 향상된다. 
⋅인간은 문학을 향유하면서 자아를 성찰하고 타자를 이해하며 공동체의 일원으로 성장한다.",6국05-05,"자신의 경험을 시, 소설, 극, 수필 등 적절한 갈래로 표현한다.","일상생활에서의 경험을 시, 소설, 극, 수필 등의 적절한 갈래로 창의적으로 표현할 수 있다. ","일상생활에서의 경험을 시, 소설, 극, 수필 등의 갈래로 표현할 수 있다.","일상생활에서의 경험을 시, 소설, 극, 수필 등의 갈래로 간단하게 표현한다.",,"• 작품에 담긴 뜻이나 의도를 깊이 생각하고, 작품을 구성하는 여러 요소들에 대한 이해를 바탕으로 작품에 대한 자신의 의견을 적극적으로 표현하는 데에 중점을 둔다. 또한 작품을 읽고 자신의 삶을 성찰하는 한편, 자신의 경험을 다양한 갈래로 표현하여 다른 독자들과 능동적으로 소통하도록 한다.
• 작품에 대한 의견을 나누는 활동을 할 때는 다른 사람의 의견을 존중하는 가운데 국어과의 다른 영역 성취기준과 연계하여 통합적인 국어 능력이 신장될 수 있도록 한다. 예를 들어 이전 학년 쓰기 영역의 ‘자신의 의견을 담은 글 쓰기’([4국03-03])에 대해 학습한 내용을 활용하여, 의견을 제시할 때 고려해야 할 점에 유의하면서 작품에 대한 자신의 의견을 명확하게 전달할 수 있도록 한다. 
• 자신의 경험을 문학으로 표현하는 활동을 할 때, 작품으로 쓸 만한 특별한 일이나 경험이 없다고 어려움을 호소하는 학습자의 경우, 관심을 가지고 주위를 둘러보며 익숙했던 것들을 새로운 시각으로 관찰하는 등 작고 쉬운 일에서부터 경험의 폭을 넓힐 수 있게 독려한다. 또한 이러한 태도를 지속적으로 유지하며 문학 표현에 적극성을 가질 수 있게 지도한다. 
• 어떤 대상이나 상태를 다른 것에 빗대어 나타내는 비유적 표현을 지도할 때는 비유를 쓰지 않았을 때와 비유를 사용했을 때의 차이와 효과를 생각해 보게 함으로써 비유의 특성을 자연스럽게 이해할 수 있게 하는 데에 중점을 둔다. 또한 문학 작품을 읽을 때는 물론이고 일상에서 언어생활을 할 때에도 비유를 통해 효과적인 언어 표현이 이루어짐을 깨달음으로써 비유의 중요성을 인식할 수 있게 지도한다.  
• 학습자가 작품을 수용하고 생산하는 과정에서 자연스럽게 문학에 대한 지식을 익히고, 그 지식을 바탕으로 학습자가 더 적극적이고 수준 높은 문학 활동을 수행하는 선순환적 관계를 형성할 수 있게 지도한다. 
• 지구가 처한 위기에 관련된 문제들을 찾아보고 일상에서 그러한 문제를 해결하기 위해 노력하는 생태 소양을 함양하는 한편 융합적인 사고와 역량을 기를 수 있도록 지도한다. 예를 들어 사회과의 ‘지구촌을 위협하는 다양한 문제들을 파악하고, 지속가능한 미래를 위한 해결 방안을 탐색’하는 성취기준([6사12-02])과 연계할 수 있는 문학 작품을 선정하여 교과 통합적 활동을 수행하도록 한다. 
• 진로연계교육과 관련하여 학습자가 자신의 흥미나 관심사가 무엇인지 생각해 보고, 관심사와 연관된 작품을 찾아 읽으며 자신의 미래에 대해 지속적으로 관심을 가지고 탐색할 수 있도록 지도한다."
5~6,국어,문학,"⋅문학은 인간의 삶을 언어로 형상화한 작품을 통해 즐거움과 깨달음을 얻고 타자와 소통하는 행위이다. 
⋅문학 작품을 통한 소통은 작품의 갈래, 작가와 독자, 사회와 문화, 문학사의 영향 등을 고려하며 이루어진다. 
⋅문학 수용⋅생산 능력은 문학의 해석, 감상, 비평, 창작 활동을 통해 향상된다. 
⋅인간은 문학을 향유하면서 자아를 성찰하고 타자를 이해하며 공동체의 일원으로 성장한다.",6국05-06,작품을 읽고 자신의 삶과 연관 지어 성찰하는 태도를 지닌다.,작품을 읽고 자신의 삶을 작품과 적절하게 연관 지어 탐색하고 적극적으로 성찰하는 태도를 지닌다.,작품을 읽고 자신의 삶을 작품과 연관 지어 탐색하고 성찰하는 태도를 지닌다.,작품을 읽고 연관된 자신의 경험을 떠올리는 태도를 지닌다.,"[6국05-06] 이 성취기준은 작품을 읽고 성찰하는 과정을 통해 자신을 돌아보는 것은 물론 자신이 속한 공동체의 삶에 대해서도 생각하게 하기 위해 설정하였다. 학습자가 작품을 적극적으로 수용하여 작품에 담긴 가치를 내면화하는 가운데 자신의 삶의 모습을 되돌아보게 한다. 또한 공동체의 다양한 문제를 다룬 작품을 읽을 때에도 먼저 자신의 삶을 돌아보고, 함께 살아가는 삶을 위해 공동체 구성원으로서 가져야 할 바람직한 자세나 태도에 대하여 생각해 보도록 한다.","• 작품에 담긴 뜻이나 의도를 깊이 생각하고, 작품을 구성하는 여러 요소들에 대한 이해를 바탕으로 작품에 대한 자신의 의견을 적극적으로 표현하는 데에 중점을 둔다. 또한 작품을 읽고 자신의 삶을 성찰하는 한편, 자신의 경험을 다양한 갈래로 표현하여 다른 독자들과 능동적으로 소통하도록 한다.
• 작품에 대한 의견을 나누는 활동을 할 때는 다른 사람의 의견을 존중하는 가운데 국어과의 다른 영역 성취기준과 연계하여 통합적인 국어 능력이 신장될 수 있도록 한다. 예를 들어 이전 학년 쓰기 영역의 ‘자신의 의견을 담은 글 쓰기’([4국03-03])에 대해 학습한 내용을 활용하여, 의견을 제시할 때 고려해야 할 점에 유의하면서 작품에 대한 자신의 의견을 명확하게 전달할 수 있도록 한다. 
• 자신의 경험을 문학으로 표현하는 활동을 할 때, 작품으로 쓸 만한 특별한 일이나 경험이 없다고 어려움을 호소하는 학습자의 경우, 관심을 가지고 주위를 둘러보며 익숙했던 것들을 새로운 시각으로 관찰하는 등 작고 쉬운 일에서부터 경험의 폭을 넓힐 수 있게 독려한다. 또한 이러한 태도를 지속적으로 유지하며 문학 표현에 적극성을 가질 수 있게 지도한다. 
• 어떤 대상이나 상태를 다른 것에 빗대어 나타내는 비유적 표현을 지도할 때는 비유를 쓰지 않았을 때와 비유를 사용했을 때의 차이와 효과를 생각해 보게 함으로써 비유의 특성을 자연스럽게 이해할 수 있게 하는 데에 중점을 둔다. 또한 문학 작품을 읽을 때는 물론이고 일상에서 언어생활을 할 때에도 비유를 통해 효과적인 언어 표현이 이루어짐을 깨달음으로써 비유의 중요성을 인식할 수 있게 지도한다.  
• 학습자가 작품을 수용하고 생산하는 과정에서 자연스럽게 문학에 대한 지식을 익히고, 그 지식을 바탕으로 학습자가 더 적극적이고 수준 높은 문학 활동을 수행하는 선순환적 관계를 형성할 수 있게 지도한다. 
• 지구가 처한 위기에 관련된 문제들을 찾아보고 일상에서 그러한 문제를 해결하기 위해 노력하는 생태 소양을 함양하는 한편 융합적인 사고와 역량을 기를 수 있도록 지도한다. 예를 들어 사회과의 ‘지구촌을 위협하는 다양한 문제들을 파악하고, 지속가능한 미래를 위한 해결 방안을 탐색’하는 성취기준([6사12-02])과 연계할 수 있는 문학 작품을 선정하여 교과 통합적 활동을 수행하도록 한다. 
• 진로연계교육과 관련하여 학습자가 자신의 흥미나 관심사가 무엇인지 생각해 보고, 관심사와 연관된 작품을 찾아 읽으며 자신의 미래에 대해 지속적으로 관심을 가지고 탐색할 수 있도록 지도한다."
5~6,국어,매체,"⋅매체는 소통을 매개하는 도구, 기술, 환경으로 당대 사회의 소통 방식과 소통 문화에 영향을 미친다. 
⋅매체 이용자는 매체 자료의 주체적인 수용과 생산을 통해 정체성을 형성하고 사회적 의미 구성 과정에 관여한다. 
⋅매체 이용자는 매체 및 매체 소통의 영향력에 대한 이해와 자신과 타인의 권리를 지키기 위한 적극적인 노력을 통해 건강한 소통 공동체를 형성한다.",6국06-01,정보 검색 도구를 활용하여 자신의 목적에 맞는 매체 자료를 찾는다.,정보 검색 도구의 기능과 특성을 이해하고 적절한 정보 검색 전략을 활용하여 목적에 맞는 다양한 매체 자료를 찾고 활용할 수 있다.,정보 검색 도구의 기능이나 특성을 이해하고 정보 검색 도구를 활용하여 목적에 맞는 매체 자료를 찾을 수 있다.,정보 검색 도구를 활용하여 매체 자료를 찾는다.,[6국06-01] 이 성취기준은 정보 검색 도구의 특성을 이해하고 적절한 정보 검색 전략을 수립하여 자신의 목적에 맞는 매체 자료를 찾아 활용하는 능력을 향상하기 위해 설정하였다. 정보 유형별로 검색 결과를 제시하는 정보 검색 도구의 기능을 이해한다. 또한 핵심 단어 중심으로 검색이 되는 정보 검색 도구의 특징을 이해하여 자신의 목적에 적합한 검색어를 만들 수 있도록 한다. 인터넷의 특성을 고려하여 정보 검색 과정에서 지속적인 성찰과 점검을 통해 자신의 목적에 부합한 자료 검색 과정이 이루어질 수 있도록 한다.  ,"• 학습자가 학교 밖에서 수행한 다양한 매체 경험을 교실이라는 공적 공간을 통해 공유함으로써 학교와 학교 밖에서의 삶이 유기적으로 연계될 수 있도록 안내한다. 학교 밖에서의 매체 경험은 매체 단원을 학습하는 학습의 자원으로서 작용할 수 있다. 따라서 한편으로는 기존에 형성된 학습자들의 검색 전략 및 표현 전략을 수용하고 적극적으로 공유할 수 있는 수업 분위기를 조성하되, 다른 한편으로는 부족한 부분에 대해 명시적인 안내를 제공하도록 한다. 또한 학교 밖에서 여가에 초점을 두고 이루어진 활동에 대해서도 학습자 개인의 선호나 주도성의 발현이라는 측면에서 긍정적으로 바라보고 학습자 간 상호 공유하는 과정을 통해 각자의 매체 경험에 대해 점검과 성찰이 이루어질 수 있도록 안내한다.
• 정보 검색 도구를 활용하여 자신의 목적에 맞는 매체 자료를 찾는 활동은 자료를 선별하여 핵심 정보를 중심으로 내용을 구성하고 매체를 활용하여 발표하는 활동([6국01-05])과 연계 가능하다. 학습자들은 [6국06-01]에서 정보를 검색하는 일반적인 원리를 학습한 후 이를 [6국01-05]의 학습 상황에 적용해 볼 수 있다. 
• 정보 검색 활동에서 초등학생에게 교육적으로 적합하지 않은 선정적인 글이나 이미지 등의 검색 결과가 포함될 수 있다. 교사는 이를 고려하여 학습자들이 안전한 인터넷 공간에서 검색 활동을 실행할 수 있게 하며, 이러한 고려에도 불구하고 부적절한 자료가 검색되었을 때는 교사에게 즉시 말할 수 있도록 사전에 안내한다.
• 복합양식 매체 자료의 제작은 쓰기 및 문법 영역의 성취기준과 연계하여 지도할 수 있다. 쓰기 영역에서는 문자를 중심으로 독자와 매체를 고려하여 글을 생산하는 과정([6국03-04])에 초점을 맞춘다면, 매체 영역에서는 문자와 더불어 그림, 사진, 이미지, 소리 등의 다양한 표현 양식을 통한 소통에 초점을 맞춘다. 각 양식의 표현 효과를 이해하고 적용하는 과정은 문법 영역에서 음성 언어 및 문자 언어의 특성을 이해하고 다양한 매체 자료에서 표현 효과를 평가하는 활동([6국04-01])과 유기적으로 연계될 수 있다. "
5~6,국어,매체,"⋅매체는 소통을 매개하는 도구, 기술, 환경으로 당대 사회의 소통 방식과 소통 문화에 영향을 미친다. 
⋅매체 이용자는 매체 자료의 주체적인 수용과 생산을 통해 정체성을 형성하고 사회적 의미 구성 과정에 관여한다. 
⋅매체 이용자는 매체 및 매체 소통의 영향력에 대한 이해와 자신과 타인의 권리를 지키기 위한 적극적인 노력을 통해 건강한 소통 공동체를 형성한다.",6국06-02,뉴스 및 각종 정보 매체 자료의 신뢰성을 평가한다.,정보 매체 자료의 신뢰성 평가 기준을 다각적으로 고려하여 뉴스 및 각종 정보 매체 자료의 신뢰성을 종합적으로 평가할 수 있다.,정보 매체 자료의 신뢰성 평가 기준에 따라 뉴스 및 각종 정보 매체 자료의 신뢰성을 평가할 수 있다.,뉴스나 정보 매체 자료의 신뢰성을 제한적으로 평가한다.,"[6국06-02] 이 성취기준은 뉴스 및 각종 정보 매체의 매체 자료에 대해 신뢰성 측면을 중심으로 평가하는 능력을 기르기 위해 설정하였다. 뉴스 및 각종 정보 매체 자료는 개인과 공동체에 미치는 영향력이 크기 때문에 매체 자료를 수용할 때는 그것이 신뢰할 만한 것인지 평가하는 태도가 중요하다는 점을 이해하도록 한다. 매체 자료의 신뢰성은 제작자가 얼마나 해당 분야에 전문적이고 권위가 있는지, 실제 취재하거나 수집한 근거 자료를 기반으로 제작된 것인지, 근거 자료가 얼마나 정확하고 최신의 것이며 증빙 가능한 것인지 등의 측면에서 평가할 수 있다.","• 학습자가 학교 밖에서 수행한 다양한 매체 경험을 교실이라는 공적 공간을 통해 공유함으로써 학교와 학교 밖에서의 삶이 유기적으로 연계될 수 있도록 안내한다. 학교 밖에서의 매체 경험은 매체 단원을 학습하는 학습의 자원으로서 작용할 수 있다. 따라서 한편으로는 기존에 형성된 학습자들의 검색 전략 및 표현 전략을 수용하고 적극적으로 공유할 수 있는 수업 분위기를 조성하되, 다른 한편으로는 부족한 부분에 대해 명시적인 안내를 제공하도록 한다. 또한 학교 밖에서 여가에 초점을 두고 이루어진 활동에 대해서도 학습자 개인의 선호나 주도성의 발현이라는 측면에서 긍정적으로 바라보고 학습자 간 상호 공유하는 과정을 통해 각자의 매체 경험에 대해 점검과 성찰이 이루어질 수 있도록 안내한다.
• 정보 검색 도구를 활용하여 자신의 목적에 맞는 매체 자료를 찾는 활동은 자료를 선별하여 핵심 정보를 중심으로 내용을 구성하고 매체를 활용하여 발표하는 활동([6국01-05])과 연계 가능하다. 학습자들은 [6국06-01]에서 정보를 검색하는 일반적인 원리를 학습한 후 이를 [6국01-05]의 학습 상황에 적용해 볼 수 있다. 
• 정보 검색 활동에서 초등학생에게 교육적으로 적합하지 않은 선정적인 글이나 이미지 등의 검색 결과가 포함될 수 있다. 교사는 이를 고려하여 학습자들이 안전한 인터넷 공간에서 검색 활동을 실행할 수 있게 하며, 이러한 고려에도 불구하고 부적절한 자료가 검색되었을 때는 교사에게 즉시 말할 수 있도록 사전에 안내한다.
• 복합양식 매체 자료의 제작은 쓰기 및 문법 영역의 성취기준과 연계하여 지도할 수 있다. 쓰기 영역에서는 문자를 중심으로 독자와 매체를 고려하여 글을 생산하는 과정([6국03-04])에 초점을 맞춘다면, 매체 영역에서는 문자와 더불어 그림, 사진, 이미지, 소리 등의 다양한 표현 양식을 통한 소통에 초점을 맞춘다. 각 양식의 표현 효과를 이해하고 적용하는 과정은 문법 영역에서 음성 언어 및 문자 언어의 특성을 이해하고 다양한 매체 자료에서 표현 효과를 평가하는 활동([6국04-01])과 유기적으로 연계될 수 있다. "
5~6,국어,매체,"⋅매체는 소통을 매개하는 도구, 기술, 환경으로 당대 사회의 소통 방식과 소통 문화에 영향을 미친다. 
⋅매체 이용자는 매체 자료의 주체적인 수용과 생산을 통해 정체성을 형성하고 사회적 의미 구성 과정에 관여한다. 
⋅매체 이용자는 매체 및 매체 소통의 영향력에 대한 이해와 자신과 타인의 권리를 지키기 위한 적극적인 노력을 통해 건강한 소통 공동체를 형성한다.",6국06-03,적합한 양식과 수용자의 반응을 고려하여 복합양식 매체 자료를 제작하고 공유한다.,다양한 매체 및 매체 자료의 양식적 특성과 수용자의 반응을 적극적으로 고려하여 효과적인 복합양식 매체 자료를 제작하고 공유할 수 있다. ,다양한 매체 및 매체 자료의 양식적 특성과 수용자의 반응을 고려하여 복합양식 매체 자료를 제작하고 공유할 수 있다. ,다양한 매체 및 매체 자료의 양식적 특성을 제한적으로 고려하여 복합양식 매체 자료의 일부를 제작하고 공유한다.,"[6국06-03] 이 성취기준은 매체 및 매체 자료의 양식과 수용자에게 끼칠 영향을 고려하여 복합양식 자료를 제작하는 능력을 기르기 위해 설정하였다. 의도나 주제를 드러내는 다양한 표현 양식을 이해하고 자신의 목적, 주제, 수용자 반응을 고려하여 이미지가 포함된 글, 카드 뉴스, 발표 자료, 동영상 등의 복합양식 매체 자료를 제작한 다음 이를 공유하여 그 효과성을 점검한다. ","• 학습자가 학교 밖에서 수행한 다양한 매체 경험을 교실이라는 공적 공간을 통해 공유함으로써 학교와 학교 밖에서의 삶이 유기적으로 연계될 수 있도록 안내한다. 학교 밖에서의 매체 경험은 매체 단원을 학습하는 학습의 자원으로서 작용할 수 있다. 따라서 한편으로는 기존에 형성된 학습자들의 검색 전략 및 표현 전략을 수용하고 적극적으로 공유할 수 있는 수업 분위기를 조성하되, 다른 한편으로는 부족한 부분에 대해 명시적인 안내를 제공하도록 한다. 또한 학교 밖에서 여가에 초점을 두고 이루어진 활동에 대해서도 학습자 개인의 선호나 주도성의 발현이라는 측면에서 긍정적으로 바라보고 학습자 간 상호 공유하는 과정을 통해 각자의 매체 경험에 대해 점검과 성찰이 이루어질 수 있도록 안내한다.
• 정보 검색 도구를 활용하여 자신의 목적에 맞는 매체 자료를 찾는 활동은 자료를 선별하여 핵심 정보를 중심으로 내용을 구성하고 매체를 활용하여 발표하는 활동([6국01-05])과 연계 가능하다. 학습자들은 [6국06-01]에서 정보를 검색하는 일반적인 원리를 학습한 후 이를 [6국01-05]의 학습 상황에 적용해 볼 수 있다. 
• 정보 검색 활동에서 초등학생에게 교육적으로 적합하지 않은 선정적인 글이나 이미지 등의 검색 결과가 포함될 수 있다. 교사는 이를 고려하여 학습자들이 안전한 인터넷 공간에서 검색 활동을 실행할 수 있게 하며, 이러한 고려에도 불구하고 부적절한 자료가 검색되었을 때는 교사에게 즉시 말할 수 있도록 사전에 안내한다.
• 복합양식 매체 자료의 제작은 쓰기 및 문법 영역의 성취기준과 연계하여 지도할 수 있다. 쓰기 영역에서는 문자를 중심으로 독자와 매체를 고려하여 글을 생산하는 과정([6국03-04])에 초점을 맞춘다면, 매체 영역에서는 문자와 더불어 그림, 사진, 이미지, 소리 등의 다양한 표현 양식을 통한 소통에 초점을 맞춘다. 각 양식의 표현 효과를 이해하고 적용하는 과정은 문법 영역에서 음성 언어 및 문자 언어의 특성을 이해하고 다양한 매체 자료에서 표현 효과를 평가하는 활동([6국04-01])과 유기적으로 연계될 수 있다. "
5~6,국어,매체,"⋅매체는 소통을 매개하는 도구, 기술, 환경으로 당대 사회의 소통 방식과 소통 문화에 영향을 미친다. 
⋅매체 이용자는 매체 자료의 주체적인 수용과 생산을 통해 정체성을 형성하고 사회적 의미 구성 과정에 관여한다. 
⋅매체 이용자는 매체 및 매체 소통의 영향력에 대한 이해와 자신과 타인의 권리를 지키기 위한 적극적인 노력을 통해 건강한 소통 공동체를 형성한다.",6국06-04,자신의 매체 이용 양상에 대해 성찰한다.,자신의 매체 이용 양상을 다양한 측면에서 성찰하고 바람직한 매체 이용 방법을 능동적으로 탐색할 수 있다.,자신의 매체 이용 양상을 성찰하고 바람직한 매체 이용 방법을 탐색할 수 있다.,자신의 매체 이용 양상을 떠올리고 바람직한 매체 이용 방법을 제한적으로 탐색한다. ,,"• 학습자가 학교 밖에서 수행한 다양한 매체 경험을 교실이라는 공적 공간을 통해 공유함으로써 학교와 학교 밖에서의 삶이 유기적으로 연계될 수 있도록 안내한다. 학교 밖에서의 매체 경험은 매체 단원을 학습하는 학습의 자원으로서 작용할 수 있다. 따라서 한편으로는 기존에 형성된 학습자들의 검색 전략 및 표현 전략을 수용하고 적극적으로 공유할 수 있는 수업 분위기를 조성하되, 다른 한편으로는 부족한 부분에 대해 명시적인 안내를 제공하도록 한다. 또한 학교 밖에서 여가에 초점을 두고 이루어진 활동에 대해서도 학습자 개인의 선호나 주도성의 발현이라는 측면에서 긍정적으로 바라보고 학습자 간 상호 공유하는 과정을 통해 각자의 매체 경험에 대해 점검과 성찰이 이루어질 수 있도록 안내한다.
• 정보 검색 도구를 활용하여 자신의 목적에 맞는 매체 자료를 찾는 활동은 자료를 선별하여 핵심 정보를 중심으로 내용을 구성하고 매체를 활용하여 발표하는 활동([6국01-05])과 연계 가능하다. 학습자들은 [6국06-01]에서 정보를 검색하는 일반적인 원리를 학습한 후 이를 [6국01-05]의 학습 상황에 적용해 볼 수 있다. 
• 정보 검색 활동에서 초등학생에게 교육적으로 적합하지 않은 선정적인 글이나 이미지 등의 검색 결과가 포함될 수 있다. 교사는 이를 고려하여 학습자들이 안전한 인터넷 공간에서 검색 활동을 실행할 수 있게 하며, 이러한 고려에도 불구하고 부적절한 자료가 검색되었을 때는 교사에게 즉시 말할 수 있도록 사전에 안내한다.
• 복합양식 매체 자료의 제작은 쓰기 및 문법 영역의 성취기준과 연계하여 지도할 수 있다. 쓰기 영역에서는 문자를 중심으로 독자와 매체를 고려하여 글을 생산하는 과정([6국03-04])에 초점을 맞춘다면, 매체 영역에서는 문자와 더불어 그림, 사진, 이미지, 소리 등의 다양한 표현 양식을 통한 소통에 초점을 맞춘다. 각 양식의 표현 효과를 이해하고 적용하는 과정은 문법 영역에서 음성 언어 및 문자 언어의 특성을 이해하고 다양한 매체 자료에서 표현 효과를 평가하는 활동([6국04-01])과 유기적으로 연계될 수 있다. "
5~6,사회,우리나라 국토 여행,"⋅지표상에 분포하는 모든 사건과 현상은 절대적, 상대적 위치와 다양한 규모의 영역을 차지한다.
⋅장소는 다른 장소와 차별되는 자연적⋅인문적 성격을 지니며, 특정 장소에 따른 장소감은 개인이나 집단에 따라 다양하다.
⋅지표 세계는 장소적 성격의 동질성, 기능적 상호 관련성, 지역민의 인지 등의 측면에서 다양하게 구분되며, 이렇게 구분된 지역은 고유한 지역성이 나타난다. 
⋅지도를 비롯한 다양한 공간자료와 도구를 통한 지리 정보 수집은 장소와 지역의 여러 현상과 사건을 분석하고 해석하며 추론하는 데 필수적이다.",6사01-01,"우리나라 산지, 하천, 해안 지형의 위치를 확인하고 지형의 분포 특징을 탐구한다.","우리나라 산지, 하천, 해안 지형의 위치를 다양한 자료를 이용하여 조사하고, 우리나라 지형 분포의 특징을 분석할 수 있다. ","우리나라 산지, 하천, 해안 지형의 위치를 지도에서 찾고, 우리나라 지형 분포의 특징을 설명할 수 있다. ","우리나라 산지, 하천, 해안 지형을 지도에서 찾고 우리나라 지형 분포의 특징을 말할 수 있다. ","[6사01-01]은 우리나라 주요 산지, 하천, 해안 지형의 위치를 지도에서 확인하고 그 분포 특징을 파악하도록 설정한 것이다. 이를 바탕으로 국토 환경에 대한 기초적인 지식을 기르는 데 중점을 둔다. ","• 지역 간 경계나 지세에 영향을 주는 주요 산지, 하천의 분포를 파악하고, 해안선의 특징을 살펴본다. 이때, 각 지형을 자세히 다루기보다는 국토의 전체적인 특징을 파악하는 데 초점을 둔다. 
• 국토의 아름다움과 생태환경의 중요성을 느끼는 데 주안점을 두고 우리나라에서 유명한 지형과 관련 있는 관광지를 대상으로 답사 및 현장 체험 학습이나 가족 여행 설계하기 등과 같이 실제 생활과 관계 깊은 활동을 수행할 수 있다. 
• 국토의 지형 경관을 텍스트 중심의 자료보다는 주제도나 그래픽, 영상물 등의 구체적인 자료로 살펴보고, 국토지리정보원 누리집 내 각종 지도 자료, 디지털 영상지도, 국토 전체 및 지방별 백지도 등을 활용하도록 한다. 
• 독도의 위치를 지도에서 찾아보고, 주요 역사 기록들을 분석 및 해석하여 독도가 우리나라 영토임을 확인한다. 독도를 다루는 다양한 정보를 탐색하는 데 독도와 관련 있는 기관의 누리집을 활용할 수 있다. 이를 통해 영토 주권 의식을 기르고, 주변국과 영토 관련 주제를 다룰 때 합리적이고 능동적으로 적극 대처할 수 있는 태도를 기르도록 한다. 
• 지리적 차원에서 독도의 지형, 기후, 동식물 등에 대한 학습으로 독도의 아름다움을 감상할 수 있게 하며 소중한 국토로서 독도의 가치를 인식하도록 한다.
• 한반도 전체의 지형적 윤곽과 특징을 파악하면서 우리나라 국토의 특징을 이해하는 데 중점을 두며, 개별 산맥과 하천의 이름을 암기하는 등의 지필평가는 지양한다. "
5~6,사회,우리나라 국토 여행,"⋅지표상에 분포하는 모든 사건과 현상은 절대적, 상대적 위치와 다양한 규모의 영역을 차지한다.
⋅장소는 다른 장소와 차별되는 자연적⋅인문적 성격을 지니며, 특정 장소에 따른 장소감은 개인이나 집단에 따라 다양하다.
⋅지표 세계는 장소적 성격의 동질성, 기능적 상호 관련성, 지역민의 인지 등의 측면에서 다양하게 구분되며, 이렇게 구분된 지역은 고유한 지역성이 나타난다. 
⋅지도를 비롯한 다양한 공간자료와 도구를 통한 지리 정보 수집은 장소와 지역의 여러 현상과 사건을 분석하고 해석하며 추론하는 데 필수적이다.",6사01-02,독도의 지리적 특성과 독도에 대한 역사 기록을 바탕으로 영토로서 독도의 중요성을 이해한다.,"독도의 지리적 특성을 분석하고, 주요 역사 기록을 탐구하여 영토로서 독도의 중요성과 가치를 설명할 수 있다.","독도의 지리적 특성과 독도에 대한 역사 기록을 조사하고, 독도의 중요성을 설명할 수 있다. ","독도의 지리적 특성을 파악하고 독도에 대한 역사 기록을 제시하며, 독도의 중요성을 인식할 수 있다. ","[6사01-02]는 독도의 위치, 지형, 기후, 동식물 등의 지리적 특성을 파악하고 독도에 대한 역사 기록을 탐구하여 영토 주권 의식을 기르도록 설정한 것이다. 이를 바탕으로 영토로서 독도의 가치를 인식하고 위상을 확인하는 데 주안점을 둔다.","• 지역 간 경계나 지세에 영향을 주는 주요 산지, 하천의 분포를 파악하고, 해안선의 특징을 살펴본다. 이때, 각 지형을 자세히 다루기보다는 국토의 전체적인 특징을 파악하는 데 초점을 둔다. 
• 국토의 아름다움과 생태환경의 중요성을 느끼는 데 주안점을 두고 우리나라에서 유명한 지형과 관련 있는 관광지를 대상으로 답사 및 현장 체험 학습이나 가족 여행 설계하기 등과 같이 실제 생활과 관계 깊은 활동을 수행할 수 있다. 
• 국토의 지형 경관을 텍스트 중심의 자료보다는 주제도나 그래픽, 영상물 등의 구체적인 자료로 살펴보고, 국토지리정보원 누리집 내 각종 지도 자료, 디지털 영상지도, 국토 전체 및 지방별 백지도 등을 활용하도록 한다. 
• 독도의 위치를 지도에서 찾아보고, 주요 역사 기록들을 분석 및 해석하여 독도가 우리나라 영토임을 확인한다. 독도를 다루는 다양한 정보를 탐색하는 데 독도와 관련 있는 기관의 누리집을 활용할 수 있다. 이를 통해 영토 주권 의식을 기르고, 주변국과 영토 관련 주제를 다룰 때 합리적이고 능동적으로 적극 대처할 수 있는 태도를 기르도록 한다. 
• 지리적 차원에서 독도의 지형, 기후, 동식물 등에 대한 학습으로 독도의 아름다움을 감상할 수 있게 하며 소중한 국토로서 독도의 가치를 인식하도록 한다.
• 한반도 전체의 지형적 윤곽과 특징을 파악하면서 우리나라 국토의 특징을 이해하는 데 중점을 두며, 개별 산맥과 하천의 이름을 암기하는 등의 지필평가는 지양한다. "
5~6,사회,우리나라 지리 탐구,"⋅지표상에 분포하는 모든 사건과 현상은 절대적, 상대적 위치와 다양한 규모의 영역을 차지한다.
⋅장소는 다른 장소와 차별되는 자연적⋅인문적 성격을 지니며, 특정 장소에 따른 장소감은 개인이나 집단에 따라 다양하다.
⋅지표 세계는 장소적 성격의 동질성, 기능적 상호 관련성, 지역민의 인지 등의 측면에서 다양하게 구분되며, 이렇게 구분된 지역은 고유한 지역성이 나타난다. 
⋅지도를 비롯한 다양한 공간자료와 도구를 통한 지리 정보 수집은 장소와 지역의 여러 현상과 사건을 분석하고 해석하며 추론하는 데 필수적이다.",6사02-01,"우리나라의 계절별 기후 특징을 자료에서 탐구하고, 기후변화로 인한 자연재해의 심각성을 이해한다.","자료를 바탕으로 우리나라의 계절별 기후 특징을 분석하고, 기후변화로 인해 나타나는 자연재해의 심각성을 설명하며 기후변화에 대응하기 위한 행동에 참여할 수 있다. ","자료를 바탕으로 우리나라의 계절별 기후 특징을 조사하고, 기후변화로 인해 나타나는 자연재해의 심각성을 설명할 수 있다. ","자료를 바탕으로 우리나라의 계절별 기후 특징을 인식하고, 기후변화로 인해 나타난 자연재해를 제시할 수 있다. ","[6사02-01]은 기후 그래프를 비롯해 디지털 영상 자료와 지도, 통계 자료, 사진 등 다양한 시각 자료를 활용하여 우리나라의 계절별 기후 특징을 기온, 강수, 바람의 측면에서 탐구하도록 설정한 것이다. 또한 기후변화로 자연재해가 심화하고 있음을 파악하고 기후 행동 등에 참여하는 태도를 갖는 데 주안점을 둔다.","• 기온과 강수량을 나타낸 기후 그래프에서 우리나라의 계절별 기후 특징을 탐구하며, 최근의 기후변화 현황과 원인을 파악한다. 단, 초등학교에서는 지역별 기후 특징으로까지 학습 범위를 확대하지 않는다. 
• 기후변화 대응에 관심을 가지며, 기후변화로 심화하는 자연재해에 대비하기 위한 안전 수칙 준수의 생활화가 이루어지도록 한다. 이때 기후변화와 재해로 인한 피해 중 일부는 인간 행위의 결과일 수 있음을 인식하도록 한다. 
• 기후변화 및 자연재해 관련 자료는 미디어 등에서 시의적절하게 선별하되, 자료의 신뢰성을 고려하여 기상청 누리집에서 기상 특보의 종류와 발표 기준, 기후 관련 통계 자료와 그래프, 위성사진 등을 활용할 수 있다. 
• 우리나라 인구 분포를 파악하는 데 필요한 자료로 통계청 누리집의 자료를 활용하며, 수도권 지역 인구 유입 및 연령별 인구 구조를 파악한다. 
• 우리나라의 기후와 인구에 대한 사실적 지식 습득 관련 평가는 지양하고, 지도나 그래프 등의 자료를 토대로 사실 정보 파악하기, 두 가지 사실 정보 사이의 관계(일반화) 도출하기, 두 가지 사실 정보 외의 다른 사실 정보를 추가하여 관계 확장하기 등의 활동으로 학생의 탐구 과정을 평가하는 데 중점을 둔다. "
5~6,사회,우리나라 지리 탐구,"⋅지표상에 분포하는 모든 사건과 현상은 절대적, 상대적 위치와 다양한 규모의 영역을 차지한다.
⋅장소는 다른 장소와 차별되는 자연적⋅인문적 성격을 지니며, 특정 장소에 따른 장소감은 개인이나 집단에 따라 다양하다.
⋅지표 세계는 장소적 성격의 동질성, 기능적 상호 관련성, 지역민의 인지 등의 측면에서 다양하게 구분되며, 이렇게 구분된 지역은 고유한 지역성이 나타난다. 
⋅지도를 비롯한 다양한 공간자료와 도구를 통한 지리 정보 수집은 장소와 지역의 여러 현상과 사건을 분석하고 해석하며 추론하는 데 필수적이다.",6사02-02,"우리나라의 지역별 인구 분포의 특징을 알아보고, 이에 따른 문제점과 해결 방안을 탐색한다.","우리나라 지역별 인구 분포의 특징을 분석하고, 이에 따른 문제점을 찾아 해결 방안을 조사하고 이와 관련된 사례를 설명할 수 있다. ","우리나라 지역별 인구 분포의 특징을 설명하고, 이에 따른 문제점을 찾아 해결 방안을 조사할 수 있다. ","우리나라 지역별 인구 분포의 특징을 나열하고, 이에 따른 문제점을 말할 수 있다.","[6사02-02]는 우리나라의 인구 분포 특징을 수도권 인구 집중과 관련한 자료를 중심으로 탐구하면서 인구 집중의 원인, 문제, 그리고 이를 해결하려는 노력을 알아보도록 설정한 것이다. 이를 통해 인구 분포의 불균형과 인구 문제의 심각성을 이해하여 국토 균형 발전의 중요성을 인식하고 해결 방안을 탐색하는 데 주안점을 둔다. ","• 기온과 강수량을 나타낸 기후 그래프에서 우리나라의 계절별 기후 특징을 탐구하며, 최근의 기후변화 현황과 원인을 파악한다. 단, 초등학교에서는 지역별 기후 특징으로까지 학습 범위를 확대하지 않는다. 
• 기후변화 대응에 관심을 가지며, 기후변화로 심화하는 자연재해에 대비하기 위한 안전 수칙 준수의 생활화가 이루어지도록 한다. 이때 기후변화와 재해로 인한 피해 중 일부는 인간 행위의 결과일 수 있음을 인식하도록 한다. 
• 기후변화 및 자연재해 관련 자료는 미디어 등에서 시의적절하게 선별하되, 자료의 신뢰성을 고려하여 기상청 누리집에서 기상 특보의 종류와 발표 기준, 기후 관련 통계 자료와 그래프, 위성사진 등을 활용할 수 있다. 
• 우리나라 인구 분포를 파악하는 데 필요한 자료로 통계청 누리집의 자료를 활용하며, 수도권 지역 인구 유입 및 연령별 인구 구조를 파악한다. 
• 우리나라의 기후와 인구에 대한 사실적 지식 습득 관련 평가는 지양하고, 지도나 그래프 등의 자료를 토대로 사실 정보 파악하기, 두 가지 사실 정보 사이의 관계(일반화) 도출하기, 두 가지 사실 정보 외의 다른 사실 정보를 추가하여 관계 확장하기 등의 활동으로 학생의 탐구 과정을 평가하는 데 중점을 둔다. "
5~6,사회,법과 인권의 보장,"⋅우리 사회에는 일상을 규율하는 다양한 법들이 있으며, 사람들은 재판을 통해 권리를 실현할 수 있다.
⋅인권 보장을 위해 헌법에 기본권을 규정하고, 국가와 시민은 기본권 보장을 위해 노력한다. 
⋅헌법에 따라 우리나라의 국가기관은 국회, 대통령과 행정부, 법원과 헌법재판소 등으로 구성된다.
",6사03-01,"일상 사례에서 법의 의미와 역할을 이해하고, 헌법에 규정된 인권이 일상생활에서 구현되는 사례를 조사하여 인권 친화적 태도를 기른다.","일상생활의 사례를 통해 법의 의미와 역할을 설명하고, 헌법에 규정된 인권이 일상생활에서 구현되는 사례를 조사하며 인권 존중을 실천할 수 있다. ","일상생활의 사례와 관련지어 법의 의미와 역할을 이해하고, 헌법에 규정된 인권이 일상생활에서 구현되는 사례를 통해 인권을 존중하는 태도를 가진다. ","일상의 사례에서 법의 의미와 역할을 살펴보고, 헌법에 규정된 인권이 일상생활에서 구현되는 사례를 말할 수 있다. ","[6사03-01]은 우리 생활에 영향을 미치는 법의 의미와 역할을 일상 사례를 통해 이해하고, 헌법에 규정된 인권을 보장하는 다양한 사례를 조사하도록 설정한 것이다. 이를 통해 준법 태도와 인권 의식을 기르는 데 초점을 맞춘다. ","• 학생이 경험하는 일상 사례를 통하여 법이 우리의 행동과 삶에 미치는 영향력을 이해하고, 권리 보장과 사회 질서 유지 같은 법의 역할을 인식함으로써 준법 태도를 형성하는 데 중점을 둔다. 
• 헌법에 규정된 기본적 인권의 개념과 조항을 나열하지 않고 자유, 평등, 정치 참여, 사회 복지 등 실제 생활에서 보장되는 인권의 사례들을 조사하여 인권 보장이 인간다운 삶을 위해 중요하다는 사실을 인식하도록 한다. 또한 나와 타인의 인권을 존중하고 보호하는 인권 의식을 함양하는 데 초점을 맞춘다. 
• 최근 우리 사회에서 발생하는 인권 침해 사례를 제시하고, 토론을 통해 문제를 해결하는 능력을 함양한다. 또한 인권을 존중하고 보호하는 활동에 참여하는 기회를 제공함으로써 인권 친화적 태도를 함양하는 데 중점을 둔다. 
• 인권 침해 문제의 해결 방안을 토의하는 과정에서 자신의 주장을 뒷받침하기 위한 합리적 근거, 이유, 사례 등을 제시하는지 평가하고, 인권 친화적 태도를 형성하였는지 평가한다."
5~6,사회,법과 인권의 보장,"⋅우리 사회에는 일상을 규율하는 다양한 법들이 있으며, 사람들은 재판을 통해 권리를 실현할 수 있다.
⋅인권 보장을 위해 헌법에 기본권을 규정하고, 국가와 시민은 기본권 보장을 위해 노력한다. 
⋅헌법에 따라 우리나라의 국가기관은 국회, 대통령과 행정부, 법원과 헌법재판소 등으로 구성된다.",6사03-02,"일상생활에서 인권이 침해되는 사례를 찾아 그 해결 방안을 탐색하고, 인권을 보호하는 활동에 참여한다.","일상생활에서 인권이 침해되는 사례를 분석하여 그 해결 방안을 제안하고, 인권을 보호하는 활동에 관심을 갖고 참여할 수 있다. ","일상생활에서 인권이 침해되는 사례를 조사하여 그 해결 방안을 설명하고, 인권을 보호하는 활동에 참여할 수 있다.","인권이 침해된 사례에 대한 적절한 해결 방안을 제시하고, 인권을 보호하는 활동에 관심을 가진다. ",[6사03-02]는 일상생활에서 발생하는 인권 침해 문제의 해결 방안을 제시할 수 있는 능력을 기르도록 설정한 것이다. 인권 문제 해결과 관련된 토론 및 문제 해결의 과정을 통해 인권 보호 활동에 참여하는 능력과 태도를 함양하는 데 중점을 둔다.,"• 학생이 경험하는 일상 사례를 통하여 법이 우리의 행동과 삶에 미치는 영향력을 이해하고, 권리 보장과 사회 질서 유지 같은 법의 역할을 인식함으로써 준법 태도를 형성하는 데 중점을 둔다. 
• 헌법에 규정된 기본적 인권의 개념과 조항을 나열하지 않고 자유, 평등, 정치 참여, 사회 복지 등 실제 생활에서 보장되는 인권의 사례들을 조사하여 인권 보장이 인간다운 삶을 위해 중요하다는 사실을 인식하도록 한다. 또한 나와 타인의 인권을 존중하고 보호하는 인권 의식을 함양하는 데 초점을 맞춘다. 
• 최근 우리 사회에서 발생하는 인권 침해 사례를 제시하고, 토론을 통해 문제를 해결하는 능력을 함양한다. 또한 인권을 존중하고 보호하는 활동에 참여하는 기회를 제공함으로써 인권 친화적 태도를 함양하는 데 중점을 둔다. 
• 인권 침해 문제의 해결 방안을 토의하는 과정에서 자신의 주장을 뒷받침하기 위한 합리적 근거, 이유, 사례 등을 제시하는지 평가하고, 인권 친화적 태도를 형성하였는지 평가한다."
5~6,사회,유적과 유물로 살펴본 옛 사람들의 생활,"⋅시대에 따라 지역, 교통⋅통신, 풍습 등 생활 모습이 달라진다.
⋅과거의 모습을 보여주는 자료는 역사의 증거로 활용된다. 
⋅일상생활 속 과거에 관심을 가짐으로써 자신을 역사적 존재로 인식한다. 
⋅각 시대의 모습에는 당시 사람들의 생활상과 사고방식이 반영된다. 
⋅역사 정보나 자료의 분석⋅해석⋅판단을 통해 역사 지식을 형성한다.
⋅역사 문제를 해결하면서 역사적 주체로서 실천하는 태도를 갖는다.",6사04-01,선사 시대와 고조선의 유적과 유물을 활용하여 당시 사람들의 생활을 추론한다.,"선사 시대와 고조선의 유적과 유물을 선정하여 특징을 분석하고, 이를 통해 당시 사람들의 생활 모습을 추론할 수 있다. ",선사 시대와 고조선의 유적과 유물을 조사하여 당시 사람들의 생활 모습을 설명할 수 있다. ,선사 시대와 고조선의 유적과 유물에 나타난 당시 사람들의 생활 모습을 짐작하여 말할 수 있다.,[6사04-01]은 선사 시대와 고조선의 유적과 유물을 활용하여 당시 사람들의 생활 모습을 추론하도록 설정한 것이다. 당시 사람들의 생활을 추론하는 데 적절한 유적과 유물 등을 선정하여 탐구 과정을 경험하도록 한다. ,"• 유적과 유물, 역사 기록을 활용한 탐구 과정을 경험하며 당시 사회 모습과 사람들의 생활 모습을 파악하는 데 중점을 둔다. 
• 학생들이 역사 지식에 대해 질문을 하고 답을 찾아가는 과정을 경험하도록 학습 주제에 따라 적절한 역사 탐구 방법을 안내한다. 이 과정에서 역사적 관점에 따라 당시 모습을 다르게 해석할 수 있음을 파악하도록 한다.
• 종교, 성별, 신분, 교류 등과 관련 있는 자료를 탐구하며 당시 사회 모습과 사람들의 생활을 시대적 맥락에 맞게 파악하는지 평가한다. "
5~6,사회,유적과 유물로 살펴본 옛 사람들의 생활,"⋅시대에 따라 지역, 교통⋅통신, 풍습 등 생활 모습이 달라진다.
⋅과거의 모습을 보여주는 자료는 역사의 증거로 활용된다. 
⋅일상생활 속 과거에 관심을 가짐으로써 자신을 역사적 존재로 인식한다. 
⋅각 시대의 모습에는 당시 사람들의 생활상과 사고방식이 반영된다. 
⋅역사 정보나 자료의 분석⋅해석⋅판단을 통해 역사 지식을 형성한다.
⋅역사 문제를 해결하면서 역사적 주체로서 실천하는 태도를 갖는다.",6사04-02,역사 기록이나 유적과 유물에 나타난 고대 사람들의 생각과 생활을 추론한다.,"고대의 역사 기록이나 유적과 유물을 선정하여 특징을 분석하고, 이를 통해 고대 사람들의 생각과 생활 모습을 추론할 수 있다. ",고대의 역사 기록이나 유적과 유물을 조사하여 고대 사람들의 생각과 생활 모습을 설명할 수 있다. ,고대의 역사 기록이나 유적과 유물에 나타난 고대 사람들의 생각과 생활 모습을 짐작하여 말할 수 있다.,"[6사04-02]는 고대의 역사 기록이나 유적과 유물을 활용하여 당시 사람들의 생각이나 생활 모습을 추론하기 위해 설정한 것이다. 󰡔삼국사기󰡕, 󰡔삼국유사󰡕 등 역사 기록이나 삼국⋅가야⋅통일신라⋅발해 사람들의 생각과 생활 모습이 드러난 유적과 유물을 탐구하여 고대 사회의 여러 면모를 알아본다.","• 유적과 유물, 역사 기록을 활용한 탐구 과정을 경험하며 당시 사회 모습과 사람들의 생활 모습을 파악하는 데 중점을 둔다. 
• 학생들이 역사 지식에 대해 질문을 하고 답을 찾아가는 과정을 경험하도록 학습 주제에 따라 적절한 역사 탐구 방법을 안내한다. 이 과정에서 역사적 관점에 따라 당시 모습을 다르게 해석할 수 있음을 파악하도록 한다.
• 종교, 성별, 신분, 교류 등과 관련 있는 자료를 탐구하며 당시 사회 모습과 사람들의 생활을 시대적 맥락에 맞게 파악하는지 평가한다. "
5~6,사회,유적과 유물로 살펴본 옛 사람들의 생활,"⋅시대에 따라 지역, 교통⋅통신, 풍습 등 생활 모습이 달라진다.
⋅과거의 모습을 보여주는 자료는 역사의 증거로 활용된다. 
⋅일상생활 속 과거에 관심을 가짐으로써 자신을 역사적 존재로 인식한다. 
⋅각 시대의 모습에는 당시 사람들의 생활상과 사고방식이 반영된다. 
⋅역사 정보나 자료의 분석⋅해석⋅판단을 통해 역사 지식을 형성한다.
⋅역사 문제를 해결하면서 역사적 주체로서 실천하는 태도를 갖는다.",6사04-03,다양한 역사 자료를 활용하여 고려 시대 사회 모습과 사람들의 생활을 추론한다.,"고려 시대의 다양한 역사 자료를 선정하여 특징을 분석하고, 이를 통해 고려 시대의 사회 모습과 사람들의 생활 모습을 추론할 수 있다. ",고려 시대의 다양한 역사 자료를 조사하여 고려 시대의 사회 모습과 사람들의 생활 모습을 설명할 수 있다. ,고려 시대의 역사 자료에 나타난 고려 시대의 사회 모습과 사람들의 생활 모습을 짐작하여 말할 수 있다.,"[6사04-03]은 유적과 유물, 역사 기록 등 여러 자료를 활용하여 고려 시대 사회 모습과 사람들의 생활을 탐구하도록 설정한 것이다. 종교, 성별, 신분, 교류 등과 관련된 내용 중에서 고려 시대 사회 모습과 사람들의 생활을 보여주는 주제를 선택하여 살펴본다. ","• 유적과 유물, 역사 기록을 활용한 탐구 과정을 경험하며 당시 사회 모습과 사람들의 생활 모습을 파악하는 데 중점을 둔다. 
• 학생들이 역사 지식에 대해 질문을 하고 답을 찾아가는 과정을 경험하도록 학습 주제에 따라 적절한 역사 탐구 방법을 안내한다. 이 과정에서 역사적 관점에 따라 당시 모습을 다르게 해석할 수 있음을 파악하도록 한다.
• 종교, 성별, 신분, 교류 등과 관련 있는 자료를 탐구하며 당시 사회 모습과 사람들의 생활을 시대적 맥락에 맞게 파악하는지 평가한다. "
5~6,사회,"달라지는 시대, 변화하는 생활 모습","⋅시대에 따라 지역, 교통⋅통신, 풍습 등 생활 모습이 달라진다.
⋅과거의 모습을 보여주는 자료는 역사의 증거로 활용된다. 
⋅일상생활 속 과거에 관심을 가짐으로써 자신을 역사적 존재로 인식한다. 
⋅각 시대의 모습에는 당시 사람들의 생활상과 사고방식이 반영된다. 
⋅역사 정보나 자료의 분석⋅해석⋅판단을 통해 역사 지식을 형성한다.
⋅역사 문제를 해결하면서 역사적 주체로서 실천하는 태도를 갖는다.",6사05-01,조선 시대 사람들의 생각과 생활에 유교 문화가 미친 영향을 파악한다.,유교 문화가 조선 시대 사람들의 생각과 생활 모습에 미친 영향을 다양한 사례에 관한 분석을 통해 도출할 수 있다.,유교 문화가 조선 시대 사람들의 생각과 생활 모습에 미친 영향을 사례를 들어 설명할 수 있다.,유교 문화가 조선 시대 사람들의 생각과 생활 모습에 영향을 주었음을 인식할 수 있다. ,[6사05-01]은 유교 문화가 정착되는 과정에서 조선 시대 사람들의 생각과 생활이 어떻게 달라졌는지를 여러 분야에서 파악하도록 설정한 것이다. 유교 문화가 조선 사회에 미친 영향을 다양한 사례를 중심으로 탐구하는 데 초점을 둔다. ,"• [6사05-01]은 조선 전기부터 조선 후기까지 유교 문화가 조선 사회에 미친 영향을 파악하는 데 중점을 둔다.
• 유교 문화, 조선 후기 사회⋅문화적 변화 및 개항기 근대 문물 수용 과정과 관련 있는 내용 중에서 당시 사람들의 생각과 생활을 보여주는 주제를 선택하여 살펴본다. 
• 조선 후기 사회⋅문화적 변화와 근대 문물의 수용 과정에서 사람들의 생각과 생활이 변화되었음을 다양한 자료를 통해 파악한다.
• 유교 문화가 조선 시대 사람들의 생각과 생활에 미친 영향과 조선 후기 사회⋅문화적 변화 및 근대 문물 수용 과정에서 달라진 생활 모습을 설명할 수 있는지 평가한다."
5~6,사회,"달라지는 시대, 변화하는 생활 모습","⋅시대에 따라 지역, 교통⋅통신, 풍습 등 생활 모습이 달라진다.
⋅과거의 모습을 보여주는 자료는 역사의 증거로 활용된다. 
⋅일상생활 속 과거에 관심을 가짐으로써 자신을 역사적 존재로 인식한다. 
⋅각 시대의 모습에는 당시 사람들의 생활상과 사고방식이 반영된다. 
⋅역사 정보나 자료의 분석⋅해석⋅판단을 통해 역사 지식을 형성한다.
⋅역사 문제를 해결하면서 역사적 주체로서 실천하는 태도를 갖는다.",6사05-02,조선 후기 사회⋅문화적 변화와 개항기 근대 문물 수용 과정에서 달라진 사람들의 생활을 이해한다.,조선 후기 사회･문화적 변화와 개항기 근대 문물 수용 과정을 보여주는 사례를 선정하고 분석하여 사람들의 달라진 생활 모습을 도출할 수 있다. ,조선 후기 사회･문화적 변화와 개항기 근대 문물 수용 과정을 조사하여 사람들의 달라진 생활 모습을 설명할 수 있다.,조선 후기 사회･문화적 변화와 개항기 근대 문물 수용 과정을 살펴보며 사람들의 생활 모습이 달라졌음을 인식할 수 있다. ,"[6사05-02]는 조선 후기 사회⋅문화적 변화 양상과 개항 이후 근대 문물 수용으로 달라진 생활 모습을 이해하도록 설정한 것이다. 조선 후기 새로운 문화 주체로 등장한 사람들의 활동을 살펴보고 개항 이후 근대 문물의 수용, 변형 등을 파악한다.","• 유교 문화, 조선 후기 사회⋅문화적 변화 및 개항기 근대 문물 수용 과정과 관련 있는 내용 중에서 당시 사람들의 생각과 생활을 보여주는 주제를 선택하여 살펴본다. 
• 조선 후기 사회⋅문화적 변화와 근대 문물의 수용 과정에서 사람들의 생각과 생활이 변화되었음을 다양한 자료를 통해 파악한다.
• 유교 문화가 조선 시대 사람들의 생각과 생활에 미친 영향과 조선 후기 사회⋅문화적 변화 및 근대 문물 수용 과정에서 달라진 생활 모습을 설명할 수 있는지 평가한다."
5~6,사회,"식민 통치와 저항, 전쟁이 바꾼 사회와 생활","⋅시대에 따라 지역, 교통⋅통신, 풍습 등 생활 모습이 달라진다.
⋅과거의 모습을 보여주는 자료는 역사의 증거로 활용된다. 
⋅일상생활 속 과거에 관심을 가짐으로써 자신을 역사적 존재로 인식한다. 
⋅각 시대의 모습에는 당시 사람들의 생활상과 사고방식이 반영된다. 
⋅역사 정보나 자료의 분석⋅해석⋅판단을 통해 역사 지식을 형성한다.
⋅역사 문제를 해결하면서 역사적 주체로서 실천하는 태도를 갖는다.",6사06-01,일제의 식민 통치와 이에 대한 저항이 사회와 생활에 미친 영향을 이해한다.,일제의 식민 통치와 이에 대한 저항이 사회와 사람들의 생활 모습에 미친 영향을 다양한 사례를 통해 분석할 수 있다. ,일제의 식민 통치와 이에 대한 저항이 사회와 사람들의 생활 모습에 미친 영향을 사례를 들어 설명할 수 있다.,일제의 식민 통치와 이에 대한 저항으로 인해 사회와 사람들의 생활 모습이 달라졌음을 인식할 수 있다. ,"[6사06-01]은 일제 식민 통치와 국권 회복을 위한 저항으로 달라진 사회와 식민 통치하에 사람들의 생활 모습을 알아보도록 설정한 것이다. 3⋅1 운동 등 일제에 대한 저항을 알아보고, 이로 인해 달라진 사회 변화와 사람들의 생활을 사례를 중심으로 살펴본다.","• 일제에 저항한 사건들을 시간 순서대로 나열하여 다루기보다, 구체적인 사례로 당시 사회와 사람들의 생활을 깊이 있게 탐구하는 데 중점을 둔다. 
• 일제가 식민 통치에 근대 문물을 어떻게 활용하였는지 살펴봄으로써 식민 통치라는 제약 속에서 근대 문물이 어떻게 해석⋅변형되었는지 알아본다.
• 6⋅25 전쟁을 학습할 때 전쟁의 원인 등 당시 상황을 파악할 수 있는 사진이나 영상, 기록 등 학생 수준에 적절한 자료를 선정하여 살펴본다. 
• 8⋅15 광복부터 6⋅25 전쟁에 이르는 역사 사건들을 연대기 순서대로 나열하여 다루기보다 광복과 전쟁이 당시 사회와 생활에 미친 영향을 탐색하는 데 중점을 두고 이를 평가한다. "
5~6,사회,"식민 통치와 저항, 전쟁이 바꾼 사회와 생활","⋅시대에 따라 지역, 교통⋅통신, 풍습 등 생활 모습이 달라진다.
⋅과거의 모습을 보여주는 자료는 역사의 증거로 활용된다. 
⋅일상생활 속 과거에 관심을 가짐으로써 자신을 역사적 존재로 인식한다. 
⋅각 시대의 모습에는 당시 사람들의 생활상과 사고방식이 반영된다. 
⋅역사 정보나 자료의 분석⋅해석⋅판단을 통해 역사 지식을 형성한다.
⋅역사 문제를 해결하면서 역사적 주체로서 실천하는 태도를 갖는다.",6사06-02,8⋅15 광복과 6⋅25 전쟁이 사회와 생활에 미친 영향을 파악한다.,8･15 광복과 6･25 전쟁이 사회와 사람들의 생활 모습에 미친 영향을 다양한 사례를 통해 분석할 수 있다. ,8･15 광복과 6･25 전쟁이 사회와 사람들의 생활 모습에 미친 영향을 사례를 들어 설명할 수 있다. ,8･15 광복과 6･25 전쟁으로 인해 사회와 사람들의 생활 모습이 달라졌음을 인식할 수 있다. ,"[6사06-02]는 8⋅15 광복과 6⋅25 전쟁이 사회와 사람들의 생활에 가져온 변화를 살펴보도록 설정한 것이다. 8⋅15 광복과 6⋅25 전쟁을 알아보고, 성별, 연령, 계층 등 사람들의 생활과 사회 전반에 미친 영향을 구체적 사례로 파악한 후 오늘날까지 영향을 미치고 있음을 이해한다.","• 일제에 저항한 사건들을 시간 순서대로 나열하여 다루기보다, 구체적인 사례로 당시 사회와 사람들의 생활을 깊이 있게 탐구하는 데 중점을 둔다. 
• 일제가 식민 통치에 근대 문물을 어떻게 활용하였는지 살펴봄으로써 식민 통치라는 제약 속에서 근대 문물이 어떻게 해석⋅변형되었는지 알아본다.
• 6⋅25 전쟁을 학습할 때 전쟁의 원인 등 당시 상황을 파악할 수 있는 사진이나 영상, 기록 등 학생 수준에 적절한 자료를 선정하여 살펴본다. 
• 8⋅15 광복부터 6⋅25 전쟁에 이르는 역사 사건들을 연대기 순서대로 나열하여 다루기보다 광복과 전쟁이 당시 사회와 생활에 미친 영향을 탐색하는 데 중점을 두고 이를 평가한다. "
5~6,사회,"평화 통일을 위한 노력, 민주화와 산업화","⋅민주주의의 이념과 원리를 실현하기 위해서는 제도와 의식의 개선이 필요하다.
⋅다양한 정치 주체가 정치과정에 참여하며, 민주주의는 여러 제도와 시민 참여를 통해 실현된다.
⋅국제 사회에는 여러 행위 주체가 활동하며, 우리나라를 비롯한 국제 사회의 행위 주체는 다양한 국제 문제 해결을 위해 노력한다.",6사07-01,"분단으로 나타난 문제점과 분단과 관련된 장소를 평화의 장소로 만들려는 노력 등을 알아보고, 평화 통일을 위해 우리가 할 수 있는 일을 탐색한다.","분단으로 인해 나타난 문제점 및 분단과 관련된 장소를 평화의 장소로 만들려는 노력 등을 탐구하며, 평화 통일을 위해 할 수 있는 활동을 제안하고 참여할 수 있다. ","분단으로 인해 나타난 문제점 및 분단과 관련된 장소를 평화의 장소로 만들려는 노력 등을 조사하며, 평화 통일을 위해 우리가 할 수 있는 활동을 제안할 수 있다. ","분단으로 인해 나타난 문제점 및 분단과 관련된 장소를 평화의 장소로 만들려는 노력 등을 살펴보며, 평화 통일의 필요성을 인식할 수 있다.","[6사07-01]은 분단으로 나타난 문제점과 평화 통일을 위한 과제를 탐색하도록 설정한 것이다. 분단이 사회와 사람들의 생활에 미친 영향을 알아보고, 분단과 관련된 장소를 평화의 장소로 만들려는 사람들의 노력을 살펴본다. 그리고 평화 통일의 필요성을 인식하고 이를 위해 우리가 할 수 있는 일을 탐색한다.","• 전쟁과 관련 있는 장소 및 기념관, 박물관 등을 온오프라인으로 방문하여 전시물을 분석하고, 전쟁으로 인한 인권 유린 및 생태환경의 파괴, 분단으로 발생한 사회문제 등을 이해한다.
• 여러 역사 주체(성별, 연령, 계층 등)의 경험을 바탕으로 사회 전반에 걸쳐 진행된 민주화와 산업화를 파악한다.
• 산업화와 관련 있는 사람들의 생활 모습을 다룰 때는 산업화의 성과와 한계점을 함께 살펴본다. 
• 평화 통일을 위한 노력, 민주화, 산업화와 관련 내용은 사회 참여나 실천을 포함하여 다양한 방식으로 평가한다."
5~6,사회,"평화 통일을 위한 노력, 민주화와 산업화","⋅민주주의의 이념과 원리를 실현하기 위해서는 제도와 의식의 개선이 필요하다.
⋅다양한 정치 주체가 정치과정에 참여하며, 민주주의는 여러 제도와 시민 참여를 통해 실현된다.
⋅국제 사회에는 여러 행위 주체가 활동하며, 우리나라를 비롯한 국제 사회의 행위 주체는 다양한 국제 문제 해결을 위해 노력한다.",6사07-02,민주화와 산업화로 인해 달라진 생활 문화를 사례를 들어 이해한다.,민주화와 산업화로 인해 달라진 사람들의 생활 문화를 다양한 사례를 통해 분석할 수 있다. ,민주화와 산업화로 인해 달라진 사람들의 생활 문화를 사례를 들어 설명할 수 있다.,민주화와 산업화로 인해 사람들의 생활 문화가 변화되었음을 인식할 수 있다. ,"[6사07-02]는 민주화, 산업화가 사람들의 생활과 어떤 관계가 있는지 알아보도록 설정한 것이다. 사회적인 강압이나 통제에서 벗어나기 위해 노력한 다양한 분야 사람들의 모습과 산업화로 달라진 사람들의 생활을 여러 사례를 중심으로 이해한다. ","• 전쟁과 관련 있는 장소 및 기념관, 박물관 등을 온오프라인으로 방문하여 전시물을 분석하고, 전쟁으로 인한 인권 유린 및 생태환경의 파괴, 분단으로 발생한 사회문제 등을 이해한다.
• 여러 역사 주체(성별, 연령, 계층 등)의 경험을 바탕으로 사회 전반에 걸쳐 진행된 민주화와 산업화를 파악한다.
• 산업화와 관련 있는 사람들의 생활 모습을 다룰 때는 산업화의 성과와 한계점을 함께 살펴본다. 
• 평화 통일을 위한 노력, 민주화, 산업화와 관련 내용은 사회 참여나 실천을 포함하여 다양한 방식으로 평가한다."
5~6,사회,민주주의와 시민 참여,"⋅민주주의의 이념과 원리를 실현하기 위해서는 제도와 의식의 개선이 필요하다.
⋅다양한 정치 주체가 정치과정에 참여하며, 민주주의는 여러 제도와 시민 참여를 통해 실현된다.
⋅국제 사회에는 여러 행위 주체가 활동하며, 우리나라를 비롯한 국제 사회의 행위 주체는 다양한 국제 문제 해결을 위해 노력한다.",6사08-01,"민주주의에서 선거의 의미와 역할을 파악하고, 시민의 주권 행사를 위해 선거에 참여하는 태도를 기른다.","사례를 통해 민주주의에서 선거의 의미와 역할을 분석하고, 시민의 주권 행사를 위해 선거에 관심을 갖고 선거 과정에 참여할 수 있다. ","민주주의에서 선거의 의미와 역할을 설명하고, 시민의 주권 행사를 위해 선거 과정에 참여하기 위해 노력할 수 있다. ","선거의 의미와 역할을 제시하고, 선거 과정에 관심을 가진다. ",[6사08-01]은 민주주의에서 시민의 주권 행사의 한 방법으로써 선거의 역할과 중요성을 파악하도록 설정한 것이다. 이를 바탕으로 선거에 주체적으로 참여하는 태도를 형성하는 데 중점을 둔다. ,"• 국회의원, 대통령 선거 같은 사례에서 시민이 직접 주권을 행사하는 선거의 중요성을 인식하고 선거 과정에 능동적으로 참여하는 태도를 형성하는 데 중점을 둔다.
• 국회, 행정부, 법원의 권한을 나열하기보다는 사례를 통해 국가기관이 시민의 권리 보장과 공익의 실현을 위해 하는 일을 파악하고, 권력 분립을 위반한 사례를 통해 민주주의에서 국가기관 간 상호 견제와 균형을 이루게 하는 이유와 중요성을 인식하는 데 초점을 맞춘다.
• 전통적인 언론과 소셜 미디어를 포함하여 여러 가지 미디어에서 찾을 수 있는 거짓 또는 왜곡된 정보나 내용(소위 가짜 뉴스, 허위 사실 유포 등)에서 학생들이 누가 무엇을 어떻게 왜곡, 과장, 생략 등을 했는지 비판적으로 분석하는 활동을 통해 미디어에 대한 비판적 사고력을 기르도록 한다. 이런 활동에서 학생이 미디어의 내용을 비판적으로 받아들이고 올바르게 이용하는 능력과 태도를 함양하는 데 중점을 둔다. 
• 민주주의의 의미와 특성에 기초하여 선거의 중요성을 인식하고 선거에 적극 참여하는 태도가 형성되었는지 평가하도록 한다.
• 학생이 객관적인 근거를 바탕으로 미디어의 내용을 비판적으로 분석하였는지 평가하고, 미디어를 올바르게 이용하는 태도가 형성되는지를 평가하도록 한다. "
5~6,사회,민주주의와 시민 참여,"⋅민주주의의 이념과 원리를 실현하기 위해서는 제도와 의식의 개선이 필요하다.
⋅다양한 정치 주체가 정치과정에 참여하며, 민주주의는 여러 제도와 시민 참여를 통해 실현된다.
⋅국제 사회에는 여러 행위 주체가 활동하며, 우리나라를 비롯한 국제 사회의 행위 주체는 다양한 국제 문제 해결을 위해 노력한다.",6사08-02,"민주 국가에서 국회, 행정부, 법원이 하는 일에 대해 이해하고, 각 국가기관의 권력을 분립하는 이유를 탐색한다.","민주 국가에서 국회, 행정부, 법원이 하는 일에 대해 분석하고, 각 국가기관의 권력을 분립하는 이유를 도출할 수 있다.","우리나라에서 국회, 행정부, 법원이 하는 일에 대해 조사하고, 각 국가기관의 권력을 분립하는 이유를 설명할 수 있다.","우리나라에서 국회, 행정부, 법원이 하는 일을 제시하고, 각 국가기관의 권력을 분립해야 함을 파악할 수 있다. ","[6사08-02]는 우리나라 민주주의에서 국회, 행정부, 법원이 하는 일을 이해하도록 설정한 것이다. 이를 바탕으로 시민의 자유와 권리 보장 측면에서 권력 분립의 이유를 파악하는 데 중점을 둔다. ","• 국회의원, 대통령 선거 같은 사례에서 시민이 직접 주권을 행사하는 선거의 중요성을 인식하고 선거 과정에 능동적으로 참여하는 태도를 형성하는 데 중점을 둔다.
• 국회, 행정부, 법원의 권한을 나열하기보다는 사례를 통해 국가기관이 시민의 권리 보장과 공익의 실현을 위해 하는 일을 파악하고, 권력 분립을 위반한 사례를 통해 민주주의에서 국가기관 간 상호 견제와 균형을 이루게 하는 이유와 중요성을 인식하는 데 초점을 맞춘다.
• 전통적인 언론과 소셜 미디어를 포함하여 여러 가지 미디어에서 찾을 수 있는 거짓 또는 왜곡된 정보나 내용(소위 가짜 뉴스, 허위 사실 유포 등)에서 학생들이 누가 무엇을 어떻게 왜곡, 과장, 생략 등을 했는지 비판적으로 분석하는 활동을 통해 미디어에 대한 비판적 사고력을 기르도록 한다. 이런 활동에서 학생이 미디어의 내용을 비판적으로 받아들이고 올바르게 이용하는 능력과 태도를 함양하는 데 중점을 둔다. 
• 민주주의의 의미와 특성에 기초하여 선거의 중요성을 인식하고 선거에 적극 참여하는 태도가 형성되었는지 평가하도록 한다.
• 학생이 객관적인 근거를 바탕으로 미디어의 내용을 비판적으로 분석하였는지 평가하고, 미디어를 올바르게 이용하는 태도가 형성되는지를 평가하도록 한다. "
5~6,사회,민주주의와 시민 참여,"⋅민주주의의 이념과 원리를 실현하기 위해서는 제도와 의식의 개선이 필요하다.
⋅다양한 정치 주체가 정치과정에 참여하며, 민주주의는 여러 제도와 시민 참여를 통해 실현된다.
⋅국제 사회에는 여러 행위 주체가 활동하며, 우리나라를 비롯한 국제 사회의 행위 주체는 다양한 국제 문제 해결을 위해 노력한다.",6사08-03,"민주주의에서 미디어의 의미와 역할을 이해하고, 여러 가지 미디어의 내용을 비판적으로 분석하여 올바르게 이용하는 태도를 기른다.","민주주의에서 미디어의 의미와 역할을 설명하고, 여러 가지 사례 속 미디어의 내용을 비판적으로 분석하여 미디어 이용에 대해 올바른 태도를 가지고 실천할 수 있다. ","민주주의에서 미디어의 의미와 역할을 설명하고, 여러 가지 사례 속 미디어의 내용을 비판적으로 파악하여 미디어를 올바르게 이용하고자 노력한다. ","민주주의에서 미디어의 의미와 역할을 제시하고, 미디어를 올바르게 이용하는 태도를 가진다. ","[6사08-03]은 민주주의에서 신문, 방송, 사회 관계망 서비스(SNS) 같은 미디어가 하는 역할을 파악하고, 미디어가 제공한 거짓 또는 왜곡된 정보와 내용 등을 찾아 비판적으로 분석하고 평가하도록 설정한 것이다. 이런 비판적 분석을 통해 미디어를 올바르게 이용하는 능력을 함양하는 데 초점을 맞춘다.","• 국회의원, 대통령 선거 같은 사례에서 시민이 직접 주권을 행사하는 선거의 중요성을 인식하고 선거 과정에 능동적으로 참여하는 태도를 형성하는 데 중점을 둔다.
• 국회, 행정부, 법원의 권한을 나열하기보다는 사례를 통해 국가기관이 시민의 권리 보장과 공익의 실현을 위해 하는 일을 파악하고, 권력 분립을 위반한 사례를 통해 민주주의에서 국가기관 간 상호 견제와 균형을 이루게 하는 이유와 중요성을 인식하는 데 초점을 맞춘다.
• 전통적인 언론과 소셜 미디어를 포함하여 여러 가지 미디어에서 찾을 수 있는 거짓 또는 왜곡된 정보나 내용(소위 가짜 뉴스, 허위 사실 유포 등)에서 학생들이 누가 무엇을 어떻게 왜곡, 과장, 생략 등을 했는지 비판적으로 분석하는 활동을 통해 미디어에 대한 비판적 사고력을 기르도록 한다. 이런 활동에서 학생이 미디어의 내용을 비판적으로 받아들이고 올바르게 이용하는 능력과 태도를 함양하는 데 중점을 둔다. 
• 민주주의의 의미와 특성에 기초하여 선거의 중요성을 인식하고 선거에 적극 참여하는 태도가 형성되었는지 평가하도록 한다.
• 학생이 객관적인 근거를 바탕으로 미디어의 내용을 비판적으로 분석하였는지 평가하고, 미디어를 올바르게 이용하는 태도가 형성되는지를 평가하도록 한다. "
5~6,사회,"지구, 대륙 그리고 국가들","⋅지표상에 분포하는 모든 사건과 현상은 절대적, 상대적 위치와 다양한 규모의 영역을 차지한다.
⋅장소는 다른 장소와 차별되는 자연적⋅인문적 성격을 지니며, 특정 장소에 따른 장소감은 개인이나 집단에 따라 다양하다.
⋅지표 세계는 장소적 성격의 동질성, 기능적 상호 관련성, 지역민의 인지 등의 측면에서 다양하게 구분되며, 이렇게 구분된 지역은 고유한 지역성이 나타난다. 
⋅지도를 비롯한 다양한 공간자료와 도구를 통한 지리 정보 수집은 장소와 지역의 여러 현상과 사건을 분석하고 해석하며 추론하는 데 필수적이다.",6사09-01,"세계를 표현하는 다양한 공간 자료의 특징을 이해하고, 지구본과 세계지도에서 위치를 표현하는 방법을 익힌다.","세계를 표현하는 다양한 공간자료의 특징을 분석하고, 지구본과 세계지도에서 경도와 위도를 이용하여 위치를 표현할 수 있다.","세계를 표현하는 다양한 공간자료의 특징을 제시하고, 지구본과 세계지도에서 경도와 위도의 의미를 설명할 수 있다. ","세계를 표현하는 다양한 공간자료를 찾아보고, 지구본과 세계지도에서 경도와 위도를 구분할 수 있다.","[6사09-01]은 지구본, 세계지도뿐만 아니라 디지털 공간 영상 정보 등 다양한 공간 자료의 특성을 이해하고 이를 활용하여 세계에 대한 기초적인 지리 정보를 획득하려고 설정한 것이다. 여기서는 경⋅위도의 의미를 이해하고, 이를 활용하여 위치를 표현하는 방법을 익히도록 한다. ","• 디지털 공간 영상 정보를 활용하여 세계지도(평면)와 지구본(입체)의 차이를 이해함으로써 세계에 대한 인식의 왜곡을 줄이도록 유의한다. 대륙과 대양 및 여러 국가의 영토 특징을 파악할 때 평면적 공간 도구뿐 아니라 입체적 공간 도구를 활용하도록 한다. 
• 세계지리 학습에서는 세계에 대한 지식 이외에도 도해력을 포함한 다양한 지리적 기능(지구본에서 경도와 위도 특성 알아내기, 세계 백지도 완성하기, 지도 퍼즐 맞추기 등)의 학습 기회를 제공한다.
• 위도와 경도를 이해하기 위해 사례를 중심으로 탐구한다. 경도와 관련하여 단순히 시차 계산보다는 대중매체, 문학작품, 여행 경험 등 생활 주변 소재를 중심으로 시차의 의미를 파악하며, 표준경선의 역할, 시차를 이용한 지역 간 교류 등을 논의할 수 있다. 위도별 기후 분포는 [6사10-02]에서 본격적으로 학습하고, 여기서는 위도(저위도, 고위도, 중위도)에 따른 일사량의 차이(밤낮의 길이), 북반구와 남반구의 계절 차이 정도를 파악하도록 한다.
• 세계 여러 나라 중에서 국제적인 위상, 우리나라와의 관계 등을 고려하여 우리나라와 정치⋅경제⋅문화면에서 밀접한 관계를 맺고 있는 국가들을 사례로 선정할 수 있으며, 그 국가들의 위치와 영토를 파악하여 기초적인 지리 정보를 이해하도록 한다. 
• 생소한 지명들을 열거하고 이를 암기하기보다는 세계의 대륙과 대양, 여러 국가 등을 다양한 공간 도구를 통해 파악하도록 하며, 이를 통해 다양한 지도 읽기, 위치 표현 방법 등의 도해력을 평가할 수 있다."
5~6,사회,"지구, 대륙 그리고 국가들","⋅지표상에 분포하는 모든 사건과 현상은 절대적, 상대적 위치와 다양한 규모의 영역을 차지한다.
⋅장소는 다른 장소와 차별되는 자연적⋅인문적 성격을 지니며, 특정 장소에 따른 장소감은 개인이나 집단에 따라 다양하다.
⋅지표 세계는 장소적 성격의 동질성, 기능적 상호 관련성, 지역민의 인지 등의 측면에서 다양하게 구분되며, 이렇게 구분된 지역은 고유한 지역성이 나타난다. 
⋅지도를 비롯한 다양한 공간자료와 도구를 통한 지리 정보 수집은 장소와 지역의 여러 현상과 사건을 분석하고 해석하며 추론하는 데 필수적이다.",6사09-02,"세계 주요 대륙과 대양을 파악하고, 우리나라 및 세계 여러 국가의 위치와 영토의 특징을 이해한다.","세계 주요 대륙과 대양의 위치를 설명하고, 우리나라 및 세계 여러 국가의 위치와 영토의 특징을 분석할 수 있다. ","세계 주요 대륙과 대양의 위치를 찾고, 우리나라 및 세계 여러 국가의 위치와 영토의 특징을 설명할 수 있다. ","세계 주요 대륙과 대양의 위치를 알아보고, 여러 국가의 위치와 영토의 특징을 말할 수 있다. ",[6사09-02]는 위치가 갖는 중요성을 인식하여 지구본과 세계지도에서 세계의 대륙 및 대양의 위치를 파악하도록 설정한 것이다. 세계 여러 국가의 위치와 영토의 형상 등 기초적인 지리 정보를 획득하는 데 주안점을 둔다.,"• 디지털 공간 영상 정보를 활용하여 세계지도(평면)와 지구본(입체)의 차이를 이해함으로써 세계에 대한 인식의 왜곡을 줄이도록 유의한다. 대륙과 대양 및 여러 국가의 영토 특징을 파악할 때 평면적 공간 도구뿐 아니라 입체적 공간 도구를 활용하도록 한다. 
• 세계지리 학습에서는 세계에 대한 지식 이외에도 도해력을 포함한 다양한 지리적 기능(지구본에서 경도와 위도 특성 알아내기, 세계 백지도 완성하기, 지도 퍼즐 맞추기 등)의 학습 기회를 제공한다.
• 위도와 경도를 이해하기 위해 사례를 중심으로 탐구한다. 경도와 관련하여 단순히 시차 계산보다는 대중매체, 문학작품, 여행 경험 등 생활 주변 소재를 중심으로 시차의 의미를 파악하며, 표준경선의 역할, 시차를 이용한 지역 간 교류 등을 논의할 수 있다. 위도별 기후 분포는 [6사10-02]에서 본격적으로 학습하고, 여기서는 위도(저위도, 고위도, 중위도)에 따른 일사량의 차이(밤낮의 길이), 북반구와 남반구의 계절 차이 정도를 파악하도록 한다.
• 세계 여러 나라 중에서 국제적인 위상, 우리나라와의 관계 등을 고려하여 우리나라와 정치⋅경제⋅문화면에서 밀접한 관계를 맺고 있는 국가들을 사례로 선정할 수 있으며, 그 국가들의 위치와 영토를 파악하여 기초적인 지리 정보를 이해하도록 한다. 
• 생소한 지명들을 열거하고 이를 암기하기보다는 세계의 대륙과 대양, 여러 국가 등을 다양한 공간 도구를 통해 파악하도록 하며, 이를 통해 다양한 지도 읽기, 위치 표현 방법 등의 도해력을 평가할 수 있다."
5~6,사회,세계의 자연환경,"⋅지표상에 분포하는 모든 사건과 현상은 절대적, 상대적 위치와 다양한 규모의 영역을 차지한다.
⋅장소는 다른 장소와 차별되는 자연적⋅인문적 성격을 지니며, 특정 장소에 따른 장소감은 개인이나 집단에 따라 다양하다.
⋅지표 세계는 장소적 성격의 동질성, 기능적 상호 관련성, 지역민의 인지 등의 측면에서 다양하게 구분되며, 이렇게 구분된 지역은 고유한 지역성이 나타난다. 
⋅지도를 비롯한 다양한 공간자료와 도구를 통한 지리 정보 수집은 장소와 지역의 여러 현상과 사건을 분석하고 해석하며 추론하는 데 필수적이다.",6사10-01,"세계의 여러 지역의 지형 경관을 살펴보고, 이를 통해 다양한 삶의 모습을 이해한다.","세계 여러 지역의 지형 경관의 특징을 분석하고, 세계 여러 지역에서 나타나는 다양한 삶의 모습을 탐구할 수 있다.","세계 여러 지역의 지형 경관을 조사하고, 다양한 삶의 모습을 설명할 수 있다. ","세계 여러 지역의 지형 경관의 특징을 제시하고, 삶의 모습이 다양함을 말할 수 있다. ","[6사10-01]은 세계적으로 유명한 산지, 하천, 해안 지역 등의 경관 특징과 그곳에서 살아가는 사람들의 생활 모습에서 세계 여러 지역의 다양성을 이해하도록 설정한 것이다. 여기서는 우리와 다른 지역의 생활 모습에 관심을 갖는 데 주안점을 둔다. ","• 광활하고 경이로운 지형 경관이 나타나는 사례 지역을 중심으로 관광산업의 발달과 이에 따른 긍정적⋅부정적 영향을 균형적 시각으로 학습하도록 유의한다.
• 세계적으로 유명하거나 학생이 가보고 싶은 지형 경관 학습을 위해 텍스트 자료뿐만 아니라 지도나 시청각 자료(사진, 영상 등)의 활용도를 높임으로써 직접 경험하지 않은 곳에 대한 감각을 기를 수 있도록 한다.
• 학생들의 사고력 수준을 고려하여 기후 지역을 지나치게 세분하여 가르치지 않도록 주의한다. 기후 지역은 1차적으로 열대, 건조, 온대, 냉대, 한대, 고산 기후로 구분할 수 있다. 다만, 강수 패턴의 다양성으로 세분하는 열대 기후와 온대 기후는 각각 열대 우림, 열대 사바나와 서안 해양성, 지중해성 기후를 추가로 제시할 수 있다. 
• 각종 이미지를 활용하여 기후 지역별 특징 표현하기, 기후 지역별 전형적인 경관 사진을 적도에서 극지방 순서로 배열하기 등의 활동으로 기후에 대한 이해를 평가할 수 있다. 
• 사람들의 생활양식을 기후 조건과 연결 지어 생각함으로써, 우리와 다른 기후 환경에 적응하고, 이를 극복하면서 살아가는 사람들의 다양한 생활양식을 이해하는 데 중점을 둔다. 또한, 같은 기후 환경에서도 다양한 인간의 삶이 있다는 것을 파악하여 인간과 자연과의 관계를 다각적으로 인식하도록 한다."
5~6,사회,세계의 자연환경,"⋅지표상에 분포하는 모든 사건과 현상은 절대적, 상대적 위치와 다양한 규모의 영역을 차지한다.
⋅장소는 다른 장소와 차별되는 자연적⋅인문적 성격을 지니며, 특정 장소에 따른 장소감은 개인이나 집단에 따라 다양하다.
⋅지표 세계는 장소적 성격의 동질성, 기능적 상호 관련성, 지역민의 인지 등의 측면에서 다양하게 구분되며, 이렇게 구분된 지역은 고유한 지역성이 나타난다. 
⋅지도를 비롯한 다양한 공간자료와 도구를 통한 지리 정보 수집은 장소와 지역의 여러 현상과 사건을 분석하고 해석하며 추론하는 데 필수적이다.",6사10-02,세계의 다양한 기후를 알아보고 기후 환경과 인간생활 간의 관계를 탐구한다.,"세계의 다양한 기후의 특징을 분석하고, 기후 환경과 인간생활 간의 관계를 탐구할 수 있다. ","세계의 다양한 기후를 조사하고, 기후 환경과 인간생활 간의 관계를 설명할 수 있다. ",세계의 다양한 기후를 제시하고 기후 환경이 인간생활과 관련이 있음을 말할 수 있다. ,"[6사10-02]는 기온 및 강수량을 나타낸 기후 그래프, 지도, 사진 자료 등을 활용하여 세계 주요 기후의 분포를 파악하도록 설정한 것이다. 여기서는 기후와 인간 생활을 관련지어 이해하는 데 중점을 둔다.","• 광활하고 경이로운 지형 경관이 나타나는 사례 지역을 중심으로 관광산업의 발달과 이에 따른 긍정적⋅부정적 영향을 균형적 시각으로 학습하도록 유의한다.
• 세계적으로 유명하거나 학생이 가보고 싶은 지형 경관 학습을 위해 텍스트 자료뿐만 아니라 지도나 시청각 자료(사진, 영상 등)의 활용도를 높임으로써 직접 경험하지 않은 곳에 대한 감각을 기를 수 있도록 한다.
• 학생들의 사고력 수준을 고려하여 기후 지역을 지나치게 세분하여 가르치지 않도록 주의한다. 기후 지역은 1차적으로 열대, 건조, 온대, 냉대, 한대, 고산 기후로 구분할 수 있다. 다만, 강수 패턴의 다양성으로 세분하는 열대 기후와 온대 기후는 각각 열대 우림, 열대 사바나와 서안 해양성, 지중해성 기후를 추가로 제시할 수 있다. 
• 각종 이미지를 활용하여 기후 지역별 특징 표현하기, 기후 지역별 전형적인 경관 사진을 적도에서 극지방 순서로 배열하기 등의 활동으로 기후에 대한 이해를 평가할 수 있다. 
• 사람들의 생활양식을 기후 조건과 연결 지어 생각함으로써, 우리와 다른 기후 환경에 적응하고, 이를 극복하면서 살아가는 사람들의 다양한 생활양식을 이해하는 데 중점을 둔다. 또한, 같은 기후 환경에서도 다양한 인간의 삶이 있다는 것을 파악하여 인간과 자연과의 관계를 다각적으로 인식하도록 한다."
5~6,사회,시장경제와 국가 간 거래,"⋅가계와 기업은 합리적 선택을 통해 소비와 금융, 생산 등의 경제활동에 참여하면서 각자의 역할을 수행한다.
⋅시장에서 가격은 수요와 공급을 통해 결정되고 다양한 요인으로 인해 변동한다.
⋅우리나라 경제에서는 경제 성장, 물가 변동, 실업 등의 현상이 나타나며, 세계화 과정에서 다른 나라와의 교역이 활발해지고 있다.",6사11-01,"시장경제에서 가계와 기업의 역할을 이해하고, 근로자의 권리와 기업의 자유 및 사회적 책임을 탐색한다.","시장경제에서 가계와 기업의 역할을 설명하고, 사례를 중심으로 근로자의 권리와 기업의 자유 및 책임을 분석할 수 있다.","시장경제에서 가계와 기업의 역할을 제시하고, 근로자의 권리와 기업의 자유 및 책임을 탐색할 수 있다.",시장경제에서 가계와 기업의 역할을 제시할 수 있다.,"[6사11-01]은 시장경제의 특징에 대한 이해를 바탕으로 가계와 기업의 역할 및 상호 의존 관계를 파악하고, 근로자의 권리와 기업의 자유로운 경제활동 및 사회적 책임을 탐색하도록 설정한 것이다. 이를 바탕으로 근로자의 권리를 보호하고 기업이 자유로운 경제활동과 이윤을 추구하면서 사회적 책임을 이행하는 것의 중요성을 인식하는 데 초점을 맞춘다.","• 사례를 통해 시장경제에서 가계와 기업의 자유로운 경제활동이 상호 관계를 맺고 서로 영향을 주고받는다는 사실을 파악한다. 이에 기초해 공정한 시장과 지속가능한 발전을 위해서 근로자의 권리를 보호하고 기업이 자유로운 경제활동 및 사회적 책임(ESG 등)을 이행하는 것의 중요성을 인식하는 데 초점을 맞춘다.
• 통계 자료를 활용하여 경제성장이 우리 생활에 가져온 긍정적⋅부정적 영향을 파악한다. 또한 토론을 통해 저임금과 노사 갈등, 불평등과 빈부격차의 심화, 과소비와 자원 낭비 같은 경제문제의 해결 방안을 정부, 기업, 시민단체, 개인 등 여러 차원에서 찾는 능력을 기르는 데 중점을 둔다. 
• 세계화 시대에 무역의 중요성을 파악하고, 무역 관련 통계 자료나 시사 자료를 활용하여 세계 여러 나라가 무역을 통해 경쟁 및 상호 의존 관계에 있음을 파악하는 데 초점을 맞춘다.
• 우리나라의 빠른 경제성장 과정에서 발생한 문제의 해결 방안을 토론하는 과정에서 객관적 자료와 근거를 바탕으로 합리적인 해결 방안을 제시하는 능력과 상대방의 주장을 경청하는 태도 등을 평가한다. "
5~6,사회,시장경제와 국가 간 거래,"⋅가계와 기업은 합리적 선택을 통해 소비와 금융, 생산 등의 경제활동에 참여하면서 각자의 역할을 수행한다.
⋅시장에서 가격은 수요와 공급을 통해 결정되고 다양한 요인으로 인해 변동한다.
⋅우리나라 경제에서는 경제 성장, 물가 변동, 실업 등의 현상이 나타나며, 세계화 과정에서 다른 나라와의 교역이 활발해지고 있다.",6사11-02,"경제성장이 우리 생활에 미치는 영향을 파악하고, 빠른 경제성장으로 발생한 문제의 해결 방안을 탐색한다.","자료를 통해 경제성장이 우리 생활에 미치는 영향을 분석하고, 빠른 경제성장으로 인해 발생한 문제와 해결 방안을 도출할 수 있다.","경제성장이 우리 생활에 미치는 영향을 설명하고, 빠른 경제성장으로 인해 발생한 문제의 해결 방안을 탐색할 수 있다.",경제성장이 우리 생활에 미치는 영향과 빠른 경제성장으로 인해 발생한 문제를 제시할 수 있다.,"[6사11-02]는 우리나라의 경제성장이 우리 생활에 미친 긍정적⋅부정적 영향을 통계 자료를 통해 파악하고 빠른 경제성장으로 발생한 문제의 해결 방안을 찾도록 설정한 것이다. 또한, 토론을 통해 빠른 경제성장으로 발생하는 문제를 합리적으로 해결하는 방안을 찾는 데 중점을 둔다.","• 사례를 통해 시장경제에서 가계와 기업의 자유로운 경제활동이 상호 관계를 맺고 서로 영향을 주고받는다는 사실을 파악한다. 이에 기초해 공정한 시장과 지속가능한 발전을 위해서 근로자의 권리를 보호하고 기업이 자유로운 경제활동 및 사회적 책임(ESG 등)을 이행하는 것의 중요성을 인식하는 데 초점을 맞춘다.
• 통계 자료를 활용하여 경제성장이 우리 생활에 가져온 긍정적⋅부정적 영향을 파악한다. 또한 토론을 통해 저임금과 노사 갈등, 불평등과 빈부격차의 심화, 과소비와 자원 낭비 같은 경제문제의 해결 방안을 정부, 기업, 시민단체, 개인 등 여러 차원에서 찾는 능력을 기르는 데 중점을 둔다. 
• 세계화 시대에 무역의 중요성을 파악하고, 무역 관련 통계 자료나 시사 자료를 활용하여 세계 여러 나라가 무역을 통해 경쟁 및 상호 의존 관계에 있음을 파악하는 데 초점을 맞춘다.
• 우리나라의 빠른 경제성장 과정에서 발생한 문제의 해결 방안을 토론하는 과정에서 객관적 자료와 근거를 바탕으로 합리적인 해결 방안을 제시하는 능력과 상대방의 주장을 경청하는 태도 등을 평가한다. "
5~6,사회,시장경제와 국가 간 거래,"⋅가계와 기업은 합리적 선택을 통해 소비와 금융, 생산 등의 경제활동에 참여하면서 각자의 역할을 수행한다.
⋅시장에서 가격은 수요와 공급을 통해 결정되고 다양한 요인으로 인해 변동한다.
⋅우리나라 경제에서는 경제 성장, 물가 변동, 실업 등의 현상이 나타나며, 세계화 과정에서 다른 나라와의 교역이 활발해지고 있다.",6사11-03,"사례를 통해 무역의 의미를 이해하고, 국가 간 무역이 발생하는 이유를 탐구한다.","사례를 통해 무역의 의미와 중요성을 도출하고, 국가 간 무역이 발생하는 이유를 탐구할 수 있다. ","사례를 통해 무역의 의미를 분석하고, 국가 간 무역이 발생하는 이유를 설명할 수 있다.",무역의 의미와 국가 간 무역이 발생하는 이유를 말할 수 있다. ,[6사11-03]은 학생이 접할 수 있는 수입⋅수출 상품의 사례에서 무역의 의미와 중요성을 파악하고 세계 여러 나라 간 무역이 발생하는 이유를 탐구하도록 설정한 것이다. 이를 바탕으로 오늘날 여러 나라가 무역을 통해 경쟁 및 상호 의존 관계에 있음을 파악하는 데 중점을 둔다. ,"• 사례를 통해 시장경제에서 가계와 기업의 자유로운 경제활동이 상호 관계를 맺고 서로 영향을 주고받는다는 사실을 파악한다. 이에 기초해 공정한 시장과 지속가능한 발전을 위해서 근로자의 권리를 보호하고 기업이 자유로운 경제활동 및 사회적 책임(ESG 등)을 이행하는 것의 중요성을 인식하는 데 초점을 맞춘다.
• 통계 자료를 활용하여 경제성장이 우리 생활에 가져온 긍정적⋅부정적 영향을 파악한다. 또한 토론을 통해 저임금과 노사 갈등, 불평등과 빈부격차의 심화, 과소비와 자원 낭비 같은 경제문제의 해결 방안을 정부, 기업, 시민단체, 개인 등 여러 차원에서 찾는 능력을 기르는 데 중점을 둔다. 
• 세계화 시대에 무역의 중요성을 파악하고, 무역 관련 통계 자료나 시사 자료를 활용하여 세계 여러 나라가 무역을 통해 경쟁 및 상호 의존 관계에 있음을 파악하는 데 초점을 맞춘다.
• 우리나라의 빠른 경제성장 과정에서 발생한 문제의 해결 방안을 토론하는 과정에서 객관적 자료와 근거를 바탕으로 합리적인 해결 방안을 제시하는 능력과 상대방의 주장을 경청하는 태도 등을 평가한다. "
5~6,사회,지구촌 사람들,"⋅인간이 거주하기에 유리한 조건은 공간적으로 불균등하게 분포하고, 이에 따라 지역 간 갈등이나 분쟁이 발생한다.
⋅조화를 이루며 살아가려는 인간의 신념 및 활동은 지구환경의 지속가능성을 가능하게 한다. 
⋅인류는 공동의 번영과 공존을 위해 지역적 수준에서 지구적 수준까지 다양한 공간적 스케일에서 상호 협력 및 연대가 필요하다.",6사12-01,세계의 인구 분포를 파악하고 여러 국가의 인구 특징을 탐구한다.,"자료를 통해 세계 인구 분포를 분석하고, 여러 국가의 인구 특징을 도출할 수 있다. ","세계 인구 분포를 조사하고, 여러 국가의 인구 특징을 설명할 수 있다. ",세계 인구 분포 특징을 제시할 수 있다.,"[6사12-01]은 세계의 인구 분포를 파악하고, 인구수 및 인구 밀도의 특징이 두드러진 국가를 탐구하도록 설정한 것이다. 여기서는 지구촌 시대의 세계 여러 지역에 대한 기본적인 지리 정보를 습득하는 데 초점을 맞춘다.","• 세계의 인구 분포 특징을 알아보고, 인구 분포와 자연 및 인문환경 간의 관계를 탐구한다. 인구 성장, 인구수, 인구 밀도, 인구 구조 등과 같은 주제를 선정하여 세계의 인구 특징을 파악하는 활동을 수행할 수 있다. 
• 세계 여러 나라 중에서 인구수와 인구 밀도를 고려하여 인구수가 많은 나라와 적은 나라 및 인구 밀도가 높은 나라와 낮은 나라를 사례로 인구 특징을 탐색할 수 있으며, 이 과정에서 특정 국가에 대한 편견을 가지지 않도록 유의한다. 
• 지구촌 차원에서 공동으로 대응하여 해결해야 할 문제(자원 및 에너지 문제, 기후변화 문제, 생태계 파괴 문제, 난민 문제 등)의 원인과 현황을 조사함으로써 비판적 사고력을 기르고 지구촌 갈등 사례를 해결하려고 노력하는 개인, 국가, 국제기구, 비정부 기구 등 다양한 행위 주체들의 활동 실천 사례를 조사함으로써 지구촌의 평화와 발전에 기여할 수 있는 태도를 함양하도록 한다. 
• 세계 여러 지역의 인구 분포와 특징을 도출하는 데 다양한 지도 및 통계 자료를 활용할 수 있으며 이러한 자료를 수집하고 분석하는 능력을 평가할 수 있다. "
5~6,사회,지구촌 사람들,"⋅인간이 거주하기에 유리한 조건은 공간적으로 불균등하게 분포하고, 이에 따라 지역 간 갈등이나 분쟁이 발생한다.
⋅조화를 이루며 살아가려는 인간의 신념 및 활동은 지구환경의 지속가능성을 가능하게 한다. 
⋅인류는 공동의 번영과 공존을 위해 지역적 수준에서 지구적 수준까지 다양한 공간적 스케일에서 상호 협력 및 연대가 필요하다.",6사12-02,"지구촌을 위협하는 다양한 문제들을 파악하고, 지속가능한 미래를 위한 해결 방안을 탐색한다.","지구촌의 평화와 발전을 위협하는 문제를 조사하고, 지속가능한 미래를 위한 해결 방안을 탐구하며 인류 공동의 문제에 관심을 가진다. ","지구촌의 평화와 발전을 위협하는 문제를 조사하고, 지속가능한 미래를 위한 해결 방안을 제시할 수 있다. ","지구촌의 평화와 발전을 위협하는 문제를 제시하고, 지속가능한 미래를 위한 해결 방안을 살펴볼 수 있다.","[6사12-02]는 지구촌의 평화와 발전을 위협하는 문제를 파악하고 이를 해결하려는 방안을 탐색하며, 지속가능한 지구촌을 건설하는 데 관심을 가지도록 설정한 것이다. 세계에 대한 올바른 이해를 바탕으로 세계시민으로서 지녀야 할 관점과 태도를 함양하는 데 주안점을 둔다.","• 세계의 인구 분포 특징을 알아보고, 인구 분포와 자연 및 인문환경 간의 관계를 탐구한다. 인구 성장, 인구수, 인구 밀도, 인구 구조 등과 같은 주제를 선정하여 세계의 인구 특징을 파악하는 활동을 수행할 수 있다. 
• 세계 여러 나라 중에서 인구수와 인구 밀도를 고려하여 인구수가 많은 나라와 적은 나라 및 인구 밀도가 높은 나라와 낮은 나라를 사례로 인구 특징을 탐색할 수 있으며, 이 과정에서 특정 국가에 대한 편견을 가지지 않도록 유의한다. 
• 지구촌 차원에서 공동으로 대응하여 해결해야 할 문제(자원 및 에너지 문제, 기후변화 문제, 생태계 파괴 문제, 난민 문제 등)의 원인과 현황을 조사함으로써 비판적 사고력을 기르고 지구촌 갈등 사례를 해결하려고 노력하는 개인, 국가, 국제기구, 비정부 기구 등 다양한 행위 주체들의 활동 실천 사례를 조사함으로써 지구촌의 평화와 발전에 기여할 수 있는 태도를 함양하도록 한다. 
• 세계 여러 지역의 인구 분포와 특징을 도출하는 데 다양한 지도 및 통계 자료를 활용할 수 있으며 이러한 자료를 수집하고 분석하는 능력을 평가할 수 있다. "
5~6,도덕,자신과의 관계,"⋅성실은 도덕적 가치와 덕목을 일관되게 추구하도록 하여 도덕적 삶으로 이끈다. 
⋅자아에 대한 탐구와 성찰은 자신을 존중하는 마음을 기르는 도덕 공부의 기초이다.",6도01-01,자주적인 삶에 대한 이해를 바탕으로 자신의 생활계획을 세우고 실천하여 주체적인 삶의 태도를 기른다.,자주적인 삶에 대한 전반적인 이해를 바탕으로 생활 전반에서 자신의 생활계획을 세우고 실천하여 주체적인 삶의 태도를 가진다.,자주적인 삶에 대한 이해를 바탕으로 자신의 생활계획을 세우고 실천하여 주체적인 삶의 태도를 기른다.,자주적인 삶에 대한 부분적인 이해를 바탕으로 자신의 생활계획을 세우고 실천하려고 노력한다.,,"● 학생이 성실하게 생활하면서도 자신의 삶에 대한 반성을 통해 도덕적인 삶으로 개선시켜 나갈 수 있도록 하는 것에 중점을 둘 필요가 있다.
● 성취기준의 내용은 핵심 가치인 성실을 비롯하여 자기존중, 정직, 자주, 반성 등이 관련되어 있다. 각각의 내용은 복합적으로 서로 작용하여 학생의 행동으로 드러나므로 통합적으로 다루어질 필요가 있다.
● 성취기준이 주로 자기 이해의 도덕적 성장을 도모하는 내용으로 구성된 점을 감안하여, 학생의 일상생활에서 탐구 활동을 통하여 사례가 확인될 수 있어야 교육의 효과를 극대화할 수 있다."
5~6,도덕,자신과의 관계,"⋅성실은 도덕적 가치와 덕목을 일관되게 추구하도록 하여 도덕적 삶으로 이끈다. 
⋅자아에 대한 탐구와 성찰은 자신을 존중하는 마음을 기르는 도덕 공부의 기초이다.",6도01-02,생활 습관에 대한 성찰을 통해 자기 생활을 점검하고 올바른 계획을 세워 이를 실천한다.,전반적인 생활 습관에 대한 성찰을 통해 자기 생활을 다각도로 점검하고 올바른 계획을 세워 지속적으로 실천한다.,생활 습관에 대한 성찰을 통해 자기 생활을 점검하고 올바른 계획을 세워 실천한다.,생활 습관을 살펴봄으로써 자기 생활을 점검하고 올바른 계획을 세우는 것에 관심을 가진다.,[6도01-02] 이 성취기준의 취지는 자신의 행동에 대한 문제점을 확인하고 재정립하도록 하여 반성하는 태도를 기르기 위한 것이다. 학생이 스스로 자기 행동의 문제를 인식하고 개선하려 노력함으로써 바른 도덕 생활의 토대를 마련하도록 한다. ,"● 학생이 성실하게 생활하면서도 자신의 삶에 대한 반성을 통해 도덕적인 삶으로 개선시켜 나갈 수 있도록 하는 것에 중점을 둘 필요가 있다.
● 성취기준의 내용은 핵심 가치인 성실을 비롯하여 자기존중, 정직, 자주, 반성 등이 관련되어 있다. 각각의 내용은 복합적으로 서로 작용하여 학생의 행동으로 드러나므로 통합적으로 다루어질 필요가 있다.
● 성취기준이 주로 자기 이해의 도덕적 성장을 도모하는 내용으로 구성된 점을 감안하여, 학생의 일상생활에서 탐구 활동을 통하여 사례가 확인될 수 있어야 교육의 효과를 극대화할 수 있다."
5~6,도덕,자신과의 관계,"⋅성실은 도덕적 가치와 덕목을 일관되게 추구하도록 하여 도덕적 삶으로 이끈다. 
⋅자아에 대한 탐구와 성찰은 자신을 존중하는 마음을 기르는 도덕 공부의 기초이다.",6도01-03,자기가 하고 싶은 일을 선택할 때 도덕적 고려의 필요성을 알고 자신의 특기와 적성을 탐색하여 진로계획을 수립한다.,자기가 하고 싶은 일을 선택할 때 도덕적 고려의 필요성을 포괄적으로 이해하고 자신의 특기와 적성을 다각도로 탐색하여 구체적으로 진로계획을 수립한다.,자기가 하고 싶은 일을 선택할 때 도덕적 고려의 필요성을 이해하고 자신의 특기와 적성을 탐색하여 진로계획을 수립한다.,자기가 하고 싶은 일을 선택할 때 도덕적 고려의 필요성을 단편적으로 이해하고 자신의 특기와 적성을 탐색하여 진로계획 수립에 관심을 가진다.,,"● 학생이 성실하게 생활하면서도 자신의 삶에 대한 반성을 통해 도덕적인 삶으로 개선시켜 나갈 수 있도록 하는 것에 중점을 둘 필요가 있다.
● 성취기준의 내용은 핵심 가치인 성실을 비롯하여 자기존중, 정직, 자주, 반성 등이 관련되어 있다. 각각의 내용은 복합적으로 서로 작용하여 학생의 행동으로 드러나므로 통합적으로 다루어질 필요가 있다.
● 성취기준이 주로 자기 이해의 도덕적 성장을 도모하는 내용으로 구성된 점을 감안하여, 학생의 일상생활에서 탐구 활동을 통하여 사례가 확인될 수 있어야 교육의 효과를 극대화할 수 있다."
5~6,도덕,타인과의 관계,"⋅배려는 타인에 대한 관심과 공감을 기반으로 타인의 삶을 개선한다.
⋅차이의 존중은 갈등을 평화적으로 해결하고 타인과 더불어 사는 삶으로 이끈다.",6도02-01,"봉사의 의미와 중요성을 이해하고, 타인이 처한 상황과 환경에 대한 주의 깊은 관심을 바탕으로 봉사를 실천한다.",봉사의 의미와 중요성을 포괄적으로 이해하고 타인이 처한 상황과 환경에 대한 주의 깊은 관심을 바탕으로 생활 전반에서 봉사를 실천한다.,봉사의 의미와 중요성을 이해하고 타인이 처한 상황과 환경에 대한 관심을 바탕으로 봉사를 실천한다.,봉사의 의미와 중요성을 단편적으로 이해하고 타인이 처한 상황과 환경에 대한 관심을 바탕으로 봉사를 실천하려고 노력한다.,[6도02-01] 이 성취기준의 취지는 봉사의 의미와 중요성을 지식적으로만 이해하는 것에 그치지 않고 타인의 환경에 대한 관심을 바탕으로 생활 속에서 자연스럽게 봉사를 실천할 수 있는 역량을 함양하기 위한 것이다. 타인을 위한 봉사 경험을 통해 학생에게 진정한 이타심과 봉사 의지를 다지고 고양할 기회를 제공하도록 한다.,"● 다른 사람과의 원만한 관계를 위해 타인과의 관계에서 발생하는 문제를 올바로 인식하고 해결할 수 있는 역량을 함양하도록 한다.
● 배려와 감사, 봉사, 차이 존중 등과 관련된 도덕적 문제 상황에서 문제 해결을 위한 여러 가지 방법을 스스로 찾아보고 그 방법의 타당성을 점검해 볼 수 있는 기회를 제공한다.
● 학생과 인공지능 로봇의 올바른 관계 형성뿐만 아니라 인공지능 윤리의식 함양에도 역점을 둔다.
● 다양한 도덕적 문제 상황에 직면하여 학생 스스로 생각하여 의미 있고 책임 있는 의사 결정을 할 수 있는 역량 함양에 중점을 둔다."
5~6,도덕,타인과의 관계,"⋅배려는 타인에 대한 관심과 공감을 기반으로 타인의 삶을 개선한다.
⋅차이의 존중은 갈등을 평화적으로 해결하고 타인과 더불어 사는 삶으로 이끈다.",6도02-02,"편견이 발생하는 이유를 탐색하여 해결 방안을 살펴보고, 다양성 존중을 바탕으로 다른 사람과 올바른 관계를 맺기 위한 실천 방안을 탐구한다.",편견이 발생하는 이유를 다각도로 탐색하여 해결 방안을 살펴보고 다양성 존중을 바탕으로 다른 사람과 올바른 관계를 맺기 위한 실천 방안을 다양하게 탐구한다.,편견이 발생하는 이유를 탐색하여 해결 방안을 살펴보고 다양성 존중을 바탕으로 다른 사람과 올바른 관계를 맺기 위한 실천 방안을 탐구한다.,편견이 발생하는 이유를 탐색하여 해결 방안을 살펴보려고 노력하고 다양성 존중을 바탕으로 다른 사람과 올바른 관계 맺기를 위한 실천 방안에 관심을 갖는다.,,"● 다른 사람과의 원만한 관계를 위해 타인과의 관계에서 발생하는 문제를 올바로 인식하고 해결할 수 있는 역량을 함양하도록 한다.
● 배려와 감사, 봉사, 차이 존중 등과 관련된 도덕적 문제 상황에서 문제 해결을 위한 여러 가지 방법을 스스로 찾아보고 그 방법의 타당성을 점검해 볼 수 있는 기회를 제공한다.
● 학생과 인공지능 로봇의 올바른 관계 형성뿐만 아니라 인공지능 윤리의식 함양에도 역점을 둔다.
● 다양한 도덕적 문제 상황에 직면하여 학생 스스로 생각하여 의미 있고 책임 있는 의사 결정을 할 수 있는 역량 함양에 중점을 둔다."
5~6,도덕,타인과의 관계,"⋅배려는 타인에 대한 관심과 공감을 기반으로 타인의 삶을 개선한다.
⋅차이의 존중은 갈등을 평화적으로 해결하고 타인과 더불어 사는 삶으로 이끈다.",6도02-03,인간과 인공지능 로봇 간의 다양한 관계를 파악하고 도덕에 기반을 둔 관계 형성의 필요성을 탐구한다.,인간과 인공지능 로봇 간의 관계를 다각도로 파악하고 도덕에 기반을 둔 관계 형성의 필요성을 포괄적으로 탐구한다.,인간과 인공지능 로봇 간의 관계를 파악하고 도덕에 기반을 둔 관계 형성의 필요성을 이해한다.,인간과 인공지능 로봇 간의 관계를 파악하려고 노력하고 도덕에 기반을 둔 관계 형성의 필요성에 관심을 가진다.,,"● 다른 사람과의 원만한 관계를 위해 타인과의 관계에서 발생하는 문제를 올바로 인식하고 해결할 수 있는 역량을 함양하도록 한다.
● 배려와 감사, 봉사, 차이 존중 등과 관련된 도덕적 문제 상황에서 문제 해결을 위한 여러 가지 방법을 스스로 찾아보고 그 방법의 타당성을 점검해 볼 수 있는 기회를 제공한다.
● 학생과 인공지능 로봇의 올바른 관계 형성뿐만 아니라 인공지능 윤리의식 함양에도 역점을 둔다.
● 다양한 도덕적 문제 상황에 직면하여 학생 스스로 생각하여 의미 있고 책임 있는 의사 결정을 할 수 있는 역량 함양에 중점을 둔다."
5~6,도덕,사회⋅공동체와의 관계,"⋅사회 정의는 시민의 인간다운 삶을 보장하는 도덕공동체의 토대가 된다.
⋅세계시민은 인류의 문제를 이해하고 공감하여 인류 번영과 세계 평화에 기여한다.",6도03-01,인권과 관련된 다양한 사례를 살펴보고 인권에 관한 감수성을 길러 이를 실천하려는 의지를 함양한다.,인권과 관련된 다양한 사례를 살펴보고 생활 전반에서 인권에 관한 감수성을 길러 이를 실천하려는 의지를 가진다.,인권과 관련된 사례를 살펴보고 인권에 관한 감수성을 길러 이를 실천하려는 의지를 가진다.,인권과 관련된 사례에 관심을 갖고 인권에 관한 감수성을 기르려고 노력한다.,[4도03-01] 이 성취기준의 취지는 학생이 자신의 삶에서 공정이라는 가치에 관해 성찰하는 기회를 갖도록 하여 공정한 사회로 발전해가는 토대를 마련하려는 것이다. 학생이 공정과 불공정의 사례를 스스로 탐구하고 일상에서 공정을 실제로 추구하는 활동을 실천함으로써 공정의 가치를 생활화할 수 있도록 한다.,"● 공동체 구성원 모두 인권을 지니고 있음을 느낄 수 있도록 하며 인권의 의미와 중요성에 대해 탐구하는 과정에서 인권 감수성을 강화할 수 있도록 한다. 
● 학생의 일상에서 공정과 불공정의 사례를 탐색하고 자신의 이익과 공정이라는 가치가 대립할 때 어떻게 판단하고 행동해야 하는지를 구체적으로 다루도록 한다. 
● 인공지능 윤리, 미디어 문해력 등과 관련된 문제를 도덕적인 관점에서 살펴보고 해결 방안을 탐구한다. 
● 통일에 관해 다양한 관점을 탐색하면서 균형 잡힌 통일의식을 함양하고 북한 주민에 대한 이해의 과정을 확장하여 인류애까지 이어지도록 한다."
5~6,도덕,사회⋅공동체와의 관계,"⋅사회 정의는 시민의 인간다운 삶을 보장하는 도덕공동체의 토대가 된다.
⋅세계시민은 인류의 문제를 이해하고 공감하여 인류 번영과 세계 평화에 기여한다.",6도03-02,정의에 관한 관심을 토대로 공동체 규칙의 중요성을 살펴보고 직접 공정한 규칙을 고안하며 기초적인 시민의식을 기른다.,정의에 관한 관심을 토대로 공동체 규칙의 중요성을 포괄적으로 이해하고 공정한 규칙을 다각도로 고안하며 기초적인 시민의식을 가진다.,정의에 관한 관심을 토대로 공동체 규칙의 중요성을 이해하고 공정한 규칙을 고안하며 기초적인 시민의식을 기른다.,정의에 관한 관심을 토대로 공동체 규칙의 중요성을 단편적으로 이해하고 공정한 규칙을 고안하려고 노력하며 기초적인 시민의식에 관심을 가진다.,,"● 공동체 구성원 모두 인권을 지니고 있음을 느낄 수 있도록 하며 인권의 의미와 중요성에 대해 탐구하는 과정에서 인권 감수성을 강화할 수 있도록 한다. 
● 학생의 일상에서 공정과 불공정의 사례를 탐색하고 자신의 이익과 공정이라는 가치가 대립할 때 어떻게 판단하고 행동해야 하는지를 구체적으로 다루도록 한다. 
● 인공지능 윤리, 미디어 문해력 등과 관련된 문제를 도덕적인 관점에서 살펴보고 해결 방안을 탐구한다. 
● 통일에 관해 다양한 관점을 탐색하면서 균형 잡힌 통일의식을 함양하고 북한 주민에 대한 이해의 과정을 확장하여 인류애까지 이어지도록 한다."
5~6,도덕,사회⋅공동체와의 관계,"⋅사회 정의는 시민의 인간다운 삶을 보장하는 도덕공동체의 토대가 된다.
⋅세계시민은 인류의 문제를 이해하고 공감하여 인류 번영과 세계 평화에 기여한다.",6도03-03,통일과정과 통일 이후 사회의 여러 가지 상황을 예상하고 바람직한 통일과정과 통일 국가의 사회상을 제시한다,통일과정과 통일 이후 사회의 여러 가지 상황을 전반적으로 예상하고 바람직한 통일과정과 통일 국가의 사회상을 다각도로 제시한다.,통일과정과 통일 이후 사회의 여러 가지 상황을 예상하고 바람직한 통일과정과 통일 국가의 사회상을 제시한다.,통일과정과 통일 이후 사회의 여러 가지 상황을 부분적으로 예상하고 바람직한 통일과정과 통일 국가의 사회상에 관심을 가진다.,,"● 공동체 구성원 모두 인권을 지니고 있음을 느낄 수 있도록 하며 인권의 의미와 중요성에 대해 탐구하는 과정에서 인권 감수성을 강화할 수 있도록 한다. 
● 학생의 일상에서 공정과 불공정의 사례를 탐색하고 자신의 이익과 공정이라는 가치가 대립할 때 어떻게 판단하고 행동해야 하는지를 구체적으로 다루도록 한다. 
● 인공지능 윤리, 미디어 문해력 등과 관련된 문제를 도덕적인 관점에서 살펴보고 해결 방안을 탐구한다. 
● 통일에 관해 다양한 관점을 탐색하면서 균형 잡힌 통일의식을 함양하고 북한 주민에 대한 이해의 과정을 확장하여 인류애까지 이어지도록 한다."
5~6,도덕,사회⋅공동체와의 관계,"⋅사회 정의는 시민의 인간다운 삶을 보장하는 도덕공동체의 토대가 된다.
⋅세계시민은 인류의 문제를 이해하고 공감하여 인류 번영과 세계 평화에 기여한다.",6도03-04,다른 나라 사람들이 처한 여러 가지 상황을 종합적으로 이해하고 해결 방안을 탐구하며 인류애를 기른다.,다른 나라 사람들이 처한 여러 가지 상황을 종합적으로 이해하고 해결 방안을 다각도로 탐구하며 인류애를 가진다.,다른 나라 사람들이 처한 여러 가지 상황을 이해하고 해결 방안을 탐구하며 인류애를 기른다.,다른 나라 사람들이 처한 상황을 부분적으로 이해하고 해결 방안을 탐구하려고 노력하며 인류애에 관심을 가진다.,,"● 공동체 구성원 모두 인권을 지니고 있음을 느낄 수 있도록 하며 인권의 의미와 중요성에 대해 탐구하는 과정에서 인권 감수성을 강화할 수 있도록 한다. 
● 학생의 일상에서 공정과 불공정의 사례를 탐색하고 자신의 이익과 공정이라는 가치가 대립할 때 어떻게 판단하고 행동해야 하는지를 구체적으로 다루도록 한다. 
● 인공지능 윤리, 미디어 문해력 등과 관련된 문제를 도덕적인 관점에서 살펴보고 해결 방안을 탐구한다. 
● 통일에 관해 다양한 관점을 탐색하면서 균형 잡힌 통일의식을 함양하고 북한 주민에 대한 이해의 과정을 확장하여 인류애까지 이어지도록 한다."
5~6,도덕,자연과의 관계,"⋅자연에 대한 윤리적 책임은 자연의 본래 가치에 관한 이해를 높여 생태전환을 이끈다.
⋅자연을 아끼고 생명을 소중히 여기는 마음은 환경 위기의 극복을 돕는다.",6도04-01,"지구의 환경 위기 상황을 이해하고, 이를 극복하기 위한 다양한 방안을 찾아 자신의 일상에서 실천하고자 노력한다.",지구의 환경 위기 상황을 전반적으로 이해하고 이를 극복하기 위한 다양한 방법을 찾아 자신의 일상에서 실천하고자 노력한다.,지구의 환경 위기 상황을 이해하고 이를 극복하기 위한 방법을 찾아 자신의 일상에서 실천하고자 노력한다.,지구의 환경 위기 상황을 부분적으로 이해하고 이를 극복하기 위한 방법을 찾으려고 노력하며 자신의 일상에서 실천에 관심을 가진다.,,"● 생명의 소중함에 대한 인식을 바탕으로 도덕적 정서에 기반을 둔 생태 감수성을 기를 수 있도록 수업을 계획한다.
● 생명 경시 사례, 과도한 개발 문제, 기후 문제 등 지구의 환경 위기 상황을 초래하고 있는 도덕적 쟁점을 주제로 지속가능한 삶에 대하여 탐구하는 기회를 제공한다.
● 미래 세대에 대한 책임이나 자연과의 공생 방법을 탐색할 때 현재 상태를 부정적으로 생각하지 않도록 주의하여 지도한다. 
● 학생 스스로 협력적 연대를 통하여 자연과의 바람직한 공존을 위해 실천가능한 수준에서 문제 해결 방법을 모색할 수 있도록 한다."
5~6,도덕,자연과의 관계,"⋅자연에 대한 윤리적 책임은 자연의 본래 가치에 관한 이해를 높여 생태전환을 이끈다.
⋅자연을 아끼고 생명을 소중히 여기는 마음은 환경 위기의 극복을 돕는다.",6도04-02,지속가능한 삶의 의미를 탐구하고 미래 세대에 대한 책임을 강화하여 자연의 다양성을 존중하고 생산성을 유지할 수 있는 미래를 위한 실천 방안을 찾는다.,지속가능한 삶의 의미를 포괄적으로 이해하고 미래 세대에 대한 높은 책임감을 바탕으로 자연의 다양성을 존중하고 생산성을 유지할 수 있는 미래를 위한 실천 방안을 다각도로 찾는다.,지속가능한 삶의 의미를 이해하고 미래 세대에 대한 책임감을 바탕으로 자연의 다양성을 존중하고 생산성을 유지할 수 있는 미래를 위한 실천 방안을 찾는다.,지속가능한 삶의 의미를 단편적으로 이해하고 미래 세대에 대한 책임감을 바탕으로 자연의 다양성을 존중하고 생산성을 유지할 수 있는 미래를 위한 실천 방안에 관심을 가진다.,,"● 생명의 소중함에 대한 인식을 바탕으로 도덕적 정서에 기반을 둔 생태 감수성을 기를 수 있도록 수업을 계획한다.
● 생명 경시 사례, 과도한 개발 문제, 기후 문제 등 지구의 환경 위기 상황을 초래하고 있는 도덕적 쟁점을 주제로 지속가능한 삶에 대하여 탐구하는 기회를 제공한다.
● 미래 세대에 대한 책임이나 자연과의 공생 방법을 탐색할 때 현재 상태를 부정적으로 생각하지 않도록 주의하여 지도한다. 
● 학생 스스로 협력적 연대를 통하여 자연과의 바람직한 공존을 위해 실천가능한 수준에서 문제 해결 방법을 모색할 수 있도록 한다."
5~6,수학,수와 연산,"⋅사물의 양은 자연수, 분수, 소수 등으로 표현되며, 수는 자연수에서 정수, 유리수, 실수로 확장된다. 
⋅사칙계산은 자연수에 대해 정의되며 정수, 유리수, 실수의 사칙계산으로 확장되고 이때 연산의 성질이 일관되게 성립한다. 
⋅수와 사칙계산은 수학 학습의 기본이 되며, 실생활 문제를 포함한 다양한 문제를 해결하는 데 유용하게 활용된다.",6수01-01,"덧셈, 뺄셈, 곱셈, 나눗셈의 혼합 계산에서 계산하는 순서를 알고, 혼합 계산을 할 수 있다.","덧셈, 뺄셈, 곱셈, 나눗셈의 혼합 계산을 하고, 계산하는 순서를 설명할 수 있다.","덧셈, 뺄셈, 곱셈, 나눗셈의 혼합 계산에서 계산하는 순서를 알고, 그 계산을 할 수 있다.","안내된 절차에 따라 덧셈, 뺄셈, 곱셈, 나눗셈 중 일부가 섞여 있는 간단한 혼합 계산에서 계산하는 순서를 알고, 그 계산을 할 수 있다.",,"• ‘수와 연산’ 영역에서는 용어와 기호로 ‘이상, 이하, 초과, 미만, 올림, 버림, 반올림, 약수, 공약수, 최대공약수, 배수, 공배수, 최소공배수, 약분, 통분, 기약분수’를 다룬다.
• 자연수의 혼합 계산은 계산 순서에 중점을 두고, 지나치게 복잡한 혼합 계산은 다루지 않는다.
• 수의 범위와 올림, 버림, 반올림은 측정 상황과 같이 수나 양의 어림이 필요한 여러 가지 실생활 사례를 통하여 그 의미를 알게 한다.
• 약수와 배수는 실생활에서 활용되는 경우를 찾아 자연수 범위에서 다룬다.
• 약수와 배수를 학습하는 과정에서 약수와 배수의 관계를 이해하게 한다.
• 최대공약수와 최소공배수는 두 수에 대하여 약수와 배수를 각각 나열하여 공통된 약수와 배수를 찾는 방법으로 그 의미를 이해하게 하고, 평가에서 소인수의 곱으로 나타내어 구하는 방법은 다루지 않는다.
• 구체물이나 그림 등을 이용하여 크기가 같은 분수를 만든 후 분모는 분모끼리, 분자는 분자끼리 비교하는 활동을 통해 크기가 같은 분수를 만드는 방법을 이해하게 한다.
• 분모가 다른 분수의 크기를 비교할 때 수 감각을 이용하여 추론하고 토론하는 활동을 하게 한다.
• 분수의 사칙계산에서 기약분수로 나타낼 것을 요구하지 않을 경우, 계산 결과를 기약분수가 아닌 분수로 나타내는 것도 허용한다.
• 분수를 통분할 때는 공통분모로 최소공배수뿐만 아니라 분모의 곱과 같은 공배수도 이용하게 할 수 있다.
• 분수의 곱셈과 나눗셈, 소수의 곱셈과 나눗셈은 계산 원리를 탐구하여 이해하는 수준에서 다룬다.
• 소수의 곱셈과 나눗셈에서 복잡한 계산은 계산기를 사용하게 할 수 있다.
• 소수의 곱셈과 나눗셈에서 계산 결과를 어림할 필요가 있는 상황, 정확한 계산 대신에 어림셈으로 비교가 가능한 상황 등 어림셈이 필요한 여러 가지 실생활 상황을 제시하여 어림셈의 필요성과 유용성을 알게 한다.
• ‘수와 연산’ 영역의 문제 상황에서 문제해결 전략 비교하기, 주어진 문제에서 필요 없는 정보나 부족한 정보 찾기, 조건을 바꾸어 새로운 문제 만들기, 문제해결 과정의 타당성 검토하기 등을 통하여 문제해결 역량을 기르게 한다. 
• ‘수와 연산’ 영역에서 자신의 문제해결 과정을 논리적으로 설명하고 다른 친구의 문제해결 과정과 비교함으로써 비판적으로 사고하는 태도를 기르게 한다."
5~6,수학,수와 연산,"⋅사물의 양은 자연수, 분수, 소수 등으로 표현되며, 수는 자연수에서 정수, 유리수, 실수로 확장된다. 
⋅사칙계산은 자연수에 대해 정의되며 정수, 유리수, 실수의 사칙계산으로 확장되고 이때 연산의 성질이 일관되게 성립한다. 
⋅수와 사칙계산은 수학 학습의 기본이 되며, 실생활 문제를 포함한 다양한 문제를 해결하는 데 유용하게 활용된다.",6수01-02,"실생활과 연결하여 이상, 이하, 초과, 미만의 의미와 쓰임을 알고, 이를 활용하여 수의 범위를 나타낼 수 있다.","이상, 이하, 초과, 미만의 의미와 쓰임을 알고, 수의 범위를 활용하여 실생활 문제를 해결할 수 있다.","실생활 상황에서 이상, 이하, 초과, 미만을 사용하여 수의 범위를 나타낼 수 있다.","안내된 절차에 따라 이상, 이하, 초과, 미만을 사용하여 간단한 수의 범위를 나타낼 수 있다.",,"• ‘수와 연산’ 영역에서는 용어와 기호로 ‘이상, 이하, 초과, 미만, 올림, 버림, 반올림, 약수, 공약수, 최대공약수, 배수, 공배수, 최소공배수, 약분, 통분, 기약분수’를 다룬다.
• 자연수의 혼합 계산은 계산 순서에 중점을 두고, 지나치게 복잡한 혼합 계산은 다루지 않는다.
• 수의 범위와 올림, 버림, 반올림은 측정 상황과 같이 수나 양의 어림이 필요한 여러 가지 실생활 사례를 통하여 그 의미를 알게 한다.
• 약수와 배수는 실생활에서 활용되는 경우를 찾아 자연수 범위에서 다룬다.
• 약수와 배수를 학습하는 과정에서 약수와 배수의 관계를 이해하게 한다.
• 최대공약수와 최소공배수는 두 수에 대하여 약수와 배수를 각각 나열하여 공통된 약수와 배수를 찾는 방법으로 그 의미를 이해하게 하고, 평가에서 소인수의 곱으로 나타내어 구하는 방법은 다루지 않는다.
• 구체물이나 그림 등을 이용하여 크기가 같은 분수를 만든 후 분모는 분모끼리, 분자는 분자끼리 비교하는 활동을 통해 크기가 같은 분수를 만드는 방법을 이해하게 한다.
• 분모가 다른 분수의 크기를 비교할 때 수 감각을 이용하여 추론하고 토론하는 활동을 하게 한다.
• 분수의 사칙계산에서 기약분수로 나타낼 것을 요구하지 않을 경우, 계산 결과를 기약분수가 아닌 분수로 나타내는 것도 허용한다.
• 분수를 통분할 때는 공통분모로 최소공배수뿐만 아니라 분모의 곱과 같은 공배수도 이용하게 할 수 있다.
• 분수의 곱셈과 나눗셈, 소수의 곱셈과 나눗셈은 계산 원리를 탐구하여 이해하는 수준에서 다룬다.
• 소수의 곱셈과 나눗셈에서 복잡한 계산은 계산기를 사용하게 할 수 있다.
• 소수의 곱셈과 나눗셈에서 계산 결과를 어림할 필요가 있는 상황, 정확한 계산 대신에 어림셈으로 비교가 가능한 상황 등 어림셈이 필요한 여러 가지 실생활 상황을 제시하여 어림셈의 필요성과 유용성을 알게 한다.
• ‘수와 연산’ 영역의 문제 상황에서 문제해결 전략 비교하기, 주어진 문제에서 필요 없는 정보나 부족한 정보 찾기, 조건을 바꾸어 새로운 문제 만들기, 문제해결 과정의 타당성 검토하기 등을 통하여 문제해결 역량을 기르게 한다. 
• ‘수와 연산’ 영역에서 자신의 문제해결 과정을 논리적으로 설명하고 다른 친구의 문제해결 과정과 비교함으로써 비판적으로 사고하는 태도를 기르게 한다."
5~6,수학,수와 연산,"⋅사물의 양은 자연수, 분수, 소수 등으로 표현되며, 수는 자연수에서 정수, 유리수, 실수로 확장된다. 
⋅사칙계산은 자연수에 대해 정의되며 정수, 유리수, 실수의 사칙계산으로 확장되고 이때 연산의 성질이 일관되게 성립한다. 
⋅수와 사칙계산은 수학 학습의 기본이 되며, 실생활 문제를 포함한 다양한 문제를 해결하는 데 유용하게 활용된다.",6수01-03,"어림값을 구하기 위한 방법으로 올림, 버림, 반올림의 의미와 필요성을 알고, 이를 실생활에 활용함으로써 수학의 유용성을 인식할 수 있다.","올림, 버림, 반올림의 의미와 필요성을 알고, 이를 활용하여 실생활 문제를 해결하며, 이 과정에서 수학의 유용성을 설명할 수 있다.","올림, 버림, 반올림을 사용하여 실생활의 여러 가지 수를 어림값으로 나타내고, 이 과정에서 수학의 유용성을 인식한다.","안내된 절차에 따라 올림, 버림, 반올림을 사용하여 수를 어림값으로 나타낼 수 있다.",,"• ‘수와 연산’ 영역에서는 용어와 기호로 ‘이상, 이하, 초과, 미만, 올림, 버림, 반올림, 약수, 공약수, 최대공약수, 배수, 공배수, 최소공배수, 약분, 통분, 기약분수’를 다룬다.
• 자연수의 혼합 계산은 계산 순서에 중점을 두고, 지나치게 복잡한 혼합 계산은 다루지 않는다.
• 수의 범위와 올림, 버림, 반올림은 측정 상황과 같이 수나 양의 어림이 필요한 여러 가지 실생활 사례를 통하여 그 의미를 알게 한다.
• 약수와 배수는 실생활에서 활용되는 경우를 찾아 자연수 범위에서 다룬다.
• 약수와 배수를 학습하는 과정에서 약수와 배수의 관계를 이해하게 한다.
• 최대공약수와 최소공배수는 두 수에 대하여 약수와 배수를 각각 나열하여 공통된 약수와 배수를 찾는 방법으로 그 의미를 이해하게 하고, 평가에서 소인수의 곱으로 나타내어 구하는 방법은 다루지 않는다.
• 구체물이나 그림 등을 이용하여 크기가 같은 분수를 만든 후 분모는 분모끼리, 분자는 분자끼리 비교하는 활동을 통해 크기가 같은 분수를 만드는 방법을 이해하게 한다.
• 분모가 다른 분수의 크기를 비교할 때 수 감각을 이용하여 추론하고 토론하는 활동을 하게 한다.
• 분수의 사칙계산에서 기약분수로 나타낼 것을 요구하지 않을 경우, 계산 결과를 기약분수가 아닌 분수로 나타내는 것도 허용한다.
• 분수를 통분할 때는 공통분모로 최소공배수뿐만 아니라 분모의 곱과 같은 공배수도 이용하게 할 수 있다.
• 분수의 곱셈과 나눗셈, 소수의 곱셈과 나눗셈은 계산 원리를 탐구하여 이해하는 수준에서 다룬다.
• 소수의 곱셈과 나눗셈에서 복잡한 계산은 계산기를 사용하게 할 수 있다.
• 소수의 곱셈과 나눗셈에서 계산 결과를 어림할 필요가 있는 상황, 정확한 계산 대신에 어림셈으로 비교가 가능한 상황 등 어림셈이 필요한 여러 가지 실생활 상황을 제시하여 어림셈의 필요성과 유용성을 알게 한다.
• ‘수와 연산’ 영역의 문제 상황에서 문제해결 전략 비교하기, 주어진 문제에서 필요 없는 정보나 부족한 정보 찾기, 조건을 바꾸어 새로운 문제 만들기, 문제해결 과정의 타당성 검토하기 등을 통하여 문제해결 역량을 기르게 한다. 
• ‘수와 연산’ 영역에서 자신의 문제해결 과정을 논리적으로 설명하고 다른 친구의 문제해결 과정과 비교함으로써 비판적으로 사고하는 태도를 기르게 한다."
5~6,수학,수와 연산,"⋅사물의 양은 자연수, 분수, 소수 등으로 표현되며, 수는 자연수에서 정수, 유리수, 실수로 확장된다. 
⋅사칙계산은 자연수에 대해 정의되며 정수, 유리수, 실수의 사칙계산으로 확장되고 이때 연산의 성질이 일관되게 성립한다. 
⋅수와 사칙계산은 수학 학습의 기본이 되며, 실생활 문제를 포함한 다양한 문제를 해결하는 데 유용하게 활용된다.",6수01-04,"약수, 공약수, 최대공약수를 이해하고 구할 수 있다.","약수, 공약수, 최대공약수를 구하고, 그 방법과 그들 사이의 관계를 설명할 수 있다.","약수, 공약수, 최대공약수를 이해하고, 주어진 수의 약수, 공약수, 최대공약수를 구할 수 있다.","안내된 절차에 따라 주어진 수의 약수, 공약수, 최대공약수를 구할 수 있다.",,"• ‘수와 연산’ 영역에서는 용어와 기호로 ‘이상, 이하, 초과, 미만, 올림, 버림, 반올림, 약수, 공약수, 최대공약수, 배수, 공배수, 최소공배수, 약분, 통분, 기약분수’를 다룬다.
• 자연수의 혼합 계산은 계산 순서에 중점을 두고, 지나치게 복잡한 혼합 계산은 다루지 않는다.
• 수의 범위와 올림, 버림, 반올림은 측정 상황과 같이 수나 양의 어림이 필요한 여러 가지 실생활 사례를 통하여 그 의미를 알게 한다.
• 약수와 배수는 실생활에서 활용되는 경우를 찾아 자연수 범위에서 다룬다.
• 약수와 배수를 학습하는 과정에서 약수와 배수의 관계를 이해하게 한다.
• 최대공약수와 최소공배수는 두 수에 대하여 약수와 배수를 각각 나열하여 공통된 약수와 배수를 찾는 방법으로 그 의미를 이해하게 하고, 평가에서 소인수의 곱으로 나타내어 구하는 방법은 다루지 않는다.
• 구체물이나 그림 등을 이용하여 크기가 같은 분수를 만든 후 분모는 분모끼리, 분자는 분자끼리 비교하는 활동을 통해 크기가 같은 분수를 만드는 방법을 이해하게 한다.
• 분모가 다른 분수의 크기를 비교할 때 수 감각을 이용하여 추론하고 토론하는 활동을 하게 한다.
• 분수의 사칙계산에서 기약분수로 나타낼 것을 요구하지 않을 경우, 계산 결과를 기약분수가 아닌 분수로 나타내는 것도 허용한다.
• 분수를 통분할 때는 공통분모로 최소공배수뿐만 아니라 분모의 곱과 같은 공배수도 이용하게 할 수 있다.
• 분수의 곱셈과 나눗셈, 소수의 곱셈과 나눗셈은 계산 원리를 탐구하여 이해하는 수준에서 다룬다.
• 소수의 곱셈과 나눗셈에서 복잡한 계산은 계산기를 사용하게 할 수 있다.
• 소수의 곱셈과 나눗셈에서 계산 결과를 어림할 필요가 있는 상황, 정확한 계산 대신에 어림셈으로 비교가 가능한 상황 등 어림셈이 필요한 여러 가지 실생활 상황을 제시하여 어림셈의 필요성과 유용성을 알게 한다.
• ‘수와 연산’ 영역의 문제 상황에서 문제해결 전략 비교하기, 주어진 문제에서 필요 없는 정보나 부족한 정보 찾기, 조건을 바꾸어 새로운 문제 만들기, 문제해결 과정의 타당성 검토하기 등을 통하여 문제해결 역량을 기르게 한다. 
• ‘수와 연산’ 영역에서 자신의 문제해결 과정을 논리적으로 설명하고 다른 친구의 문제해결 과정과 비교함으로써 비판적으로 사고하는 태도를 기르게 한다."
5~6,수학,수와 연산,"⋅사물의 양은 자연수, 분수, 소수 등으로 표현되며, 수는 자연수에서 정수, 유리수, 실수로 확장된다. 
⋅사칙계산은 자연수에 대해 정의되며 정수, 유리수, 실수의 사칙계산으로 확장되고 이때 연산의 성질이 일관되게 성립한다. 
⋅수와 사칙계산은 수학 학습의 기본이 되며, 실생활 문제를 포함한 다양한 문제를 해결하는 데 유용하게 활용된다.",6수01-05,"배수, 공배수, 최소공배수를 이해하고 구할 수 있다.","배수, 공배수, 최소공배수를 구하고, 그 방법과 그들 사이의 관계를 설명할 수 있다.","배수, 공배수, 최소공배수를 이해하고, 주어진 수의 배수, 공배수, 최소공배수를 구할 수 있다.","안내된 절차에 따라 주어진 수의 배수, 공배수, 최소공배수를 구할 수 있다.",,"• ‘수와 연산’ 영역에서는 용어와 기호로 ‘이상, 이하, 초과, 미만, 올림, 버림, 반올림, 약수, 공약수, 최대공약수, 배수, 공배수, 최소공배수, 약분, 통분, 기약분수’를 다룬다.
• 자연수의 혼합 계산은 계산 순서에 중점을 두고, 지나치게 복잡한 혼합 계산은 다루지 않는다.
• 수의 범위와 올림, 버림, 반올림은 측정 상황과 같이 수나 양의 어림이 필요한 여러 가지 실생활 사례를 통하여 그 의미를 알게 한다.
• 약수와 배수는 실생활에서 활용되는 경우를 찾아 자연수 범위에서 다룬다.
• 약수와 배수를 학습하는 과정에서 약수와 배수의 관계를 이해하게 한다.
• 최대공약수와 최소공배수는 두 수에 대하여 약수와 배수를 각각 나열하여 공통된 약수와 배수를 찾는 방법으로 그 의미를 이해하게 하고, 평가에서 소인수의 곱으로 나타내어 구하는 방법은 다루지 않는다.
• 구체물이나 그림 등을 이용하여 크기가 같은 분수를 만든 후 분모는 분모끼리, 분자는 분자끼리 비교하는 활동을 통해 크기가 같은 분수를 만드는 방법을 이해하게 한다.
• 분모가 다른 분수의 크기를 비교할 때 수 감각을 이용하여 추론하고 토론하는 활동을 하게 한다.
• 분수의 사칙계산에서 기약분수로 나타낼 것을 요구하지 않을 경우, 계산 결과를 기약분수가 아닌 분수로 나타내는 것도 허용한다.
• 분수를 통분할 때는 공통분모로 최소공배수뿐만 아니라 분모의 곱과 같은 공배수도 이용하게 할 수 있다.
• 분수의 곱셈과 나눗셈, 소수의 곱셈과 나눗셈은 계산 원리를 탐구하여 이해하는 수준에서 다룬다.
• 소수의 곱셈과 나눗셈에서 복잡한 계산은 계산기를 사용하게 할 수 있다.
• 소수의 곱셈과 나눗셈에서 계산 결과를 어림할 필요가 있는 상황, 정확한 계산 대신에 어림셈으로 비교가 가능한 상황 등 어림셈이 필요한 여러 가지 실생활 상황을 제시하여 어림셈의 필요성과 유용성을 알게 한다.
• ‘수와 연산’ 영역의 문제 상황에서 문제해결 전략 비교하기, 주어진 문제에서 필요 없는 정보나 부족한 정보 찾기, 조건을 바꾸어 새로운 문제 만들기, 문제해결 과정의 타당성 검토하기 등을 통하여 문제해결 역량을 기르게 한다. 
• ‘수와 연산’ 영역에서 자신의 문제해결 과정을 논리적으로 설명하고 다른 친구의 문제해결 과정과 비교함으로써 비판적으로 사고하는 태도를 기르게 한다."
5~6,수학,수와 연산,"⋅사물의 양은 자연수, 분수, 소수 등으로 표현되며, 수는 자연수에서 정수, 유리수, 실수로 확장된다. 
⋅사칙계산은 자연수에 대해 정의되며 정수, 유리수, 실수의 사칙계산으로 확장되고 이때 연산의 성질이 일관되게 성립한다. 
⋅수와 사칙계산은 수학 학습의 기본이 되며, 실생활 문제를 포함한 다양한 문제를 해결하는 데 유용하게 활용된다.",6수01-06,"크기가 같은 분수를 만드는 방법을 이해하고, 분수를 약분, 통분할 수 있다.","크기가 같은 분수에 대한 이해를 바탕으로 분수를 약분, 통분하고, 그 방법을 설명할 수 있다.","크기가 같은 분수에 대한 이해를 바탕으로 주어진 분수와 크기가 같은 분수를 만들고, 분수를 약분, 통분할 수 있다.","안내된 절차에 따라 주어진 분수와 크기가 같은 분수를 찾고, 간단한 분수를 약분, 통분할 수 있다.",,"• ‘수와 연산’ 영역에서는 용어와 기호로 ‘이상, 이하, 초과, 미만, 올림, 버림, 반올림, 약수, 공약수, 최대공약수, 배수, 공배수, 최소공배수, 약분, 통분, 기약분수’를 다룬다.
• 자연수의 혼합 계산은 계산 순서에 중점을 두고, 지나치게 복잡한 혼합 계산은 다루지 않는다.
• 수의 범위와 올림, 버림, 반올림은 측정 상황과 같이 수나 양의 어림이 필요한 여러 가지 실생활 사례를 통하여 그 의미를 알게 한다.
• 약수와 배수는 실생활에서 활용되는 경우를 찾아 자연수 범위에서 다룬다.
• 약수와 배수를 학습하는 과정에서 약수와 배수의 관계를 이해하게 한다.
• 최대공약수와 최소공배수는 두 수에 대하여 약수와 배수를 각각 나열하여 공통된 약수와 배수를 찾는 방법으로 그 의미를 이해하게 하고, 평가에서 소인수의 곱으로 나타내어 구하는 방법은 다루지 않는다.
• 구체물이나 그림 등을 이용하여 크기가 같은 분수를 만든 후 분모는 분모끼리, 분자는 분자끼리 비교하는 활동을 통해 크기가 같은 분수를 만드는 방법을 이해하게 한다.
• 분모가 다른 분수의 크기를 비교할 때 수 감각을 이용하여 추론하고 토론하는 활동을 하게 한다.
• 분수의 사칙계산에서 기약분수로 나타낼 것을 요구하지 않을 경우, 계산 결과를 기약분수가 아닌 분수로 나타내는 것도 허용한다.
• 분수를 통분할 때는 공통분모로 최소공배수뿐만 아니라 분모의 곱과 같은 공배수도 이용하게 할 수 있다.
• 분수의 곱셈과 나눗셈, 소수의 곱셈과 나눗셈은 계산 원리를 탐구하여 이해하는 수준에서 다룬다.
• 소수의 곱셈과 나눗셈에서 복잡한 계산은 계산기를 사용하게 할 수 있다.
• 소수의 곱셈과 나눗셈에서 계산 결과를 어림할 필요가 있는 상황, 정확한 계산 대신에 어림셈으로 비교가 가능한 상황 등 어림셈이 필요한 여러 가지 실생활 상황을 제시하여 어림셈의 필요성과 유용성을 알게 한다.
• ‘수와 연산’ 영역의 문제 상황에서 문제해결 전략 비교하기, 주어진 문제에서 필요 없는 정보나 부족한 정보 찾기, 조건을 바꾸어 새로운 문제 만들기, 문제해결 과정의 타당성 검토하기 등을 통하여 문제해결 역량을 기르게 한다. 
• ‘수와 연산’ 영역에서 자신의 문제해결 과정을 논리적으로 설명하고 다른 친구의 문제해결 과정과 비교함으로써 비판적으로 사고하는 태도를 기르게 한다."
5~6,수학,수와 연산,"⋅사물의 양은 자연수, 분수, 소수 등으로 표현되며, 수는 자연수에서 정수, 유리수, 실수로 확장된다. 
⋅사칙계산은 자연수에 대해 정의되며 정수, 유리수, 실수의 사칙계산으로 확장되고 이때 연산의 성질이 일관되게 성립한다. 
⋅수와 사칙계산은 수학 학습의 기본이 되며, 실생활 문제를 포함한 다양한 문제를 해결하는 데 유용하게 활용된다.",6수01-07,분모가 다른 분수의 크기를 비교하고 그 방법을 설명할 수 있다.,"분모가 다른 분수의 크기를 여러 가지 방법으로 비교하고, 그 방법을 설명할 수 있다.",분모가 다른 분수를 통분하여 크기를 비교할 수 있다. ,안내된 절차에 따라 분모가 다른 분수의 크기를 비교할 수 있다.,,"• ‘수와 연산’ 영역에서는 용어와 기호로 ‘이상, 이하, 초과, 미만, 올림, 버림, 반올림, 약수, 공약수, 최대공약수, 배수, 공배수, 최소공배수, 약분, 통분, 기약분수’를 다룬다.
• 자연수의 혼합 계산은 계산 순서에 중점을 두고, 지나치게 복잡한 혼합 계산은 다루지 않는다.
• 수의 범위와 올림, 버림, 반올림은 측정 상황과 같이 수나 양의 어림이 필요한 여러 가지 실생활 사례를 통하여 그 의미를 알게 한다.
• 약수와 배수는 실생활에서 활용되는 경우를 찾아 자연수 범위에서 다룬다.
• 약수와 배수를 학습하는 과정에서 약수와 배수의 관계를 이해하게 한다.
• 최대공약수와 최소공배수는 두 수에 대하여 약수와 배수를 각각 나열하여 공통된 약수와 배수를 찾는 방법으로 그 의미를 이해하게 하고, 평가에서 소인수의 곱으로 나타내어 구하는 방법은 다루지 않는다.
• 구체물이나 그림 등을 이용하여 크기가 같은 분수를 만든 후 분모는 분모끼리, 분자는 분자끼리 비교하는 활동을 통해 크기가 같은 분수를 만드는 방법을 이해하게 한다.
• 분모가 다른 분수의 크기를 비교할 때 수 감각을 이용하여 추론하고 토론하는 활동을 하게 한다.
• 분수의 사칙계산에서 기약분수로 나타낼 것을 요구하지 않을 경우, 계산 결과를 기약분수가 아닌 분수로 나타내는 것도 허용한다.
• 분수를 통분할 때는 공통분모로 최소공배수뿐만 아니라 분모의 곱과 같은 공배수도 이용하게 할 수 있다.
• 분수의 곱셈과 나눗셈, 소수의 곱셈과 나눗셈은 계산 원리를 탐구하여 이해하는 수준에서 다룬다.
• 소수의 곱셈과 나눗셈에서 복잡한 계산은 계산기를 사용하게 할 수 있다.
• 소수의 곱셈과 나눗셈에서 계산 결과를 어림할 필요가 있는 상황, 정확한 계산 대신에 어림셈으로 비교가 가능한 상황 등 어림셈이 필요한 여러 가지 실생활 상황을 제시하여 어림셈의 필요성과 유용성을 알게 한다.
• ‘수와 연산’ 영역의 문제 상황에서 문제해결 전략 비교하기, 주어진 문제에서 필요 없는 정보나 부족한 정보 찾기, 조건을 바꾸어 새로운 문제 만들기, 문제해결 과정의 타당성 검토하기 등을 통하여 문제해결 역량을 기르게 한다. 
• ‘수와 연산’ 영역에서 자신의 문제해결 과정을 논리적으로 설명하고 다른 친구의 문제해결 과정과 비교함으로써 비판적으로 사고하는 태도를 기르게 한다."
5~6,수학,수와 연산,"⋅사물의 양은 자연수, 분수, 소수 등으로 표현되며, 수는 자연수에서 정수, 유리수, 실수로 확장된다. 
⋅사칙계산은 자연수에 대해 정의되며 정수, 유리수, 실수의 사칙계산으로 확장되고 이때 연산의 성질이 일관되게 성립한다. 
⋅수와 사칙계산은 수학 학습의 기본이 되며, 실생활 문제를 포함한 다양한 문제를 해결하는 데 유용하게 활용된다.",6수01-08,분모가 다른 분수의 덧셈과 뺄셈의 계산 원리를 탐구하고 그 계산을 할 수 있다.,"분모가 다른 분수의 덧셈과 뺄셈을 계산하고, 그 계산 원리를 설명할 수 있다.","분모가 다른 분수의 덧셈과 뺄셈의 계산 원리를 탐구하고, 그 계산을 할 수 있다.",안내된 절차에 따라 분모가 다른 간단한 분수의 덧셈과 뺄셈을 할 수 있다.,,"• ‘수와 연산’ 영역에서는 용어와 기호로 ‘이상, 이하, 초과, 미만, 올림, 버림, 반올림, 약수, 공약수, 최대공약수, 배수, 공배수, 최소공배수, 약분, 통분, 기약분수’를 다룬다.
• 자연수의 혼합 계산은 계산 순서에 중점을 두고, 지나치게 복잡한 혼합 계산은 다루지 않는다.
• 수의 범위와 올림, 버림, 반올림은 측정 상황과 같이 수나 양의 어림이 필요한 여러 가지 실생활 사례를 통하여 그 의미를 알게 한다.
• 약수와 배수는 실생활에서 활용되는 경우를 찾아 자연수 범위에서 다룬다.
• 약수와 배수를 학습하는 과정에서 약수와 배수의 관계를 이해하게 한다.
• 최대공약수와 최소공배수는 두 수에 대하여 약수와 배수를 각각 나열하여 공통된 약수와 배수를 찾는 방법으로 그 의미를 이해하게 하고, 평가에서 소인수의 곱으로 나타내어 구하는 방법은 다루지 않는다.
• 구체물이나 그림 등을 이용하여 크기가 같은 분수를 만든 후 분모는 분모끼리, 분자는 분자끼리 비교하는 활동을 통해 크기가 같은 분수를 만드는 방법을 이해하게 한다.
• 분모가 다른 분수의 크기를 비교할 때 수 감각을 이용하여 추론하고 토론하는 활동을 하게 한다.
• 분수의 사칙계산에서 기약분수로 나타낼 것을 요구하지 않을 경우, 계산 결과를 기약분수가 아닌 분수로 나타내는 것도 허용한다.
• 분수를 통분할 때는 공통분모로 최소공배수뿐만 아니라 분모의 곱과 같은 공배수도 이용하게 할 수 있다.
• 분수의 곱셈과 나눗셈, 소수의 곱셈과 나눗셈은 계산 원리를 탐구하여 이해하는 수준에서 다룬다.
• 소수의 곱셈과 나눗셈에서 복잡한 계산은 계산기를 사용하게 할 수 있다.
• 소수의 곱셈과 나눗셈에서 계산 결과를 어림할 필요가 있는 상황, 정확한 계산 대신에 어림셈으로 비교가 가능한 상황 등 어림셈이 필요한 여러 가지 실생활 상황을 제시하여 어림셈의 필요성과 유용성을 알게 한다.
• ‘수와 연산’ 영역의 문제 상황에서 문제해결 전략 비교하기, 주어진 문제에서 필요 없는 정보나 부족한 정보 찾기, 조건을 바꾸어 새로운 문제 만들기, 문제해결 과정의 타당성 검토하기 등을 통하여 문제해결 역량을 기르게 한다. 
• ‘수와 연산’ 영역에서 자신의 문제해결 과정을 논리적으로 설명하고 다른 친구의 문제해결 과정과 비교함으로써 비판적으로 사고하는 태도를 기르게 한다."
5~6,수학,수와 연산,"⋅사물의 양은 자연수, 분수, 소수 등으로 표현되며, 수는 자연수에서 정수, 유리수, 실수로 확장된다. 
⋅사칙계산은 자연수에 대해 정의되며 정수, 유리수, 실수의 사칙계산으로 확장되고 이때 연산의 성질이 일관되게 성립한다. 
⋅수와 사칙계산은 수학 학습의 기본이 되며, 실생활 문제를 포함한 다양한 문제를 해결하는 데 유용하게 활용된다.",6수01-09,분수의 곱셈의 계산 원리를 탐구하고 그 계산을 할 수 있다.,"‘(분수)×(자연수)’, ‘(자연수)×(분수)’, ‘(분수)×(분수)’를 계산하고, 그 계산 원리를 설명할 수 있다.","‘(분수)×(자연수)’, ‘(자연수)×(분수)’, ‘(분수)×(분수)’의 계산 원리를 탐구하고, 그 계산을 할 수 있다.","안내된 절차에 따라 간단한 ‘(분수)×(자연수)’, ‘(자연수)×(분수)’, ‘(분수)×(분수)’의 계산을 할 수 있다.",,"• ‘수와 연산’ 영역에서는 용어와 기호로 ‘이상, 이하, 초과, 미만, 올림, 버림, 반올림, 약수, 공약수, 최대공약수, 배수, 공배수, 최소공배수, 약분, 통분, 기약분수’를 다룬다.
• 자연수의 혼합 계산은 계산 순서에 중점을 두고, 지나치게 복잡한 혼합 계산은 다루지 않는다.
• 수의 범위와 올림, 버림, 반올림은 측정 상황과 같이 수나 양의 어림이 필요한 여러 가지 실생활 사례를 통하여 그 의미를 알게 한다.
• 약수와 배수는 실생활에서 활용되는 경우를 찾아 자연수 범위에서 다룬다.
• 약수와 배수를 학습하는 과정에서 약수와 배수의 관계를 이해하게 한다.
• 최대공약수와 최소공배수는 두 수에 대하여 약수와 배수를 각각 나열하여 공통된 약수와 배수를 찾는 방법으로 그 의미를 이해하게 하고, 평가에서 소인수의 곱으로 나타내어 구하는 방법은 다루지 않는다.
• 구체물이나 그림 등을 이용하여 크기가 같은 분수를 만든 후 분모는 분모끼리, 분자는 분자끼리 비교하는 활동을 통해 크기가 같은 분수를 만드는 방법을 이해하게 한다.
• 분모가 다른 분수의 크기를 비교할 때 수 감각을 이용하여 추론하고 토론하는 활동을 하게 한다.
• 분수의 사칙계산에서 기약분수로 나타낼 것을 요구하지 않을 경우, 계산 결과를 기약분수가 아닌 분수로 나타내는 것도 허용한다.
• 분수를 통분할 때는 공통분모로 최소공배수뿐만 아니라 분모의 곱과 같은 공배수도 이용하게 할 수 있다.
• 분수의 곱셈과 나눗셈, 소수의 곱셈과 나눗셈은 계산 원리를 탐구하여 이해하는 수준에서 다룬다.
• 소수의 곱셈과 나눗셈에서 복잡한 계산은 계산기를 사용하게 할 수 있다.
• 소수의 곱셈과 나눗셈에서 계산 결과를 어림할 필요가 있는 상황, 정확한 계산 대신에 어림셈으로 비교가 가능한 상황 등 어림셈이 필요한 여러 가지 실생활 상황을 제시하여 어림셈의 필요성과 유용성을 알게 한다.
• ‘수와 연산’ 영역의 문제 상황에서 문제해결 전략 비교하기, 주어진 문제에서 필요 없는 정보나 부족한 정보 찾기, 조건을 바꾸어 새로운 문제 만들기, 문제해결 과정의 타당성 검토하기 등을 통하여 문제해결 역량을 기르게 한다. 
• ‘수와 연산’ 영역에서 자신의 문제해결 과정을 논리적으로 설명하고 다른 친구의 문제해결 과정과 비교함으로써 비판적으로 사고하는 태도를 기르게 한다."
5~6,수학,수와 연산,"⋅사물의 양은 자연수, 분수, 소수 등으로 표현되며, 수는 자연수에서 정수, 유리수, 실수로 확장된다. 
⋅사칙계산은 자연수에 대해 정의되며 정수, 유리수, 실수의 사칙계산으로 확장되고 이때 연산의 성질이 일관되게 성립한다. 
⋅수와 사칙계산은 수학 학습의 기본이 되며, 실생활 문제를 포함한 다양한 문제를 해결하는 데 유용하게 활용된다.",6수01-10,‘(자연수)÷(자연수)’에서 나눗셈의 몫을 분수로 나타낼 수 있다.,"‘(자연수)÷(자연수)’의 몫을 분수로 나타내고, 그 방법을 설명할 수 있다.",‘(자연수)÷(자연수)’의 몫을 분수로 나타낼 수 있다. ,안내된 절차에 따라 ‘(자연수)÷(자연수)’의 몫을 분수로 나타낼 수 있다. ,,"• ‘수와 연산’ 영역에서는 용어와 기호로 ‘이상, 이하, 초과, 미만, 올림, 버림, 반올림, 약수, 공약수, 최대공약수, 배수, 공배수, 최소공배수, 약분, 통분, 기약분수’를 다룬다.
• 자연수의 혼합 계산은 계산 순서에 중점을 두고, 지나치게 복잡한 혼합 계산은 다루지 않는다.
• 수의 범위와 올림, 버림, 반올림은 측정 상황과 같이 수나 양의 어림이 필요한 여러 가지 실생활 사례를 통하여 그 의미를 알게 한다.
• 약수와 배수는 실생활에서 활용되는 경우를 찾아 자연수 범위에서 다룬다.
• 약수와 배수를 학습하는 과정에서 약수와 배수의 관계를 이해하게 한다.
• 최대공약수와 최소공배수는 두 수에 대하여 약수와 배수를 각각 나열하여 공통된 약수와 배수를 찾는 방법으로 그 의미를 이해하게 하고, 평가에서 소인수의 곱으로 나타내어 구하는 방법은 다루지 않는다.
• 구체물이나 그림 등을 이용하여 크기가 같은 분수를 만든 후 분모는 분모끼리, 분자는 분자끼리 비교하는 활동을 통해 크기가 같은 분수를 만드는 방법을 이해하게 한다.
• 분모가 다른 분수의 크기를 비교할 때 수 감각을 이용하여 추론하고 토론하는 활동을 하게 한다.
• 분수의 사칙계산에서 기약분수로 나타낼 것을 요구하지 않을 경우, 계산 결과를 기약분수가 아닌 분수로 나타내는 것도 허용한다.
• 분수를 통분할 때는 공통분모로 최소공배수뿐만 아니라 분모의 곱과 같은 공배수도 이용하게 할 수 있다.
• 분수의 곱셈과 나눗셈, 소수의 곱셈과 나눗셈은 계산 원리를 탐구하여 이해하는 수준에서 다룬다.
• 소수의 곱셈과 나눗셈에서 복잡한 계산은 계산기를 사용하게 할 수 있다.
• 소수의 곱셈과 나눗셈에서 계산 결과를 어림할 필요가 있는 상황, 정확한 계산 대신에 어림셈으로 비교가 가능한 상황 등 어림셈이 필요한 여러 가지 실생활 상황을 제시하여 어림셈의 필요성과 유용성을 알게 한다.
• ‘수와 연산’ 영역의 문제 상황에서 문제해결 전략 비교하기, 주어진 문제에서 필요 없는 정보나 부족한 정보 찾기, 조건을 바꾸어 새로운 문제 만들기, 문제해결 과정의 타당성 검토하기 등을 통하여 문제해결 역량을 기르게 한다. 
• ‘수와 연산’ 영역에서 자신의 문제해결 과정을 논리적으로 설명하고 다른 친구의 문제해결 과정과 비교함으로써 비판적으로 사고하는 태도를 기르게 한다."
,수학,수와 연산,"⋅사물의 양은 자연수, 분수, 소수 등으로 표현되며, 수는 자연수에서 정수, 유리수, 실수로 확장된다. 
⋅사칙계산은 자연수에 대해 정의되며 정수, 유리수, 실수의 사칙계산으로 확장되고 이때 연산의 성질이 일관되게 성립한다. 
⋅수와 사칙계산은 수학 학습의 기본이 되며, 실생활 문제를 포함한 다양한 문제를 해결하는 데 유용하게 활용된다.",6수01-11,분수의 나눗셈의 계산 원리를 탐구하고 그 계산을 할 수 있다.,"‘(분수)÷(자연수)’, ‘(자연수)÷(분수)’, ‘(분수)÷(분수)’를 계산하고, 그 계산 원리를 설명할 수 있다.","‘(분수)÷(자연수)’, ‘(자연수)÷(분수)’, ‘(분수)÷(분수)’의 계산 원리를 탐구하고, 그 계산을 할 수 있다.","안내된 절차에 따라 간단한 ‘(분수)÷(자연수)’, ‘(자연수)÷(분수)’, ‘(분수)÷(분수)’의 계산을 할 수 있다.","[6수01-11] 분수의 나눗셈은 ‘(분수)(자연수)’, ‘(자연수)(분수)’, ‘(분수)(분수)’를 다룬다.","• ‘수와 연산’ 영역에서는 용어와 기호로 ‘이상, 이하, 초과, 미만, 올림, 버림, 반올림, 약수, 공약수, 최대공약수, 배수, 공배수, 최소공배수, 약분, 통분, 기약분수’를 다룬다.
• 자연수의 혼합 계산은 계산 순서에 중점을 두고, 지나치게 복잡한 혼합 계산은 다루지 않는다.
• 수의 범위와 올림, 버림, 반올림은 측정 상황과 같이 수나 양의 어림이 필요한 여러 가지 실생활 사례를 통하여 그 의미를 알게 한다.
• 약수와 배수는 실생활에서 활용되는 경우를 찾아 자연수 범위에서 다룬다.
• 약수와 배수를 학습하는 과정에서 약수와 배수의 관계를 이해하게 한다.
• 최대공약수와 최소공배수는 두 수에 대하여 약수와 배수를 각각 나열하여 공통된 약수와 배수를 찾는 방법으로 그 의미를 이해하게 하고, 평가에서 소인수의 곱으로 나타내어 구하는 방법은 다루지 않는다.
• 구체물이나 그림 등을 이용하여 크기가 같은 분수를 만든 후 분모는 분모끼리, 분자는 분자끼리 비교하는 활동을 통해 크기가 같은 분수를 만드는 방법을 이해하게 한다.
• 분모가 다른 분수의 크기를 비교할 때 수 감각을 이용하여 추론하고 토론하는 활동을 하게 한다.
• 분수의 사칙계산에서 기약분수로 나타낼 것을 요구하지 않을 경우, 계산 결과를 기약분수가 아닌 분수로 나타내는 것도 허용한다.
• 분수를 통분할 때는 공통분모로 최소공배수뿐만 아니라 분모의 곱과 같은 공배수도 이용하게 할 수 있다.
• 분수의 곱셈과 나눗셈, 소수의 곱셈과 나눗셈은 계산 원리를 탐구하여 이해하는 수준에서 다룬다.
• 소수의 곱셈과 나눗셈에서 복잡한 계산은 계산기를 사용하게 할 수 있다.
• 소수의 곱셈과 나눗셈에서 계산 결과를 어림할 필요가 있는 상황, 정확한 계산 대신에 어림셈으로 비교가 가능한 상황 등 어림셈이 필요한 여러 가지 실생활 상황을 제시하여 어림셈의 필요성과 유용성을 알게 한다.
• ‘수와 연산’ 영역의 문제 상황에서 문제해결 전략 비교하기, 주어진 문제에서 필요 없는 정보나 부족한 정보 찾기, 조건을 바꾸어 새로운 문제 만들기, 문제해결 과정의 타당성 검토하기 등을 통하여 문제해결 역량을 기르게 한다. 
• ‘수와 연산’ 영역에서 자신의 문제해결 과정을 논리적으로 설명하고 다른 친구의 문제해결 과정과 비교함으로써 비판적으로 사고하는 태도를 기르게 한다."
5~6,수학,수와 연산,"⋅사물의 양은 자연수, 분수, 소수 등으로 표현되며, 수는 자연수에서 정수, 유리수, 실수로 확장된다. 
⋅사칙계산은 자연수에 대해 정의되며 정수, 유리수, 실수의 사칙계산으로 확장되고 이때 연산의 성질이 일관되게 성립한다. 
⋅수와 사칙계산은 수학 학습의 기본이 되며, 실생활 문제를 포함한 다양한 문제를 해결하는 데 유용하게 활용된다.",6수01-12,분수와 소수의 관계를 이해하고 크기를 비교하며 그 방법을 설명할 수 있다.,"분수와 소수의 관계에 대한 이해를 바탕으로 여러 가지 방법으로 분수와 소수의 크기를 비교하고, 그 방법을 설명할 수 있다.","분수를 소수로, 소수를 분수로 나타내고, 분수와 소수의 크기를 비교할 수 있다.","안내된 절차에 따라 분수를 소수로, 소수를 분수로 나타내고, 간단한 분수와 소수의 크기를 비교할 수 있다.",,"• ‘수와 연산’ 영역에서는 용어와 기호로 ‘이상, 이하, 초과, 미만, 올림, 버림, 반올림, 약수, 공약수, 최대공약수, 배수, 공배수, 최소공배수, 약분, 통분, 기약분수’를 다룬다.
• 자연수의 혼합 계산은 계산 순서에 중점을 두고, 지나치게 복잡한 혼합 계산은 다루지 않는다.
• 수의 범위와 올림, 버림, 반올림은 측정 상황과 같이 수나 양의 어림이 필요한 여러 가지 실생활 사례를 통하여 그 의미를 알게 한다.
• 약수와 배수는 실생활에서 활용되는 경우를 찾아 자연수 범위에서 다룬다.
• 약수와 배수를 학습하는 과정에서 약수와 배수의 관계를 이해하게 한다.
• 최대공약수와 최소공배수는 두 수에 대하여 약수와 배수를 각각 나열하여 공통된 약수와 배수를 찾는 방법으로 그 의미를 이해하게 하고, 평가에서 소인수의 곱으로 나타내어 구하는 방법은 다루지 않는다.
• 구체물이나 그림 등을 이용하여 크기가 같은 분수를 만든 후 분모는 분모끼리, 분자는 분자끼리 비교하는 활동을 통해 크기가 같은 분수를 만드는 방법을 이해하게 한다.
• 분모가 다른 분수의 크기를 비교할 때 수 감각을 이용하여 추론하고 토론하는 활동을 하게 한다.
• 분수의 사칙계산에서 기약분수로 나타낼 것을 요구하지 않을 경우, 계산 결과를 기약분수가 아닌 분수로 나타내는 것도 허용한다.
• 분수를 통분할 때는 공통분모로 최소공배수뿐만 아니라 분모의 곱과 같은 공배수도 이용하게 할 수 있다.
• 분수의 곱셈과 나눗셈, 소수의 곱셈과 나눗셈은 계산 원리를 탐구하여 이해하는 수준에서 다룬다.
• 소수의 곱셈과 나눗셈에서 복잡한 계산은 계산기를 사용하게 할 수 있다.
• 소수의 곱셈과 나눗셈에서 계산 결과를 어림할 필요가 있는 상황, 정확한 계산 대신에 어림셈으로 비교가 가능한 상황 등 어림셈이 필요한 여러 가지 실생활 상황을 제시하여 어림셈의 필요성과 유용성을 알게 한다.
• ‘수와 연산’ 영역의 문제 상황에서 문제해결 전략 비교하기, 주어진 문제에서 필요 없는 정보나 부족한 정보 찾기, 조건을 바꾸어 새로운 문제 만들기, 문제해결 과정의 타당성 검토하기 등을 통하여 문제해결 역량을 기르게 한다. 
• ‘수와 연산’ 영역에서 자신의 문제해결 과정을 논리적으로 설명하고 다른 친구의 문제해결 과정과 비교함으로써 비판적으로 사고하는 태도를 기르게 한다."
5~6,수학,수와 연산,"⋅사물의 양은 자연수, 분수, 소수 등으로 표현되며, 수는 자연수에서 정수, 유리수, 실수로 확장된다. 
⋅사칙계산은 자연수에 대해 정의되며 정수, 유리수, 실수의 사칙계산으로 확장되고 이때 연산의 성질이 일관되게 성립한다. 
⋅수와 사칙계산은 수학 학습의 기본이 되며, 실생활 문제를 포함한 다양한 문제를 해결하는 데 유용하게 활용된다.",6수01-13,소수의 곱셈의 계산 원리를 탐구하고 그 계산을 할 수 있다.,"‘(소수)×(자연수)’, ‘(자연수)×(소수)’, ‘(소수)×(소수)’를 계산하고, 계산 결과가 타당한지를 어림을 이용하여 설명할 수 있다.","‘(소수)×(자연수)’, ‘(자연수)×(소수)’, ‘(소수)×(소수)’의 계산 원리를 탐구하고, 그 계산을 할 수 있다.","안내된 절차에 따라 간단한 ‘(소수)×(자연수)’, ‘(자연수)×(소수)’, ‘(소수)×(소수)’의 계산을 할 수 있다.",,"• ‘수와 연산’ 영역에서는 용어와 기호로 ‘이상, 이하, 초과, 미만, 올림, 버림, 반올림, 약수, 공약수, 최대공약수, 배수, 공배수, 최소공배수, 약분, 통분, 기약분수’를 다룬다.
• 자연수의 혼합 계산은 계산 순서에 중점을 두고, 지나치게 복잡한 혼합 계산은 다루지 않는다.
• 수의 범위와 올림, 버림, 반올림은 측정 상황과 같이 수나 양의 어림이 필요한 여러 가지 실생활 사례를 통하여 그 의미를 알게 한다.
• 약수와 배수는 실생활에서 활용되는 경우를 찾아 자연수 범위에서 다룬다.
• 약수와 배수를 학습하는 과정에서 약수와 배수의 관계를 이해하게 한다.
• 최대공약수와 최소공배수는 두 수에 대하여 약수와 배수를 각각 나열하여 공통된 약수와 배수를 찾는 방법으로 그 의미를 이해하게 하고, 평가에서 소인수의 곱으로 나타내어 구하는 방법은 다루지 않는다.
• 구체물이나 그림 등을 이용하여 크기가 같은 분수를 만든 후 분모는 분모끼리, 분자는 분자끼리 비교하는 활동을 통해 크기가 같은 분수를 만드는 방법을 이해하게 한다.
• 분모가 다른 분수의 크기를 비교할 때 수 감각을 이용하여 추론하고 토론하는 활동을 하게 한다.
• 분수의 사칙계산에서 기약분수로 나타낼 것을 요구하지 않을 경우, 계산 결과를 기약분수가 아닌 분수로 나타내는 것도 허용한다.
• 분수를 통분할 때는 공통분모로 최소공배수뿐만 아니라 분모의 곱과 같은 공배수도 이용하게 할 수 있다.
• 분수의 곱셈과 나눗셈, 소수의 곱셈과 나눗셈은 계산 원리를 탐구하여 이해하는 수준에서 다룬다.
• 소수의 곱셈과 나눗셈에서 복잡한 계산은 계산기를 사용하게 할 수 있다.
• 소수의 곱셈과 나눗셈에서 계산 결과를 어림할 필요가 있는 상황, 정확한 계산 대신에 어림셈으로 비교가 가능한 상황 등 어림셈이 필요한 여러 가지 실생활 상황을 제시하여 어림셈의 필요성과 유용성을 알게 한다.
• ‘수와 연산’ 영역의 문제 상황에서 문제해결 전략 비교하기, 주어진 문제에서 필요 없는 정보나 부족한 정보 찾기, 조건을 바꾸어 새로운 문제 만들기, 문제해결 과정의 타당성 검토하기 등을 통하여 문제해결 역량을 기르게 한다. 
• ‘수와 연산’ 영역에서 자신의 문제해결 과정을 논리적으로 설명하고 다른 친구의 문제해결 과정과 비교함으로써 비판적으로 사고하는 태도를 기르게 한다."
5~6,수학,수와 연산,"⋅사물의 양은 자연수, 분수, 소수 등으로 표현되며, 수는 자연수에서 정수, 유리수, 실수로 확장된다. 
⋅사칙계산은 자연수에 대해 정의되며 정수, 유리수, 실수의 사칙계산으로 확장되고 이때 연산의 성질이 일관되게 성립한다. 
⋅수와 사칙계산은 수학 학습의 기본이 되며, 실생활 문제를 포함한 다양한 문제를 해결하는 데 유용하게 활용된다.",6수01-14,(자연수)÷(자연수)’에서 나눗셈의 몫을 분수로 나타낼 수 있다.,"‘(자연수)÷(자연수)’에서 나눗셈의 몫을 소수로 나타내고, 그 방법을 설명할 수 있다.",‘(자연수)÷(자연수)’에서 나눗셈의 몫을 소수로 나타낼 수 있다.,안내된 절차에 따라 간단한 ‘(자연수)÷(자연수)’에서 나눗셈의 몫을 소수로 나타낼 수 있다.,,"• ‘수와 연산’ 영역에서는 용어와 기호로 ‘이상, 이하, 초과, 미만, 올림, 버림, 반올림, 약수, 공약수, 최대공약수, 배수, 공배수, 최소공배수, 약분, 통분, 기약분수’를 다룬다.
• 자연수의 혼합 계산은 계산 순서에 중점을 두고, 지나치게 복잡한 혼합 계산은 다루지 않는다.
• 수의 범위와 올림, 버림, 반올림은 측정 상황과 같이 수나 양의 어림이 필요한 여러 가지 실생활 사례를 통하여 그 의미를 알게 한다.
• 약수와 배수는 실생활에서 활용되는 경우를 찾아 자연수 범위에서 다룬다.
• 약수와 배수를 학습하는 과정에서 약수와 배수의 관계를 이해하게 한다.
• 최대공약수와 최소공배수는 두 수에 대하여 약수와 배수를 각각 나열하여 공통된 약수와 배수를 찾는 방법으로 그 의미를 이해하게 하고, 평가에서 소인수의 곱으로 나타내어 구하는 방법은 다루지 않는다.
• 구체물이나 그림 등을 이용하여 크기가 같은 분수를 만든 후 분모는 분모끼리, 분자는 분자끼리 비교하는 활동을 통해 크기가 같은 분수를 만드는 방법을 이해하게 한다.
• 분모가 다른 분수의 크기를 비교할 때 수 감각을 이용하여 추론하고 토론하는 활동을 하게 한다.
• 분수의 사칙계산에서 기약분수로 나타낼 것을 요구하지 않을 경우, 계산 결과를 기약분수가 아닌 분수로 나타내는 것도 허용한다.
• 분수를 통분할 때는 공통분모로 최소공배수뿐만 아니라 분모의 곱과 같은 공배수도 이용하게 할 수 있다.
• 분수의 곱셈과 나눗셈, 소수의 곱셈과 나눗셈은 계산 원리를 탐구하여 이해하는 수준에서 다룬다.
• 소수의 곱셈과 나눗셈에서 복잡한 계산은 계산기를 사용하게 할 수 있다.
• 소수의 곱셈과 나눗셈에서 계산 결과를 어림할 필요가 있는 상황, 정확한 계산 대신에 어림셈으로 비교가 가능한 상황 등 어림셈이 필요한 여러 가지 실생활 상황을 제시하여 어림셈의 필요성과 유용성을 알게 한다.
• ‘수와 연산’ 영역의 문제 상황에서 문제해결 전략 비교하기, 주어진 문제에서 필요 없는 정보나 부족한 정보 찾기, 조건을 바꾸어 새로운 문제 만들기, 문제해결 과정의 타당성 검토하기 등을 통하여 문제해결 역량을 기르게 한다. 
• ‘수와 연산’ 영역에서 자신의 문제해결 과정을 논리적으로 설명하고 다른 친구의 문제해결 과정과 비교함으로써 비판적으로 사고하는 태도를 기르게 한다."
5~6,수학,수와 연산,"⋅사물의 양은 자연수, 분수, 소수 등으로 표현되며, 수는 자연수에서 정수, 유리수, 실수로 확장된다. 
⋅사칙계산은 자연수에 대해 정의되며 정수, 유리수, 실수의 사칙계산으로 확장되고 이때 연산의 성질이 일관되게 성립한다. 
⋅수와 사칙계산은 수학 학습의 기본이 되며, 실생활 문제를 포함한 다양한 문제를 해결하는 데 유용하게 활용된다.",6수01-15,소수의 나눗셈의 계산 원리를 탐구하고 그 계산을 할 수 있다.,"‘(소수)÷(자연수), ‘(자연수)÷(소수)’, ‘(소수)÷(소수)’를 계산하고, 계산 결과가 타당한지를 어림을 이용하여 설명할 수 있다.","‘(소수)÷(자연수)’, ‘(자연수)÷(소수)’, ‘(소수)÷(소수)’의 계산 원리를 탐구하고, 그 계산을 할 수 있다.","안내된 절차에 따라 간단한 ‘(소수)÷(자연수)’, ‘(자연수)÷(소수)’, ‘(소수)÷(소수)’를 계산할 수 있다.","[6수01-15] 소수의 나눗셈은 ‘(소수)(자연수)’, ‘(자연수)(소수)’, ‘(소수)(소수)’를 다룬다.","• ‘수와 연산’ 영역에서는 용어와 기호로 ‘이상, 이하, 초과, 미만, 올림, 버림, 반올림, 약수, 공약수, 최대공약수, 배수, 공배수, 최소공배수, 약분, 통분, 기약분수’를 다룬다.
• 자연수의 혼합 계산은 계산 순서에 중점을 두고, 지나치게 복잡한 혼합 계산은 다루지 않는다.
• 수의 범위와 올림, 버림, 반올림은 측정 상황과 같이 수나 양의 어림이 필요한 여러 가지 실생활 사례를 통하여 그 의미를 알게 한다.
• 약수와 배수는 실생활에서 활용되는 경우를 찾아 자연수 범위에서 다룬다.
• 약수와 배수를 학습하는 과정에서 약수와 배수의 관계를 이해하게 한다.
• 최대공약수와 최소공배수는 두 수에 대하여 약수와 배수를 각각 나열하여 공통된 약수와 배수를 찾는 방법으로 그 의미를 이해하게 하고, 평가에서 소인수의 곱으로 나타내어 구하는 방법은 다루지 않는다.
• 구체물이나 그림 등을 이용하여 크기가 같은 분수를 만든 후 분모는 분모끼리, 분자는 분자끼리 비교하는 활동을 통해 크기가 같은 분수를 만드는 방법을 이해하게 한다.
• 분모가 다른 분수의 크기를 비교할 때 수 감각을 이용하여 추론하고 토론하는 활동을 하게 한다.
• 분수의 사칙계산에서 기약분수로 나타낼 것을 요구하지 않을 경우, 계산 결과를 기약분수가 아닌 분수로 나타내는 것도 허용한다.
• 분수를 통분할 때는 공통분모로 최소공배수뿐만 아니라 분모의 곱과 같은 공배수도 이용하게 할 수 있다.
• 분수의 곱셈과 나눗셈, 소수의 곱셈과 나눗셈은 계산 원리를 탐구하여 이해하는 수준에서 다룬다.
• 소수의 곱셈과 나눗셈에서 복잡한 계산은 계산기를 사용하게 할 수 있다.
• 소수의 곱셈과 나눗셈에서 계산 결과를 어림할 필요가 있는 상황, 정확한 계산 대신에 어림셈으로 비교가 가능한 상황 등 어림셈이 필요한 여러 가지 실생활 상황을 제시하여 어림셈의 필요성과 유용성을 알게 한다.
• ‘수와 연산’ 영역의 문제 상황에서 문제해결 전략 비교하기, 주어진 문제에서 필요 없는 정보나 부족한 정보 찾기, 조건을 바꾸어 새로운 문제 만들기, 문제해결 과정의 타당성 검토하기 등을 통하여 문제해결 역량을 기르게 한다. 
• ‘수와 연산’ 영역에서 자신의 문제해결 과정을 논리적으로 설명하고 다른 친구의 문제해결 과정과 비교함으로써 비판적으로 사고하는 태도를 기르게 한다."
5~6,수학,변화와 관계,"⋅변화하는 현상에 반복적인 요소로 들어있는 규칙은 수나 식으로 표현될 수 있으며, 규칙을 탐구하는 것은 수학적으로 추측하고 일반화하는 데 기반이 된다.
⋅동치 관계, 대응 관계, 비례 관계 등은 여러 현상에 들어있는 대상들 사이의 다양한 관계를 기술하고 복잡한 문제를 해결하는 데 유용하게 활용된다.
⋅수와 그 계산은 문자와 식을 사용하여 일반화되며, 특정한 관계를 만족시키는 미지의 값은 방정식과 부등식을 해결하는 적절한 절차를 거쳐 구해진다.
⋅한 양이 변함에 따라 다른 양이 하나씩 정해지는 두 양 사이의 대응 관계를 나타내는 함수와 그 그래프는 변화하는 현상 속의 다양한 관계를 수학적으로 표현한다.",6수02-01,"한 양이 변할 때 다른 양이 그에 종속하여 변하는 대응 관계를 나타낸 표에서 규칙을 찾아 설명하고, □, △ 등을 사용하여 식으로 나타낼 수 있다.","대응 관계를 나타낸 표에서 규칙을 찾아 □, △ 등을 사용하여 식으로 나타내고, 그 방법과 수학적 표현의 편리함을 설명할 수 있다.","대응 관계를 나타낸 표에서 규칙을 찾아 □, △ 등을 사용한 식으로 나타내고, 그 과정에서 수학적 표현의 편리함을 안다. ","안내된 절차에 따라 대응 관계를 나타낸 표에서 규칙을 찾고, □, △ 등을 사용한 식을 완성할 수 있다.",,"• ‘변화와 관계’ 영역에서는 용어와 기호로 ‘비, 기준량, 비교하는 양, 비율, 백분율, 비례식, 비례배분, :, %’를 다룬다.
• 대응 관계를 탐구할 때는 두 양의 변화를 함께 고려하게 하고, 한 양의 변화에만 초점을 두지 않는다.
• 두 양 사이의 대응 관계를 식으로 나타내는 방법을 지도하는 활동에서는 덧셈식, 뺄셈식, 곱셈식, 나눗셈식 중 하나로 표현되는 간단한 경우만 다룬다.
• 비와 비율을 다룰 때는 기준량과 비교하는 양을 명확하게 인식하게 한다.
• 비와 비율을 탐구할 때는 실생활 및 타 교과에서 비와 비율이 적용되는 간단한 사례를 활용하며 수학의 유용성을 인식하게 한다.
• 동일한 비율을 분수, 소수, 백분율로 다양하게 나타낼 수 있음을 알게 한다.
• 대응 관계를 기호를 사용하여 식으로 나타내고 두 양의 관계를 비로 나타내 보는 경험을 통해 수학적 표현의 편리함을 인식하게 할 수 있다.
• ‘변화와 관계’ 영역에서는 기후변화, 생태계, 과학 기술의 발전 등 학생의 삶과 관련된 다양한 문제 상황을 활용할 수 있다.
• ‘변화와 관계’ 영역의 문제 상황에서 문제해결 전략 비교하기, 주어진 문제에서 필요 없는 정보나 부족한 정보 찾기, 조건을 바꾸어 새로운 문제 만들기, 문제해결 과정의 타당성 검토하기 등을 통하여 문제해결 역량을 기르게 한다.
• ‘변화와 관계’ 영역에서 자신의 문제해결 과정을 논리적으로 설명하고 다른 친구의 문제해결 과정과 비교함으로써 비판적으로 사고하는 태도를 기르게 한다."
5~6,수학,변화와 관계,"⋅변화하는 현상에 반복적인 요소로 들어있는 규칙은 수나 식으로 표현될 수 있으며, 규칙을 탐구하는 것은 수학적으로 추측하고 일반화하는 데 기반이 된다.
⋅동치 관계, 대응 관계, 비례 관계 등은 여러 현상에 들어있는 대상들 사이의 다양한 관계를 기술하고 복잡한 문제를 해결하는 데 유용하게 활용된다.
⋅수와 그 계산은 문자와 식을 사용하여 일반화되며, 특정한 관계를 만족시키는 미지의 값은 방정식과 부등식을 해결하는 적절한 절차를 거쳐 구해진다.
⋅한 양이 변함에 따라 다른 양이 하나씩 정해지는 두 양 사이의 대응 관계를 나타내는 함수와 그 그래프는 변화하는 현상 속의 다양한 관계를 수학적으로 표현한다.",6수02-02,"두 양의 크기를 비교하는 상황을 통해 비의 개념을 이해하고, 두 양의 관계를 비로 나타낼 수 있다.","비가 적용되는 간단한 상황에서 두 양의 크기를 비교하여 비로 나타내고, 그 과정에서 수학의 유용성을 인식한다.","비의 개념을 이해하고, 두 양의 크기를 비교하여 비로 나타낼 수 있다.",안내된 절차에 따라 두 양의 크기를 비교하여 비로 나타낼 수 있다.,[6수02-02] 두 양을 비교할 때는 한 양을 기준으로 다른 양이 몇 배가 되는지를 나타낼 필요성을 인식하면서 비의 개념을 이해하게 한다.,"• ‘변화와 관계’ 영역에서는 용어와 기호로 ‘비, 기준량, 비교하는 양, 비율, 백분율, 비례식, 비례배분, :, %’를 다룬다.
• 대응 관계를 탐구할 때는 두 양의 변화를 함께 고려하게 하고, 한 양의 변화에만 초점을 두지 않는다.
• 두 양 사이의 대응 관계를 식으로 나타내는 방법을 지도하는 활동에서는 덧셈식, 뺄셈식, 곱셈식, 나눗셈식 중 하나로 표현되는 간단한 경우만 다룬다.
• 비와 비율을 다룰 때는 기준량과 비교하는 양을 명확하게 인식하게 한다.
• 비와 비율을 탐구할 때는 실생활 및 타 교과에서 비와 비율이 적용되는 간단한 사례를 활용하며 수학의 유용성을 인식하게 한다.
• 동일한 비율을 분수, 소수, 백분율로 다양하게 나타낼 수 있음을 알게 한다.
• 대응 관계를 기호를 사용하여 식으로 나타내고 두 양의 관계를 비로 나타내 보는 경험을 통해 수학적 표현의 편리함을 인식하게 할 수 있다.
• ‘변화와 관계’ 영역에서는 기후변화, 생태계, 과학 기술의 발전 등 학생의 삶과 관련된 다양한 문제 상황을 활용할 수 있다.
• ‘변화와 관계’ 영역의 문제 상황에서 문제해결 전략 비교하기, 주어진 문제에서 필요 없는 정보나 부족한 정보 찾기, 조건을 바꾸어 새로운 문제 만들기, 문제해결 과정의 타당성 검토하기 등을 통하여 문제해결 역량을 기르게 한다.
• ‘변화와 관계’ 영역에서 자신의 문제해결 과정을 논리적으로 설명하고 다른 친구의 문제해결 과정과 비교함으로써 비판적으로 사고하는 태도를 기르게 한다."
5~6,수학,변화와 관계,"⋅변화하는 현상에 반복적인 요소로 들어있는 규칙은 수나 식으로 표현될 수 있으며, 규칙을 탐구하는 것은 수학적으로 추측하고 일반화하는 데 기반이 된다.
⋅동치 관계, 대응 관계, 비례 관계 등은 여러 현상에 들어있는 대상들 사이의 다양한 관계를 기술하고 복잡한 문제를 해결하는 데 유용하게 활용된다.
⋅수와 그 계산은 문자와 식을 사용하여 일반화되며, 특정한 관계를 만족시키는 미지의 값은 방정식과 부등식을 해결하는 적절한 절차를 거쳐 구해진다.
⋅한 양이 변함에 따라 다른 양이 하나씩 정해지는 두 양 사이의 대응 관계를 나타내는 함수와 그 그래프는 변화하는 현상 속의 다양한 관계를 수학적으로 표현한다.",6수02-03,"비율을 이해하고, 비율을 분수, 소수, 백분율로 나타낼 수 있다.","비가 적용되는 간단한 상황에서 비율을 분수, 소수, 백분율로 나타내고, 그 과정에서 수학의 유용성을 인식한다.","비율의 의미를 이해하고, 비율을 분수, 소수, 백분율로 나타낼 수 있다.","안내된 절차에 따라 간단한 비율을 분수, 소수, 백분율로 나타낼 수 있다.",,"• ‘변화와 관계’ 영역에서는 용어와 기호로 ‘비, 기준량, 비교하는 양, 비율, 백분율, 비례식, 비례배분, :, %’를 다룬다.
• 대응 관계를 탐구할 때는 두 양의 변화를 함께 고려하게 하고, 한 양의 변화에만 초점을 두지 않는다.
• 두 양 사이의 대응 관계를 식으로 나타내는 방법을 지도하는 활동에서는 덧셈식, 뺄셈식, 곱셈식, 나눗셈식 중 하나로 표현되는 간단한 경우만 다룬다.
• 비와 비율을 다룰 때는 기준량과 비교하는 양을 명확하게 인식하게 한다.
• 비와 비율을 탐구할 때는 실생활 및 타 교과에서 비와 비율이 적용되는 간단한 사례를 활용하며 수학의 유용성을 인식하게 한다.
• 동일한 비율을 분수, 소수, 백분율로 다양하게 나타낼 수 있음을 알게 한다.
• 대응 관계를 기호를 사용하여 식으로 나타내고 두 양의 관계를 비로 나타내 보는 경험을 통해 수학적 표현의 편리함을 인식하게 할 수 있다.
• ‘변화와 관계’ 영역에서는 기후변화, 생태계, 과학 기술의 발전 등 학생의 삶과 관련된 다양한 문제 상황을 활용할 수 있다.
• ‘변화와 관계’ 영역의 문제 상황에서 문제해결 전략 비교하기, 주어진 문제에서 필요 없는 정보나 부족한 정보 찾기, 조건을 바꾸어 새로운 문제 만들기, 문제해결 과정의 타당성 검토하기 등을 통하여 문제해결 역량을 기르게 한다.
• ‘변화와 관계’ 영역에서 자신의 문제해결 과정을 논리적으로 설명하고 다른 친구의 문제해결 과정과 비교함으로써 비판적으로 사고하는 태도를 기르게 한다."
5~6,수학,변화와 관계,"⋅변화하는 현상에 반복적인 요소로 들어있는 규칙은 수나 식으로 표현될 수 있으며, 규칙을 탐구하는 것은 수학적으로 추측하고 일반화하는 데 기반이 된다.
⋅동치 관계, 대응 관계, 비례 관계 등은 여러 현상에 들어있는 대상들 사이의 다양한 관계를 기술하고 복잡한 문제를 해결하는 데 유용하게 활용된다.
⋅수와 그 계산은 문자와 식을 사용하여 일반화되며, 특정한 관계를 만족시키는 미지의 값은 방정식과 부등식을 해결하는 적절한 절차를 거쳐 구해진다.
⋅한 양이 변함에 따라 다른 양이 하나씩 정해지는 두 양 사이의 대응 관계를 나타내는 함수와 그 그래프는 변화하는 현상 속의 다양한 관계를 수학적으로 표현한다.",6수02-04,"비례식을 알고, 그 성질을 이해하며, 이를 활용하여 간단한 비례식을 풀 수 있다.","비례식의 성질에 대한 이해를 바탕으로 비례식을 풀고, 그 방법을 설명할 수 있다.",비례식의 성질에 대한 이해를 바탕으로 간단한 비례식을 풀 수 있다.,"비례식을 알고, 안내된 절차에 따라 간단한 비례식을 풀 수 있다.",,"• ‘변화와 관계’ 영역에서는 용어와 기호로 ‘비, 기준량, 비교하는 양, 비율, 백분율, 비례식, 비례배분, :, %’를 다룬다.
• 대응 관계를 탐구할 때는 두 양의 변화를 함께 고려하게 하고, 한 양의 변화에만 초점을 두지 않는다.
• 두 양 사이의 대응 관계를 식으로 나타내는 방법을 지도하는 활동에서는 덧셈식, 뺄셈식, 곱셈식, 나눗셈식 중 하나로 표현되는 간단한 경우만 다룬다.
• 비와 비율을 다룰 때는 기준량과 비교하는 양을 명확하게 인식하게 한다.
• 비와 비율을 탐구할 때는 실생활 및 타 교과에서 비와 비율이 적용되는 간단한 사례를 활용하며 수학의 유용성을 인식하게 한다.
• 동일한 비율을 분수, 소수, 백분율로 다양하게 나타낼 수 있음을 알게 한다.
• 대응 관계를 기호를 사용하여 식으로 나타내고 두 양의 관계를 비로 나타내 보는 경험을 통해 수학적 표현의 편리함을 인식하게 할 수 있다.
• ‘변화와 관계’ 영역에서는 기후변화, 생태계, 과학 기술의 발전 등 학생의 삶과 관련된 다양한 문제 상황을 활용할 수 있다.
• ‘변화와 관계’ 영역의 문제 상황에서 문제해결 전략 비교하기, 주어진 문제에서 필요 없는 정보나 부족한 정보 찾기, 조건을 바꾸어 새로운 문제 만들기, 문제해결 과정의 타당성 검토하기 등을 통하여 문제해결 역량을 기르게 한다.
• ‘변화와 관계’ 영역에서 자신의 문제해결 과정을 논리적으로 설명하고 다른 친구의 문제해결 과정과 비교함으로써 비판적으로 사고하는 태도를 기르게 한다."
5~6,수학,변화와 관계,"⋅변화하는 현상에 반복적인 요소로 들어있는 규칙은 수나 식으로 표현될 수 있으며, 규칙을 탐구하는 것은 수학적으로 추측하고 일반화하는 데 기반이 된다.
⋅동치 관계, 대응 관계, 비례 관계 등은 여러 현상에 들어있는 대상들 사이의 다양한 관계를 기술하고 복잡한 문제를 해결하는 데 유용하게 활용된다.
⋅수와 그 계산은 문자와 식을 사용하여 일반화되며, 특정한 관계를 만족시키는 미지의 값은 방정식과 부등식을 해결하는 적절한 절차를 거쳐 구해진다.
⋅한 양이 변함에 따라 다른 양이 하나씩 정해지는 두 양 사이의 대응 관계를 나타내는 함수와 그 그래프는 변화하는 현상 속의 다양한 관계를 수학적으로 표현한다.",6수02-05,"비례배분을 알고, 주어진 양을 비례배분 할 수 있다.","비례배분에 대한 이해를 바탕으로 실생활 상황에서 주어진 양을 비례배분하고, 그 방법을 설명할 수 있다.","비례배분을 알고, 주어진 양을 비례배분 할 수 있다.","비례배분을 알고, 안내된 절차에 따라 간단한 비례배분을 할 수 있다.",,"• ‘변화와 관계’ 영역에서는 용어와 기호로 ‘비, 기준량, 비교하는 양, 비율, 백분율, 비례식, 비례배분, :, %’를 다룬다.
• 대응 관계를 탐구할 때는 두 양의 변화를 함께 고려하게 하고, 한 양의 변화에만 초점을 두지 않는다.
• 두 양 사이의 대응 관계를 식으로 나타내는 방법을 지도하는 활동에서는 덧셈식, 뺄셈식, 곱셈식, 나눗셈식 중 하나로 표현되는 간단한 경우만 다룬다.
• 비와 비율을 다룰 때는 기준량과 비교하는 양을 명확하게 인식하게 한다.
• 비와 비율을 탐구할 때는 실생활 및 타 교과에서 비와 비율이 적용되는 간단한 사례를 활용하며 수학의 유용성을 인식하게 한다.
• 동일한 비율을 분수, 소수, 백분율로 다양하게 나타낼 수 있음을 알게 한다.
• 대응 관계를 기호를 사용하여 식으로 나타내고 두 양의 관계를 비로 나타내 보는 경험을 통해 수학적 표현의 편리함을 인식하게 할 수 있다.
• ‘변화와 관계’ 영역에서는 기후변화, 생태계, 과학 기술의 발전 등 학생의 삶과 관련된 다양한 문제 상황을 활용할 수 있다.
• ‘변화와 관계’ 영역의 문제 상황에서 문제해결 전략 비교하기, 주어진 문제에서 필요 없는 정보나 부족한 정보 찾기, 조건을 바꾸어 새로운 문제 만들기, 문제해결 과정의 타당성 검토하기 등을 통하여 문제해결 역량을 기르게 한다.
• ‘변화와 관계’ 영역에서 자신의 문제해결 과정을 논리적으로 설명하고 다른 친구의 문제해결 과정과 비교함으로써 비판적으로 사고하는 태도를 기르게 한다."
5~6,수학,도형과 측정,"⋅평면도형과 입체도형은 여러 가지 모양을 범주화한 것이며, 각각의 평면도형과 입체도형은 고유한 성질을 갖는다.

⋅도형의 성질과 관계를 탐구하고 정당화하는 것은 논리적이고 비판적으로 사고하는 데 기반이 된다.

⋅측정은 여러 가지 속성의 양을 비교하고 속성에 따른 단위를 이용하여 양을 수치화함으로써 여러 가지 현상을 해석하거나 실생활 문제를 해결하는 데 활용된다.",6수03-01,"도형의 합동을 이해하고, 합동인 도형의 성질을 탐구하고 설명할 수 있다.","도형의 합동의 의미와 합동인 도형의 성질을 설명하고, 실생활에서 찾은 합동인 도형의 예에서 수학의 아름다움을 느낀다.","도형의 합동을 이해하고, 합동인 도형의 성질을 탐구하며, 그 과정에서 수학의 아름다움을 느낀다.","합동인 도형을 찾고, 직접 포개어 보는 활동을 통하여 합동인 도형에서 대응점, 대응변, 대응각을 찾을 수 있다.","[6수03-01] 합동인 두 도형에서 대응점, 대응변, 대응각을 각각 찾게 하고 대응변의 길이와 대응각의 크기를 비교하는 활동을 통해 합동인 도형의 성질을 탐구하고 설명하게 한다.","• ‘도형과 측정’ 영역에서는 용어와 기호로 ‘합동, 대칭, 대응점, 대응변, 대응각, 선대칭도형, 점대칭도형, 대칭축, 대칭의 중심, 직육면체, 정육면체, 면, 모서리, 밑면, 옆면, 겨냥도, 전개도, 각기둥, 각뿔, 원기둥, 원뿔, 구, 모선, 가로, 세로, 밑변, 높이, 원주, 원주율, cm², m², km², cm³, m³’를 다룬다.
• 선대칭도형과 점대칭도형 그리기를 평가할 때 모눈종이, 점판, 공학 도구 등을 이용하여 쉽게 그릴 수 있게 한다.
• 무늬 찾기, 종이 겹쳐 오리기, 도장 찍기, 데칼코마니 등 구체적인 조작 활동을 통하여 도형의 합동의 의미를 알게 한다.
• 실생활이나 자연 환경 등에서 도형의 합동, 선대칭도형, 점대칭도형의 예를 찾고 수학의 아름다움을 느낄 수 있게 한다.
• 입체도형의 전개도에 대한 평가는 전개도가 될 수 있는 것과 될 수 없는 것을 구별하는 데 중점을 둔다.
• 각기둥의 전개도는 간단한 형태만 다루고, 각뿔과 원뿔의 전개도는 다루지 않는다.
• 한 직선을 중심으로 직사각형, 직각삼각형, 반원을 돌리는 활동을 통하여 원기둥, 원뿔, 구를 만들어 보게 한다.
• 실생활에서 접할 수 있는 여러 가지 물건, 건축물 등에서 직육면체, 정육면체, 각기둥, 각뿔, 원기둥, 원뿔, 구를 찾고 수학에 대한 흥미와 관심을 갖게 한다.
• 입체도형의 구성 요소와 성질, 전개도, 쌓기나무로 만든 입체도형을 탐구할 때는 여러 가지 모형과 공학 도구를 이용하게 할 수 있다.
• 쌓기나무로 만든 입체도형의 위, 앞, 옆에서 본 모양에 대한 평가를 할 때는 간단한 모양을 이용한다.
• 삼각형의 넓이를 구할 때는 높이가 삼각형의 외부에 있는 것도 다룬다.
• 넓이 단위 사이의 관계 중 1cm², 1km² 사이의 단위 환산은 다루지 않는다.
• 도형의 넓이는 1cm²인 정사각형의 몇 배인지를 구하는 것임을 이해하게 하고, 도형의 변형을 이용하여 넓이를 구하는 여러 가지 방법을 추론하게 한다.
• 원주율을 지도할 때는 원주와 지름의 관계를 이해하고 원주율에 대한 양감을 기르게 한다.
• 원주율, 원주, 원의 넓이, 입체도형의 겉넓이와 부피 등을 구할 때 복잡한 계산은 계산기를 사용하게 한다.
• 겉넓이와 부피를 구하는 방법에 대하여 다양한 추론을 하게 하고, 자신의 추론 과정을 다른 사람에게 설명하게 할 수 있다.
• 도형의 넓이와 부피를 구하는 방법의 편리함을 인식하게 한다.
• ‘도형과 측정’ 영역의 문제 상황에서 문제해결 전략 비교하기, 주어진 문제에서 필요 없는 정보나 부족한 정보 찾기, 조건을 바꾸어 문제 만들기, 문제해결 과정의 타당성 검토하기 등을 통하여 문제해결 역량을 기르게 한다.
• ‘도형과 측정’ 영역에서 자신의 문제해결 과정을 논리적으로 설명하고 다른 친구의 문제해결 과정과 비교함으로써 비판적으로 사고하는 태도를 기르게 한다."
5~6,수학,도형과 측정,"⋅평면도형과 입체도형은 여러 가지 모양을 범주화한 것이며, 각각의 평면도형과 입체도형은 고유한 성질을 갖는다.

⋅도형의 성질과 관계를 탐구하고 정당화하는 것은 논리적이고 비판적으로 사고하는 데 기반이 된다.

⋅측정은 여러 가지 속성의 양을 비교하고 속성에 따른 단위를 이용하여 양을 수치화함으로써 여러 가지 현상을 해석하거나 실생활 문제를 해결하는 데 활용된다.",6수03-02,실생활과 연결하여 선대칭도형과 점대칭도형을 이해하고 그릴 수 있다.,"선대칭도형과 점대칭도형을 그리고 그 방법을 설명하며, 실생활에서 찾은 선대칭도형과 점대칭도형의 예에서 수학의 아름다움을 느낀다.","선대칭도형과 점대칭도형을 이해하고 그리며, 그 과정에서 수학의 아름다움을 느낀다.",구체적 조작 활동을 통하여 선대칭도형과 점대칭도형을 찾거나 그릴 수 있다.,,"• ‘도형과 측정’ 영역에서는 용어와 기호로 ‘합동, 대칭, 대응점, 대응변, 대응각, 선대칭도형, 점대칭도형, 대칭축, 대칭의 중심, 직육면체, 정육면체, 면, 모서리, 밑면, 옆면, 겨냥도, 전개도, 각기둥, 각뿔, 원기둥, 원뿔, 구, 모선, 가로, 세로, 밑변, 높이, 원주, 원주율, cm², m², km², cm³, m³’를 다룬다.
• 선대칭도형과 점대칭도형 그리기를 평가할 때 모눈종이, 점판, 공학 도구 등을 이용하여 쉽게 그릴 수 있게 한다.
• 무늬 찾기, 종이 겹쳐 오리기, 도장 찍기, 데칼코마니 등 구체적인 조작 활동을 통하여 도형의 합동의 의미를 알게 한다.
• 실생활이나 자연 환경 등에서 도형의 합동, 선대칭도형, 점대칭도형의 예를 찾고 수학의 아름다움을 느낄 수 있게 한다.
• 입체도형의 전개도에 대한 평가는 전개도가 될 수 있는 것과 될 수 없는 것을 구별하는 데 중점을 둔다.
• 각기둥의 전개도는 간단한 형태만 다루고, 각뿔과 원뿔의 전개도는 다루지 않는다.
• 한 직선을 중심으로 직사각형, 직각삼각형, 반원을 돌리는 활동을 통하여 원기둥, 원뿔, 구를 만들어 보게 한다.
• 실생활에서 접할 수 있는 여러 가지 물건, 건축물 등에서 직육면체, 정육면체, 각기둥, 각뿔, 원기둥, 원뿔, 구를 찾고 수학에 대한 흥미와 관심을 갖게 한다.
• 입체도형의 구성 요소와 성질, 전개도, 쌓기나무로 만든 입체도형을 탐구할 때는 여러 가지 모형과 공학 도구를 이용하게 할 수 있다.
• 쌓기나무로 만든 입체도형의 위, 앞, 옆에서 본 모양에 대한 평가를 할 때는 간단한 모양을 이용한다.
• 삼각형의 넓이를 구할 때는 높이가 삼각형의 외부에 있는 것도 다룬다.
• 넓이 단위 사이의 관계 중 1cm², 1km² 사이의 단위 환산은 다루지 않는다.
• 도형의 넓이는 1cm²인 정사각형의 몇 배인지를 구하는 것임을 이해하게 하고, 도형의 변형을 이용하여 넓이를 구하는 여러 가지 방법을 추론하게 한다.
• 원주율을 지도할 때는 원주와 지름의 관계를 이해하고 원주율에 대한 양감을 기르게 한다.
• 원주율, 원주, 원의 넓이, 입체도형의 겉넓이와 부피 등을 구할 때 복잡한 계산은 계산기를 사용하게 한다.
• 겉넓이와 부피를 구하는 방법에 대하여 다양한 추론을 하게 하고, 자신의 추론 과정을 다른 사람에게 설명하게 할 수 있다.
• 도형의 넓이와 부피를 구하는 방법의 편리함을 인식하게 한다.
• ‘도형과 측정’ 영역의 문제 상황에서 문제해결 전략 비교하기, 주어진 문제에서 필요 없는 정보나 부족한 정보 찾기, 조건을 바꾸어 문제 만들기, 문제해결 과정의 타당성 검토하기 등을 통하여 문제해결 역량을 기르게 한다.
• ‘도형과 측정’ 영역에서 자신의 문제해결 과정을 논리적으로 설명하고 다른 친구의 문제해결 과정과 비교함으로써 비판적으로 사고하는 태도를 기르게 한다."
5~6,수학,도형과 측정,"⋅평면도형과 입체도형은 여러 가지 모양을 범주화한 것이며, 각각의 평면도형과 입체도형은 고유한 성질을 갖는다.

⋅도형의 성질과 관계를 탐구하고 정당화하는 것은 논리적이고 비판적으로 사고하는 데 기반이 된다.

⋅측정은 여러 가지 속성의 양을 비교하고 속성에 따른 단위를 이용하여 양을 수치화함으로써 여러 가지 현상을 해석하거나 실생활 문제를 해결하는 데 활용된다.",6수03-03,"직육면체와 정육면체를 이해하고, 구성 요소와 성질을 탐구하고 설명할 수 있다.","실생활에서 직육면체와 정육면체를 찾고, 구성 요소와 여러 가지 성질을 탐구하고 설명할 수 있다.","직육면체와 정육면체에서 면, 모서리, 꼭짓점을 찾고, 성질을 설명할 수 있다.","구체적 조작 활동을 통하여 직육면체와 정육면체에서 면, 모서리, 꼭짓점을 찾을 수 있다.",,"• ‘도형과 측정’ 영역에서는 용어와 기호로 ‘합동, 대칭, 대응점, 대응변, 대응각, 선대칭도형, 점대칭도형, 대칭축, 대칭의 중심, 직육면체, 정육면체, 면, 모서리, 밑면, 옆면, 겨냥도, 전개도, 각기둥, 각뿔, 원기둥, 원뿔, 구, 모선, 가로, 세로, 밑변, 높이, 원주, 원주율, cm², m², km², cm³, m³’를 다룬다.
• 선대칭도형과 점대칭도형 그리기를 평가할 때 모눈종이, 점판, 공학 도구 등을 이용하여 쉽게 그릴 수 있게 한다.
• 무늬 찾기, 종이 겹쳐 오리기, 도장 찍기, 데칼코마니 등 구체적인 조작 활동을 통하여 도형의 합동의 의미를 알게 한다.
• 실생활이나 자연 환경 등에서 도형의 합동, 선대칭도형, 점대칭도형의 예를 찾고 수학의 아름다움을 느낄 수 있게 한다.
• 입체도형의 전개도에 대한 평가는 전개도가 될 수 있는 것과 될 수 없는 것을 구별하는 데 중점을 둔다.
• 각기둥의 전개도는 간단한 형태만 다루고, 각뿔과 원뿔의 전개도는 다루지 않는다.
• 한 직선을 중심으로 직사각형, 직각삼각형, 반원을 돌리는 활동을 통하여 원기둥, 원뿔, 구를 만들어 보게 한다.
• 실생활에서 접할 수 있는 여러 가지 물건, 건축물 등에서 직육면체, 정육면체, 각기둥, 각뿔, 원기둥, 원뿔, 구를 찾고 수학에 대한 흥미와 관심을 갖게 한다.
• 입체도형의 구성 요소와 성질, 전개도, 쌓기나무로 만든 입체도형을 탐구할 때는 여러 가지 모형과 공학 도구를 이용하게 할 수 있다.
• 쌓기나무로 만든 입체도형의 위, 앞, 옆에서 본 모양에 대한 평가를 할 때는 간단한 모양을 이용한다.
• 삼각형의 넓이를 구할 때는 높이가 삼각형의 외부에 있는 것도 다룬다.
• 넓이 단위 사이의 관계 중 1cm², 1km² 사이의 단위 환산은 다루지 않는다.
• 도형의 넓이는 1cm²인 정사각형의 몇 배인지를 구하는 것임을 이해하게 하고, 도형의 변형을 이용하여 넓이를 구하는 여러 가지 방법을 추론하게 한다.
• 원주율을 지도할 때는 원주와 지름의 관계를 이해하고 원주율에 대한 양감을 기르게 한다.
• 원주율, 원주, 원의 넓이, 입체도형의 겉넓이와 부피 등을 구할 때 복잡한 계산은 계산기를 사용하게 한다.
• 겉넓이와 부피를 구하는 방법에 대하여 다양한 추론을 하게 하고, 자신의 추론 과정을 다른 사람에게 설명하게 할 수 있다.
• 도형의 넓이와 부피를 구하는 방법의 편리함을 인식하게 한다.
• ‘도형과 측정’ 영역의 문제 상황에서 문제해결 전략 비교하기, 주어진 문제에서 필요 없는 정보나 부족한 정보 찾기, 조건을 바꾸어 문제 만들기, 문제해결 과정의 타당성 검토하기 등을 통하여 문제해결 역량을 기르게 한다.
• ‘도형과 측정’ 영역에서 자신의 문제해결 과정을 논리적으로 설명하고 다른 친구의 문제해결 과정과 비교함으로써 비판적으로 사고하는 태도를 기르게 한다."
5~6,수학,도형과 측정,"⋅평면도형과 입체도형은 여러 가지 모양을 범주화한 것이며, 각각의 평면도형과 입체도형은 고유한 성질을 갖는다.

⋅도형의 성질과 관계를 탐구하고 정당화하는 것은 논리적이고 비판적으로 사고하는 데 기반이 된다.

⋅측정은 여러 가지 속성의 양을 비교하고 속성에 따른 단위를 이용하여 양을 수치화함으로써 여러 가지 현상을 해석하거나 실생활 문제를 해결하는 데 활용된다.",6수03-04,직육면체와 정육면체의 겨냥도와 전개도를 그릴 수 있다.,"직육면체와 정육면체의 겨냥도와 전개도를 그리고, 구성 요소와 성질을 이용하여 그 방법을 설명할 수 있다.","직육면체와 정육면체의 겨냥도와 전개도를 그리고, 구체적 조작 활동을 통하여 전개도가 될 수 있는 것과 될 수 없는 것을 구별할 수 있다.",일부가 주어진 직육면체와 정육면체의 겨냥도와 전개도를 완성할 수 있다.,,"• ‘도형과 측정’ 영역에서는 용어와 기호로 ‘합동, 대칭, 대응점, 대응변, 대응각, 선대칭도형, 점대칭도형, 대칭축, 대칭의 중심, 직육면체, 정육면체, 면, 모서리, 밑면, 옆면, 겨냥도, 전개도, 각기둥, 각뿔, 원기둥, 원뿔, 구, 모선, 가로, 세로, 밑변, 높이, 원주, 원주율, cm², m², km², cm³, m³’를 다룬다.
• 선대칭도형과 점대칭도형 그리기를 평가할 때 모눈종이, 점판, 공학 도구 등을 이용하여 쉽게 그릴 수 있게 한다.
• 무늬 찾기, 종이 겹쳐 오리기, 도장 찍기, 데칼코마니 등 구체적인 조작 활동을 통하여 도형의 합동의 의미를 알게 한다.
• 실생활이나 자연 환경 등에서 도형의 합동, 선대칭도형, 점대칭도형의 예를 찾고 수학의 아름다움을 느낄 수 있게 한다.
• 입체도형의 전개도에 대한 평가는 전개도가 될 수 있는 것과 될 수 없는 것을 구별하는 데 중점을 둔다.
• 각기둥의 전개도는 간단한 형태만 다루고, 각뿔과 원뿔의 전개도는 다루지 않는다.
• 한 직선을 중심으로 직사각형, 직각삼각형, 반원을 돌리는 활동을 통하여 원기둥, 원뿔, 구를 만들어 보게 한다.
• 실생활에서 접할 수 있는 여러 가지 물건, 건축물 등에서 직육면체, 정육면체, 각기둥, 각뿔, 원기둥, 원뿔, 구를 찾고 수학에 대한 흥미와 관심을 갖게 한다.
• 입체도형의 구성 요소와 성질, 전개도, 쌓기나무로 만든 입체도형을 탐구할 때는 여러 가지 모형과 공학 도구를 이용하게 할 수 있다.
• 쌓기나무로 만든 입체도형의 위, 앞, 옆에서 본 모양에 대한 평가를 할 때는 간단한 모양을 이용한다.
• 삼각형의 넓이를 구할 때는 높이가 삼각형의 외부에 있는 것도 다룬다.
• 넓이 단위 사이의 관계 중 1cm², 1km² 사이의 단위 환산은 다루지 않는다.
• 도형의 넓이는 1cm²인 정사각형의 몇 배인지를 구하는 것임을 이해하게 하고, 도형의 변형을 이용하여 넓이를 구하는 여러 가지 방법을 추론하게 한다.
• 원주율을 지도할 때는 원주와 지름의 관계를 이해하고 원주율에 대한 양감을 기르게 한다.
• 원주율, 원주, 원의 넓이, 입체도형의 겉넓이와 부피 등을 구할 때 복잡한 계산은 계산기를 사용하게 한다.
• 겉넓이와 부피를 구하는 방법에 대하여 다양한 추론을 하게 하고, 자신의 추론 과정을 다른 사람에게 설명하게 할 수 있다.
• 도형의 넓이와 부피를 구하는 방법의 편리함을 인식하게 한다.
• ‘도형과 측정’ 영역의 문제 상황에서 문제해결 전략 비교하기, 주어진 문제에서 필요 없는 정보나 부족한 정보 찾기, 조건을 바꾸어 문제 만들기, 문제해결 과정의 타당성 검토하기 등을 통하여 문제해결 역량을 기르게 한다.
• ‘도형과 측정’ 영역에서 자신의 문제해결 과정을 논리적으로 설명하고 다른 친구의 문제해결 과정과 비교함으로써 비판적으로 사고하는 태도를 기르게 한다."
5~6,수학,도형과 측정,"⋅평면도형과 입체도형은 여러 가지 모양을 범주화한 것이며, 각각의 평면도형과 입체도형은 고유한 성질을 갖는다.

⋅도형의 성질과 관계를 탐구하고 정당화하는 것은 논리적이고 비판적으로 사고하는 데 기반이 된다.

⋅측정은 여러 가지 속성의 양을 비교하고 속성에 따른 단위를 이용하여 양을 수치화함으로써 여러 가지 현상을 해석하거나 실생활 문제를 해결하는 데 활용된다.",6수03-05,"각기둥과 각뿔을 이해하고, 구성 요소와 성질을 탐구하고 설명할 수 있다.","실생활에서 각기둥과 각뿔을 찾고, 구성 요소와 여러 가지 성질을 탐구하고 설명할 수 있다.","각기둥과 각뿔에서 면, 모서리, 꼭짓점을 찾고, 성질을 설명할 수 있다.","구체적 조작 활동을 통하여 각기둥과 각뿔에서 면, 모서리, 꼭짓점을 찾을 수 있다.",,"• ‘도형과 측정’ 영역에서는 용어와 기호로 ‘합동, 대칭, 대응점, 대응변, 대응각, 선대칭도형, 점대칭도형, 대칭축, 대칭의 중심, 직육면체, 정육면체, 면, 모서리, 밑면, 옆면, 겨냥도, 전개도, 각기둥, 각뿔, 원기둥, 원뿔, 구, 모선, 가로, 세로, 밑변, 높이, 원주, 원주율, cm², m², km², cm³, m³’를 다룬다.
• 선대칭도형과 점대칭도형 그리기를 평가할 때 모눈종이, 점판, 공학 도구 등을 이용하여 쉽게 그릴 수 있게 한다.
• 무늬 찾기, 종이 겹쳐 오리기, 도장 찍기, 데칼코마니 등 구체적인 조작 활동을 통하여 도형의 합동의 의미를 알게 한다.
• 실생활이나 자연 환경 등에서 도형의 합동, 선대칭도형, 점대칭도형의 예를 찾고 수학의 아름다움을 느낄 수 있게 한다.
• 입체도형의 전개도에 대한 평가는 전개도가 될 수 있는 것과 될 수 없는 것을 구별하는 데 중점을 둔다.
• 각기둥의 전개도는 간단한 형태만 다루고, 각뿔과 원뿔의 전개도는 다루지 않는다.
• 한 직선을 중심으로 직사각형, 직각삼각형, 반원을 돌리는 활동을 통하여 원기둥, 원뿔, 구를 만들어 보게 한다.
• 실생활에서 접할 수 있는 여러 가지 물건, 건축물 등에서 직육면체, 정육면체, 각기둥, 각뿔, 원기둥, 원뿔, 구를 찾고 수학에 대한 흥미와 관심을 갖게 한다.
• 입체도형의 구성 요소와 성질, 전개도, 쌓기나무로 만든 입체도형을 탐구할 때는 여러 가지 모형과 공학 도구를 이용하게 할 수 있다.
• 쌓기나무로 만든 입체도형의 위, 앞, 옆에서 본 모양에 대한 평가를 할 때는 간단한 모양을 이용한다.
• 삼각형의 넓이를 구할 때는 높이가 삼각형의 외부에 있는 것도 다룬다.
• 넓이 단위 사이의 관계 중 1cm², 1km² 사이의 단위 환산은 다루지 않는다.
• 도형의 넓이는 1cm²인 정사각형의 몇 배인지를 구하는 것임을 이해하게 하고, 도형의 변형을 이용하여 넓이를 구하는 여러 가지 방법을 추론하게 한다.
• 원주율을 지도할 때는 원주와 지름의 관계를 이해하고 원주율에 대한 양감을 기르게 한다.
• 원주율, 원주, 원의 넓이, 입체도형의 겉넓이와 부피 등을 구할 때 복잡한 계산은 계산기를 사용하게 한다.
• 겉넓이와 부피를 구하는 방법에 대하여 다양한 추론을 하게 하고, 자신의 추론 과정을 다른 사람에게 설명하게 할 수 있다.
• 도형의 넓이와 부피를 구하는 방법의 편리함을 인식하게 한다.
• ‘도형과 측정’ 영역의 문제 상황에서 문제해결 전략 비교하기, 주어진 문제에서 필요 없는 정보나 부족한 정보 찾기, 조건을 바꾸어 문제 만들기, 문제해결 과정의 타당성 검토하기 등을 통하여 문제해결 역량을 기르게 한다.
• ‘도형과 측정’ 영역에서 자신의 문제해결 과정을 논리적으로 설명하고 다른 친구의 문제해결 과정과 비교함으로써 비판적으로 사고하는 태도를 기르게 한다."
5~6,수학,도형과 측정,"⋅평면도형과 입체도형은 여러 가지 모양을 범주화한 것이며, 각각의 평면도형과 입체도형은 고유한 성질을 갖는다.

⋅도형의 성질과 관계를 탐구하고 정당화하는 것은 논리적이고 비판적으로 사고하는 데 기반이 된다.

⋅측정은 여러 가지 속성의 양을 비교하고 속성에 따른 단위를 이용하여 양을 수치화함으로써 여러 가지 현상을 해석하거나 실생활 문제를 해결하는 데 활용된다.",6수03-06,각기둥의 전개도를 그릴 수 있다.,"각기둥의 전개도를 그리고, 구성 요소와 성질을 이용하여 그 방법을 설명할 수 있다.","각기둥의 전개도를 그리고, 전개도가 될 수 있는 것과 될 수 없는 것을 구별할 수 있다.",일부가 주어진 각기둥의 전개도를 완성할 수 있다.,,"• ‘도형과 측정’ 영역에서는 용어와 기호로 ‘합동, 대칭, 대응점, 대응변, 대응각, 선대칭도형, 점대칭도형, 대칭축, 대칭의 중심, 직육면체, 정육면체, 면, 모서리, 밑면, 옆면, 겨냥도, 전개도, 각기둥, 각뿔, 원기둥, 원뿔, 구, 모선, 가로, 세로, 밑변, 높이, 원주, 원주율, cm², m², km², cm³, m³’를 다룬다.
• 선대칭도형과 점대칭도형 그리기를 평가할 때 모눈종이, 점판, 공학 도구 등을 이용하여 쉽게 그릴 수 있게 한다.
• 무늬 찾기, 종이 겹쳐 오리기, 도장 찍기, 데칼코마니 등 구체적인 조작 활동을 통하여 도형의 합동의 의미를 알게 한다.
• 실생활이나 자연 환경 등에서 도형의 합동, 선대칭도형, 점대칭도형의 예를 찾고 수학의 아름다움을 느낄 수 있게 한다.
• 입체도형의 전개도에 대한 평가는 전개도가 될 수 있는 것과 될 수 없는 것을 구별하는 데 중점을 둔다.
• 각기둥의 전개도는 간단한 형태만 다루고, 각뿔과 원뿔의 전개도는 다루지 않는다.
• 한 직선을 중심으로 직사각형, 직각삼각형, 반원을 돌리는 활동을 통하여 원기둥, 원뿔, 구를 만들어 보게 한다.
• 실생활에서 접할 수 있는 여러 가지 물건, 건축물 등에서 직육면체, 정육면체, 각기둥, 각뿔, 원기둥, 원뿔, 구를 찾고 수학에 대한 흥미와 관심을 갖게 한다.
• 입체도형의 구성 요소와 성질, 전개도, 쌓기나무로 만든 입체도형을 탐구할 때는 여러 가지 모형과 공학 도구를 이용하게 할 수 있다.
• 쌓기나무로 만든 입체도형의 위, 앞, 옆에서 본 모양에 대한 평가를 할 때는 간단한 모양을 이용한다.
• 삼각형의 넓이를 구할 때는 높이가 삼각형의 외부에 있는 것도 다룬다.
• 넓이 단위 사이의 관계 중 1cm², 1km² 사이의 단위 환산은 다루지 않는다.
• 도형의 넓이는 1cm²인 정사각형의 몇 배인지를 구하는 것임을 이해하게 하고, 도형의 변형을 이용하여 넓이를 구하는 여러 가지 방법을 추론하게 한다.
• 원주율을 지도할 때는 원주와 지름의 관계를 이해하고 원주율에 대한 양감을 기르게 한다.
• 원주율, 원주, 원의 넓이, 입체도형의 겉넓이와 부피 등을 구할 때 복잡한 계산은 계산기를 사용하게 한다.
• 겉넓이와 부피를 구하는 방법에 대하여 다양한 추론을 하게 하고, 자신의 추론 과정을 다른 사람에게 설명하게 할 수 있다.
• 도형의 넓이와 부피를 구하는 방법의 편리함을 인식하게 한다.
• ‘도형과 측정’ 영역의 문제 상황에서 문제해결 전략 비교하기, 주어진 문제에서 필요 없는 정보나 부족한 정보 찾기, 조건을 바꾸어 문제 만들기, 문제해결 과정의 타당성 검토하기 등을 통하여 문제해결 역량을 기르게 한다.
• ‘도형과 측정’ 영역에서 자신의 문제해결 과정을 논리적으로 설명하고 다른 친구의 문제해결 과정과 비교함으로써 비판적으로 사고하는 태도를 기르게 한다."
5~6,수학,도형과 측정,"⋅평면도형과 입체도형은 여러 가지 모양을 범주화한 것이며, 각각의 평면도형과 입체도형은 고유한 성질을 갖는다.

⋅도형의 성질과 관계를 탐구하고 정당화하는 것은 논리적이고 비판적으로 사고하는 데 기반이 된다.

⋅측정은 여러 가지 속성의 양을 비교하고 속성에 따른 단위를 이용하여 양을 수치화함으로써 여러 가지 현상을 해석하거나 실생활 문제를 해결하는 데 활용된다.",6수03-07,"원기둥, 원뿔, 구를 이해하고, 구성 요소와 성질을 탐구하고 설명할 수 있다.","실생활에서 원기둥, 원뿔, 구를 찾고, 구성 요소와 여러 가지 성질을 탐구하고 설명할 수 있다.","원기둥, 원뿔, 구에서 구성 요소를 찾고, 성질을 설명할 수 있다.","구체적 조작 활동을 통하여 원기둥, 원뿔, 구에서 구성 요소를 찾을 수 있다.",,"• ‘도형과 측정’ 영역에서는 용어와 기호로 ‘합동, 대칭, 대응점, 대응변, 대응각, 선대칭도형, 점대칭도형, 대칭축, 대칭의 중심, 직육면체, 정육면체, 면, 모서리, 밑면, 옆면, 겨냥도, 전개도, 각기둥, 각뿔, 원기둥, 원뿔, 구, 모선, 가로, 세로, 밑변, 높이, 원주, 원주율, cm², m², km², cm³, m³’를 다룬다.
• 선대칭도형과 점대칭도형 그리기를 평가할 때 모눈종이, 점판, 공학 도구 등을 이용하여 쉽게 그릴 수 있게 한다.
• 무늬 찾기, 종이 겹쳐 오리기, 도장 찍기, 데칼코마니 등 구체적인 조작 활동을 통하여 도형의 합동의 의미를 알게 한다.
• 실생활이나 자연 환경 등에서 도형의 합동, 선대칭도형, 점대칭도형의 예를 찾고 수학의 아름다움을 느낄 수 있게 한다.
• 입체도형의 전개도에 대한 평가는 전개도가 될 수 있는 것과 될 수 없는 것을 구별하는 데 중점을 둔다.
• 각기둥의 전개도는 간단한 형태만 다루고, 각뿔과 원뿔의 전개도는 다루지 않는다.
• 한 직선을 중심으로 직사각형, 직각삼각형, 반원을 돌리는 활동을 통하여 원기둥, 원뿔, 구를 만들어 보게 한다.
• 실생활에서 접할 수 있는 여러 가지 물건, 건축물 등에서 직육면체, 정육면체, 각기둥, 각뿔, 원기둥, 원뿔, 구를 찾고 수학에 대한 흥미와 관심을 갖게 한다.
• 입체도형의 구성 요소와 성질, 전개도, 쌓기나무로 만든 입체도형을 탐구할 때는 여러 가지 모형과 공학 도구를 이용하게 할 수 있다.
• 쌓기나무로 만든 입체도형의 위, 앞, 옆에서 본 모양에 대한 평가를 할 때는 간단한 모양을 이용한다.
• 삼각형의 넓이를 구할 때는 높이가 삼각형의 외부에 있는 것도 다룬다.
• 넓이 단위 사이의 관계 중 1cm², 1km² 사이의 단위 환산은 다루지 않는다.
• 도형의 넓이는 1cm²인 정사각형의 몇 배인지를 구하는 것임을 이해하게 하고, 도형의 변형을 이용하여 넓이를 구하는 여러 가지 방법을 추론하게 한다.
• 원주율을 지도할 때는 원주와 지름의 관계를 이해하고 원주율에 대한 양감을 기르게 한다.
• 원주율, 원주, 원의 넓이, 입체도형의 겉넓이와 부피 등을 구할 때 복잡한 계산은 계산기를 사용하게 한다.
• 겉넓이와 부피를 구하는 방법에 대하여 다양한 추론을 하게 하고, 자신의 추론 과정을 다른 사람에게 설명하게 할 수 있다.
• 도형의 넓이와 부피를 구하는 방법의 편리함을 인식하게 한다.
• ‘도형과 측정’ 영역의 문제 상황에서 문제해결 전략 비교하기, 주어진 문제에서 필요 없는 정보나 부족한 정보 찾기, 조건을 바꾸어 문제 만들기, 문제해결 과정의 타당성 검토하기 등을 통하여 문제해결 역량을 기르게 한다.
• ‘도형과 측정’ 영역에서 자신의 문제해결 과정을 논리적으로 설명하고 다른 친구의 문제해결 과정과 비교함으로써 비판적으로 사고하는 태도를 기르게 한다."
5~6,수학,도형과 측정,"⋅평면도형과 입체도형은 여러 가지 모양을 범주화한 것이며, 각각의 평면도형과 입체도형은 고유한 성질을 갖는다.

⋅도형의 성질과 관계를 탐구하고 정당화하는 것은 논리적이고 비판적으로 사고하는 데 기반이 된다.

⋅측정은 여러 가지 속성의 양을 비교하고 속성에 따른 단위를 이용하여 양을 수치화함으로써 여러 가지 현상을 해석하거나 실생활 문제를 해결하는 데 활용된다.",6수03-08,원기둥의 전개도를 그릴 수 있다.,"원기둥의 전개도를 그리고, 그 방법을 설명할 수 있다.","원기둥의 전개도를 그리고, 전개도가 될 수 있는 것과 될 수 없는 것을 구별할 수 있다.",일부가 주어진 원기둥의 전개도를 완성할 수 있다.,,"• ‘도형과 측정’ 영역에서는 용어와 기호로 ‘합동, 대칭, 대응점, 대응변, 대응각, 선대칭도형, 점대칭도형, 대칭축, 대칭의 중심, 직육면체, 정육면체, 면, 모서리, 밑면, 옆면, 겨냥도, 전개도, 각기둥, 각뿔, 원기둥, 원뿔, 구, 모선, 가로, 세로, 밑변, 높이, 원주, 원주율, cm², m², km², cm³, m³’를 다룬다.
• 선대칭도형과 점대칭도형 그리기를 평가할 때 모눈종이, 점판, 공학 도구 등을 이용하여 쉽게 그릴 수 있게 한다.
• 무늬 찾기, 종이 겹쳐 오리기, 도장 찍기, 데칼코마니 등 구체적인 조작 활동을 통하여 도형의 합동의 의미를 알게 한다.
• 실생활이나 자연 환경 등에서 도형의 합동, 선대칭도형, 점대칭도형의 예를 찾고 수학의 아름다움을 느낄 수 있게 한다.
• 입체도형의 전개도에 대한 평가는 전개도가 될 수 있는 것과 될 수 없는 것을 구별하는 데 중점을 둔다.
• 각기둥의 전개도는 간단한 형태만 다루고, 각뿔과 원뿔의 전개도는 다루지 않는다.
• 한 직선을 중심으로 직사각형, 직각삼각형, 반원을 돌리는 활동을 통하여 원기둥, 원뿔, 구를 만들어 보게 한다.
• 실생활에서 접할 수 있는 여러 가지 물건, 건축물 등에서 직육면체, 정육면체, 각기둥, 각뿔, 원기둥, 원뿔, 구를 찾고 수학에 대한 흥미와 관심을 갖게 한다.
• 입체도형의 구성 요소와 성질, 전개도, 쌓기나무로 만든 입체도형을 탐구할 때는 여러 가지 모형과 공학 도구를 이용하게 할 수 있다.
• 쌓기나무로 만든 입체도형의 위, 앞, 옆에서 본 모양에 대한 평가를 할 때는 간단한 모양을 이용한다.
• 삼각형의 넓이를 구할 때는 높이가 삼각형의 외부에 있는 것도 다룬다.
• 넓이 단위 사이의 관계 중 1cm², 1km² 사이의 단위 환산은 다루지 않는다.
• 도형의 넓이는 1cm²인 정사각형의 몇 배인지를 구하는 것임을 이해하게 하고, 도형의 변형을 이용하여 넓이를 구하는 여러 가지 방법을 추론하게 한다.
• 원주율을 지도할 때는 원주와 지름의 관계를 이해하고 원주율에 대한 양감을 기르게 한다.
• 원주율, 원주, 원의 넓이, 입체도형의 겉넓이와 부피 등을 구할 때 복잡한 계산은 계산기를 사용하게 한다.
• 겉넓이와 부피를 구하는 방법에 대하여 다양한 추론을 하게 하고, 자신의 추론 과정을 다른 사람에게 설명하게 할 수 있다.
• 도형의 넓이와 부피를 구하는 방법의 편리함을 인식하게 한다.
• ‘도형과 측정’ 영역의 문제 상황에서 문제해결 전략 비교하기, 주어진 문제에서 필요 없는 정보나 부족한 정보 찾기, 조건을 바꾸어 문제 만들기, 문제해결 과정의 타당성 검토하기 등을 통하여 문제해결 역량을 기르게 한다.
• ‘도형과 측정’ 영역에서 자신의 문제해결 과정을 논리적으로 설명하고 다른 친구의 문제해결 과정과 비교함으로써 비판적으로 사고하는 태도를 기르게 한다."
5~6,수학,도형과 측정,"⋅평면도형과 입체도형은 여러 가지 모양을 범주화한 것이며, 각각의 평면도형과 입체도형은 고유한 성질을 갖는다.

⋅도형의 성질과 관계를 탐구하고 정당화하는 것은 논리적이고 비판적으로 사고하는 데 기반이 된다.

⋅측정은 여러 가지 속성의 양을 비교하고 속성에 따른 단위를 이용하여 양을 수치화함으로써 여러 가지 현상을 해석하거나 실생활 문제를 해결하는 데 활용된다.",6수03-09,쌓기나무로 만든 입체도형을 보고 사용된 쌓기나무의 개수를 구할 수 있다.,"쌓기나무로 만든 입체도형을 보고, 사용된 쌓기나무의 개수를 여러 가지 방법으로 구하고, 그 방법을 설명할 수 있다.","쌓기나무로 만든 입체도형을 보고, 사용된 쌓기나무의 개수를 구할 수 있다.","안내된 절차에 따라 쌓기나무로 만든 간단한 입체도형을 보고, 사용된 쌓기나무의 개수를 구할 수 있다.",,"• ‘도형과 측정’ 영역에서는 용어와 기호로 ‘합동, 대칭, 대응점, 대응변, 대응각, 선대칭도형, 점대칭도형, 대칭축, 대칭의 중심, 직육면체, 정육면체, 면, 모서리, 밑면, 옆면, 겨냥도, 전개도, 각기둥, 각뿔, 원기둥, 원뿔, 구, 모선, 가로, 세로, 밑변, 높이, 원주, 원주율, cm², m², km², cm³, m³’를 다룬다.
• 선대칭도형과 점대칭도형 그리기를 평가할 때 모눈종이, 점판, 공학 도구 등을 이용하여 쉽게 그릴 수 있게 한다.
• 무늬 찾기, 종이 겹쳐 오리기, 도장 찍기, 데칼코마니 등 구체적인 조작 활동을 통하여 도형의 합동의 의미를 알게 한다.
• 실생활이나 자연 환경 등에서 도형의 합동, 선대칭도형, 점대칭도형의 예를 찾고 수학의 아름다움을 느낄 수 있게 한다.
• 입체도형의 전개도에 대한 평가는 전개도가 될 수 있는 것과 될 수 없는 것을 구별하는 데 중점을 둔다.
• 각기둥의 전개도는 간단한 형태만 다루고, 각뿔과 원뿔의 전개도는 다루지 않는다.
• 한 직선을 중심으로 직사각형, 직각삼각형, 반원을 돌리는 활동을 통하여 원기둥, 원뿔, 구를 만들어 보게 한다.
• 실생활에서 접할 수 있는 여러 가지 물건, 건축물 등에서 직육면체, 정육면체, 각기둥, 각뿔, 원기둥, 원뿔, 구를 찾고 수학에 대한 흥미와 관심을 갖게 한다.
• 입체도형의 구성 요소와 성질, 전개도, 쌓기나무로 만든 입체도형을 탐구할 때는 여러 가지 모형과 공학 도구를 이용하게 할 수 있다.
• 쌓기나무로 만든 입체도형의 위, 앞, 옆에서 본 모양에 대한 평가를 할 때는 간단한 모양을 이용한다.
• 삼각형의 넓이를 구할 때는 높이가 삼각형의 외부에 있는 것도 다룬다.
• 넓이 단위 사이의 관계 중 1cm², 1km² 사이의 단위 환산은 다루지 않는다.
• 도형의 넓이는 1cm²인 정사각형의 몇 배인지를 구하는 것임을 이해하게 하고, 도형의 변형을 이용하여 넓이를 구하는 여러 가지 방법을 추론하게 한다.
• 원주율을 지도할 때는 원주와 지름의 관계를 이해하고 원주율에 대한 양감을 기르게 한다.
• 원주율, 원주, 원의 넓이, 입체도형의 겉넓이와 부피 등을 구할 때 복잡한 계산은 계산기를 사용하게 한다.
• 겉넓이와 부피를 구하는 방법에 대하여 다양한 추론을 하게 하고, 자신의 추론 과정을 다른 사람에게 설명하게 할 수 있다.
• 도형의 넓이와 부피를 구하는 방법의 편리함을 인식하게 한다.
• ‘도형과 측정’ 영역의 문제 상황에서 문제해결 전략 비교하기, 주어진 문제에서 필요 없는 정보나 부족한 정보 찾기, 조건을 바꾸어 문제 만들기, 문제해결 과정의 타당성 검토하기 등을 통하여 문제해결 역량을 기르게 한다.
• ‘도형과 측정’ 영역에서 자신의 문제해결 과정을 논리적으로 설명하고 다른 친구의 문제해결 과정과 비교함으로써 비판적으로 사고하는 태도를 기르게 한다."
5~6,수학,도형과 측정,"⋅평면도형과 입체도형은 여러 가지 모양을 범주화한 것이며, 각각의 평면도형과 입체도형은 고유한 성질을 갖는다.

⋅도형의 성질과 관계를 탐구하고 정당화하는 것은 논리적이고 비판적으로 사고하는 데 기반이 된다.

⋅측정은 여러 가지 속성의 양을 비교하고 속성에 따른 단위를 이용하여 양을 수치화함으로써 여러 가지 현상을 해석하거나 실생활 문제를 해결하는 데 활용된다.",6수03-10,"쌓기나무로 만든 입체도형의 위, 앞, 옆에서 본 모양을 표현할 수 있고, 이러한 표현을 보고 입체도형의 모양을 추측할 수 있다.","쌓기나무로 만든 입체도형의 위, 앞, 옆에서 본 모양을 표현하고, 이러한 표현을 보고 입체도형의 모양을 추론하며, 그 추론 과정을 설명할 수 있다.","쌓기나무로 만든 입체도형의 위, 앞, 옆에서 본 모양을 표현하고, 이러한 표현을 보고 입체도형의 모양을 추론할 수 있다.","안내된 절차에 따라 쌓기나무로 만든 간단한 입체도형의 위, 앞, 옆에서 본 모양을 표현하고, 이러한 표현을 보고 간단한 입체도형의 모양을 추측할 수 있다.","[6수03-10] 여러 가지 물체, 건축물, 예술품, 쌓기나무로 만든 입체도형 등의 위, 앞, 옆에서 본 모양을 이용해서 전체 모양을 추측하게 하고, 이에 대해 자신의 추론 과정을 설명하게 한다.","• ‘도형과 측정’ 영역에서는 용어와 기호로 ‘합동, 대칭, 대응점, 대응변, 대응각, 선대칭도형, 점대칭도형, 대칭축, 대칭의 중심, 직육면체, 정육면체, 면, 모서리, 밑면, 옆면, 겨냥도, 전개도, 각기둥, 각뿔, 원기둥, 원뿔, 구, 모선, 가로, 세로, 밑변, 높이, 원주, 원주율, cm², m², km², cm³, m³’를 다룬다.
• 선대칭도형과 점대칭도형 그리기를 평가할 때 모눈종이, 점판, 공학 도구 등을 이용하여 쉽게 그릴 수 있게 한다.
• 무늬 찾기, 종이 겹쳐 오리기, 도장 찍기, 데칼코마니 등 구체적인 조작 활동을 통하여 도형의 합동의 의미를 알게 한다.
• 실생활이나 자연 환경 등에서 도형의 합동, 선대칭도형, 점대칭도형의 예를 찾고 수학의 아름다움을 느낄 수 있게 한다.
• 입체도형의 전개도에 대한 평가는 전개도가 될 수 있는 것과 될 수 없는 것을 구별하는 데 중점을 둔다.
• 각기둥의 전개도는 간단한 형태만 다루고, 각뿔과 원뿔의 전개도는 다루지 않는다.
• 한 직선을 중심으로 직사각형, 직각삼각형, 반원을 돌리는 활동을 통하여 원기둥, 원뿔, 구를 만들어 보게 한다.
• 실생활에서 접할 수 있는 여러 가지 물건, 건축물 등에서 직육면체, 정육면체, 각기둥, 각뿔, 원기둥, 원뿔, 구를 찾고 수학에 대한 흥미와 관심을 갖게 한다.
• 입체도형의 구성 요소와 성질, 전개도, 쌓기나무로 만든 입체도형을 탐구할 때는 여러 가지 모형과 공학 도구를 이용하게 할 수 있다.
• 쌓기나무로 만든 입체도형의 위, 앞, 옆에서 본 모양에 대한 평가를 할 때는 간단한 모양을 이용한다.
• 삼각형의 넓이를 구할 때는 높이가 삼각형의 외부에 있는 것도 다룬다.
• 넓이 단위 사이의 관계 중 1cm², 1km² 사이의 단위 환산은 다루지 않는다.
• 도형의 넓이는 1cm²인 정사각형의 몇 배인지를 구하는 것임을 이해하게 하고, 도형의 변형을 이용하여 넓이를 구하는 여러 가지 방법을 추론하게 한다.
• 원주율을 지도할 때는 원주와 지름의 관계를 이해하고 원주율에 대한 양감을 기르게 한다.
• 원주율, 원주, 원의 넓이, 입체도형의 겉넓이와 부피 등을 구할 때 복잡한 계산은 계산기를 사용하게 한다.
• 겉넓이와 부피를 구하는 방법에 대하여 다양한 추론을 하게 하고, 자신의 추론 과정을 다른 사람에게 설명하게 할 수 있다.
• 도형의 넓이와 부피를 구하는 방법의 편리함을 인식하게 한다.
• ‘도형과 측정’ 영역의 문제 상황에서 문제해결 전략 비교하기, 주어진 문제에서 필요 없는 정보나 부족한 정보 찾기, 조건을 바꾸어 문제 만들기, 문제해결 과정의 타당성 검토하기 등을 통하여 문제해결 역량을 기르게 한다.
• ‘도형과 측정’ 영역에서 자신의 문제해결 과정을 논리적으로 설명하고 다른 친구의 문제해결 과정과 비교함으로써 비판적으로 사고하는 태도를 기르게 한다."
5~6,수학,도형과 측정,"⋅평면도형과 입체도형은 여러 가지 모양을 범주화한 것이며, 각각의 평면도형과 입체도형은 고유한 성질을 갖는다.

⋅도형의 성질과 관계를 탐구하고 정당화하는 것은 논리적이고 비판적으로 사고하는 데 기반이 된다.

⋅측정은 여러 가지 속성의 양을 비교하고 속성에 따른 단위를 이용하여 양을 수치화함으로써 여러 가지 현상을 해석하거나 실생활 문제를 해결하는 데 활용된다.",6수03-11,"평면도형의 둘레를 이해하고, 기본적인 평면도형의 둘레를 구할 수 있다.","여러 가지 평면도형의 둘레를 구하고, 그 방법을 설명할 수 있다.","평면도형의 둘레를 알고, 기본적인 평면도형의 둘레를 구할 수 있다.",안내된 절차에 따라 기본적인 평면도형의 둘레를 구할 수 있다.,,"• ‘도형과 측정’ 영역에서는 용어와 기호로 ‘합동, 대칭, 대응점, 대응변, 대응각, 선대칭도형, 점대칭도형, 대칭축, 대칭의 중심, 직육면체, 정육면체, 면, 모서리, 밑면, 옆면, 겨냥도, 전개도, 각기둥, 각뿔, 원기둥, 원뿔, 구, 모선, 가로, 세로, 밑변, 높이, 원주, 원주율, cm², m², km², cm³, m³’를 다룬다.
• 선대칭도형과 점대칭도형 그리기를 평가할 때 모눈종이, 점판, 공학 도구 등을 이용하여 쉽게 그릴 수 있게 한다.
• 무늬 찾기, 종이 겹쳐 오리기, 도장 찍기, 데칼코마니 등 구체적인 조작 활동을 통하여 도형의 합동의 의미를 알게 한다.
• 실생활이나 자연 환경 등에서 도형의 합동, 선대칭도형, 점대칭도형의 예를 찾고 수학의 아름다움을 느낄 수 있게 한다.
• 입체도형의 전개도에 대한 평가는 전개도가 될 수 있는 것과 될 수 없는 것을 구별하는 데 중점을 둔다.
• 각기둥의 전개도는 간단한 형태만 다루고, 각뿔과 원뿔의 전개도는 다루지 않는다.
• 한 직선을 중심으로 직사각형, 직각삼각형, 반원을 돌리는 활동을 통하여 원기둥, 원뿔, 구를 만들어 보게 한다.
• 실생활에서 접할 수 있는 여러 가지 물건, 건축물 등에서 직육면체, 정육면체, 각기둥, 각뿔, 원기둥, 원뿔, 구를 찾고 수학에 대한 흥미와 관심을 갖게 한다.
• 입체도형의 구성 요소와 성질, 전개도, 쌓기나무로 만든 입체도형을 탐구할 때는 여러 가지 모형과 공학 도구를 이용하게 할 수 있다.
• 쌓기나무로 만든 입체도형의 위, 앞, 옆에서 본 모양에 대한 평가를 할 때는 간단한 모양을 이용한다.
• 삼각형의 넓이를 구할 때는 높이가 삼각형의 외부에 있는 것도 다룬다.
• 넓이 단위 사이의 관계 중 1cm², 1km² 사이의 단위 환산은 다루지 않는다.
• 도형의 넓이는 1cm²인 정사각형의 몇 배인지를 구하는 것임을 이해하게 하고, 도형의 변형을 이용하여 넓이를 구하는 여러 가지 방법을 추론하게 한다.
• 원주율을 지도할 때는 원주와 지름의 관계를 이해하고 원주율에 대한 양감을 기르게 한다.
• 원주율, 원주, 원의 넓이, 입체도형의 겉넓이와 부피 등을 구할 때 복잡한 계산은 계산기를 사용하게 한다.
• 겉넓이와 부피를 구하는 방법에 대하여 다양한 추론을 하게 하고, 자신의 추론 과정을 다른 사람에게 설명하게 할 수 있다.
• 도형의 넓이와 부피를 구하는 방법의 편리함을 인식하게 한다.
• ‘도형과 측정’ 영역의 문제 상황에서 문제해결 전략 비교하기, 주어진 문제에서 필요 없는 정보나 부족한 정보 찾기, 조건을 바꾸어 문제 만들기, 문제해결 과정의 타당성 검토하기 등을 통하여 문제해결 역량을 기르게 한다.
• ‘도형과 측정’ 영역에서 자신의 문제해결 과정을 논리적으로 설명하고 다른 친구의 문제해결 과정과 비교함으로써 비판적으로 사고하는 태도를 기르게 한다."
5~6,수학,도형과 측정,"⋅평면도형과 입체도형은 여러 가지 모양을 범주화한 것이며, 각각의 평면도형과 입체도형은 고유한 성질을 갖는다.

⋅도형의 성질과 관계를 탐구하고 정당화하는 것은 논리적이고 비판적으로 사고하는 데 기반이 된다.

⋅측정은 여러 가지 속성의 양을 비교하고 속성에 따른 단위를 이용하여 양을 수치화함으로써 여러 가지 현상을 해석하거나 실생활 문제를 해결하는 데 활용된다.",6수03-12,"넓이 단위 1cm², 1m², 1km²를 알며, 그 관계를 이해한다.","1cm²와 1m², 1m²와 1km²사이의 관계를 설명하고, 실생활 상황에서 적절한 넓이 단위를 사용할 수 있다.","넓이 단위 1cm², 1m², 1km²를 알고, 1cm²와 1m², 1m²와 1km²사이의 관계를 설명할 수 있다.","넓이 단위 1cm², 1m², 1km²를 알고, 1m²가 몇 cm²인지, 1km²가 몇 m²인지를 안다.",,"• ‘도형과 측정’ 영역에서는 용어와 기호로 ‘합동, 대칭, 대응점, 대응변, 대응각, 선대칭도형, 점대칭도형, 대칭축, 대칭의 중심, 직육면체, 정육면체, 면, 모서리, 밑면, 옆면, 겨냥도, 전개도, 각기둥, 각뿔, 원기둥, 원뿔, 구, 모선, 가로, 세로, 밑변, 높이, 원주, 원주율, cm², m², km², cm³, m³’를 다룬다.
• 선대칭도형과 점대칭도형 그리기를 평가할 때 모눈종이, 점판, 공학 도구 등을 이용하여 쉽게 그릴 수 있게 한다.
• 무늬 찾기, 종이 겹쳐 오리기, 도장 찍기, 데칼코마니 등 구체적인 조작 활동을 통하여 도형의 합동의 의미를 알게 한다.
• 실생활이나 자연 환경 등에서 도형의 합동, 선대칭도형, 점대칭도형의 예를 찾고 수학의 아름다움을 느낄 수 있게 한다.
• 입체도형의 전개도에 대한 평가는 전개도가 될 수 있는 것과 될 수 없는 것을 구별하는 데 중점을 둔다.
• 각기둥의 전개도는 간단한 형태만 다루고, 각뿔과 원뿔의 전개도는 다루지 않는다.
• 한 직선을 중심으로 직사각형, 직각삼각형, 반원을 돌리는 활동을 통하여 원기둥, 원뿔, 구를 만들어 보게 한다.
• 실생활에서 접할 수 있는 여러 가지 물건, 건축물 등에서 직육면체, 정육면체, 각기둥, 각뿔, 원기둥, 원뿔, 구를 찾고 수학에 대한 흥미와 관심을 갖게 한다.
• 입체도형의 구성 요소와 성질, 전개도, 쌓기나무로 만든 입체도형을 탐구할 때는 여러 가지 모형과 공학 도구를 이용하게 할 수 있다.
• 쌓기나무로 만든 입체도형의 위, 앞, 옆에서 본 모양에 대한 평가를 할 때는 간단한 모양을 이용한다.
• 삼각형의 넓이를 구할 때는 높이가 삼각형의 외부에 있는 것도 다룬다.
• 넓이 단위 사이의 관계 중 1cm², 1km² 사이의 단위 환산은 다루지 않는다.
• 도형의 넓이는 1cm²인 정사각형의 몇 배인지를 구하는 것임을 이해하게 하고, 도형의 변형을 이용하여 넓이를 구하는 여러 가지 방법을 추론하게 한다.
• 원주율을 지도할 때는 원주와 지름의 관계를 이해하고 원주율에 대한 양감을 기르게 한다.
• 원주율, 원주, 원의 넓이, 입체도형의 겉넓이와 부피 등을 구할 때 복잡한 계산은 계산기를 사용하게 한다.
• 겉넓이와 부피를 구하는 방법에 대하여 다양한 추론을 하게 하고, 자신의 추론 과정을 다른 사람에게 설명하게 할 수 있다.
• 도형의 넓이와 부피를 구하는 방법의 편리함을 인식하게 한다.
• ‘도형과 측정’ 영역의 문제 상황에서 문제해결 전략 비교하기, 주어진 문제에서 필요 없는 정보나 부족한 정보 찾기, 조건을 바꾸어 문제 만들기, 문제해결 과정의 타당성 검토하기 등을 통하여 문제해결 역량을 기르게 한다.
• ‘도형과 측정’ 영역에서 자신의 문제해결 과정을 논리적으로 설명하고 다른 친구의 문제해결 과정과 비교함으로써 비판적으로 사고하는 태도를 기르게 한다."
5~6,수학,도형과 측정,"⋅평면도형과 입체도형은 여러 가지 모양을 범주화한 것이며, 각각의 평면도형과 입체도형은 고유한 성질을 갖는다.

⋅도형의 성질과 관계를 탐구하고 정당화하는 것은 논리적이고 비판적으로 사고하는 데 기반이 된다.

⋅측정은 여러 가지 속성의 양을 비교하고 속성에 따른 단위를 이용하여 양을 수치화함으로써 여러 가지 현상을 해석하거나 실생활 문제를 해결하는 데 활용된다.",6수03-13,"직사각형과 정사각형의 넓이를 구하는 방법을 이해하고, 이를 구할 수 있다. ","직사각형과 정사각형의 넓이를 구하는 방법을 설명하고, 이를 이용하여 직사각형과 정사각형의 넓이를 구할 수 있다.","직사각형과 정사각형의 넓이를 구하는 방법을 이해하고, 이를 이용하여 직사각형과 정사각형의 넓이를 구할 수 있다.",안내된 절차에 따라 직사각형과 정사각형의 넓이를 구할 수 있다.,,"• ‘도형과 측정’ 영역에서는 용어와 기호로 ‘합동, 대칭, 대응점, 대응변, 대응각, 선대칭도형, 점대칭도형, 대칭축, 대칭의 중심, 직육면체, 정육면체, 면, 모서리, 밑면, 옆면, 겨냥도, 전개도, 각기둥, 각뿔, 원기둥, 원뿔, 구, 모선, 가로, 세로, 밑변, 높이, 원주, 원주율, cm², m², km², cm³, m³’를 다룬다.
• 선대칭도형과 점대칭도형 그리기를 평가할 때 모눈종이, 점판, 공학 도구 등을 이용하여 쉽게 그릴 수 있게 한다.
• 무늬 찾기, 종이 겹쳐 오리기, 도장 찍기, 데칼코마니 등 구체적인 조작 활동을 통하여 도형의 합동의 의미를 알게 한다.
• 실생활이나 자연 환경 등에서 도형의 합동, 선대칭도형, 점대칭도형의 예를 찾고 수학의 아름다움을 느낄 수 있게 한다.
• 입체도형의 전개도에 대한 평가는 전개도가 될 수 있는 것과 될 수 없는 것을 구별하는 데 중점을 둔다.
• 각기둥의 전개도는 간단한 형태만 다루고, 각뿔과 원뿔의 전개도는 다루지 않는다.
• 한 직선을 중심으로 직사각형, 직각삼각형, 반원을 돌리는 활동을 통하여 원기둥, 원뿔, 구를 만들어 보게 한다.
• 실생활에서 접할 수 있는 여러 가지 물건, 건축물 등에서 직육면체, 정육면체, 각기둥, 각뿔, 원기둥, 원뿔, 구를 찾고 수학에 대한 흥미와 관심을 갖게 한다.
• 입체도형의 구성 요소와 성질, 전개도, 쌓기나무로 만든 입체도형을 탐구할 때는 여러 가지 모형과 공학 도구를 이용하게 할 수 있다.
• 쌓기나무로 만든 입체도형의 위, 앞, 옆에서 본 모양에 대한 평가를 할 때는 간단한 모양을 이용한다.
• 삼각형의 넓이를 구할 때는 높이가 삼각형의 외부에 있는 것도 다룬다.
• 넓이 단위 사이의 관계 중 1cm², 1km² 사이의 단위 환산은 다루지 않는다.
• 도형의 넓이는 1cm²인 정사각형의 몇 배인지를 구하는 것임을 이해하게 하고, 도형의 변형을 이용하여 넓이를 구하는 여러 가지 방법을 추론하게 한다.
• 원주율을 지도할 때는 원주와 지름의 관계를 이해하고 원주율에 대한 양감을 기르게 한다.
• 원주율, 원주, 원의 넓이, 입체도형의 겉넓이와 부피 등을 구할 때 복잡한 계산은 계산기를 사용하게 한다.
• 겉넓이와 부피를 구하는 방법에 대하여 다양한 추론을 하게 하고, 자신의 추론 과정을 다른 사람에게 설명하게 할 수 있다.
• 도형의 넓이와 부피를 구하는 방법의 편리함을 인식하게 한다.
• ‘도형과 측정’ 영역의 문제 상황에서 문제해결 전략 비교하기, 주어진 문제에서 필요 없는 정보나 부족한 정보 찾기, 조건을 바꾸어 문제 만들기, 문제해결 과정의 타당성 검토하기 등을 통하여 문제해결 역량을 기르게 한다.
• ‘도형과 측정’ 영역에서 자신의 문제해결 과정을 논리적으로 설명하고 다른 친구의 문제해결 과정과 비교함으로써 비판적으로 사고하는 태도를 기르게 한다."
5~6,수학,도형과 측정,"⋅평면도형과 입체도형은 여러 가지 모양을 범주화한 것이며, 각각의 평면도형과 입체도형은 고유한 성질을 갖는다.

⋅도형의 성질과 관계를 탐구하고 정당화하는 것은 논리적이고 비판적으로 사고하는 데 기반이 된다.

⋅측정은 여러 가지 속성의 양을 비교하고 속성에 따른 단위를 이용하여 양을 수치화함으로써 여러 가지 현상을 해석하거나 실생활 문제를 해결하는 데 활용된다.",6수03-14,"평행사변형, 삼각형, 사다리꼴, 마름모의 넓이를 구하는 방법을 다양하게 추론하고, 이와 관련된 문제를 해결할 수 있다.","평행사변형, 삼각형, 사다리꼴, 마름모의 넓이를 구하는 여러 가지 방법을 추론하고, 그 추론 과정을 설명하며, 이를 이용하여 넓이를 구할 수 있다.","평행사변형, 삼각형, 사다리꼴, 마름모의 넓이를 구하는 방법을 이해하고, 이를 이용하여 넓이를 구할 수 있다. ","안내된 절차에 따라 평행사변형, 삼각형, 사다리꼴, 마름모의 넓이를 구할 수 있다.",,"• ‘도형과 측정’ 영역에서는 용어와 기호로 ‘합동, 대칭, 대응점, 대응변, 대응각, 선대칭도형, 점대칭도형, 대칭축, 대칭의 중심, 직육면체, 정육면체, 면, 모서리, 밑면, 옆면, 겨냥도, 전개도, 각기둥, 각뿔, 원기둥, 원뿔, 구, 모선, 가로, 세로, 밑변, 높이, 원주, 원주율, cm², m², km², cm³, m³’를 다룬다.
• 선대칭도형과 점대칭도형 그리기를 평가할 때 모눈종이, 점판, 공학 도구 등을 이용하여 쉽게 그릴 수 있게 한다.
• 무늬 찾기, 종이 겹쳐 오리기, 도장 찍기, 데칼코마니 등 구체적인 조작 활동을 통하여 도형의 합동의 의미를 알게 한다.
• 실생활이나 자연 환경 등에서 도형의 합동, 선대칭도형, 점대칭도형의 예를 찾고 수학의 아름다움을 느낄 수 있게 한다.
• 입체도형의 전개도에 대한 평가는 전개도가 될 수 있는 것과 될 수 없는 것을 구별하는 데 중점을 둔다.
• 각기둥의 전개도는 간단한 형태만 다루고, 각뿔과 원뿔의 전개도는 다루지 않는다.
• 한 직선을 중심으로 직사각형, 직각삼각형, 반원을 돌리는 활동을 통하여 원기둥, 원뿔, 구를 만들어 보게 한다.
• 실생활에서 접할 수 있는 여러 가지 물건, 건축물 등에서 직육면체, 정육면체, 각기둥, 각뿔, 원기둥, 원뿔, 구를 찾고 수학에 대한 흥미와 관심을 갖게 한다.
• 입체도형의 구성 요소와 성질, 전개도, 쌓기나무로 만든 입체도형을 탐구할 때는 여러 가지 모형과 공학 도구를 이용하게 할 수 있다.
• 쌓기나무로 만든 입체도형의 위, 앞, 옆에서 본 모양에 대한 평가를 할 때는 간단한 모양을 이용한다.
• 삼각형의 넓이를 구할 때는 높이가 삼각형의 외부에 있는 것도 다룬다.
• 넓이 단위 사이의 관계 중 1cm², 1km² 사이의 단위 환산은 다루지 않는다.
• 도형의 넓이는 1cm²인 정사각형의 몇 배인지를 구하는 것임을 이해하게 하고, 도형의 변형을 이용하여 넓이를 구하는 여러 가지 방법을 추론하게 한다.
• 원주율을 지도할 때는 원주와 지름의 관계를 이해하고 원주율에 대한 양감을 기르게 한다.
• 원주율, 원주, 원의 넓이, 입체도형의 겉넓이와 부피 등을 구할 때 복잡한 계산은 계산기를 사용하게 한다.
• 겉넓이와 부피를 구하는 방법에 대하여 다양한 추론을 하게 하고, 자신의 추론 과정을 다른 사람에게 설명하게 할 수 있다.
• 도형의 넓이와 부피를 구하는 방법의 편리함을 인식하게 한다.
• ‘도형과 측정’ 영역의 문제 상황에서 문제해결 전략 비교하기, 주어진 문제에서 필요 없는 정보나 부족한 정보 찾기, 조건을 바꾸어 문제 만들기, 문제해결 과정의 타당성 검토하기 등을 통하여 문제해결 역량을 기르게 한다.
• ‘도형과 측정’ 영역에서 자신의 문제해결 과정을 논리적으로 설명하고 다른 친구의 문제해결 과정과 비교함으로써 비판적으로 사고하는 태도를 기르게 한다."
5~6,수학,도형과 측정,"⋅평면도형과 입체도형은 여러 가지 모양을 범주화한 것이며, 각각의 평면도형과 입체도형은 고유한 성질을 갖는다.

⋅도형의 성질과 관계를 탐구하고 정당화하는 것은 논리적이고 비판적으로 사고하는 데 기반이 된다.

⋅측정은 여러 가지 속성의 양을 비교하고 속성에 따른 단위를 이용하여 양을 수치화함으로써 여러 가지 현상을 해석하거나 실생활 문제를 해결하는 데 활용된다.",6수03-15,"여러 가지 원 모양 물체의 원주와 지름을 측정하는 활동을 통하여, 원주율이 일정한 값임을 알고 그 근삿값을 사용할 수 있다.","여러 가지 원 모양 물체의 원주와 지름을 측정하는 활동을 통하여 원주율의 의미를 설명하고, 원주율을 근삿값으로 나타내어 사용할 수 있다.","여러 가지 원 모양 물체의 원주와 지름을 측정하는 활동을 통하여 원주율이 일정한 값임을 알고, 원주율의 근삿값을 사용할 수 있다.",안내된 절차에 따라 원 모양 물체의 원주와 지름을 측정하는 활동을 통하여 원주율이 일정한 값임을 안다. ,"[6수03-15] 여러 가지 원에서 (원주)(지름)의 값을 구하여 모든 원에서 원주율이 일정함을 이해하게 하고, 원주율의 근삿값으로 3.14를 사용하게 한다. ","• ‘도형과 측정’ 영역에서는 용어와 기호로 ‘합동, 대칭, 대응점, 대응변, 대응각, 선대칭도형, 점대칭도형, 대칭축, 대칭의 중심, 직육면체, 정육면체, 면, 모서리, 밑면, 옆면, 겨냥도, 전개도, 각기둥, 각뿔, 원기둥, 원뿔, 구, 모선, 가로, 세로, 밑변, 높이, 원주, 원주율, cm², m², km², cm³, m³’를 다룬다.
• 선대칭도형과 점대칭도형 그리기를 평가할 때 모눈종이, 점판, 공학 도구 등을 이용하여 쉽게 그릴 수 있게 한다.
• 무늬 찾기, 종이 겹쳐 오리기, 도장 찍기, 데칼코마니 등 구체적인 조작 활동을 통하여 도형의 합동의 의미를 알게 한다.
• 실생활이나 자연 환경 등에서 도형의 합동, 선대칭도형, 점대칭도형의 예를 찾고 수학의 아름다움을 느낄 수 있게 한다.
• 입체도형의 전개도에 대한 평가는 전개도가 될 수 있는 것과 될 수 없는 것을 구별하는 데 중점을 둔다.
• 각기둥의 전개도는 간단한 형태만 다루고, 각뿔과 원뿔의 전개도는 다루지 않는다.
• 한 직선을 중심으로 직사각형, 직각삼각형, 반원을 돌리는 활동을 통하여 원기둥, 원뿔, 구를 만들어 보게 한다.
• 실생활에서 접할 수 있는 여러 가지 물건, 건축물 등에서 직육면체, 정육면체, 각기둥, 각뿔, 원기둥, 원뿔, 구를 찾고 수학에 대한 흥미와 관심을 갖게 한다.
• 입체도형의 구성 요소와 성질, 전개도, 쌓기나무로 만든 입체도형을 탐구할 때는 여러 가지 모형과 공학 도구를 이용하게 할 수 있다.
• 쌓기나무로 만든 입체도형의 위, 앞, 옆에서 본 모양에 대한 평가를 할 때는 간단한 모양을 이용한다.
• 삼각형의 넓이를 구할 때는 높이가 삼각형의 외부에 있는 것도 다룬다.
• 넓이 단위 사이의 관계 중 1cm², 1km² 사이의 단위 환산은 다루지 않는다.
• 도형의 넓이는 1cm²인 정사각형의 몇 배인지를 구하는 것임을 이해하게 하고, 도형의 변형을 이용하여 넓이를 구하는 여러 가지 방법을 추론하게 한다.
• 원주율을 지도할 때는 원주와 지름의 관계를 이해하고 원주율에 대한 양감을 기르게 한다.
• 원주율, 원주, 원의 넓이, 입체도형의 겉넓이와 부피 등을 구할 때 복잡한 계산은 계산기를 사용하게 한다.
• 겉넓이와 부피를 구하는 방법에 대하여 다양한 추론을 하게 하고, 자신의 추론 과정을 다른 사람에게 설명하게 할 수 있다.
• 도형의 넓이와 부피를 구하는 방법의 편리함을 인식하게 한다.
• ‘도형과 측정’ 영역의 문제 상황에서 문제해결 전략 비교하기, 주어진 문제에서 필요 없는 정보나 부족한 정보 찾기, 조건을 바꾸어 문제 만들기, 문제해결 과정의 타당성 검토하기 등을 통하여 문제해결 역량을 기르게 한다.
• ‘도형과 측정’ 영역에서 자신의 문제해결 과정을 논리적으로 설명하고 다른 친구의 문제해결 과정과 비교함으로써 비판적으로 사고하는 태도를 기르게 한다."
5~6,수학,도형과 측정,"⋅평면도형과 입체도형은 여러 가지 모양을 범주화한 것이며, 각각의 평면도형과 입체도형은 고유한 성질을 갖는다.

⋅도형의 성질과 관계를 탐구하고 정당화하는 것은 논리적이고 비판적으로 사고하는 데 기반이 된다.

⋅측정은 여러 가지 속성의 양을 비교하고 속성에 따른 단위를 이용하여 양을 수치화함으로써 여러 가지 현상을 해석하거나 실생활 문제를 해결하는 데 활용된다.",6수03-16,"원주와 원의 넓이를 구하는 방법을 이해하고, 이를 구할 수 있다.","원주와 원의 넓이를 구하는 방법을 설명하고, 이를 이용하여 원주와 원의 넓이를 구할 수 있다.","원주와 원의 넓이를 구하는 방법을 이해하고, 이를 이용하여 원주와 원의 넓이를 구할 수 있다.",안내된 절차에 따라 원주와 원의 넓이를 구할 수 있다.,"[6수03-16] 지름과 원주율을 이용하면 원주를 직접 측정하지 않고도 구할 수 있음을 알게 하고, 직사각형의 넓이를 구하는 방법을 이용하여 원의 넓이를 구하는 방법을 이해하게 한다.","• ‘도형과 측정’ 영역에서는 용어와 기호로 ‘합동, 대칭, 대응점, 대응변, 대응각, 선대칭도형, 점대칭도형, 대칭축, 대칭의 중심, 직육면체, 정육면체, 면, 모서리, 밑면, 옆면, 겨냥도, 전개도, 각기둥, 각뿔, 원기둥, 원뿔, 구, 모선, 가로, 세로, 밑변, 높이, 원주, 원주율, cm², m², km², cm³, m³’를 다룬다.
• 선대칭도형과 점대칭도형 그리기를 평가할 때 모눈종이, 점판, 공학 도구 등을 이용하여 쉽게 그릴 수 있게 한다.
• 무늬 찾기, 종이 겹쳐 오리기, 도장 찍기, 데칼코마니 등 구체적인 조작 활동을 통하여 도형의 합동의 의미를 알게 한다.
• 실생활이나 자연 환경 등에서 도형의 합동, 선대칭도형, 점대칭도형의 예를 찾고 수학의 아름다움을 느낄 수 있게 한다.
• 입체도형의 전개도에 대한 평가는 전개도가 될 수 있는 것과 될 수 없는 것을 구별하는 데 중점을 둔다.
• 각기둥의 전개도는 간단한 형태만 다루고, 각뿔과 원뿔의 전개도는 다루지 않는다.
• 한 직선을 중심으로 직사각형, 직각삼각형, 반원을 돌리는 활동을 통하여 원기둥, 원뿔, 구를 만들어 보게 한다.
• 실생활에서 접할 수 있는 여러 가지 물건, 건축물 등에서 직육면체, 정육면체, 각기둥, 각뿔, 원기둥, 원뿔, 구를 찾고 수학에 대한 흥미와 관심을 갖게 한다.
• 입체도형의 구성 요소와 성질, 전개도, 쌓기나무로 만든 입체도형을 탐구할 때는 여러 가지 모형과 공학 도구를 이용하게 할 수 있다.
• 쌓기나무로 만든 입체도형의 위, 앞, 옆에서 본 모양에 대한 평가를 할 때는 간단한 모양을 이용한다.
• 삼각형의 넓이를 구할 때는 높이가 삼각형의 외부에 있는 것도 다룬다.
• 넓이 단위 사이의 관계 중 1cm², 1km² 사이의 단위 환산은 다루지 않는다.
• 도형의 넓이는 1cm²인 정사각형의 몇 배인지를 구하는 것임을 이해하게 하고, 도형의 변형을 이용하여 넓이를 구하는 여러 가지 방법을 추론하게 한다.
• 원주율을 지도할 때는 원주와 지름의 관계를 이해하고 원주율에 대한 양감을 기르게 한다.
• 원주율, 원주, 원의 넓이, 입체도형의 겉넓이와 부피 등을 구할 때 복잡한 계산은 계산기를 사용하게 한다.
• 겉넓이와 부피를 구하는 방법에 대하여 다양한 추론을 하게 하고, 자신의 추론 과정을 다른 사람에게 설명하게 할 수 있다.
• 도형의 넓이와 부피를 구하는 방법의 편리함을 인식하게 한다.
• ‘도형과 측정’ 영역의 문제 상황에서 문제해결 전략 비교하기, 주어진 문제에서 필요 없는 정보나 부족한 정보 찾기, 조건을 바꾸어 문제 만들기, 문제해결 과정의 타당성 검토하기 등을 통하여 문제해결 역량을 기르게 한다.
• ‘도형과 측정’ 영역에서 자신의 문제해결 과정을 논리적으로 설명하고 다른 친구의 문제해결 과정과 비교함으로써 비판적으로 사고하는 태도를 기르게 한다."
5~6,수학,도형과 측정,"⋅평면도형과 입체도형은 여러 가지 모양을 범주화한 것이며, 각각의 평면도형과 입체도형은 고유한 성질을 갖는다.

⋅도형의 성질과 관계를 탐구하고 정당화하는 것은 논리적이고 비판적으로 사고하는 데 기반이 된다.

⋅측정은 여러 가지 속성의 양을 비교하고 속성에 따른 단위를 이용하여 양을 수치화함으로써 여러 가지 현상을 해석하거나 실생활 문제를 해결하는 데 활용된다.",6수03-17,"직육면체와 정육면체의 겉넓이를 구하는 방법을 이해하고, 이를 구할 수 있다. ","직육면체와 정육면체의 겉넓이를 구하는 여러 가지 방법을 추론하고, 그 추론 과정을 설명하며, 이를 이용하여 직육면체와 정육면체의 겉넓이를 구할 수 있다.","직육면체와 정육면체의 겉넓이를 구하는 방법을 이해하고, 이를 이용하여 직육면체와 정육면체의 겉넓이를 구할 수 있다.",안내된 절차에 따라 직육면체와 정육면체의 겉넓이를 구할 수 있다.,,"• ‘도형과 측정’ 영역에서는 용어와 기호로 ‘합동, 대칭, 대응점, 대응변, 대응각, 선대칭도형, 점대칭도형, 대칭축, 대칭의 중심, 직육면체, 정육면체, 면, 모서리, 밑면, 옆면, 겨냥도, 전개도, 각기둥, 각뿔, 원기둥, 원뿔, 구, 모선, 가로, 세로, 밑변, 높이, 원주, 원주율, cm², m², km², cm³, m³’를 다룬다.
• 선대칭도형과 점대칭도형 그리기를 평가할 때 모눈종이, 점판, 공학 도구 등을 이용하여 쉽게 그릴 수 있게 한다.
• 무늬 찾기, 종이 겹쳐 오리기, 도장 찍기, 데칼코마니 등 구체적인 조작 활동을 통하여 도형의 합동의 의미를 알게 한다.
• 실생활이나 자연 환경 등에서 도형의 합동, 선대칭도형, 점대칭도형의 예를 찾고 수학의 아름다움을 느낄 수 있게 한다.
• 입체도형의 전개도에 대한 평가는 전개도가 될 수 있는 것과 될 수 없는 것을 구별하는 데 중점을 둔다.
• 각기둥의 전개도는 간단한 형태만 다루고, 각뿔과 원뿔의 전개도는 다루지 않는다.
• 한 직선을 중심으로 직사각형, 직각삼각형, 반원을 돌리는 활동을 통하여 원기둥, 원뿔, 구를 만들어 보게 한다.
• 실생활에서 접할 수 있는 여러 가지 물건, 건축물 등에서 직육면체, 정육면체, 각기둥, 각뿔, 원기둥, 원뿔, 구를 찾고 수학에 대한 흥미와 관심을 갖게 한다.
• 입체도형의 구성 요소와 성질, 전개도, 쌓기나무로 만든 입체도형을 탐구할 때는 여러 가지 모형과 공학 도구를 이용하게 할 수 있다.
• 쌓기나무로 만든 입체도형의 위, 앞, 옆에서 본 모양에 대한 평가를 할 때는 간단한 모양을 이용한다.
• 삼각형의 넓이를 구할 때는 높이가 삼각형의 외부에 있는 것도 다룬다.
• 넓이 단위 사이의 관계 중 1cm², 1km² 사이의 단위 환산은 다루지 않는다.
• 도형의 넓이는 1cm²인 정사각형의 몇 배인지를 구하는 것임을 이해하게 하고, 도형의 변형을 이용하여 넓이를 구하는 여러 가지 방법을 추론하게 한다.
• 원주율을 지도할 때는 원주와 지름의 관계를 이해하고 원주율에 대한 양감을 기르게 한다.
• 원주율, 원주, 원의 넓이, 입체도형의 겉넓이와 부피 등을 구할 때 복잡한 계산은 계산기를 사용하게 한다.
• 겉넓이와 부피를 구하는 방법에 대하여 다양한 추론을 하게 하고, 자신의 추론 과정을 다른 사람에게 설명하게 할 수 있다.
• 도형의 넓이와 부피를 구하는 방법의 편리함을 인식하게 한다.
• ‘도형과 측정’ 영역의 문제 상황에서 문제해결 전략 비교하기, 주어진 문제에서 필요 없는 정보나 부족한 정보 찾기, 조건을 바꾸어 문제 만들기, 문제해결 과정의 타당성 검토하기 등을 통하여 문제해결 역량을 기르게 한다.
• ‘도형과 측정’ 영역에서 자신의 문제해결 과정을 논리적으로 설명하고 다른 친구의 문제해결 과정과 비교함으로써 비판적으로 사고하는 태도를 기르게 한다."
5~6,수학,도형과 측정,"⋅평면도형과 입체도형은 여러 가지 모양을 범주화한 것이며, 각각의 평면도형과 입체도형은 고유한 성질을 갖는다.

⋅도형의 성질과 관계를 탐구하고 정당화하는 것은 논리적이고 비판적으로 사고하는 데 기반이 된다.

⋅측정은 여러 가지 속성의 양을 비교하고 속성에 따른 단위를 이용하여 양을 수치화함으로써 여러 가지 현상을 해석하거나 실생활 문제를 해결하는 데 활용된다.",6수03-18,"부피 단위 1cm³, 1m³를 알며, 그 관계를 이해한다.","1cm³와 1m³ 사이의 관계를 설명하고, 실생활 상황에서 적절한 부피 단위를 사용할 수 있다.","부피 단위 1cm³, 1m³를 알고, 1cm³와 1m³ 사이의 관계를 설명할 수 있다.","부피 단위 1cm³, 1m³를 알고, 1m³가 몇 cm³인지를 안다.",,"• ‘도형과 측정’ 영역에서는 용어와 기호로 ‘합동, 대칭, 대응점, 대응변, 대응각, 선대칭도형, 점대칭도형, 대칭축, 대칭의 중심, 직육면체, 정육면체, 면, 모서리, 밑면, 옆면, 겨냥도, 전개도, 각기둥, 각뿔, 원기둥, 원뿔, 구, 모선, 가로, 세로, 밑변, 높이, 원주, 원주율, cm², m², km², cm³, m³’를 다룬다.
• 선대칭도형과 점대칭도형 그리기를 평가할 때 모눈종이, 점판, 공학 도구 등을 이용하여 쉽게 그릴 수 있게 한다.
• 무늬 찾기, 종이 겹쳐 오리기, 도장 찍기, 데칼코마니 등 구체적인 조작 활동을 통하여 도형의 합동의 의미를 알게 한다.
• 실생활이나 자연 환경 등에서 도형의 합동, 선대칭도형, 점대칭도형의 예를 찾고 수학의 아름다움을 느낄 수 있게 한다.
• 입체도형의 전개도에 대한 평가는 전개도가 될 수 있는 것과 될 수 없는 것을 구별하는 데 중점을 둔다.
• 각기둥의 전개도는 간단한 형태만 다루고, 각뿔과 원뿔의 전개도는 다루지 않는다.
• 한 직선을 중심으로 직사각형, 직각삼각형, 반원을 돌리는 활동을 통하여 원기둥, 원뿔, 구를 만들어 보게 한다.
• 실생활에서 접할 수 있는 여러 가지 물건, 건축물 등에서 직육면체, 정육면체, 각기둥, 각뿔, 원기둥, 원뿔, 구를 찾고 수학에 대한 흥미와 관심을 갖게 한다.
• 입체도형의 구성 요소와 성질, 전개도, 쌓기나무로 만든 입체도형을 탐구할 때는 여러 가지 모형과 공학 도구를 이용하게 할 수 있다.
• 쌓기나무로 만든 입체도형의 위, 앞, 옆에서 본 모양에 대한 평가를 할 때는 간단한 모양을 이용한다.
• 삼각형의 넓이를 구할 때는 높이가 삼각형의 외부에 있는 것도 다룬다.
• 넓이 단위 사이의 관계 중 1cm², 1km² 사이의 단위 환산은 다루지 않는다.
• 도형의 넓이는 1cm²인 정사각형의 몇 배인지를 구하는 것임을 이해하게 하고, 도형의 변형을 이용하여 넓이를 구하는 여러 가지 방법을 추론하게 한다.
• 원주율을 지도할 때는 원주와 지름의 관계를 이해하고 원주율에 대한 양감을 기르게 한다.
• 원주율, 원주, 원의 넓이, 입체도형의 겉넓이와 부피 등을 구할 때 복잡한 계산은 계산기를 사용하게 한다.
• 겉넓이와 부피를 구하는 방법에 대하여 다양한 추론을 하게 하고, 자신의 추론 과정을 다른 사람에게 설명하게 할 수 있다.
• 도형의 넓이와 부피를 구하는 방법의 편리함을 인식하게 한다.
• ‘도형과 측정’ 영역의 문제 상황에서 문제해결 전략 비교하기, 주어진 문제에서 필요 없는 정보나 부족한 정보 찾기, 조건을 바꾸어 문제 만들기, 문제해결 과정의 타당성 검토하기 등을 통하여 문제해결 역량을 기르게 한다.
• ‘도형과 측정’ 영역에서 자신의 문제해결 과정을 논리적으로 설명하고 다른 친구의 문제해결 과정과 비교함으로써 비판적으로 사고하는 태도를 기르게 한다."
5~6,수학,도형과 측정,"⋅평면도형과 입체도형은 여러 가지 모양을 범주화한 것이며, 각각의 평면도형과 입체도형은 고유한 성질을 갖는다.

⋅도형의 성질과 관계를 탐구하고 정당화하는 것은 논리적이고 비판적으로 사고하는 데 기반이 된다.

⋅측정은 여러 가지 속성의 양을 비교하고 속성에 따른 단위를 이용하여 양을 수치화함으로써 여러 가지 현상을 해석하거나 실생활 문제를 해결하는 데 활용된다.",6수03-19,"직육면체와 정육면체의 부피를 구하는 방법을 이해하고, 이를 구할 수 있다. ","직육면체와 정육면체의 부피를 구하는 방법을 추론하고, 그 추론 과정을 설명하며, 이를 이용하여 부피를 구할 수 있다.","직육면체와 정육면체의 부피를 구하는 방법을 이해하고, 이를 이용하여 직육면체와 정육면체의 부피를 구할 수 있다. ",안내된 절차에 따라 직육면체와 정육면체의 부피를 구할 수 있다.,,"• ‘도형과 측정’ 영역에서는 용어와 기호로 ‘합동, 대칭, 대응점, 대응변, 대응각, 선대칭도형, 점대칭도형, 대칭축, 대칭의 중심, 직육면체, 정육면체, 면, 모서리, 밑면, 옆면, 겨냥도, 전개도, 각기둥, 각뿔, 원기둥, 원뿔, 구, 모선, 가로, 세로, 밑변, 높이, 원주, 원주율, cm², m², km², cm³, m³’를 다룬다.
• 선대칭도형과 점대칭도형 그리기를 평가할 때 모눈종이, 점판, 공학 도구 등을 이용하여 쉽게 그릴 수 있게 한다.
• 무늬 찾기, 종이 겹쳐 오리기, 도장 찍기, 데칼코마니 등 구체적인 조작 활동을 통하여 도형의 합동의 의미를 알게 한다.
• 실생활이나 자연 환경 등에서 도형의 합동, 선대칭도형, 점대칭도형의 예를 찾고 수학의 아름다움을 느낄 수 있게 한다.
• 입체도형의 전개도에 대한 평가는 전개도가 될 수 있는 것과 될 수 없는 것을 구별하는 데 중점을 둔다.
• 각기둥의 전개도는 간단한 형태만 다루고, 각뿔과 원뿔의 전개도는 다루지 않는다.
• 한 직선을 중심으로 직사각형, 직각삼각형, 반원을 돌리는 활동을 통하여 원기둥, 원뿔, 구를 만들어 보게 한다.
• 실생활에서 접할 수 있는 여러 가지 물건, 건축물 등에서 직육면체, 정육면체, 각기둥, 각뿔, 원기둥, 원뿔, 구를 찾고 수학에 대한 흥미와 관심을 갖게 한다.
• 입체도형의 구성 요소와 성질, 전개도, 쌓기나무로 만든 입체도형을 탐구할 때는 여러 가지 모형과 공학 도구를 이용하게 할 수 있다.
• 쌓기나무로 만든 입체도형의 위, 앞, 옆에서 본 모양에 대한 평가를 할 때는 간단한 모양을 이용한다.
• 삼각형의 넓이를 구할 때는 높이가 삼각형의 외부에 있는 것도 다룬다.
• 넓이 단위 사이의 관계 중 1cm², 1km² 사이의 단위 환산은 다루지 않는다.
• 도형의 넓이는 1cm²인 정사각형의 몇 배인지를 구하는 것임을 이해하게 하고, 도형의 변형을 이용하여 넓이를 구하는 여러 가지 방법을 추론하게 한다.
• 원주율을 지도할 때는 원주와 지름의 관계를 이해하고 원주율에 대한 양감을 기르게 한다.
• 원주율, 원주, 원의 넓이, 입체도형의 겉넓이와 부피 등을 구할 때 복잡한 계산은 계산기를 사용하게 한다.
• 겉넓이와 부피를 구하는 방법에 대하여 다양한 추론을 하게 하고, 자신의 추론 과정을 다른 사람에게 설명하게 할 수 있다.
• 도형의 넓이와 부피를 구하는 방법의 편리함을 인식하게 한다.
• ‘도형과 측정’ 영역의 문제 상황에서 문제해결 전략 비교하기, 주어진 문제에서 필요 없는 정보나 부족한 정보 찾기, 조건을 바꾸어 문제 만들기, 문제해결 과정의 타당성 검토하기 등을 통하여 문제해결 역량을 기르게 한다.
• ‘도형과 측정’ 영역에서 자신의 문제해결 과정을 논리적으로 설명하고 다른 친구의 문제해결 과정과 비교함으로써 비판적으로 사고하는 태도를 기르게 한다."
5~6,수학,자료와 가능성,"⋅자료를 수집, 정리, 해석하는 통계는 자료의 특징을 파악하고 두 집단을 비교하며 자료의 관계를 탐구하는 데 활용된다. 
⋅사건이 일어날 가능성을 여러 가지 방법으로 표현하는 것은 불확실성을 이해하는 데 도움이 되며, 가능성을 확률로 수치화하면 불확실성을 수학적으로 다룰 수 있게 된다. 
⋅자료를 이용하여 통계적 문제해결 과정을 실천하고 생활 속의 가능성을 탐구하는 것은 미래를 예측하고 합리적인 의사 결정을 하는 데 기반이 된다.",6수04-01,"평균의 의미를 알고, 자료를 수집하여 평균을 구하고 해석할 수 있다.","평균의 의미와 유용성을 인식하고, 여러 집단의 자료를 수집하여 평균을 구하고 해석할 수 있다.","평균의 의미를 알고, 주어진 자료의 평균을 구하고 해석할 수 있다.",간단한 자료의 평균을 구할 수 있다.,"[6수04-01] 평균은 집단의 자료를 대표하는 값임을 이해하고, 여러 집단의 평균을 비교하는 활동을 통해 수학의 유용성을 인식하게 한다.","• ‘자료와 가능성’ 영역에서는 용어와 기호로 ‘평균, 띠그래프, 원그래프, 가능성’을 다룬다.
• 자료를 수집할 때, 간단한 설문조사, 실험이나 관찰, 공공 자료 활용과 같은 방법 중 탐구 목적에 적합한 것을 결정하게 한다.
• 평균을 구하는 방법뿐만 아니라 그 의미를 직관적으로 파악하게 한다.
• 복잡한 자료의 평균이나 백분율을 구할 때 계산기를 사용하게 할 수 있다.
• 조사 자료에서 전체에 대한 각 부분의 비율을 비교해야 하는 문제 상황을 제시하여 띠그래프와 원그래프의 필요성을 인식하게 한다.
• 원그래프를 그릴 때는 눈금이 표시된 원을 사용하게 한다.
• 띠그래프와 원그래프를 그릴 때 공학 도구를 사용하게 할 수 있다.
• 여러 가지 사회, 환경 문제를 탐구하는 데 그림그래프, 막대그래프, 꺾은선그래프, 띠그래프, 원그래프로부터 얻은 정보를 활용하게 할 수 있다.
• 자료 수집의 목적과 수집한 자료의 특성에 맞는 그래프로 적절히 표현되었는지, 또는 정보를 왜곡하는 오류가 포함되어 있지는 않은지 등을 비판적으로 판단하게 할 수 있다.
• ‘자료와 가능성’ 영역의 문제 상황에서 문제해결 전략 비교하기, 주어진 문제에서 필요 없는 정보나 부족한 정보 찾기, 조건을 바꾸어 새로운 문제 만들기, 문제해결 과정의 타당성 검토하기 등을 통하여 문제해결 역량을 기르게 한다.
• ‘자료와 가능성’ 영역에서 자신의 문제해결 과정을 논리적으로 설명하고 다른 친구의 문제해결 과정과 비교함으로써 비판적으로 사고하는 태도를 기르게 한다."
5~6,수학,자료와 가능성,"⋅자료를 수집, 정리, 해석하는 통계는 자료의 특징을 파악하고 두 집단을 비교하며 자료의 관계를 탐구하는 데 활용된다. 
⋅사건이 일어날 가능성을 여러 가지 방법으로 표현하는 것은 불확실성을 이해하는 데 도움이 되며, 가능성을 확률로 수치화하면 불확실성을 수학적으로 다룰 수 있게 된다. 
⋅자료를 이용하여 통계적 문제해결 과정을 실천하고 생활 속의 가능성을 탐구하는 것은 미래를 예측하고 합리적인 의사 결정을 하는 데 기반이 된다.",6수04-02,자료를 수집하여 띠그래프나 원그래프로 나타내고 해석할 수 있다.,"자료를 수집하여 띠그래프나 원그래프로 나타내고, 그래프를 해석하며, 그 과정에서 비율그래프의 필요성을 안다.","주어진 자료를 띠그래프나 원그래프로 나타내고, 그래프를 해석할 수 있다.","안내된 절차에 따라 자료를 띠그래프나 원그래프로 나타내고, 그래프에서 간단한 사실을 찾을 수 있다.",,"• ‘자료와 가능성’ 영역에서는 용어와 기호로 ‘평균, 띠그래프, 원그래프, 가능성’을 다룬다.
• 자료를 수집할 때, 간단한 설문조사, 실험이나 관찰, 공공 자료 활용과 같은 방법 중 탐구 목적에 적합한 것을 결정하게 한다.
• 평균을 구하는 방법뿐만 아니라 그 의미를 직관적으로 파악하게 한다.
• 복잡한 자료의 평균이나 백분율을 구할 때 계산기를 사용하게 할 수 있다.
• 조사 자료에서 전체에 대한 각 부분의 비율을 비교해야 하는 문제 상황을 제시하여 띠그래프와 원그래프의 필요성을 인식하게 한다.
• 원그래프를 그릴 때는 눈금이 표시된 원을 사용하게 한다.
• 띠그래프와 원그래프를 그릴 때 공학 도구를 사용하게 할 수 있다.
• 여러 가지 사회, 환경 문제를 탐구하는 데 그림그래프, 막대그래프, 꺾은선그래프, 띠그래프, 원그래프로부터 얻은 정보를 활용하게 할 수 있다.
• 자료 수집의 목적과 수집한 자료의 특성에 맞는 그래프로 적절히 표현되었는지, 또는 정보를 왜곡하는 오류가 포함되어 있지는 않은지 등을 비판적으로 판단하게 할 수 있다.
• ‘자료와 가능성’ 영역의 문제 상황에서 문제해결 전략 비교하기, 주어진 문제에서 필요 없는 정보나 부족한 정보 찾기, 조건을 바꾸어 새로운 문제 만들기, 문제해결 과정의 타당성 검토하기 등을 통하여 문제해결 역량을 기르게 한다.
• ‘자료와 가능성’ 영역에서 자신의 문제해결 과정을 논리적으로 설명하고 다른 친구의 문제해결 과정과 비교함으로써 비판적으로 사고하는 태도를 기르게 한다."
5~6,수학,자료와 가능성,"⋅자료를 수집, 정리, 해석하는 통계는 자료의 특징을 파악하고 두 집단을 비교하며 자료의 관계를 탐구하는 데 활용된다. 
⋅사건이 일어날 가능성을 여러 가지 방법으로 표현하는 것은 불확실성을 이해하는 데 도움이 되며, 가능성을 확률로 수치화하면 불확실성을 수학적으로 다룰 수 있게 된다. 
⋅자료를 이용하여 통계적 문제해결 과정을 실천하고 생활 속의 가능성을 탐구하는 것은 미래를 예측하고 합리적인 의사 결정을 하는 데 기반이 된다.",6수04-03,"탐구 문제를 설정하고, 그에 맞는 자료를 수집, 정리하여 적절한 그래프로 나타내고 해석할 수 있다.","탐구 문제를 설정하고, 그에 맞는 자료를 수집, 정리하여 적절한 그래프로 나타내며, 그래프를 해석할 수 있다.","탐구 문제에 맞는 자료를 수집, 정리하여 적절한 그래프로 나타내고, 그래프를 해석할 수 있다.","안내된 절차에 따라 자료를 적절한 그래프로 나타내고, 그래프에서 간단한 사실을 찾을 수 있다.","[6수04-03] 해결하고자 하는 문제를 설정하고 그에 맞는 자료를 수집, 정리하여, 막대그래프, 꺾은선그래프, 띠그래프와 원그래프 중 적절한 그래프로 나타내고 해석하는 일련의 과정을 직접 경험하게 한다.","• ‘자료와 가능성’ 영역에서는 용어와 기호로 ‘평균, 띠그래프, 원그래프, 가능성’을 다룬다.
• 자료를 수집할 때, 간단한 설문조사, 실험이나 관찰, 공공 자료 활용과 같은 방법 중 탐구 목적에 적합한 것을 결정하게 한다.
• 평균을 구하는 방법뿐만 아니라 그 의미를 직관적으로 파악하게 한다.
• 복잡한 자료의 평균이나 백분율을 구할 때 계산기를 사용하게 할 수 있다.
• 조사 자료에서 전체에 대한 각 부분의 비율을 비교해야 하는 문제 상황을 제시하여 띠그래프와 원그래프의 필요성을 인식하게 한다.
• 원그래프를 그릴 때는 눈금이 표시된 원을 사용하게 한다.
• 띠그래프와 원그래프를 그릴 때 공학 도구를 사용하게 할 수 있다.
• 여러 가지 사회, 환경 문제를 탐구하는 데 그림그래프, 막대그래프, 꺾은선그래프, 띠그래프, 원그래프로부터 얻은 정보를 활용하게 할 수 있다.
• 자료 수집의 목적과 수집한 자료의 특성에 맞는 그래프로 적절히 표현되었는지, 또는 정보를 왜곡하는 오류가 포함되어 있지는 않은지 등을 비판적으로 판단하게 할 수 있다.
• ‘자료와 가능성’ 영역의 문제 상황에서 문제해결 전략 비교하기, 주어진 문제에서 필요 없는 정보나 부족한 정보 찾기, 조건을 바꾸어 새로운 문제 만들기, 문제해결 과정의 타당성 검토하기 등을 통하여 문제해결 역량을 기르게 한다.
• ‘자료와 가능성’ 영역에서 자신의 문제해결 과정을 논리적으로 설명하고 다른 친구의 문제해결 과정과 비교함으로써 비판적으로 사고하는 태도를 기르게 한다."
5~6,수학,자료와 가능성,"⋅자료를 수집, 정리, 해석하는 통계는 자료의 특징을 파악하고 두 집단을 비교하며 자료의 관계를 탐구하는 데 활용된다. 
⋅사건이 일어날 가능성을 여러 가지 방법으로 표현하는 것은 불확실성을 이해하는 데 도움이 되며, 가능성을 확률로 수치화하면 불확실성을 수학적으로 다룰 수 있게 된다. 
⋅자료를 이용하여 통계적 문제해결 과정을 실천하고 생활 속의 가능성을 탐구하는 것은 미래를 예측하고 합리적인 의사 결정을 하는 데 기반이 된다.",6수04-04,사건이 일어날 가능성을 말로 표현하고 비교할 수 있다.,"실생활에서 여러 가지 사건이 일어날 가능성을 말로 표현하고, 가능성을 비교하여 설명할 수 있다.","주어진 사건이 일어날 가능성을 말로 표현하고, 가능성을 비교할 수 있다.",안내된 절차에 따라 주어진 사건이 일어날 가능성을 말로 표현할 수 있다.,"[6수04-04] ‘확실하다’, ‘불가능하다’, ‘∼일 것 같다’, ‘∼아닐 것 같다’, ‘반반이다’ 등 일상에서 사건이 일어날 가능성을 나타내는 다양한 표현을 이해하고, 가능성의 크기를 비교하게 한다.","• ‘자료와 가능성’ 영역에서는 용어와 기호로 ‘평균, 띠그래프, 원그래프, 가능성’을 다룬다.
• 자료를 수집할 때, 간단한 설문조사, 실험이나 관찰, 공공 자료 활용과 같은 방법 중 탐구 목적에 적합한 것을 결정하게 한다.
• 평균을 구하는 방법뿐만 아니라 그 의미를 직관적으로 파악하게 한다.
• 복잡한 자료의 평균이나 백분율을 구할 때 계산기를 사용하게 할 수 있다.
• 조사 자료에서 전체에 대한 각 부분의 비율을 비교해야 하는 문제 상황을 제시하여 띠그래프와 원그래프의 필요성을 인식하게 한다.
• 원그래프를 그릴 때는 눈금이 표시된 원을 사용하게 한다.
• 띠그래프와 원그래프를 그릴 때 공학 도구를 사용하게 할 수 있다.
• 여러 가지 사회, 환경 문제를 탐구하는 데 그림그래프, 막대그래프, 꺾은선그래프, 띠그래프, 원그래프로부터 얻은 정보를 활용하게 할 수 있다.
• 자료 수집의 목적과 수집한 자료의 특성에 맞는 그래프로 적절히 표현되었는지, 또는 정보를 왜곡하는 오류가 포함되어 있지는 않은지 등을 비판적으로 판단하게 할 수 있다.
• ‘자료와 가능성’ 영역의 문제 상황에서 문제해결 전략 비교하기, 주어진 문제에서 필요 없는 정보나 부족한 정보 찾기, 조건을 바꾸어 새로운 문제 만들기, 문제해결 과정의 타당성 검토하기 등을 통하여 문제해결 역량을 기르게 한다.
• ‘자료와 가능성’ 영역에서 자신의 문제해결 과정을 논리적으로 설명하고 다른 친구의 문제해결 과정과 비교함으로써 비판적으로 사고하는 태도를 기르게 한다."
5~6,수학,자료와 가능성,"⋅자료를 수집, 정리, 해석하는 통계는 자료의 특징을 파악하고 두 집단을 비교하며 자료의 관계를 탐구하는 데 활용된다. 
⋅사건이 일어날 가능성을 여러 가지 방법으로 표현하는 것은 불확실성을 이해하는 데 도움이 되며, 가능성을 확률로 수치화하면 불확실성을 수학적으로 다룰 수 있게 된다. 
⋅자료를 이용하여 통계적 문제해결 과정을 실천하고 생활 속의 가능성을 탐구하는 것은 미래를 예측하고 합리적인 의사 결정을 하는 데 기반이 된다.",6수04-05,사건이 일어날 가능성을 수로 나타낼 수 있다.,"실생활의 간단한 사건에 대하여 사건이 일어날 가능성을 수로 표현하고, 그 이유를 설명할 수 있다.",실생활의 간단한 사건에 대하여 사건이 일어날 가능성을 수로 표현할 수 있다.,"안내된 절차에 따라 간단한 사건에 대하여 사건이 일어날 가능성을 0, ","[6수04-05] 가능성이 직관적으로 파악되는 생활 속의 간단한 사건에 대하여 그 가능성을 0, , 1 등과 같은 수로 표현하게 한다. 사건이 일어날 가능성과 일어나지 않을 가능성이 같은 경우에 사건이 일어날 가능성을 로 표현할 수 있음을 이해하게 한다.","• ‘자료와 가능성’ 영역에서는 용어와 기호로 ‘평균, 띠그래프, 원그래프, 가능성’을 다룬다.
• 자료를 수집할 때, 간단한 설문조사, 실험이나 관찰, 공공 자료 활용과 같은 방법 중 탐구 목적에 적합한 것을 결정하게 한다.
• 평균을 구하는 방법뿐만 아니라 그 의미를 직관적으로 파악하게 한다.
• 복잡한 자료의 평균이나 백분율을 구할 때 계산기를 사용하게 할 수 있다.
• 조사 자료에서 전체에 대한 각 부분의 비율을 비교해야 하는 문제 상황을 제시하여 띠그래프와 원그래프의 필요성을 인식하게 한다.
• 원그래프를 그릴 때는 눈금이 표시된 원을 사용하게 한다.
• 띠그래프와 원그래프를 그릴 때 공학 도구를 사용하게 할 수 있다.
• 여러 가지 사회, 환경 문제를 탐구하는 데 그림그래프, 막대그래프, 꺾은선그래프, 띠그래프, 원그래프로부터 얻은 정보를 활용하게 할 수 있다.
• 자료 수집의 목적과 수집한 자료의 특성에 맞는 그래프로 적절히 표현되었는지, 또는 정보를 왜곡하는 오류가 포함되어 있지는 않은지 등을 비판적으로 판단하게 할 수 있다.
• ‘자료와 가능성’ 영역의 문제 상황에서 문제해결 전략 비교하기, 주어진 문제에서 필요 없는 정보나 부족한 정보 찾기, 조건을 바꾸어 새로운 문제 만들기, 문제해결 과정의 타당성 검토하기 등을 통하여 문제해결 역량을 기르게 한다.
• ‘자료와 가능성’ 영역에서 자신의 문제해결 과정을 논리적으로 설명하고 다른 친구의 문제해결 과정과 비교함으로써 비판적으로 사고하는 태도를 기르게 한다."
5~6,수학,자료와 가능성,"⋅자료를 수집, 정리, 해석하는 통계는 자료의 특징을 파악하고 두 집단을 비교하며 자료의 관계를 탐구하는 데 활용된다. 
⋅사건이 일어날 가능성을 여러 가지 방법으로 표현하는 것은 불확실성을 이해하는 데 도움이 되며, 가능성을 확률로 수치화하면 불확실성을 수학적으로 다룰 수 있게 된다. 
⋅자료를 이용하여 통계적 문제해결 과정을 실천하고 생활 속의 가능성을 탐구하는 것은 미래를 예측하고 합리적인 의사 결정을 하는 데 기반이 된다.",6수04-06,"자료를 이용하여 가능성을 예상하고, 가능성에 근거하여 적절한 판단을 내릴 수 있다.","간단한 실험 결과를 나타낸 자료를 보고 가능성을 예상하고, 가능성에 근거하여 적절한 판단을 내릴 수 있다.",간단한 실험 결과를 나타낸 자료를 보고 가능성을 예상할 수 있다.,안내된 절차에 따라 간단한 실험 결과를 나타낸 자료를 보고 가능성을 예상할 수 있다.,"[6수04-06] 제비뽑기, 동전 던지기, 주사위 던지기, 회전판 돌리기 등과 같은 간단한 실험 결과를 나타낸 표나 그래프를 보고 사건이 일어날 가능성을 비교하고 대략적으로 예상하게 한다.","• ‘자료와 가능성’ 영역에서는 용어와 기호로 ‘평균, 띠그래프, 원그래프, 가능성’을 다룬다.
• 자료를 수집할 때, 간단한 설문조사, 실험이나 관찰, 공공 자료 활용과 같은 방법 중 탐구 목적에 적합한 것을 결정하게 한다.
• 평균을 구하는 방법뿐만 아니라 그 의미를 직관적으로 파악하게 한다.
• 복잡한 자료의 평균이나 백분율을 구할 때 계산기를 사용하게 할 수 있다.
• 조사 자료에서 전체에 대한 각 부분의 비율을 비교해야 하는 문제 상황을 제시하여 띠그래프와 원그래프의 필요성을 인식하게 한다.
• 원그래프를 그릴 때는 눈금이 표시된 원을 사용하게 한다.
• 띠그래프와 원그래프를 그릴 때 공학 도구를 사용하게 할 수 있다.
• 여러 가지 사회, 환경 문제를 탐구하는 데 그림그래프, 막대그래프, 꺾은선그래프, 띠그래프, 원그래프로부터 얻은 정보를 활용하게 할 수 있다.
• 자료 수집의 목적과 수집한 자료의 특성에 맞는 그래프로 적절히 표현되었는지, 또는 정보를 왜곡하는 오류가 포함되어 있지는 않은지 등을 비판적으로 판단하게 할 수 있다.
• ‘자료와 가능성’ 영역의 문제 상황에서 문제해결 전략 비교하기, 주어진 문제에서 필요 없는 정보나 부족한 정보 찾기, 조건을 바꾸어 새로운 문제 만들기, 문제해결 과정의 타당성 검토하기 등을 통하여 문제해결 역량을 기르게 한다.
• ‘자료와 가능성’ 영역에서 자신의 문제해결 과정을 논리적으로 설명하고 다른 친구의 문제해결 과정과 비교함으로써 비판적으로 사고하는 태도를 기르게 한다."
5~6,과학,운동과 에너지,"⋅자연과 일상생활 속의 여러 가지 힘은 물체의 속력과 운동 방향을 변화시키고, 물체의 운동은 힘과 에너지를 통해 예측할 수 있으며, 이는 안전한 일상생활의 토대가 된다.
⋅전하와 전류는 다양한 전기와 자기 현상을 일으키고, 전기와 자기에 대한 성질은 전구, 전동기 등 여러 가지 전기 기구의 작동 원리로 유용하게 활용된다.
⋅열은 온도가 높은 곳에서 낮은 곳으로 이동하며, 일상생활에서는 단열 등 다양한 분야에 물질의 열적 성질이나 열의 이동 방식이 이용된다.
⋅빛과 소리는 반사, 굴절, 진동 등 파동의 특성을 가지며, 그 특성은 거울, 렌즈, 악기, 색의 구현 등 편리하고 심미적인 삶에 도움이 된다.",6과01-01,"지층의 특징을 알고, 지층의 형성 과정을 모형으로 표현할 수 있다.","여러 지층을 관찰하여 지층의 공통적인 특징을 알고, 지층의 형성 과정을 모형으로 표현하여 설명할 수 있다.","지층을 관찰하여 특징을 말하고, 지층을 모형으로 표현할 수 있다.",지층을 관찰하여 지층의 두께나 색이 서로 다름을 말할 수 있다.,"[6과01-01] 지층의 두께나 색 등을 다루고, 지층이 휘어지거나 끊어진 모습을 소개하되 생성 원리는 다루지 않는다.","• 초등학교 3∼4학년군 ‘땅의 변화’, 중학교 1∼3학년군 ‘지권의 변화’와 연계된다.
• 여러 가지 지층, 퇴적암, 화석 등을 관찰하여 그 특징을 찾아 생성 과정을 추리하는 활동이 필요하다. 이때, 학생들이 직접 조사한 자료를 활용할 수 있다. 학생들이 박물관에서 찍은 사진이나 여행지에서 찍은 사진을 이용하여 관련 특징을 설명하면 학습 효과를 높일 수 있을 것이다.
• 디지털 소양 교육과 관련하여 실감형 자료를 활용한 화석 관찰도 가능하다."
5~6,과학,운동과 에너지,"⋅자연과 일상생활 속의 여러 가지 힘은 물체의 속력과 운동 방향을 변화시키고, 물체의 운동은 힘과 에너지를 통해 예측할 수 있으며, 이는 안전한 일상생활의 토대가 된다.
⋅전하와 전류는 다양한 전기와 자기 현상을 일으키고, 전기와 자기에 대한 성질은 전구, 전동기 등 여러 가지 전기 기구의 작동 원리로 유용하게 활용된다.
⋅열은 온도가 높은 곳에서 낮은 곳으로 이동하며, 일상생활에서는 단열 등 다양한 분야에 물질의 열적 성질이나 열의 이동 방식이 이용된다.
⋅빛과 소리는 반사, 굴절, 진동 등 파동의 특성을 가지며, 그 특성은 거울, 렌즈, 악기, 색의 구현 등 편리하고 심미적인 삶에 도움이 된다.",6과01-02,"지층이 퇴적암으로 이루어짐을 알고, 퇴적암을 알갱이의 크기에 따라 분류할 수 있다.","지층이 퇴적암으로 이루어짐을 알고, 이암, 사암, 역암을 관찰하여 알갱이의 크기에 따라 퇴적암을 분류할 수 있다.","이암, 사암, 역암이 퇴적암이라는 것을 알고, 이를 관찰하여 알갱이의 크기를 비교할 수 있다.","이암, 사암, 역암을 관찰하고, 알갱이의 크기가 다르다는 것을 말할 수 있다.","[6과01-02] 퇴적암은 이암, 사암, 역암만 다룬다.","• 초등학교 3∼4학년군 ‘땅의 변화’, 중학교 1∼3학년군 ‘지권의 변화’와 연계된다.
• 여러 가지 지층, 퇴적암, 화석 등을 관찰하여 그 특징을 찾아 생성 과정을 추리하는 활동이 필요하다. 이때, 학생들이 직접 조사한 자료를 활용할 수 있다. 학생들이 박물관에서 찍은 사진이나 여행지에서 찍은 사진을 이용하여 관련 특징을 설명하면 학습 효과를 높일 수 있을 것이다.
• 디지털 소양 교육과 관련하여 실감형 자료를 활용한 화석 관찰도 가능하다."
5~6,과학,운동과 에너지,"⋅자연과 일상생활 속의 여러 가지 힘은 물체의 속력과 운동 방향을 변화시키고, 물체의 운동은 힘과 에너지를 통해 예측할 수 있으며, 이는 안전한 일상생활의 토대가 된다.
⋅전하와 전류는 다양한 전기와 자기 현상을 일으키고, 전기와 자기에 대한 성질은 전구, 전동기 등 여러 가지 전기 기구의 작동 원리로 유용하게 활용된다.
⋅열은 온도가 높은 곳에서 낮은 곳으로 이동하며, 일상생활에서는 단열 등 다양한 분야에 물질의 열적 성질이나 열의 이동 방식이 이용된다.
⋅빛과 소리는 반사, 굴절, 진동 등 파동의 특성을 가지며, 그 특성은 거울, 렌즈, 악기, 색의 구현 등 편리하고 심미적인 삶에 도움이 된다.",6과01-03,"화석의 생성 과정을 모형으로 설명하고, 지구의 과거 생물과 환경을 추리하는 활동을 통해 화석의 가치를 인식할 수 있다.","화석을 관찰하고 화석의 생성 과정을 모형으로 표현하며, 지구의 과거 생물과 환경을 추리하는 활동을 통해 화석의 가치를 인식한다.","화석의 생성 과정을 모형으로 설명하고, 화석을 관찰하여 지구의 과거 생물의 모습을 추리할 수 있다.",여러 가지 화석을 관찰하고 화석에 관심을 가진다.,[6과01-03] 화석 표본은 동물과 식물의 특징이 분명하게 드러나는 것을 사용한다.,"• 초등학교 3∼4학년군 ‘땅의 변화’, 중학교 1∼3학년군 ‘지권의 변화’와 연계된다.
• 여러 가지 지층, 퇴적암, 화석 등을 관찰하여 그 특징을 찾아 생성 과정을 추리하는 활동이 필요하다. 이때, 학생들이 직접 조사한 자료를 활용할 수 있다. 학생들이 박물관에서 찍은 사진이나 여행지에서 찍은 사진을 이용하여 관련 특징을 설명하면 학습 효과를 높일 수 있을 것이다.
• 디지털 소양 교육과 관련하여 실감형 자료를 활용한 화석 관찰도 가능하다."
5~6,과학,운동과 에너지,"⋅자연과 일상생활 속의 여러 가지 힘은 물체의 속력과 운동 방향을 변화시키고, 물체의 운동은 힘과 에너지를 통해 예측할 수 있으며, 이는 안전한 일상생활의 토대가 된다.
⋅전하와 전류는 다양한 전기와 자기 현상을 일으키고, 전기와 자기에 대한 성질은 전구, 전동기 등 여러 가지 전기 기구의 작동 원리로 유용하게 활용된다.
⋅열은 온도가 높은 곳에서 낮은 곳으로 이동하며, 일상생활에서는 단열 등 다양한 분야에 물질의 열적 성질이나 열의 이동 방식이 이용된다.
⋅빛과 소리는 반사, 굴절, 진동 등 파동의 특성을 가지며, 그 특성은 거울, 렌즈, 악기, 색의 구현 등 편리하고 심미적인 삶에 도움이 된다.",6과02-01,"물체를 보기 위해서 빛이 있어야 함을 알고, 빛의 성질에 대해 흥미를 느낄 수 있다.","어둠상자 속 물체 관찰하기를 통해 물체를 보기 위해서는 빛이 필요하다는 결론을 도출하고, 빛의 성질을 탐구하는 활동에 적극적으로 참여한다.",어둠상자 속 물체 관찰하기를 통해 물체는 빛이 있어야 볼 수 있음을 말할 수 있다.,빛에 의한 현상에 대해 흥미를 가진다.,,"• 중학교 1∼3학년군 ‘빛과 파동’과 연계된다.
• 물체를 보기 위해서는 빛이 필요하며 빛이 없을 때 불편한 점을 과학 글쓰기, 그림 그리기, 역할 놀이 등의 다양한 활동으로 융합하여 전개할 수 있다.
• 빛의 직진, 반사, 굴절 현상을 관찰할 때 컴퓨터 시뮬레이션, 가상 현실, 증강 현실 등을 이용하여 관찰을 보조할 수 있다."
5~6,과학,운동과 에너지,"⋅자연과 일상생활 속의 여러 가지 힘은 물체의 속력과 운동 방향을 변화시키고, 물체의 운동은 힘과 에너지를 통해 예측할 수 있으며, 이는 안전한 일상생활의 토대가 된다.
⋅전하와 전류는 다양한 전기와 자기 현상을 일으키고, 전기와 자기에 대한 성질은 전구, 전동기 등 여러 가지 전기 기구의 작동 원리로 유용하게 활용된다.
⋅열은 온도가 높은 곳에서 낮은 곳으로 이동하며, 일상생활에서는 단열 등 다양한 분야에 물질의 열적 성질이나 열의 이동 방식이 이용된다.
⋅빛과 소리는 반사, 굴절, 진동 등 파동의 특성을 가지며, 그 특성은 거울, 렌즈, 악기, 색의 구현 등 편리하고 심미적인 삶에 도움이 된다.",6과02-02,"빛이 나아가는 현상을 관찰하여 빛이 직진, 반사, 굴절하는 성질이 있음을 말할 수 있다.","빛이 나아가는 다양한 현상으로부터 빛이 직진, 반사, 굴절하는 성질이 있음을 추리할 수 있다.","빛이 공기 중이나 평면거울, 렌즈를 통해 나아가는 모습을 관찰하고, 이를 빛의 직진, 반사, 굴절과 관련지을 수 있다.",직진하던 빛이 물체를 만나면 빛의 경로가 바뀜을 말할 수 있다.,"[6과02-02] 빛이 직진, 반사, 굴절하는 성질은 햇빛이나 레이저 광선의 진행으로 나타나는 현상을 관찰하여 알 수 있도록 하되, 반사와 굴절의 법칙은 다루지 않는다. 또, 볼록렌즈와 물체 사이의 거리, 볼록렌즈와 눈 사이의 거리에 따른 물체의 모습 차이는 다루지 않는다.","• 중학교 1∼3학년군 ‘빛과 파동’과 연계된다.
• 물체를 보기 위해서는 빛이 필요하며 빛이 없을 때 불편한 점을 과학 글쓰기, 그림 그리기, 역할 놀이 등의 다양한 활동으로 융합하여 전개할 수 있다.
• 빛의 직진, 반사, 굴절 현상을 관찰할 때 컴퓨터 시뮬레이션, 가상 현실, 증강 현실 등을 이용하여 관찰을 보조할 수 있다."
5~6,과학,운동과 에너지,"⋅자연과 일상생활 속의 여러 가지 힘은 물체의 속력과 운동 방향을 변화시키고, 물체의 운동은 힘과 에너지를 통해 예측할 수 있으며, 이는 안전한 일상생활의 토대가 된다.
⋅전하와 전류는 다양한 전기와 자기 현상을 일으키고, 전기와 자기에 대한 성질은 전구, 전동기 등 여러 가지 전기 기구의 작동 원리로 유용하게 활용된다.
⋅열은 온도가 높은 곳에서 낮은 곳으로 이동하며, 일상생활에서는 단열 등 다양한 분야에 물질의 열적 성질이나 열의 이동 방식이 이용된다.
⋅빛과 소리는 반사, 굴절, 진동 등 파동의 특성을 가지며, 그 특성은 거울, 렌즈, 악기, 색의 구현 등 편리하고 심미적인 삶에 도움이 된다.",6과02-03,거울과 렌즈의 쓰임새를 조사하고 거울이나 렌즈를 이용한 장치를 창의적으로 만들 수 있다.,"일상생활에서의 거울과 렌즈의 쓰임새를 조사하여 빛의 성질과 관련지어 설명하고, 거울이나 렌즈를 이용한 창의적인 장치를 만들 수 있다.","일상생활에서의 거울과 렌즈의 쓰임새를 조사하고, 빛의 성질과 관련지을 수 있다.",일상생활에서 거울과 렌즈의 쓰임새를 조사하여 찾을 수 있다.,"[6과03-01] 용질, 용매, 용액, 용해의 개념을 다루되, 입자 모형으로 용해 현상을 설명하거나 용해 현상이 일어나는 과학적 이유나 원리를 설명하지 않는다. 용해 전과 후의 무게를 비교하여 용해 과정에서 물질이 사라지지 않음을 이해하도록 한다.","• 중학교 1∼3학년군 ‘빛과 파동’과 연계된다.
• 물체를 보기 위해서는 빛이 필요하며 빛이 없을 때 불편한 점을 과학 글쓰기, 그림 그리기, 역할 놀이 등의 다양한 활동으로 융합하여 전개할 수 있다.
• 빛의 직진, 반사, 굴절 현상을 관찰할 때 컴퓨터 시뮬레이션, 가상 현실, 증강 현실 등을 이용하여 관찰을 보조할 수 있다."
5~6,과학,운동과 에너지,"⋅자연과 일상생활 속의 여러 가지 힘은 물체의 속력과 운동 방향을 변화시키고, 물체의 운동은 힘과 에너지를 통해 예측할 수 있으며, 이는 안전한 일상생활의 토대가 된다.
⋅전하와 전류는 다양한 전기와 자기 현상을 일으키고, 전기와 자기에 대한 성질은 전구, 전동기 등 여러 가지 전기 기구의 작동 원리로 유용하게 활용된다.
⋅열은 온도가 높은 곳에서 낮은 곳으로 이동하며, 일상생활에서는 단열 등 다양한 분야에 물질의 열적 성질이나 열의 이동 방식이 이용된다.
⋅빛과 소리는 반사, 굴절, 진동 등 파동의 특성을 가지며, 그 특성은 거울, 렌즈, 악기, 색의 구현 등 편리하고 심미적인 삶에 도움이 된다.",6과03-01,"용해 현상의 의미를 알고, 용질의 종류와 물의 온도에 따라 물에 녹는 용질의 양이 달라짐을 비교할 수 있다.","용해 현상의 의미를 이해하고, 용질의 종류와 물의 온도에 따라 물에 녹는 용질의 양이 달라짐을 비교하여 물에 녹는 용질의 양에 영향을 주는 요인을 찾을 수 있다.","용해 현상의 의미를 말하고, 용질의 종류 또는 물의 온도에 따라 물에 녹는 용질의 양이 달라짐을 비교할 수 있다.","물에 녹는 물질이 있음을 이해하고, 용해 전과 후의 무게 변화를 설명할 수 있다.",[6과03-02] 진하기가 다른 두 용액에서 같은 물체의 뜨는 정도가 다름을 이용하여 용액의 상대적인 진하기를 비교하도록 한다.,"• 초등학교 5∼6학년군의 ‘혼합물의 분리’, ‘산과 염기’, 중학교 1∼3학년군의 ‘물질의 특성’과 연계된다.
• 일상생활에서 용액의 사용 사례를 조사하여 우리 주변에서 용액의 중요성과 필요성을 이해할 수 있도록 한다. 디지털 소양 교육과 연계하여 포스터, 동영상 등 다양한 형태로 디지털 자료를 제작하여 누리망이나 사회 관계망 서비스 등에서 공유하도록 한다."
5~6,과학,운동과 에너지,"⋅자연과 일상생활 속의 여러 가지 힘은 물체의 속력과 운동 방향을 변화시키고, 물체의 운동은 힘과 에너지를 통해 예측할 수 있으며, 이는 안전한 일상생활의 토대가 된다.
⋅전하와 전류는 다양한 전기와 자기 현상을 일으키고, 전기와 자기에 대한 성질은 전구, 전동기 등 여러 가지 전기 기구의 작동 원리로 유용하게 활용된다.
⋅열은 온도가 높은 곳에서 낮은 곳으로 이동하며, 일상생활에서는 단열 등 다양한 분야에 물질의 열적 성질이나 열의 이동 방식이 이용된다.
⋅빛과 소리는 반사, 굴절, 진동 등 파동의 특성을 가지며, 그 특성은 거울, 렌즈, 악기, 색의 구현 등 편리하고 심미적인 삶에 도움이 된다.",6과03-02,"용질이나 용매의 양에 따라 용액의 진하기가 달라짐을 관찰하고, 용액의 상대적인 진하기를 비교할 수 있다.","용질이나 용매의 양에 따라 용액의 진하기가 달라짐을 이해하고, 용액의 진하기를 상대적으로 비교할 수 있다.","용질이나 용매의 양에 따라 용액의 진하기가 달라짐을 알고, 물체의 뜨는 정도로 용액의 진하기를 비교할 수 있다.",용질이나 용매의 양에 따라 용액의 진하기가 달라짐을 말할 수 있다.,,"• 초등학교 5∼6학년군의 ‘혼합물의 분리’, ‘산과 염기’, 중학교 1∼3학년군의 ‘물질의 특성’과 연계된다.
• 일상생활에서 용액의 사용 사례를 조사하여 우리 주변에서 용액의 중요성과 필요성을 이해할 수 있도록 한다. 디지털 소양 교육과 연계하여 포스터, 동영상 등 다양한 형태로 디지털 자료를 제작하여 누리망이나 사회 관계망 서비스 등에서 공유하도록 한다."
5~6,과학,운동과 에너지,"⋅자연과 일상생활 속의 여러 가지 힘은 물체의 속력과 운동 방향을 변화시키고, 물체의 운동은 힘과 에너지를 통해 예측할 수 있으며, 이는 안전한 일상생활의 토대가 된다.
⋅전하와 전류는 다양한 전기와 자기 현상을 일으키고, 전기와 자기에 대한 성질은 전구, 전동기 등 여러 가지 전기 기구의 작동 원리로 유용하게 활용된다.
⋅열은 온도가 높은 곳에서 낮은 곳으로 이동하며, 일상생활에서는 단열 등 다양한 분야에 물질의 열적 성질이나 열의 이동 방식이 이용된다.
⋅빛과 소리는 반사, 굴절, 진동 등 파동의 특성을 가지며, 그 특성은 거울, 렌즈, 악기, 색의 구현 등 편리하고 심미적인 삶에 도움이 된다.",6과03-03,일상생활에서 용액이 쓰이는 사례를 조사하여 용액의 필요성을 알리는 자료를 만들고 공유할 수 있다.,"일상생활에서 용액이 쓰이는 사례를 조사하고, 용액의 필요성을 알리는 자료를 만들어 공유할 수 있다.","일상생활에서 용액이 쓰이는 사례를 찾아보고, 용액의 필요성을 알리는 자료를 만들 수 있다.",일상생활에서 용액이 다양하게 쓰이고 있는 사례를 찾아 말할 수 있다.,,"• 초등학교 5∼6학년군의 ‘혼합물의 분리’, ‘산과 염기’, 중학교 1∼3학년군의 ‘물질의 특성’과 연계된다.
• 일상생활에서 용액의 사용 사례를 조사하여 우리 주변에서 용액의 중요성과 필요성을 이해할 수 있도록 한다. 디지털 소양 교육과 연계하여 포스터, 동영상 등 다양한 형태로 디지털 자료를 제작하여 누리망이나 사회 관계망 서비스 등에서 공유하도록 한다."
5~6,과학,운동과 에너지,"⋅자연과 일상생활 속의 여러 가지 힘은 물체의 속력과 운동 방향을 변화시키고, 물체의 운동은 힘과 에너지를 통해 예측할 수 있으며, 이는 안전한 일상생활의 토대가 된다.
⋅전하와 전류는 다양한 전기와 자기 현상을 일으키고, 전기와 자기에 대한 성질은 전구, 전동기 등 여러 가지 전기 기구의 작동 원리로 유용하게 활용된다.
⋅열은 온도가 높은 곳에서 낮은 곳으로 이동하며, 일상생활에서는 단열 등 다양한 분야에 물질의 열적 성질이나 열의 이동 방식이 이용된다.
⋅빛과 소리는 반사, 굴절, 진동 등 파동의 특성을 가지며, 그 특성은 거울, 렌즈, 악기, 색의 구현 등 편리하고 심미적인 삶에 도움이 된다.",6과04-01,뼈와 근육의 생김새를 관찰하고 모형을 만들어 몸이 움직이는 원리를 설명할 수 있다.,"뼈와 근육의 생김새를 관찰하고 모형을 만들어 몸이 움직이는 원리를 설명하며, 운동할 때 우리 몸에서 일어나는 변화를 관찰하여 설명할 수 있다.","뼈와 근육이 움직이는 것을 관찰하고, 모형을 만들어 몸이 움직이는 것을 설명할 수 있다.",뼈와 근육의 생김새를 관찰하고 모형을 만들 수 있다.,"[6과04-01] 중학교와 고등학교 과정에서는 뼈와 근육에 대해서 학습하지 않으므로, 뼈와 근육의 구조와 기능을 기초적으로 이해하는 데 중점을 둔다.","• 초등학교 3∼4학년군 ‘동물의 생활’, ‘생물의 한살이’와 중학교 1∼3학년군 ‘동물과 에너지’와 연계된다.
• 우리 몸의 각 기관의 위치와 생김새는 그림과 모형 등을 통해 관찰하게 하고, 각 기관의 기능은 기관계의 역할을 위주로 이해하게 한다.
• 일상생활에서 우리 몸의 각 기관에 발생하는 질병과 예방법을 책이나 발표 자료 등의 다양한 형태로 만들어 공유함으로써 학생들의 건강을 유지하기 위한 실천 의지를 다진다. 또한, 발표 자료를 만들거나 공유하는 활동은 디지털 소양 교육과 연계하여 지도할 수 있다."
5~6,과학,운동과 에너지,"⋅자연과 일상생활 속의 여러 가지 힘은 물체의 속력과 운동 방향을 변화시키고, 물체의 운동은 힘과 에너지를 통해 예측할 수 있으며, 이는 안전한 일상생활의 토대가 된다.
⋅전하와 전류는 다양한 전기와 자기 현상을 일으키고, 전기와 자기에 대한 성질은 전구, 전동기 등 여러 가지 전기 기구의 작동 원리로 유용하게 활용된다.
⋅열은 온도가 높은 곳에서 낮은 곳으로 이동하며, 일상생활에서는 단열 등 다양한 분야에 물질의 열적 성질이나 열의 이동 방식이 이용된다.
⋅빛과 소리는 반사, 굴절, 진동 등 파동의 특성을 가지며, 그 특성은 거울, 렌즈, 악기, 색의 구현 등 편리하고 심미적인 삶에 도움이 된다.",6과04-02,"소화, 순환, 호흡, 배설 기관의 구조와 기능을 알아보고, 우리 몸의 여러 기관이 서로 관련되어 있음을 설명할 수 있다.","소화, 순환, 호흡, 배설 기관의 종류, 위치, 생김새, 기능을 알고, 우리 몸의 여러 기관이 서로 관련되어 있음을 설명할 수 있다.","소화, 순환, 호흡, 배설 기관의 구조와 기능을 설명할 수 있다.","소화, 순환, 호흡, 배설 기관의 종류를 말할 수 있다.","[6과04-02] 우리 몸의 각 기관은 종류, 위치, 생김새, 기능을 중심으로 탐구한다.","• 초등학교 3∼4학년군 ‘동물의 생활’, ‘생물의 한살이’와 중학교 1∼3학년군 ‘동물과 에너지’와 연계된다.
• 우리 몸의 각 기관의 위치와 생김새는 그림과 모형 등을 통해 관찰하게 하고, 각 기관의 기능은 기관계의 역할을 위주로 이해하게 한다.
• 일상생활에서 우리 몸의 각 기관에 발생하는 질병과 예방법을 책이나 발표 자료 등의 다양한 형태로 만들어 공유함으로써 학생들의 건강을 유지하기 위한 실천 의지를 다진다. 또한, 발표 자료를 만들거나 공유하는 활동은 디지털 소양 교육과 연계하여 지도할 수 있다."
5~6,과학,운동과 에너지,"⋅자연과 일상생활 속의 여러 가지 힘은 물체의 속력과 운동 방향을 변화시키고, 물체의 운동은 힘과 에너지를 통해 예측할 수 있으며, 이는 안전한 일상생활의 토대가 된다.
⋅전하와 전류는 다양한 전기와 자기 현상을 일으키고, 전기와 자기에 대한 성질은 전구, 전동기 등 여러 가지 전기 기구의 작동 원리로 유용하게 활용된다.
⋅열은 온도가 높은 곳에서 낮은 곳으로 이동하며, 일상생활에서는 단열 등 다양한 분야에 물질의 열적 성질이나 열의 이동 방식이 이용된다.
⋅빛과 소리는 반사, 굴절, 진동 등 파동의 특성을 가지며, 그 특성은 거울, 렌즈, 악기, 색의 구현 등 편리하고 심미적인 삶에 도움이 된다.",6과04-03,"우리 몸의 여러 기관과 관련된 질병을 조사하고, 건강을 유지하기 위한 생활 방식을 실천할 수 있다.","우리 몸의 여러 기관과 관련된 질병을 조사하고, 생활 속에서 과학이 건강에 활용됨을 인식하여 건강을 유지하기 위한 생활 방식을 실천할 수 있다.","우리 몸의 여러 기관과 관련된 질병을 조사하고, 건강에 관심을 가지며, 건강을 유지하기 위한 생활 방식을 발표할 수 있다.",우리 몸의 여러 기관과 관련된 질병을 조사할 수 있다.,"[6과04-03] 질병은 소화, 순환, 호흡, 배설 기관과 관련된 것으로 조사하고 건강을 유지하기 위한 생활 방식은 각 질병의 예방법을 중심으로 다룬다.","• 초등학교 3∼4학년군 ‘동물의 생활’, ‘생물의 한살이’와 중학교 1∼3학년군 ‘동물과 에너지’와 연계된다.
• 우리 몸의 각 기관의 위치와 생김새는 그림과 모형 등을 통해 관찰하게 하고, 각 기관의 기능은 기관계의 역할을 위주로 이해하게 한다.
• 일상생활에서 우리 몸의 각 기관에 발생하는 질병과 예방법을 책이나 발표 자료 등의 다양한 형태로 만들어 공유함으로써 학생들의 건강을 유지하기 위한 실천 의지를 다진다. 또한, 발표 자료를 만들거나 공유하는 활동은 디지털 소양 교육과 연계하여 지도할 수 있다."
5~6,과학,운동과 에너지,"⋅자연과 일상생활 속의 여러 가지 힘은 물체의 속력과 운동 방향을 변화시키고, 물체의 운동은 힘과 에너지를 통해 예측할 수 있으며, 이는 안전한 일상생활의 토대가 된다.
⋅전하와 전류는 다양한 전기와 자기 현상을 일으키고, 전기와 자기에 대한 성질은 전구, 전동기 등 여러 가지 전기 기구의 작동 원리로 유용하게 활용된다.
⋅열은 온도가 높은 곳에서 낮은 곳으로 이동하며, 일상생활에서는 단열 등 다양한 분야에 물질의 열적 성질이나 열의 이동 방식이 이용된다.
⋅빛과 소리는 반사, 굴절, 진동 등 파동의 특성을 가지며, 그 특성은 거울, 렌즈, 악기, 색의 구현 등 편리하고 심미적인 삶에 도움이 된다.",6과05-01,알갱이의 크기가 다른 고체 혼합물과 골고루 섞이지 않는 액체 혼합물을 분리할 수 있다.,"혼합물의 의미를 이해하고, 알갱이의 크기가 다른 고체 혼합물과 골고루 섞이지 않는 액체 혼합물을 분리할 수 있다.","알갱이의 크기가 다른 고체 혼합물을 분리하고, 액체 혼합물의 사례와 혼합물의 의미를 설명할 수 있다.","알갱이의 크기가 다른 고체 혼합물, 골고루 섞이지 않는 액체 혼합물의 분리 과정을 말할 수 있다.",[6과05-01] 혼합물의 의미를 학습한 뒤 혼합물의 분리 실험을 진행하도록 한다. 혼합물은 두 가지 이상의 물질이 성질이 변하지 않고 섞여 있는 상태라는 수준에서 다룬다. 골고루 섞이지 않는 액체 혼합물 분리에서 액체가 골고루 섞이지 않는 까닭은 다루지 않는다.,"• 초등학교 3∼4학년군의 ‘물체와 물질’, 5∼6학년군의 ‘용해와 용액’, 중학교 1∼3학년군의 ‘물질의 특성’과 연계된다.
• 대부분 물질은 혼합물 상태이기 때문에 필요한 물질을 얻기 위해서는 혼합물을 분리할 필요가 있음을 이해하도록 지도한다.
• 혼합물의 분리 실험을 할 때는 우리 주변에서 쉽게 구할 수 있는 물질을 사용하고, 실험이 끝난 뒤 남은 물질은 과학 실험실 폐수 및 폐기물 처리 기준과 방법에 따라 처리할 수 있도록 한다.
• 유리 기구를 사용하거나 거름 장치와 증발 장치로 실험할 때는 실험 전에 학생들에게 주의할 점과 안전사고 대처 방법을 지도한다.
• 생태전환교육과 연계하여 오염된 물을 정화할 수 있는 장치 등과 같이 경제적, 사회적, 지역적 상황을 고려하여 개발된 과학기술 사례를 중심으로 조사하도록 한다. 디지털 소양 교육과 연계하여 조사 결과를 누리망이나 사회 관계망 서비스 등에서 공유하도록 한다."
5~6,과학,운동과 에너지,"⋅자연과 일상생활 속의 여러 가지 힘은 물체의 속력과 운동 방향을 변화시키고, 물체의 운동은 힘과 에너지를 통해 예측할 수 있으며, 이는 안전한 일상생활의 토대가 된다.
⋅전하와 전류는 다양한 전기와 자기 현상을 일으키고, 전기와 자기에 대한 성질은 전구, 전동기 등 여러 가지 전기 기구의 작동 원리로 유용하게 활용된다.
⋅열은 온도가 높은 곳에서 낮은 곳으로 이동하며, 일상생활에서는 단열 등 다양한 분야에 물질의 열적 성질이나 열의 이동 방식이 이용된다.
⋅빛과 소리는 반사, 굴절, 진동 등 파동의 특성을 가지며, 그 특성은 거울, 렌즈, 악기, 색의 구현 등 편리하고 심미적인 삶에 도움이 된다.",6과05-02,"물에 용해되는 성질을 이용하여 고체 혼합물을 분리하고, 물을 증발시켜 물에 용해된 고체 물질을 분리할 수 있다.","물에 용해되는 성질과 물이 증발하는 성질을 알고, 이를 이용하여 혼합물을 분리할 수 있다.",물에 용해되는 성질과 물이 증발하는 성질을 이용하여 혼합물 일부를 분리할 수 있다.,물에 용해되는 성질과 물이 증발하는 성질을 이용하여 혼합물을 분리할 수 있음을 말할 수 있다.,,"• 초등학교 3∼4학년군의 ‘물체와 물질’, 5∼6학년군의 ‘용해와 용액’, 중학교 1∼3학년군의 ‘물질의 특성’과 연계된다.
• 대부분 물질은 혼합물 상태이기 때문에 필요한 물질을 얻기 위해서는 혼합물을 분리할 필요가 있음을 이해하도록 지도한다.
• 혼합물의 분리 실험을 할 때는 우리 주변에서 쉽게 구할 수 있는 물질을 사용하고, 실험이 끝난 뒤 남은 물질은 과학 실험실 폐수 및 폐기물 처리 기준과 방법에 따라 처리할 수 있도록 한다.
• 유리 기구를 사용하거나 거름 장치와 증발 장치로 실험할 때는 실험 전에 학생들에게 주의할 점과 안전사고 대처 방법을 지도한다.
• 생태전환교육과 연계하여 오염된 물을 정화할 수 있는 장치 등과 같이 경제적, 사회적, 지역적 상황을 고려하여 개발된 과학기술 사례를 중심으로 조사하도록 한다. 디지털 소양 교육과 연계하여 조사 결과를 누리망이나 사회 관계망 서비스 등에서 공유하도록 한다."
5~6,과학,운동과 에너지,"⋅자연과 일상생활 속의 여러 가지 힘은 물체의 속력과 운동 방향을 변화시키고, 물체의 운동은 힘과 에너지를 통해 예측할 수 있으며, 이는 안전한 일상생활의 토대가 된다.
⋅전하와 전류는 다양한 전기와 자기 현상을 일으키고, 전기와 자기에 대한 성질은 전구, 전동기 등 여러 가지 전기 기구의 작동 원리로 유용하게 활용된다.
⋅열은 온도가 높은 곳에서 낮은 곳으로 이동하며, 일상생활에서는 단열 등 다양한 분야에 물질의 열적 성질이나 열의 이동 방식이 이용된다.
⋅빛과 소리는 반사, 굴절, 진동 등 파동의 특성을 가지며, 그 특성은 거울, 렌즈, 악기, 색의 구현 등 편리하고 심미적인 삶에 도움이 된다.",6과05-03,지속가능한 삶을 위한 과학기술 사례 중 혼합물의 분리를 이용한 장치를 조사하여 공유할 수 있다.,"지속가능한 삶을 위한 과학기술 사례 중 혼합물의 분리를 이용한 장치를 조사하고, 이러한 장치가 인간의 삶에 어떻게 기여하는지 공유할 수 있다.","지속가능한 삶을 위한 과학기술 사례를 조사하고, 혼합물의 분리를 이용한 장치를 구분할 수 있다.",일상생활에서 혼합물을 분리하는 사례를 말할 수 있다.,,"• 초등학교 3∼4학년군의 ‘물체와 물질’, 5∼6학년군의 ‘용해와 용액’, 중학교 1∼3학년군의 ‘물질의 특성’과 연계된다.
• 대부분 물질은 혼합물 상태이기 때문에 필요한 물질을 얻기 위해서는 혼합물을 분리할 필요가 있음을 이해하도록 지도한다.
• 혼합물의 분리 실험을 할 때는 우리 주변에서 쉽게 구할 수 있는 물질을 사용하고, 실험이 끝난 뒤 남은 물질은 과학 실험실 폐수 및 폐기물 처리 기준과 방법에 따라 처리할 수 있도록 한다.
• 유리 기구를 사용하거나 거름 장치와 증발 장치로 실험할 때는 실험 전에 학생들에게 주의할 점과 안전사고 대처 방법을 지도한다.
• 생태전환교육과 연계하여 오염된 물을 정화할 수 있는 장치 등과 같이 경제적, 사회적, 지역적 상황을 고려하여 개발된 과학기술 사례를 중심으로 조사하도록 한다. 디지털 소양 교육과 연계하여 조사 결과를 누리망이나 사회 관계망 서비스 등에서 공유하도록 한다."
5~6,과학,운동과 에너지,"⋅자연과 일상생활 속의 여러 가지 힘은 물체의 속력과 운동 방향을 변화시키고, 물체의 운동은 힘과 에너지를 통해 예측할 수 있으며, 이는 안전한 일상생활의 토대가 된다.
⋅전하와 전류는 다양한 전기와 자기 현상을 일으키고, 전기와 자기에 대한 성질은 전구, 전동기 등 여러 가지 전기 기구의 작동 원리로 유용하게 활용된다.
⋅열은 온도가 높은 곳에서 낮은 곳으로 이동하며, 일상생활에서는 단열 등 다양한 분야에 물질의 열적 성질이나 열의 이동 방식이 이용된다.
⋅빛과 소리는 반사, 굴절, 진동 등 파동의 특성을 가지며, 그 특성은 거울, 렌즈, 악기, 색의 구현 등 편리하고 심미적인 삶에 도움이 된다.",6과06-01,"기상 요소를 조사하고, 날씨가 우리 생활에 주는 영향을 인식할 수 있다.","기온, 바람, 습도, 구름의 양, 강수량 등의 기상 요소를 조사하여, 날씨가 우리 생활에 주는 영향을 예를 들어 설명할 수 있다.","기온, 바람, 습도, 구름의 양, 강수량 등의 기상 요소가 우리 생활에 주는 영향을 조사할 수 있다.",날씨가 우리 생활에 주는 영향을 말할 수 있다.,"[6과06-01] 기상 요소는 기온, 바람, 습도, 구름의 양, 강수량을 중심으로 다루고, 기상 자료에서 규칙성을 파악하도록 한다.","• 초등학교 3∼4학년군 ‘지구와 바다’, 중학교 1∼3학년군 ‘날씨와 기후변화’, ‘수권과 해수의 순환’과 연계된다.
• 날씨는 학생들이 매일 접하는 자연 현상으로, 관찰과 실험을 중심으로 한 탐구 활동의 좋은 소재가 된다. 따라서 관찰과 실험을 중심으로 여러 가지 기상 요소의 특징을 이해하고, 우리 생활과 관련짓도록 한다.
• 이슬, 안개 발생 실험 과정에서 응결 현상을 중심으로 설명하고, 단열 팽창 실험 기구를 활용하지 않는다.
• 바람 발생에 대한 모형실험은 해륙풍 모형으로 제시하며, 가열에 따른 육지와 바다의 온도 차이에 의해 고기압에서 저기압으로 바람이 부는 것으로 설명한다."
5~6,과학,운동과 에너지,"⋅자연과 일상생활 속의 여러 가지 힘은 물체의 속력과 운동 방향을 변화시키고, 물체의 운동은 힘과 에너지를 통해 예측할 수 있으며, 이는 안전한 일상생활의 토대가 된다.
⋅전하와 전류는 다양한 전기와 자기 현상을 일으키고, 전기와 자기에 대한 성질은 전구, 전동기 등 여러 가지 전기 기구의 작동 원리로 유용하게 활용된다.
⋅열은 온도가 높은 곳에서 낮은 곳으로 이동하며, 일상생활에서는 단열 등 다양한 분야에 물질의 열적 성질이나 열의 이동 방식이 이용된다.
⋅빛과 소리는 반사, 굴절, 진동 등 파동의 특성을 가지며, 그 특성은 거울, 렌즈, 악기, 색의 구현 등 편리하고 심미적인 삶에 도움이 된다.",6과06-02,"이슬, 안개, 구름을 관찰하고, 공통점과 차이점을 찾을 수 있다.","이슬, 안개, 구름을 관찰하고, 이슬과 안개 발생 실험을 통해 이슬과 안개의 공통점과 차이점을 설명할 수 있다.","이슬, 안개, 구름의 공통점과 차이점을 찾을 수 있다.","이슬, 안개, 구름을 구별할 수 있다.","[6과06-02] 구름에서 비와 눈이 내리는 과정을 다루지 않고 현상을 중심으로 다루며, 단열 팽창과 관련된 구름의 생성 과정은 다루지 않는다.","• 초등학교 3∼4학년군 ‘지구와 바다’, 중학교 1∼3학년군 ‘날씨와 기후변화’, ‘수권과 해수의 순환’과 연계된다.
• 날씨는 학생들이 매일 접하는 자연 현상으로, 관찰과 실험을 중심으로 한 탐구 활동의 좋은 소재가 된다. 따라서 관찰과 실험을 중심으로 여러 가지 기상 요소의 특징을 이해하고, 우리 생활과 관련짓도록 한다.
• 이슬, 안개 발생 실험 과정에서 응결 현상을 중심으로 설명하고, 단열 팽창 실험 기구를 활용하지 않는다.
• 바람 발생에 대한 모형실험은 해륙풍 모형으로 제시하며, 가열에 따른 육지와 바다의 온도 차이에 의해 고기압에서 저기압으로 바람이 부는 것으로 설명한다."
5~6,과학,운동과 에너지,"⋅자연과 일상생활 속의 여러 가지 힘은 물체의 속력과 운동 방향을 변화시키고, 물체의 운동은 힘과 에너지를 통해 예측할 수 있으며, 이는 안전한 일상생활의 토대가 된다.
⋅전하와 전류는 다양한 전기와 자기 현상을 일으키고, 전기와 자기에 대한 성질은 전구, 전동기 등 여러 가지 전기 기구의 작동 원리로 유용하게 활용된다.
⋅열은 온도가 높은 곳에서 낮은 곳으로 이동하며, 일상생활에서는 단열 등 다양한 분야에 물질의 열적 성질이나 열의 이동 방식이 이용된다.
⋅빛과 소리는 반사, 굴절, 진동 등 파동의 특성을 가지며, 그 특성은 거울, 렌즈, 악기, 색의 구현 등 편리하고 심미적인 삶에 도움이 된다.",6과06-03,고기압과 저기압의 분포에 따른 날씨의 특징을 기상 요소로 표현할 수 있다.,"바람 발생 모형실험을 통해 고기압에서 저기압으로 부는 바람의 방향을 설명하고, 고기압과 저기압의 분포에 따른 날씨의 특징을 기상 요소로 표현할 수 있다.",바람 발생 모형실험을 통해 고기압에서 저기압으로 부는 바람의 방향을 설명할 수 있다.,고기압과 저기압의 의미를 말할 수 있다.,[6과06-03] 고기압과 저기압의 날씨와 고기압에서 저기압으로 부는 바람의 방향을 이해하는 수준에서 현상 중심으로 다룬다.,"• 초등학교 3∼4학년군 ‘지구와 바다’, 중학교 1∼3학년군 ‘날씨와 기후변화’, ‘수권과 해수의 순환’과 연계된다.
• 날씨는 학생들이 매일 접하는 자연 현상으로, 관찰과 실험을 중심으로 한 탐구 활동의 좋은 소재가 된다. 따라서 관찰과 실험을 중심으로 여러 가지 기상 요소의 특징을 이해하고, 우리 생활과 관련짓도록 한다.
• 이슬, 안개 발생 실험 과정에서 응결 현상을 중심으로 설명하고, 단열 팽창 실험 기구를 활용하지 않는다.
• 바람 발생에 대한 모형실험은 해륙풍 모형으로 제시하며, 가열에 따른 육지와 바다의 온도 차이에 의해 고기압에서 저기압으로 바람이 부는 것으로 설명한다."
5~6,과학,운동과 에너지,"⋅자연과 일상생활 속의 여러 가지 힘은 물체의 속력과 운동 방향을 변화시키고, 물체의 운동은 힘과 에너지를 통해 예측할 수 있으며, 이는 안전한 일상생활의 토대가 된다.
⋅전하와 전류는 다양한 전기와 자기 현상을 일으키고, 전기와 자기에 대한 성질은 전구, 전동기 등 여러 가지 전기 기구의 작동 원리로 유용하게 활용된다.
⋅열은 온도가 높은 곳에서 낮은 곳으로 이동하며, 일상생활에서는 단열 등 다양한 분야에 물질의 열적 성질이나 열의 이동 방식이 이용된다.
⋅빛과 소리는 반사, 굴절, 진동 등 파동의 특성을 가지며, 그 특성은 거울, 렌즈, 악기, 색의 구현 등 편리하고 심미적인 삶에 도움이 된다.",6과07-01,"물체의 따뜻하고 차가운 정도를 온도로 표현함을 알고, 온도계를 이용하여 온도를 측정할 수 있다.","물체의 따뜻하고 차가운 정도를 온도로 표현함을 이해하고, 온도계의 올바른 사용법을 익혀 여러 가지 물체나 장소의 온도를 측정할 수 있다.","물체의 따뜻하고 차가운 정도를 온도로 표현하고, 온도계의 사용법을 말할 수 있다.","온도가 물체의 따뜻하고 차가운 정도를 나타냄을 알고, 온도계가 온도를 측정하는 도구임을 말할 수 있다.",,"• 초등학교 3∼4학년군 ‘물의 상태 변화’, 5∼6학년군 ‘날씨와 우리 생활’, 중학교 1∼3학년군 ‘열’과 연계된다.
• 일상생활의 열과 관련된 현상을 과학 글쓰기, 그림 그리기, 역할 놀이, 장치 만들기 등의 다양한 활동으로 융합하여 다룰 수 있다.
• 뜨거운 물질이나 물체 등을 다룰 때 화상, 화재 등의 안전사고에 유의한다."
5~6,과학,운동과 에너지,"⋅자연과 일상생활 속의 여러 가지 힘은 물체의 속력과 운동 방향을 변화시키고, 물체의 운동은 힘과 에너지를 통해 예측할 수 있으며, 이는 안전한 일상생활의 토대가 된다.
⋅전하와 전류는 다양한 전기와 자기 현상을 일으키고, 전기와 자기에 대한 성질은 전구, 전동기 등 여러 가지 전기 기구의 작동 원리로 유용하게 활용된다.
⋅열은 온도가 높은 곳에서 낮은 곳으로 이동하며, 일상생활에서는 단열 등 다양한 분야에 물질의 열적 성질이나 열의 이동 방식이 이용된다.
⋅빛과 소리는 반사, 굴절, 진동 등 파동의 특성을 가지며, 그 특성은 거울, 렌즈, 악기, 색의 구현 등 편리하고 심미적인 삶에 도움이 된다.",6과07-02,온도가 다른 두 물체가 접촉했을 때 두 물체의 온도 변화를 관찰하고 그 원인을 추리할 수 있다.,"온도가 다른 두 물체가 접촉했을 때 두 물체의 온도 변화를 관찰하고, 두 물체의 온도 변화를 두 물체 사이의 열 이동으로 추리하여 설명할 수 있다.","온도가 다른 두 물체가 접촉했을 때 두 물체의 온도를 관찰하고, 두 물체의 시간에 따른 온도 변화의 특징을 설명할 수 있다.",온도가 다른 두 물체가 접촉했을 때 두 물체의 온도가 변한다는 사실을 말할 수 있다.,"[6과07-02] 온도가 다른 두 물체를 접촉하는 탐구에서는 두 물체의 온도 변화를 측정하는 데 중점을 두고, 물체의 온도가 변하는 원인이 온도가 높은 물체에서 온도가 낮은 물체로 열이 이동하기 때문이라는 사실을 추리하도록 한다. 단, 열평형이라는 용어는 사용하지 않는다.","• 초등학교 3∼4학년군 ‘물의 상태 변화’, 5∼6학년군 ‘날씨와 우리 생활’, 중학교 1∼3학년군 ‘열’과 연계된다.
• 일상생활의 열과 관련된 현상을 과학 글쓰기, 그림 그리기, 역할 놀이, 장치 만들기 등의 다양한 활동으로 융합하여 다룰 수 있다.
• 뜨거운 물질이나 물체 등을 다룰 때 화상, 화재 등의 안전사고에 유의한다."
5~6,과학,운동과 에너지,"⋅자연과 일상생활 속의 여러 가지 힘은 물체의 속력과 운동 방향을 변화시키고, 물체의 운동은 힘과 에너지를 통해 예측할 수 있으며, 이는 안전한 일상생활의 토대가 된다.
⋅전하와 전류는 다양한 전기와 자기 현상을 일으키고, 전기와 자기에 대한 성질은 전구, 전동기 등 여러 가지 전기 기구의 작동 원리로 유용하게 활용된다.
⋅열은 온도가 높은 곳에서 낮은 곳으로 이동하며, 일상생활에서는 단열 등 다양한 분야에 물질의 열적 성질이나 열의 이동 방식이 이용된다.
⋅빛과 소리는 반사, 굴절, 진동 등 파동의 특성을 가지며, 그 특성은 거울, 렌즈, 악기, 색의 구현 등 편리하고 심미적인 삶에 도움이 된다.",6과07-03,주위에서 열의 이동으로 나타나는 현상을 관찰하여 열의 이동 방식이 다양함을 설명할 수 있다.,"주위에서 열의 이동으로 나타나는 다양한 현상을 관찰하여 열의 이동 방식에 따라 분류하고, 열이 이동하는 여러 방식의 특징을 비교할 수 있다.",열의 이동으로 나타나는 현상을 관찰하여 열의 이동 방식이 다양함을 설명할 수 있다.,주위에서 열의 이동으로 나타나는 현상들을 찾을 수 있다.,"[6과07-03] 전도, 대류, 복사는 고체, 액체, 기체에서의 열의 이동과, 빛에 의한 열 이동 현상을 관찰하는 데 중점을 두고 다룬다.","• 초등학교 3∼4학년군 ‘물의 상태 변화’, 5∼6학년군 ‘날씨와 우리 생활’, 중학교 1∼3학년군 ‘열’과 연계된다.
• 일상생활의 열과 관련된 현상을 과학 글쓰기, 그림 그리기, 역할 놀이, 장치 만들기 등의 다양한 활동으로 융합하여 다룰 수 있다.
• 뜨거운 물질이나 물체 등을 다룰 때 화상, 화재 등의 안전사고에 유의한다."
5~6,과학,운동과 에너지,"⋅자연과 일상생활 속의 여러 가지 힘은 물체의 속력과 운동 방향을 변화시키고, 물체의 운동은 힘과 에너지를 통해 예측할 수 있으며, 이는 안전한 일상생활의 토대가 된다.
⋅전하와 전류는 다양한 전기와 자기 현상을 일으키고, 전기와 자기에 대한 성질은 전구, 전동기 등 여러 가지 전기 기구의 작동 원리로 유용하게 활용된다.
⋅열은 온도가 높은 곳에서 낮은 곳으로 이동하며, 일상생활에서는 단열 등 다양한 분야에 물질의 열적 성질이나 열의 이동 방식이 이용된다.
⋅빛과 소리는 반사, 굴절, 진동 등 파동의 특성을 가지며, 그 특성은 거울, 렌즈, 악기, 색의 구현 등 편리하고 심미적인 삶에 도움이 된다.",6과07-04,"일상생활에서 단열을 이용하는 사례를 조사하고, 온도를 오랫동안 일정하게 유지할 수 있는 장치를 창의적으로 만들 수 있다.","일상생활에서 단열을 이용하는 사례를 조사하여 열의 이동 방식과 관련지어 설명하고, 열의 이동 방식을 고려하여 온도를 오랫동안 일정하게 유지할 수 있는 장치를 만들 수 있다.","일상생활에서 단열이 이용되는 예를 조사하고, 온도를 일정하게 유지할 수 있는 장치를 만들 수 있다.",일상생활에서 온도를 일정하게 유지할 수 있는 장치의 예를 찾아 필요성을 말할 수 있다.,,"• 초등학교 3∼4학년군 ‘물의 상태 변화’, 5∼6학년군 ‘날씨와 우리 생활’, 중학교 1∼3학년군 ‘열’과 연계된다.
• 일상생활의 열과 관련된 현상을 과학 글쓰기, 그림 그리기, 역할 놀이, 장치 만들기 등의 다양한 활동으로 융합하여 다룰 수 있다.
• 뜨거운 물질이나 물체 등을 다룰 때 화상, 화재 등의 안전사고에 유의한다."
5~6,과학,과학과 사회,"⋅과학 탐구를 통해 얻은 과학기술은 질병의 발생 원인 규명과 예방법 마련 등 인류 복지에 기여하고, 인류가 처한 여러 가지 재난 상황 극복에 활용된다. 
⋅과학기술은 자원과 에너지 등의 효율적 이용 방안을 제공하여 지속가능한 사회에 기여한다. 
⋅과학기술의 발달은 미래 사회의 모습과 직업에 영향을 미치며, 개인은 이러한 미래 사회의 모습과 새로운 진로를 탐색하며 자신의 삶을 준비한다.",6과08-01,"우리가 생활에서 이용하는 다양한 자원을 조사하고, 자원의 유한함을 설명할 수 있다.","일상생활에서 이용하는 다양한 자원을 조사하고, 자원의 유한함과 효율적 사용을 관련지어 설명할 수 있다.","주위에서 이용하는 자원을 조사하고, 자원이 유한하다는 것을 말할 수 있다. ",주위에서 이용하고 있는 자원의 예를 말할 수 있다.,,"• 중학교 1∼3학년군 ‘식물과 에너지’, ‘동물과 에너지’, ‘전기와 자기’, ‘운동과 에너지’와 연계된다.
• 재활용된 자원이 순환 과정을 거치는 사례가 있으나, 이러한 사례로 인해 자원이 무한한 것이라는 인식을 갖지 않도록 유의한다.
• 일상생활에서 이용하는 에너지를 알아보고, 지속가능한 에너지 이용이 필요한 까닭을 알 수 있도록 한다."
5~6,과학,과학과 사회,"⋅과학 탐구를 통해 얻은 과학기술은 질병의 발생 원인 규명과 예방법 마련 등 인류 복지에 기여하고, 인류가 처한 여러 가지 재난 상황 극복에 활용된다. 
⋅과학기술은 자원과 에너지 등의 효율적 이용 방안을 제공하여 지속가능한 사회에 기여한다. 
⋅과학기술의 발달은 미래 사회의 모습과 직업에 영향을 미치며, 개인은 이러한 미래 사회의 모습과 새로운 진로를 탐색하며 자신의 삶을 준비한다.",6과08-02,"재생에너지의 종류를 조사하고, 에너지를 지속가능하게 이용하는 방법에 관심을 갖는다.","주위에서 활용되는 재생에너지의 종류를 조사하고, 에너지의 지속가능한 이용 방법에 관심을 가진다.",재생에너지의 종류와 활용되는 예를 조사하여 말할 수 있다.,재생에너지의 의미를 말할 수 있다.,"[6과08-02] 재생에너지는 태양 에너지, 풍력, 수력, 해양 에너지, 지열 에너지, 바이오 에너지 등을 의미한다.","• 중학교 1∼3학년군 ‘식물과 에너지’, ‘동물과 에너지’, ‘전기와 자기’, ‘운동과 에너지’와 연계된다.
• 재활용된 자원이 순환 과정을 거치는 사례가 있으나, 이러한 사례로 인해 자원이 무한한 것이라는 인식을 갖지 않도록 유의한다.
• 일상생활에서 이용하는 에너지를 알아보고, 지속가능한 에너지 이용이 필요한 까닭을 알 수 있도록 한다."
5~6,과학,과학과 사회,"⋅과학 탐구를 통해 얻은 과학기술은 질병의 발생 원인 규명과 예방법 마련 등 인류 복지에 기여하고, 인류가 처한 여러 가지 재난 상황 극복에 활용된다. 
⋅과학기술은 자원과 에너지 등의 효율적 이용 방안을 제공하여 지속가능한 사회에 기여한다. 
⋅과학기술의 발달은 미래 사회의 모습과 직업에 영향을 미치며, 개인은 이러한 미래 사회의 모습과 새로운 진로를 탐색하며 자신의 삶을 준비한다.",6과08-03,"자원과 에너지의 효율적인 이용 방법에 대해 탐색하고, 생활 속에서 실천할 수 있는 다양한 사례를 공유할 수 있다.","자원과 에너지를 효율적으로 이용하는 다양한 방법을 탐색하고, 생활 속 다양한 실천 사례를 공유할 수 있다.","자원과 에너지를 효율적으로 이용하는 방법을 조사하고, 자원과 에너지를 아끼기 위한 실천 사례를 말할 수 있다.",자원과 에너지의 소중함과 효율적 활용의 필요성을 말할 수 있다.,"[6과08-03] 효율적인 자원의 이용 방법에서 물 자원과 산림 자원, 광물 자원을 종합적으로 다루며, 학생들이 배운 내용을 바탕으로 생활 속에서 자원의 소중함을 느끼고, 효율적인 이용 방법을 공유하고 실천할 수 있도록 한다.","• 중학교 1∼3학년군 ‘식물과 에너지’, ‘동물과 에너지’, ‘전기와 자기’, ‘운동과 에너지’와 연계된다.
• 재활용된 자원이 순환 과정을 거치는 사례가 있으나, 이러한 사례로 인해 자원이 무한한 것이라는 인식을 갖지 않도록 유의한다.
• 일상생활에서 이용하는 에너지를 알아보고, 지속가능한 에너지 이용이 필요한 까닭을 알 수 있도록 한다."
5~6,과학,물질,"⋅물질은 여러 가지 상태로 존재하며, 구성 입자의 운동에 따라 물질의 상태와 물리적 성질이 변한다.
⋅물질의 상태 변화 및 화학 반응에는 에너지 출입이 수반되며, 이는 일상생활에 유용하게 활용된다.
⋅물질은 서로 구분할 수 있는 고유한 특성을 가지며, 물질의 특성은 일상생활의 다양한 혼합물 분리에 이용된다.
⋅화학 반응을 통해 물질은 다른 물질로 변하며, 화학 반응의 규칙성은 새로운 물질의 생성 원리가 된다.",6과09-01,여러 가지 용액에 지시약을 넣었을 때의 변화를 관찰하여 용액을 산성 용액과 염기성 용액으로 분류할 수 있다.,여러 가지 용액에 지시약을 넣었을 때 나타나는 색깔 변화를 관찰하여 산성 용액과 염기성 용액으로 분류할 수 있다.,용액에 지시약을 넣었을 때 나타나는 색깔 변화를 관찰하여 같은 성질을 지닌 용액끼리 모을 수 있다.,용액에 지시약을 넣었을 때 나타나는 색깔 변화를 관찰할 수 있다.,"[6과09-01] 리트머스 시험지, 페놀프탈레인 용액, 붉은 양배추 용액 등과 같은 지시약의 색깔 변화를 이용하여 여러 가지 용액을 산성 용액과 염기성 용액으로 분류하도록 한다.","• 초등학교 3∼4학년군 ‘물체와 물질’, 5∼6학년군 ‘물질의 연소’, 중학교 1∼3학년군 ‘화학 반응의 규칙성’과 연계된다.
• 겉보기 성질이 비슷한 여러 가지 용액의 분류 활동 결과를 바탕으로, 용액을 분류하는 새로운 기준이 필요함을 인식하도록 한다.
• 산성 용액이나 염기성 용액을 사용할 때는 실험실 안전 수칙에 따라 실험하고, 실험이 끝난 뒤 남은 물질은 과학 실험실 폐수 및 폐기물 처리 기준과 방법에 따라 처리할 수 있도록 한다.
• 생태전환교육과 연계하여 산성비, 해양 산성화, 토양 산성화 등 산성화로 인한 생태계의 피해 사례 및 관련 자료를 수집하여 분석하도록 한다. 디지털 소양 교육과 연계하여 환경 파괴의 원인, 현황, 전망, 대책 등을 포함한 조사 결과를 누리망이나 사회 관계망 서비스 등에서 공유하도록 한다."
5~6,과학,물질,"⋅물질은 여러 가지 상태로 존재하며, 구성 입자의 운동에 따라 물질의 상태와 물리적 성질이 변한다.
⋅물질의 상태 변화 및 화학 반응에는 에너지 출입이 수반되며, 이는 일상생활에 유용하게 활용된다.
⋅물질은 서로 구분할 수 있는 고유한 특성을 가지며, 물질의 특성은 일상생활의 다양한 혼합물 분리에 이용된다.
⋅화학 반응을 통해 물질은 다른 물질로 변하며, 화학 반응의 규칙성은 새로운 물질의 생성 원리가 된다.",6과09-02,"산성 용액과 염기성 용액의 성질을 관찰하고, 산성 용액과 염기성 용액을 섞을 때 용액의 성질 변화를 실험을 통해 추론할 수 있다.","산성 용액과 염기성 용액을 관찰하여 성질을 설명하고, 산성 용액과 염기성 용액을 섞었을 때 나타나는 지시약의 색깔 변화로 용액의 성질 변화를 설명할 수 있다.","산성 용액과 염기성 용액의 성질을 관찰하여 설명하고, 지시약을 이용하여 산성 용액과 염기성 용액을 섞었을 때 나타나는 용액의 색깔 변화를 기술할 수 있다.",산성 용액과 염기성 용액의 성질을 관찰하여 설명할 수 있다.,"[6과09-02] 산성 용액은 탄산 칼슘과 반응하고 염기성 용액은 단백질과 반응하는 성질을 중심으로 다룬다. 산성 용액과 염기성 용액을 섞을 때 용액의 성질 변화에서 지시약이 들어 있는 용액의 색깔이 변하는 현상을 관찰하는 수준에서만 다루고 중성, pH, 중화 개념은 다루지 않는다.","• 초등학교 3∼4학년군 ‘물체와 물질’, 5∼6학년군 ‘물질의 연소’, 중학교 1∼3학년군 ‘화학 반응의 규칙성’과 연계된다.
• 겉보기 성질이 비슷한 여러 가지 용액의 분류 활동 결과를 바탕으로, 용액을 분류하는 새로운 기준이 필요함을 인식하도록 한다.
• 산성 용액이나 염기성 용액을 사용할 때는 실험실 안전 수칙에 따라 실험하고, 실험이 끝난 뒤 남은 물질은 과학 실험실 폐수 및 폐기물 처리 기준과 방법에 따라 처리할 수 있도록 한다.
• 생태전환교육과 연계하여 산성비, 해양 산성화, 토양 산성화 등 산성화로 인한 생태계의 피해 사례 및 관련 자료를 수집하여 분석하도록 한다. 디지털 소양 교육과 연계하여 환경 파괴의 원인, 현황, 전망, 대책 등을 포함한 조사 결과를 누리망이나 사회 관계망 서비스 등에서 공유하도록 한다."
5~6,과학,물질,"⋅물질은 여러 가지 상태로 존재하며, 구성 입자의 운동에 따라 물질의 상태와 물리적 성질이 변한다.
⋅물질의 상태 변화 및 화학 반응에는 에너지 출입이 수반되며, 이는 일상생활에 유용하게 활용된다.
⋅물질은 서로 구분할 수 있는 고유한 특성을 가지며, 물질의 특성은 일상생활의 다양한 혼합물 분리에 이용된다.
⋅화학 반응을 통해 물질은 다른 물질로 변하며, 화학 반응의 규칙성은 새로운 물질의 생성 원리가 된다.",6과09-03,우리 주변에서 산성 용액과 염기성 용액을 이용하는 예를 찾아서 설명할 수 있다.,우리 주변에서 산성 용액과 염기성 용액을 이용하는 사례를 조사하여 설명할 수 있다.,우리 주변에서 산성 용액이나 염기성 용액을 이용하는 사례를 조사하여 말할 수 있다.,산성 용액이나 염기성 용액을 이용하는 사례를 말할 수 있다.,,"• 초등학교 3∼4학년군 ‘물체와 물질’, 5∼6학년군 ‘물질의 연소’, 중학교 1∼3학년군 ‘화학 반응의 규칙성’과 연계된다.
• 겉보기 성질이 비슷한 여러 가지 용액의 분류 활동 결과를 바탕으로, 용액을 분류하는 새로운 기준이 필요함을 인식하도록 한다.
• 산성 용액이나 염기성 용액을 사용할 때는 실험실 안전 수칙에 따라 실험하고, 실험이 끝난 뒤 남은 물질은 과학 실험실 폐수 및 폐기물 처리 기준과 방법에 따라 처리할 수 있도록 한다.
• 생태전환교육과 연계하여 산성비, 해양 산성화, 토양 산성화 등 산성화로 인한 생태계의 피해 사례 및 관련 자료를 수집하여 분석하도록 한다. 디지털 소양 교육과 연계하여 환경 파괴의 원인, 현황, 전망, 대책 등을 포함한 조사 결과를 누리망이나 사회 관계망 서비스 등에서 공유하도록 한다."
5~6,과학,물질,"⋅물질은 여러 가지 상태로 존재하며, 구성 입자의 운동에 따라 물질의 상태와 물리적 성질이 변한다.
⋅물질의 상태 변화 및 화학 반응에는 에너지 출입이 수반되며, 이는 일상생활에 유용하게 활용된다.
⋅물질은 서로 구분할 수 있는 고유한 특성을 가지며, 물질의 특성은 일상생활의 다양한 혼합물 분리에 이용된다.
⋅화학 반응을 통해 물질은 다른 물질로 변하며, 화학 반응의 규칙성은 새로운 물질의 생성 원리가 된다.",6과09-04,산성화로 인한 환경의 피해 사례를 소개하는 자료를 만들고 공유할 수 있다.,"산성화로 인한 환경 피해의 심각성을 인식하고, 문제 해결을 위해 관련 사례를 소개하는 자료를 만들어 공유할 수 있다.","산성화로 인한 환경 피해 사례를 조사하고, 산성화로 인한 환경 문제에 관심을 가진다.",산성화로 인해 환경에 피해가 생길 수 있음을 말할 수 있다.,,"• 초등학교 3∼4학년군 ‘물체와 물질’, 5∼6학년군 ‘물질의 연소’, 중학교 1∼3학년군 ‘화학 반응의 규칙성’과 연계된다.
• 겉보기 성질이 비슷한 여러 가지 용액의 분류 활동 결과를 바탕으로, 용액을 분류하는 새로운 기준이 필요함을 인식하도록 한다.
• 산성 용액이나 염기성 용액을 사용할 때는 실험실 안전 수칙에 따라 실험하고, 실험이 끝난 뒤 남은 물질은 과학 실험실 폐수 및 폐기물 처리 기준과 방법에 따라 처리할 수 있도록 한다.
• 생태전환교육과 연계하여 산성비, 해양 산성화, 토양 산성화 등 산성화로 인한 생태계의 피해 사례 및 관련 자료를 수집하여 분석하도록 한다. 디지털 소양 교육과 연계하여 환경 파괴의 원인, 현황, 전망, 대책 등을 포함한 조사 결과를 누리망이나 사회 관계망 서비스 등에서 공유하도록 한다."
5~6,과학,운동과 에너지,"⋅자연과 일상생활 속의 여러 가지 힘은 물체의 속력과 운동 방향을 변화시키고, 물체의 운동은 힘과 에너지를 통해 예측할 수 있으며, 이는 안전한 일상생활의 토대가 된다.
⋅전하와 전류는 다양한 전기와 자기 현상을 일으키고, 전기와 자기에 대한 성질은 전구, 전동기 등 여러 가지 전기 기구의 작동 원리로 유용하게 활용된다.
⋅열은 온도가 높은 곳에서 낮은 곳으로 이동하며, 일상생활에서는 단열 등 다양한 분야에 물질의 열적 성질이나 열의 이동 방식이 이용된다.
⋅빛과 소리는 반사, 굴절, 진동 등 파동의 특성을 가지며, 그 특성은 거울, 렌즈, 악기, 색의 구현 등 편리하고 심미적인 삶에 도움이 된다.",6과10-01,운동하는 물체는 시간에 따라 위치가 변화함을 알고 그 변화를 표현할 수 있다.,"운동하는 물체의 사례를 관찰하여 운동하는 물체는 시간에 따라 위치가 변한다는 특징을 이해하고, 그 변화를 표현할 수 있다.",운동하는 물체의 사례를 관찰하여 운동하는 물체는 시간에 따라 위치가 변함을 말할 수 있다.,운동하는 물체의 위치가 변함을 말할 수 있다.,[6과10-01] 시간에 따라 위치가 변하는 다양한 운동을 다루면서 처음 위치와 나중 위치를 간단한 좌표 평면 위에 표현하되 두 위치 사이의 거리는 구하지 않는다.,"• 초등학교 3∼4학년군 ‘힘과 우리 생활’, 중학교 1∼3학년군 ‘운동과 에너지’와 연계된다.
• 속력의 산술적 계산 능력보다는 속력의 의미를 이해하고 물체의 빠르기를 정량적으로 표현하여 소통할 수 있는 과학적인 의사소통 능력 평가에 중점을 둔다.
• 물체의 속력을 측정하고 계산할 때 디지털 탐구 도구나 계산기 등을 활용할 수 있다.
• 속력과 관련된 안전 수칙과 안전장치를 조사한 결과를 발표하거나 사회 관계망 서비스 등을 통해 공유하고, 교통안전의 실천은 실천적 습관 형성에 주안점을 둔다."
5~6,과학,운동과 에너지,"⋅자연과 일상생활 속의 여러 가지 힘은 물체의 속력과 운동 방향을 변화시키고, 물체의 운동은 힘과 에너지를 통해 예측할 수 있으며, 이는 안전한 일상생활의 토대가 된다.
⋅전하와 전류는 다양한 전기와 자기 현상을 일으키고, 전기와 자기에 대한 성질은 전구, 전동기 등 여러 가지 전기 기구의 작동 원리로 유용하게 활용된다.
⋅열은 온도가 높은 곳에서 낮은 곳으로 이동하며, 일상생활에서는 단열 등 다양한 분야에 물질의 열적 성질이나 열의 이동 방식이 이용된다.
⋅빛과 소리는 반사, 굴절, 진동 등 파동의 특성을 가지며, 그 특성은 거울, 렌즈, 악기, 색의 구현 등 편리하고 심미적인 삶에 도움이 된다.",6과10-02,물체의 이동 거리와 걸린 시간을 측정하여 속력을 구하고 빠르기를 비교할 수 있다.,"여러 가지 물체들의 이동 거리와 걸린 시간을 측정하여 물체들의 속력을 비교하고, 단위와 함께 표현할 수 있다.",같은 시간 동안 물체가 이동한 거리를 측정하여 운동하는 물체의 빠르기를 비교할 수 있다.,운동하는 물체의 이동 거리와 걸린 시간을 측정할 수 있다.,"[6과10-02] 물체의 속력을 구할 때 물체가 한 길을 따라 한 방향으로 운동하는 경우만 다루며, 속력의 단위 변환에 중점을 두지 않는다.","• 초등학교 3∼4학년군 ‘힘과 우리 생활’, 중학교 1∼3학년군 ‘운동과 에너지’와 연계된다.
• 속력의 산술적 계산 능력보다는 속력의 의미를 이해하고 물체의 빠르기를 정량적으로 표현하여 소통할 수 있는 과학적인 의사소통 능력 평가에 중점을 둔다.
• 물체의 속력을 측정하고 계산할 때 디지털 탐구 도구나 계산기 등을 활용할 수 있다.
• 속력과 관련된 안전 수칙과 안전장치를 조사한 결과를 발표하거나 사회 관계망 서비스 등을 통해 공유하고, 교통안전의 실천은 실천적 습관 형성에 주안점을 둔다."
5~6,과학,운동과 에너지,"⋅자연과 일상생활 속의 여러 가지 힘은 물체의 속력과 운동 방향을 변화시키고, 물체의 운동은 힘과 에너지를 통해 예측할 수 있으며, 이는 안전한 일상생활의 토대가 된다.
⋅전하와 전류는 다양한 전기와 자기 현상을 일으키고, 전기와 자기에 대한 성질은 전구, 전동기 등 여러 가지 전기 기구의 작동 원리로 유용하게 활용된다.
⋅열은 온도가 높은 곳에서 낮은 곳으로 이동하며, 일상생활에서는 단열 등 다양한 분야에 물질의 열적 성질이나 열의 이동 방식이 이용된다.
⋅빛과 소리는 반사, 굴절, 진동 등 파동의 특성을 가지며, 그 특성은 거울, 렌즈, 악기, 색의 구현 등 편리하고 심미적인 삶에 도움이 된다.",6과10-03,속력과 관련된 안전 수칙과 안전장치를 조사한 결과를 공유하고 일상생활에서 교통안전을 실천할 수 있다.,"속력과 관련된 안전 수칙과 안전장치를 조사하여 공유하고, 조사한 내용을 바탕으로 일상생활에서 교통안전을 실천한다.","속력과 관련된 안전 수칙과 안전장치를 조사하고, 교통안전을 위해 실천할 수 있는 행동을 말할 수 있다.",일상생활에서 속력과 관련된 안전 수칙과 안전장치를 찾을 수 있다.,,"• 초등학교 3∼4학년군 ‘힘과 우리 생활’, 중학교 1∼3학년군 ‘운동과 에너지’와 연계된다.
• 속력의 산술적 계산 능력보다는 속력의 의미를 이해하고 물체의 빠르기를 정량적으로 표현하여 소통할 수 있는 과학적인 의사소통 능력 평가에 중점을 둔다.
• 물체의 속력을 측정하고 계산할 때 디지털 탐구 도구나 계산기 등을 활용할 수 있다.
• 속력과 관련된 안전 수칙과 안전장치를 조사한 결과를 발표하거나 사회 관계망 서비스 등을 통해 공유하고, 교통안전의 실천은 실천적 습관 형성에 주안점을 둔다."
5~6,과학,생명,"⋅생물은 세포로 이루어져 있고, 여러 구성 단계가 유기적으로 연관되어 있으며, 조화로운 작용을 통해 건강한 몸을 유지한다. 
⋅식물은 광합성으로 양분을 만들며, 생물은 호흡을 통해 생명 활동에 필요한 에너지를 얻는다. 
⋅동물은 다양한 감각 기관을 통해 자극을 받아들이고, 신경계와 호르몬의 작용을 통해 반응한다. 
⋅생물은 생식을 통해 자손을 생산하고, 생물의 형질은 유전자에 의해 자손에게 전달되며, 생물의 유전 현상은 사람의 가계에서도 관찰된다. 
⋅우리 주변의 다양한 생물은 환경과 영향을 주고받으며 밀접한 관계를 맺고 있으며, 생물다양성은 생태계와 인간의 삶과도 밀접하게 관련되어 있다.",6과11-01,생물을 이루고 있는 기본 단위인 세포를 현미경으로 관찰할 수 있다.,"생물을 이루고 있는 기본 단위가 세포임을 이해하고 세포 영구 표본을 이용하여 현미경으로 세포의 핵, 세포벽 등을 관찰할 수 있다.",식물 세포 영구 표본을 이용하여 현미경으로 세포의 핵을 찾을 수 있다.,현미경 관찰을 통해 생물을 이루고 있는 기본 단위가 세포임을 말할 수 있다.,"[6과11-01] 세포 관찰은 식물 세포로 하고, 세포의 구조는 핵, 세포막, 세포벽을 용어 수준에서 다룬다.","• 초등학교 3∼4학년군 ‘식물의 생활’, ‘생물의 한살이’, 중학교 1∼3학년군 ‘생물의 구성과 다양성’, ‘식물과 에너지’와 연계된다.
• 식물 세포 현미경 표본을 만들어 직접 관찰하되 학교 사정에 따라 이미 만들어진 현미경 표본을 이용하여 관찰할 수도 있다.
• 식물의 구조와 기능을 설명하는 자료를 만들어 공유하는 활동은 디지털 소양 교육과 연계하여 지도할 수 있다.
• 초등학교 3∼4학년군 ‘식물의 생활’과 ‘생물의 한살이’에서는 식물들의 특징을 관찰하고 비교하는 데 중점을 두지만, ‘식물의 구조와 기능’에서는 식물 각 기관의 구조와 기능에 중점을 두는 만큼 실험을 통해 탐구하도록 한다."
5~6,과학,생명,"⋅생물은 세포로 이루어져 있고, 여러 구성 단계가 유기적으로 연관되어 있으며, 조화로운 작용을 통해 건강한 몸을 유지한다. 
⋅식물은 광합성으로 양분을 만들며, 생물은 호흡을 통해 생명 활동에 필요한 에너지를 얻는다. 
⋅동물은 다양한 감각 기관을 통해 자극을 받아들이고, 신경계와 호르몬의 작용을 통해 반응한다. 
⋅생물은 생식을 통해 자손을 생산하고, 생물의 형질은 유전자에 의해 자손에게 전달되며, 생물의 유전 현상은 사람의 가계에서도 관찰된다. 
⋅우리 주변의 다양한 생물은 환경과 영향을 주고받으며 밀접한 관계를 맺고 있으며, 생물다양성은 생태계와 인간의 삶과도 밀접하게 관련되어 있다.",6과11-02,"식물의 각 기관의 구조를 관찰하고, 기능을 알아보는 실험을 수행하여 식물 각 기관의 구조와 기능을 설명할 수 있다.","식물의 각 기관의 구조를 관찰하고 줄기에서의 물의 이동, 증산 작용 실험, 광합성 산물을 확인하는 실험을 통해 뿌리, 줄기, 잎, 꽃의 기능을 이해하여 각각의 기관이 연결되어 있음을 설명할 수 있다.","식물의 각 기관의 구조를 관찰하고 기능을 알아보는 실험을 통해 식물의 뿌리, 줄기, 잎, 꽃의 구조와 각각의 기능을 말할 수 있다.","식물을 관찰하여 뿌리, 줄기, 잎, 꽃으로 구분할 수 있다.",[6과11-02] 식물의 기관에서 물과 양분의 이동을 탐구하면서 식물의 기관이 서로 연결되어 있음을 다룬다.,"• 초등학교 3∼4학년군 ‘식물의 생활’, ‘생물의 한살이’, 중학교 1∼3학년군 ‘생물의 구성과 다양성’, ‘식물과 에너지’와 연계된다.
• 식물 세포 현미경 표본을 만들어 직접 관찰하되 학교 사정에 따라 이미 만들어진 현미경 표본을 이용하여 관찰할 수도 있다.
• 식물의 구조와 기능을 설명하는 자료를 만들어 공유하는 활동은 디지털 소양 교육과 연계하여 지도할 수 있다.
• 초등학교 3∼4학년군 ‘식물의 생활’과 ‘생물의 한살이’에서는 식물들의 특징을 관찰하고 비교하는 데 중점을 두지만, ‘식물의 구조와 기능’에서는 식물 각 기관의 구조와 기능에 중점을 두는 만큼 실험을 통해 탐구하도록 한다."
5~6,과학,생명,"⋅생물은 세포로 이루어져 있고, 여러 구성 단계가 유기적으로 연관되어 있으며, 조화로운 작용을 통해 건강한 몸을 유지한다. 
⋅식물은 광합성으로 양분을 만들며, 생물은 호흡을 통해 생명 활동에 필요한 에너지를 얻는다. 
⋅동물은 다양한 감각 기관을 통해 자극을 받아들이고, 신경계와 호르몬의 작용을 통해 반응한다. 
⋅생물은 생식을 통해 자손을 생산하고, 생물의 형질은 유전자에 의해 자손에게 전달되며, 생물의 유전 현상은 사람의 가계에서도 관찰된다. 
⋅우리 주변의 다양한 생물은 환경과 영향을 주고받으며 밀접한 관계를 맺고 있으며, 생물다양성은 생태계와 인간의 삶과도 밀접하게 관련되어 있다.",6과11-03,여러 가지 식물의 특징을 설명하는 자료를 만들어 공유할 수 있다.,"여러 가지 식물의 구조와 기능을 관찰하거나 조사하고, 이를 설명하는 자료를 만들어 발표하고 공유할 수 있다.",여러 가지 식물의 특징을 설명하는 자료를 만들 수 있다.,여러 가지 식물의 특징을 말할 수 있다.,[6과11-03] 학생들이 관심 있는 식물의 구조와 기능을 관찰하거나 조사하고 이를 설명하는 자료를 만들어 발표하고 공유하게 한다.,"• 초등학교 3∼4학년군 ‘식물의 생활’, ‘생물의 한살이’, 중학교 1∼3학년군 ‘생물의 구성과 다양성’, ‘식물과 에너지’와 연계된다.
• 식물 세포 현미경 표본을 만들어 직접 관찰하되 학교 사정에 따라 이미 만들어진 현미경 표본을 이용하여 관찰할 수도 있다.
• 식물의 구조와 기능을 설명하는 자료를 만들어 공유하는 활동은 디지털 소양 교육과 연계하여 지도할 수 있다.
• 초등학교 3∼4학년군 ‘식물의 생활’과 ‘생물의 한살이’에서는 식물들의 특징을 관찰하고 비교하는 데 중점을 두지만, ‘식물의 구조와 기능’에서는 식물 각 기관의 구조와 기능에 중점을 두는 만큼 실험을 통해 탐구하도록 한다."
5~6,과학,지구와 우주,"⋅지구계는 지권, 수권, 기권, 생물권 등으로 구성되며, 이러한 지구계 구성 요소들이 상호작용을 통해 에너지와 물질을 교환하는 과정에서 다양한 자연 현상들이 발생한다.
⋅암석과 화석, 지구 내부를 탐구함으로써 지질시대 동안 지구 환경과 생물의 변천 과정을 밝혀낼 수 있다.
⋅물은 땅과 바다, 대기 등으로 끊임없이 순환하면서 지표의 특징을 변화시키고 지하구조를 만든다.
⋅지구의 기후시스템은 태양 복사와 지구 복사, 인간 활동 등의 영향을 받으며, 이러한 요인들이 복합적으로 상호작용하여 나타난 기상 현상과 기후변화는 우리 생활과 지속가능성에 영향을 미친다.
⋅태양계는 행성 및 소천체 등으로 구성되며, 생성 과정에 따라 태양계 천체의 표면은 다양하게 나타난다.
⋅별의 표면 온도, 크기, 질량, 거리 등을 결정하는 데 관측 자료와 증거 기반 해석 등이 활용된다.",6과12-01,하루 동안 태양과 별을 관찰하여 위치 변화의 규칙성을 찾을 수 있다.,"남쪽 하늘을 바라보는 관측자 관점에서 하루 동안 태양과 별을 관찰하여 기록하고, 위치 변화의 규칙성을 찾아 설명할 수 있다.","남쪽 하늘을 바라보는 관측자 관점에서 하루 동안 태양과 별을 관찰하고 기록하여, 하루 동안 천체의 위치가 달라짐을 설명할 수 있다.",하루 동안 태양과 별의 위치가 달라짐을 말할 수 있다.,[6과12-01] 남쪽 하늘을 바라보는 관측자 관점에서 태양과 별의 위치가 달라지는 현상을 중심으로 다룬다.,"• 초등학교 3∼4학년군 ‘밤하늘 관찰’, 5∼6학년군 ‘계절의 변화’, 중학교 1∼3학년군 ‘태양계’, ‘별과 우주’와 연계된다.
• 관찰과 실험을 중심으로 지구의 운동과 관련된 개념을 이해하고 지구의 자전과 공전에 의하여 일어나는 현상을 지구의 관측자 중심으로 탐구할 수 있는 활동이 필요하다.
• 탐구 활동을 하기 전, 교실이나 운동장 등의 공간에서 관측자가 남쪽을 바라볼 때를 기준으로 방위를 설정할 필요가 있다. 
• 디지털 소양 교육 관련하여, 계절별 대표적인 별자리는 남쪽 하늘의 별자리를 중심으로 천체 관측 프로그램이나 실감형 자료를 활용하여 조사할 수 있다."
5~6,과학,지구와 우주,"⋅지구계는 지권, 수권, 기권, 생물권 등으로 구성되며, 이러한 지구계 구성 요소들이 상호작용을 통해 에너지와 물질을 교환하는 과정에서 다양한 자연 현상들이 발생한다.
⋅암석과 화석, 지구 내부를 탐구함으로써 지질시대 동안 지구 환경과 생물의 변천 과정을 밝혀낼 수 있다.
⋅물은 땅과 바다, 대기 등으로 끊임없이 순환하면서 지표의 특징을 변화시키고 지하구조를 만든다.
⋅지구의 기후시스템은 태양 복사와 지구 복사, 인간 활동 등의 영향을 받으며, 이러한 요인들이 복합적으로 상호작용하여 나타난 기상 현상과 기후변화는 우리 생활과 지속가능성에 영향을 미친다.
⋅태양계는 행성 및 소천체 등으로 구성되며, 생성 과정에 따라 태양계 천체의 표면은 다양하게 나타난다.
⋅별의 표면 온도, 크기, 질량, 거리 등을 결정하는 데 관측 자료와 증거 기반 해석 등이 활용된다.",6과12-02,"지구의 자전을 알고, 낮과 밤이 생기는 이유를 설명할 수 있다.","지구가 자전축을 중심으로 하루에 한 바퀴 도는 것을 알고, 낮과 밤이 생기는 이유를 모형실험을 통해 지구의 자전으로 설명할 수 있다.",모형실험을 통해 낮과 밤이 생기는 이유를 지구의 자전으로 설명할 수 있다.,지구의 자전에 따라 낮과 밤이 생기는 현상을 관찰할 수 있다.,[6과12-02] 지구의 자전에서는 지구가 자전축이 기울어진 채 하루에 한 바퀴 도는 것을 중심으로 다룬다.,"• 초등학교 3∼4학년군 ‘밤하늘 관찰’, 5∼6학년군 ‘계절의 변화’, 중학교 1∼3학년군 ‘태양계’, ‘별과 우주’와 연계된다.
• 관찰과 실험을 중심으로 지구의 운동과 관련된 개념을 이해하고 지구의 자전과 공전에 의하여 일어나는 현상을 지구의 관측자 중심으로 탐구할 수 있는 활동이 필요하다.
• 탐구 활동을 하기 전, 교실이나 운동장 등의 공간에서 관측자가 남쪽을 바라볼 때를 기준으로 방위를 설정할 필요가 있다. 
• 디지털 소양 교육 관련하여, 계절별 대표적인 별자리는 남쪽 하늘의 별자리를 중심으로 천체 관측 프로그램이나 실감형 자료를 활용하여 조사할 수 있다."
5~6,과학,지구와 우주,"⋅지구계는 지권, 수권, 기권, 생물권 등으로 구성되며, 이러한 지구계 구성 요소들이 상호작용을 통해 에너지와 물질을 교환하는 과정에서 다양한 자연 현상들이 발생한다.
⋅암석과 화석, 지구 내부를 탐구함으로써 지질시대 동안 지구 환경과 생물의 변천 과정을 밝혀낼 수 있다.
⋅물은 땅과 바다, 대기 등으로 끊임없이 순환하면서 지표의 특징을 변화시키고 지하구조를 만든다.
⋅지구의 기후시스템은 태양 복사와 지구 복사, 인간 활동 등의 영향을 받으며, 이러한 요인들이 복합적으로 상호작용하여 나타난 기상 현상과 기후변화는 우리 생활과 지속가능성에 영향을 미친다.
⋅태양계는 행성 및 소천체 등으로 구성되며, 생성 과정에 따라 태양계 천체의 표면은 다양하게 나타난다.
⋅별의 표면 온도, 크기, 질량, 거리 등을 결정하는 데 관측 자료와 증거 기반 해석 등이 활용된다.",6과12-03,"지구의 공전을 알고, 계절에 따라 달라지는 별자리를 관찰할 수 있다.","지구의 공전을 알고, 천체 관측 프로그램을 이용하여 계절에 따라 달라지는 별자리를 관찰하고 설명할 수 있다.",천체 관측 프로그램을 이용하여 계절에 따라 달라지는 별자리를 관찰할 수 있다.,계절에 따라 별자리가 달라진다는 것을 말할 수 있다.,[6과12-03] 별자리 명칭보다는 계절에 따라 보이는 별자리와 별자리의 위치가 달라지는 까닭을 이해하는 데 초점을 둔다.,"• 초등학교 3∼4학년군 ‘밤하늘 관찰’, 5∼6학년군 ‘계절의 변화’, 중학교 1∼3학년군 ‘태양계’, ‘별과 우주’와 연계된다.
• 관찰과 실험을 중심으로 지구의 운동과 관련된 개념을 이해하고 지구의 자전과 공전에 의하여 일어나는 현상을 지구의 관측자 중심으로 탐구할 수 있는 활동이 필요하다.
• 탐구 활동을 하기 전, 교실이나 운동장 등의 공간에서 관측자가 남쪽을 바라볼 때를 기준으로 방위를 설정할 필요가 있다. 
• 디지털 소양 교육 관련하여, 계절별 대표적인 별자리는 남쪽 하늘의 별자리를 중심으로 천체 관측 프로그램이나 실감형 자료를 활용하여 조사할 수 있다."
5~6,과학,지구와 우주,"⋅지구계는 지권, 수권, 기권, 생물권 등으로 구성되며, 이러한 지구계 구성 요소들이 상호작용을 통해 에너지와 물질을 교환하는 과정에서 다양한 자연 현상들이 발생한다.
⋅암석과 화석, 지구 내부를 탐구함으로써 지질시대 동안 지구 환경과 생물의 변천 과정을 밝혀낼 수 있다.
⋅물은 땅과 바다, 대기 등으로 끊임없이 순환하면서 지표의 특징을 변화시키고 지하구조를 만든다.
⋅지구의 기후시스템은 태양 복사와 지구 복사, 인간 활동 등의 영향을 받으며, 이러한 요인들이 복합적으로 상호작용하여 나타난 기상 현상과 기후변화는 우리 생활과 지속가능성에 영향을 미친다.
⋅태양계는 행성 및 소천체 등으로 구성되며, 생성 과정에 따라 태양계 천체의 표면은 다양하게 나타난다.
⋅별의 표면 온도, 크기, 질량, 거리 등을 결정하는 데 관측 자료와 증거 기반 해석 등이 활용된다.",6과13-01,"태양 고도 측정기로 하루 동안 태양 고도, 그림자 길이, 기온을 측정하여 이들의 관계를 찾을 수 있다.","하루 동안 태양 고도, 그림자 길이, 기온을 측정하고, 이들의 관계를 찾아 설명할 수 있다.","하루 동안 태양 고도를 측정하고, 태양 고도의 변화를 설명할 수 있다.","태양 고도의 의미를 이해하고, 태양 고도를 측정할 수 있다.",,"• 초등학교 3∼4학년군 ‘밤하늘 관찰’, 5∼6학년군 ‘지구의 운동’과 중학교 1∼3학년군 ‘태양계’, ‘별과 우주’와 연계된다.
• 태양 고도 측정기 만들기 활동에서는 단순하게 그림자의 길이를 이용하는 장치, 정확한 태양 고도값을 측정하는 장치 등 다양한 태양 고도 측정 장치를 설계하고 만들 수 있다. 또한, 하루 동안 태양 고도와 그림자 길이를 직접 측정하여, 표와 그래프로 나타내는 활동이 필요하다.
• 디지털 소양 교육과 관련하여, 누리집을 활용하여 계절에 따른 태양의 남중 고도와 낮의 길이 자료를 수집하고 해석할 수 있다."
5~6,과학,지구와 우주,"⋅지구계는 지권, 수권, 기권, 생물권 등으로 구성되며, 이러한 지구계 구성 요소들이 상호작용을 통해 에너지와 물질을 교환하는 과정에서 다양한 자연 현상들이 발생한다.
⋅암석과 화석, 지구 내부를 탐구함으로써 지질시대 동안 지구 환경과 생물의 변천 과정을 밝혀낼 수 있다.
⋅물은 땅과 바다, 대기 등으로 끊임없이 순환하면서 지표의 특징을 변화시키고 지하구조를 만든다.
⋅지구의 기후시스템은 태양 복사와 지구 복사, 인간 활동 등의 영향을 받으며, 이러한 요인들이 복합적으로 상호작용하여 나타난 기상 현상과 기후변화는 우리 생활과 지속가능성에 영향을 미친다.
⋅태양계는 행성 및 소천체 등으로 구성되며, 생성 과정에 따라 태양계 천체의 표면은 다양하게 나타난다.
⋅별의 표면 온도, 크기, 질량, 거리 등을 결정하는 데 관측 자료와 증거 기반 해석 등이 활용된다.",6과13-02,계절에 따른 태양의 남중 고도와 낮의 길이 사이의 관계를 자료에 근거하여 추론할 수 있다.,"디지털 자료를 활용하여 계절별 태양의 남중 고도, 낮의 길이를 조사하고, 자료에 근거하여 이들 사이의 관계를 추론할 수 있다.","디지털 자료를 활용하여 계절별 태양의 남중 고도, 낮의 길이를 조사하고, 태양의 남중 고도에 따라 낮의 길이가 달라진다는 것을 설명할 수 있다.","디지털 자료를 활용하여 계절별 태양의 남중 고도, 낮의 길이를 조사할 수 있다.",,"• 초등학교 3∼4학년군 ‘밤하늘 관찰’, 5∼6학년군 ‘지구의 운동’과 중학교 1∼3학년군 ‘태양계’, ‘별과 우주’와 연계된다.
• 태양 고도 측정기 만들기 활동에서는 단순하게 그림자의 길이를 이용하는 장치, 정확한 태양 고도값을 측정하는 장치 등 다양한 태양 고도 측정 장치를 설계하고 만들 수 있다. 또한, 하루 동안 태양 고도와 그림자 길이를 직접 측정하여, 표와 그래프로 나타내는 활동이 필요하다.
• 디지털 소양 교육과 관련하여, 누리집을 활용하여 계절에 따른 태양의 남중 고도와 낮의 길이 자료를 수집하고 해석할 수 있다."
5~6,과학,지구와 우주,"⋅지구계는 지권, 수권, 기권, 생물권 등으로 구성되며, 이러한 지구계 구성 요소들이 상호작용을 통해 에너지와 물질을 교환하는 과정에서 다양한 자연 현상들이 발생한다.
⋅암석과 화석, 지구 내부를 탐구함으로써 지질시대 동안 지구 환경과 생물의 변천 과정을 밝혀낼 수 있다.
⋅물은 땅과 바다, 대기 등으로 끊임없이 순환하면서 지표의 특징을 변화시키고 지하구조를 만든다.
⋅지구의 기후시스템은 태양 복사와 지구 복사, 인간 활동 등의 영향을 받으며, 이러한 요인들이 복합적으로 상호작용하여 나타난 기상 현상과 기후변화는 우리 생활과 지속가능성에 영향을 미친다.
⋅태양계는 행성 및 소천체 등으로 구성되며, 생성 과정에 따라 태양계 천체의 표면은 다양하게 나타난다.
⋅별의 표면 온도, 크기, 질량, 거리 등을 결정하는 데 관측 자료와 증거 기반 해석 등이 활용된다.",6과13-03,계절 변화의 원인을 지구의 자전축이 기울어진 채 공전하는 것으로 설명할 수 있다.,계절 변화의 원인을 지구 자전축의 기울기와 지구의 공전에 따른 태양의 남중 고도 변화로 설명할 수 있다.,계절의 변화가 지구의 자전축이 기울어진 채 공전하는 것과 관련이 있음을 말할 수 있다.,계절 변화가 지구의 자전축 기울기와 관련 있다는 것을 말할 수 있다.,[6과13-03] 지구 자전축이 기울어진 채 공전하기 때문에 계절에 따라 태양의 남중 고도가 달라져 지표가 받는 태양 에너지의 차이로 계절의 변화가 생김을 이해하게 한다.,"• 초등학교 3∼4학년군 ‘밤하늘 관찰’, 5∼6학년군 ‘지구의 운동’과 중학교 1∼3학년군 ‘태양계’, ‘별과 우주’와 연계된다.
• 태양 고도 측정기 만들기 활동에서는 단순하게 그림자의 길이를 이용하는 장치, 정확한 태양 고도값을 측정하는 장치 등 다양한 태양 고도 측정 장치를 설계하고 만들 수 있다. 또한, 하루 동안 태양 고도와 그림자 길이를 직접 측정하여, 표와 그래프로 나타내는 활동이 필요하다.
• 디지털 소양 교육과 관련하여, 누리집을 활용하여 계절에 따른 태양의 남중 고도와 낮의 길이 자료를 수집하고 해석할 수 있다."
5~6,과학,물질,"⋅물질은 여러 가지 상태로 존재하며, 구성 입자의 운동에 따라 물질의 상태와 물리적 성질이 변한다.
⋅물질의 상태 변화 및 화학 반응에는 에너지 출입이 수반되며, 이는 일상생활에 유용하게 활용된다.
⋅물질은 서로 구분할 수 있는 고유한 특성을 가지며, 물질의 특성은 일상생활의 다양한 혼합물 분리에 이용된다.
⋅화학 반응을 통해 물질은 다른 물질로 변하며, 화학 반응의 규칙성은 새로운 물질의 생성 원리가 된다.",6과14-01,물질의 성질이 달라지는 변화와 달라지지 않는 변화를 관찰하여 비교할 수 있다.,서로 다른 물질을 섞기 전과 후의 성질을 비교하여 물질의 성질이 달라지는 변화와 달라지지 않는 변화가 있음을 추론할 수 있다.,서로 다른 물질을 섞은 후 나타나는 변화를 관찰하여 물질의 성질이 달라질 수 있음을 설명할 수 있다.,서로 다른 물질을 섞었을 때 물질의 성질이 달라질 수 있음을 말할 수 있다.,"[6과14-01] 서로 다른 물질을 섞었을 때 물질의 성질이 달라지는 변화를 활용한 재미있고 간단한 실험을 실시한다. 물질을 섞은 후 물질의 성질이 달라지는 까닭은 다루지 않으며, 물리 변화나 화학 변화 용어를 도입하지 않는다.","• 초등학교 3∼4학년군 ‘물체와 물질’, ‘여러 가지 기체’, 5∼6학년군 ‘산과 염기’, 중학교 1∼3학년군 ‘화학 반응의 규칙성’과 연계된다.
• 연소 과정에 필요한 물질이나 연소 후 생성되는 물질을 지도할 때 초등학교 3∼4학년군 ‘여러 가지 기체’에서 학습한 산소나 이산화 탄소의 성질을 상기시킨다.
• 실험할 때는 학생들이 적절한 안전 장구를 착용하도록 하고, 실험 전에 학생들에게 주의할 점과 안전사고 대처 방법을 지도한다.
• 생태전환교육과 연계하여 연소 생성물 중 이산화 탄소로 인한 생태계의 피해 사례를 수집하여 분석하도록 한다. 디지털 소양 교육과 연계하여 피해의 원인, 현황, 전망 등을 바탕으로 실천 가능한 해결책이나 행동 방식을 제안하고, 누리망이나 사회 관계망 서비스 등에서 공유하도록 한다."
5~6,과학,물질,"⋅물질은 여러 가지 상태로 존재하며, 구성 입자의 운동에 따라 물질의 상태와 물리적 성질이 변한다.
⋅물질의 상태 변화 및 화학 반응에는 에너지 출입이 수반되며, 이는 일상생활에 유용하게 활용된다.
⋅물질은 서로 구분할 수 있는 고유한 특성을 가지며, 물질의 특성은 일상생활의 다양한 혼합물 분리에 이용된다.
⋅화학 반응을 통해 물질은 다른 물질로 변하며, 화학 반응의 규칙성은 새로운 물질의 생성 원리가 된다.",6과14-02,"물질이 연소할 때 나타나는 공통적인 현상을 관찰하고, 연소의 조건을 찾을 수 있다.","여러 연소 사례를 통해 물질이 탈 때 나타나는 공통적인 현상을 관찰하고, 연소에 필요한 조건을 설명할 수 있다.","물질이 타는 여러 사례를 관찰하고, 공통적인 현상을 찾아 말할 수 있다.",물질이 탈 때 나타나는 현상을 관찰하여 말할 수 있다.,"[6과14-02] 양초, 알코올, 나무 등과 같은 물질의 연소를 중심으로 다룬다.","• 초등학교 3∼4학년군 ‘물체와 물질’, ‘여러 가지 기체’, 5∼6학년군 ‘산과 염기’, 중학교 1∼3학년군 ‘화학 반응의 규칙성’과 연계된다.
• 연소 과정에 필요한 물질이나 연소 후 생성되는 물질을 지도할 때 초등학교 3∼4학년군 ‘여러 가지 기체’에서 학습한 산소나 이산화 탄소의 성질을 상기시킨다.
• 실험할 때는 학생들이 적절한 안전 장구를 착용하도록 하고, 실험 전에 학생들에게 주의할 점과 안전사고 대처 방법을 지도한다.
• 생태전환교육과 연계하여 연소 생성물 중 이산화 탄소로 인한 생태계의 피해 사례를 수집하여 분석하도록 한다. 디지털 소양 교육과 연계하여 피해의 원인, 현황, 전망 등을 바탕으로 실천 가능한 해결책이나 행동 방식을 제안하고, 누리망이나 사회 관계망 서비스 등에서 공유하도록 한다."
5~6,과학,물질,"⋅물질은 여러 가지 상태로 존재하며, 구성 입자의 운동에 따라 물질의 상태와 물리적 성질이 변한다.
⋅물질의 상태 변화 및 화학 반응에는 에너지 출입이 수반되며, 이는 일상생활에 유용하게 활용된다.
⋅물질은 서로 구분할 수 있는 고유한 특성을 가지며, 물질의 특성은 일상생활의 다양한 혼합물 분리에 이용된다.
⋅화학 반응을 통해 물질은 다른 물질로 변하며, 화학 반응의 규칙성은 새로운 물질의 생성 원리가 된다.",6과14-03,연소 전과 후의 물질을 비교하여 연소 과정에서 물질의 성질이 달라짐을 설명할 수 있다.,"연소 생성물을 확인하는 실험에서 연소 전과 후의 물질을 비교함으로써, 연소 과정에서 물질의 성질이 달라짐을 말할 수 있다.",연소 생성물을 확인하는 실험에서 연소 전과 후의 물질을 비교할 수 있다.,연소 후 생성되는 물질이 있음을 말할 수 있다.,"[6과14-03] 물이나 이산화 탄소와 같은 연소 생성물은 염화 코발트 종이나 석회수 등을 이용한 실험으로 확인하고, 그을음은 연소 생성물로 다루지 않는다.","• 초등학교 3∼4학년군 ‘물체와 물질’, ‘여러 가지 기체’, 5∼6학년군 ‘산과 염기’, 중학교 1∼3학년군 ‘화학 반응의 규칙성’과 연계된다.
• 연소 과정에 필요한 물질이나 연소 후 생성되는 물질을 지도할 때 초등학교 3∼4학년군 ‘여러 가지 기체’에서 학습한 산소나 이산화 탄소의 성질을 상기시킨다.
• 실험할 때는 학생들이 적절한 안전 장구를 착용하도록 하고, 실험 전에 학생들에게 주의할 점과 안전사고 대처 방법을 지도한다.
• 생태전환교육과 연계하여 연소 생성물 중 이산화 탄소로 인한 생태계의 피해 사례를 수집하여 분석하도록 한다. 디지털 소양 교육과 연계하여 피해의 원인, 현황, 전망 등을 바탕으로 실천 가능한 해결책이나 행동 방식을 제안하고, 누리망이나 사회 관계망 서비스 등에서 공유하도록 한다."
5~6,과학,물질,"⋅물질은 여러 가지 상태로 존재하며, 구성 입자의 운동에 따라 물질의 상태와 물리적 성질이 변한다.
⋅물질의 상태 변화 및 화학 반응에는 에너지 출입이 수반되며, 이는 일상생활에 유용하게 활용된다.
⋅물질은 서로 구분할 수 있는 고유한 특성을 가지며, 물질의 특성은 일상생활의 다양한 혼합물 분리에 이용된다.
⋅화학 반응을 통해 물질은 다른 물질로 변하며, 화학 반응의 규칙성은 새로운 물질의 생성 원리가 된다.",6과14-04,연소 과정에서 생성되는 물질로 인한 생태계의 피해 사례를 수집하고 분석하여 해결책을 제안하고 공유할 수 있다.,"연소 과정에서 생성된 물질로 인한 생태계의 피해 사례를 수집하여 분석하고, 해결책을 찾아 공유할 수 있다.",연소 과정에서 생성되는 물질로 인한 생태계의 피해 사례를 수집하고 분석할 수 있다.,연소 생성물로 인한 생태계 피해 사례가 있음을 말할 수 있다.,[6과14-04] 생태계의 피해 사례는 연소 생성물 중 이산화 탄소로 인한 피해 사례를 중심으로 조사한다.,"• 초등학교 3∼4학년군 ‘물체와 물질’, ‘여러 가지 기체’, 5∼6학년군 ‘산과 염기’, 중학교 1∼3학년군 ‘화학 반응의 규칙성’과 연계된다.
• 연소 과정에 필요한 물질이나 연소 후 생성되는 물질을 지도할 때 초등학교 3∼4학년군 ‘여러 가지 기체’에서 학습한 산소나 이산화 탄소의 성질을 상기시킨다.
• 실험할 때는 학생들이 적절한 안전 장구를 착용하도록 하고, 실험 전에 학생들에게 주의할 점과 안전사고 대처 방법을 지도한다.
• 생태전환교육과 연계하여 연소 생성물 중 이산화 탄소로 인한 생태계의 피해 사례를 수집하여 분석하도록 한다. 디지털 소양 교육과 연계하여 피해의 원인, 현황, 전망 등을 바탕으로 실천 가능한 해결책이나 행동 방식을 제안하고, 누리망이나 사회 관계망 서비스 등에서 공유하도록 한다."
5~6,과학,운동과 에너지,"⋅자연과 일상생활 속의 여러 가지 힘은 물체의 속력과 운동 방향을 변화시키고, 물체의 운동은 힘과 에너지를 통해 예측할 수 있으며, 이는 안전한 일상생활의 토대가 된다.
⋅전하와 전류는 다양한 전기와 자기 현상을 일으키고, 전기와 자기에 대한 성질은 전구, 전동기 등 여러 가지 전기 기구의 작동 원리로 유용하게 활용된다.
⋅열은 온도가 높은 곳에서 낮은 곳으로 이동하며, 일상생활에서는 단열 등 다양한 분야에 물질의 열적 성질이나 열의 이동 방식이 이용된다.
⋅빛과 소리는 반사, 굴절, 진동 등 파동의 특성을 가지며, 그 특성은 거울, 렌즈, 악기, 색의 구현 등 편리하고 심미적인 삶에 도움이 된다.",6과15-01,"전지와 전구, 전선을 연결하여 전구에 불을 켜보고, 불이 켜지는 전기 회로의 특징을 말할 수 있다.","전구에 불이 켜지는 전기 회로에서 전지, 전구, 전선의 연결 특징을 설명할 수 있다.",전구에 불이 켜지는 전기 회로와 전구에 불이 켜지지 않는 전기 회로를 비교하여 차이점을 찾을 수 있다.,"전지, 전구, 전선을 연결하여 전구에 불을 켤 수 있다.",,"• 초등학교 3∼4학년군 ‘자석의 이용’, 중학교 1∼3학년군 ‘전기와 자기’와 연계된다.
• 탐구 활동 등의 학습 과정에서 전기 안전에 유의하도록 한다.
• 전지와 전구, 전선을 연결하여 전구에 불이 켜지는 전기 회로를 구성하여 도체와 부도체를 구별하는 활동을 진행할 수 있다.
• 전지 한 개를 연결한 회로와 전지 두 개를 직렬연결한 회로의 특징을 비교하기 위해 발광다이오드, 전동기, 버저 등의 다양한 전기 부품을 이용할 수 있다.
• 전구 등의 전기 부품은 전지의 연결을 고려하여 알맞은 규격을 사용한다.
• 전기를 효율적이고 안전하게 사용하는 방법에 대한 학습을 생활 규칙 만들기, 과학 글쓰기, 그림 그리기, 역할 놀이 등의 다양한 활동으로 융합하여 전개할 수 있다."
5~6,과학,운동과 에너지,"⋅자연과 일상생활 속의 여러 가지 힘은 물체의 속력과 운동 방향을 변화시키고, 물체의 운동은 힘과 에너지를 통해 예측할 수 있으며, 이는 안전한 일상생활의 토대가 된다.
⋅전하와 전류는 다양한 전기와 자기 현상을 일으키고, 전기와 자기에 대한 성질은 전구, 전동기 등 여러 가지 전기 기구의 작동 원리로 유용하게 활용된다.
⋅열은 온도가 높은 곳에서 낮은 곳으로 이동하며, 일상생활에서는 단열 등 다양한 분야에 물질의 열적 성질이나 열의 이동 방식이 이용된다.
⋅빛과 소리는 반사, 굴절, 진동 등 파동의 특성을 가지며, 그 특성은 거울, 렌즈, 악기, 색의 구현 등 편리하고 심미적인 삶에 도움이 된다.",6과15-02,전지 한 개를 연결한 전기 회로와 전지 두 개를 직렬연결한 전기 회로의 특징을 비교할 수 있다.,"전지 한 개를 연결한 전기 회로와 전지 두 개를 직렬연결한 전기 회로에 전구나 전동기 등의 전기 부품을 연결하여 보고, 전지를 직렬연결한 개수에 따른 회로의 특징을 서로 비교하여 설명할 수 있다.",전지 한 개를 연결한 전기 회로와 전지 두 개를 직렬연결한 전기 회로에서 전구의 밝기를 비교할 수 있다.,전지 한 개를 연결한 전기 회로와 전지 두 개를 직렬연결한 전기 회로를 만들 수 있다.,"[6과15-02] 전구의 직렬연결과 병렬연결은 다루지 않고, 전지의 연결은 직렬연결만 다룬다.","• 초등학교 3∼4학년군 ‘자석의 이용’, 중학교 1∼3학년군 ‘전기와 자기’와 연계된다.
• 탐구 활동 등의 학습 과정에서 전기 안전에 유의하도록 한다.
• 전지와 전구, 전선을 연결하여 전구에 불이 켜지는 전기 회로를 구성하여 도체와 부도체를 구별하는 활동을 진행할 수 있다.
• 전지 한 개를 연결한 회로와 전지 두 개를 직렬연결한 회로의 특징을 비교하기 위해 발광다이오드, 전동기, 버저 등의 다양한 전기 부품을 이용할 수 있다.
• 전구 등의 전기 부품은 전지의 연결을 고려하여 알맞은 규격을 사용한다.
• 전기를 효율적이고 안전하게 사용하는 방법에 대한 학습을 생활 규칙 만들기, 과학 글쓰기, 그림 그리기, 역할 놀이 등의 다양한 활동으로 융합하여 전개할 수 있다."
5~6,과학,운동과 에너지,"⋅자연과 일상생활 속의 여러 가지 힘은 물체의 속력과 운동 방향을 변화시키고, 물체의 운동은 힘과 에너지를 통해 예측할 수 있으며, 이는 안전한 일상생활의 토대가 된다.
⋅전하와 전류는 다양한 전기와 자기 현상을 일으키고, 전기와 자기에 대한 성질은 전구, 전동기 등 여러 가지 전기 기구의 작동 원리로 유용하게 활용된다.
⋅열은 온도가 높은 곳에서 낮은 곳으로 이동하며, 일상생활에서는 단열 등 다양한 분야에 물질의 열적 성질이나 열의 이동 방식이 이용된다.
⋅빛과 소리는 반사, 굴절, 진동 등 파동의 특성을 가지며, 그 특성은 거울, 렌즈, 악기, 색의 구현 등 편리하고 심미적인 삶에 도움이 된다.",6과15-03,전자석을 만들어 전자석의 성질을 탐색하고 전자석이 사용되는 예를 조사할 수 있다.,"전자석의 성질을 영구 자석과 비교하여 탐색하고, 일상생활에서 전자석이 사용되는 사례를 전자석의 성질과 관련지어 설명할 수 있다.","실험을 통해 전자석의 세기와 방향을 바꾸는 방법을 찾고, 일상생활에서 전자석이 사용되는 예를 조사할 수 있다.",전자석을 만들어 전기가 흐르면 자석의 성질을 갖는 것을 관찰할 수 있다.,"[6과15-03] 전자석은 전지를 이용하여 제작하고, 전지의 수에 따라 전자석의 세기가 달라지는 현상, 전지의 연결 방향에 따라 전자석의 극이 달라지는 현상을 관찰하여 영구 자석과의 차이를 비교하도록 하되, 전류에 의한 자기장 개념은 도입하지 않는다.","• 초등학교 3∼4학년군 ‘자석의 이용’, 중학교 1∼3학년군 ‘전기와 자기’와 연계된다.
• 탐구 활동 등의 학습 과정에서 전기 안전에 유의하도록 한다.
• 전지와 전구, 전선을 연결하여 전구에 불이 켜지는 전기 회로를 구성하여 도체와 부도체를 구별하는 활동을 진행할 수 있다.
• 전지 한 개를 연결한 회로와 전지 두 개를 직렬연결한 회로의 특징을 비교하기 위해 발광다이오드, 전동기, 버저 등의 다양한 전기 부품을 이용할 수 있다.
• 전구 등의 전기 부품은 전지의 연결을 고려하여 알맞은 규격을 사용한다.
• 전기를 효율적이고 안전하게 사용하는 방법에 대한 학습을 생활 규칙 만들기, 과학 글쓰기, 그림 그리기, 역할 놀이 등의 다양한 활동으로 융합하여 전개할 수 있다."
5~6,과학,운동과 에너지,"⋅자연과 일상생활 속의 여러 가지 힘은 물체의 속력과 운동 방향을 변화시키고, 물체의 운동은 힘과 에너지를 통해 예측할 수 있으며, 이는 안전한 일상생활의 토대가 된다.
⋅전하와 전류는 다양한 전기와 자기 현상을 일으키고, 전기와 자기에 대한 성질은 전구, 전동기 등 여러 가지 전기 기구의 작동 원리로 유용하게 활용된다.
⋅열은 온도가 높은 곳에서 낮은 곳으로 이동하며, 일상생활에서는 단열 등 다양한 분야에 물질의 열적 성질이나 열의 이동 방식이 이용된다.
⋅빛과 소리는 반사, 굴절, 진동 등 파동의 특성을 가지며, 그 특성은 거울, 렌즈, 악기, 색의 구현 등 편리하고 심미적인 삶에 도움이 된다.",6과15-04,전기를 효율적이고 안전하게 사용하는 방법을 조사하여 실천 계획을 세우고 일상생활에서 실천할 수 있다.,일상생활에서 효율적이고 안전한 전기 사용 방법에 관한 적절한 계획을 세워 실천할 수 있다.,효율적이고 안전한 전기 사용 방법을 조사할 수 있다.,효율적이고 안전한 전기 사용의 중요성을 인식한다.,,"• 초등학교 3∼4학년군 ‘자석의 이용’, 중학교 1∼3학년군 ‘전기와 자기’와 연계된다.
• 탐구 활동 등의 학습 과정에서 전기 안전에 유의하도록 한다.
• 전지와 전구, 전선을 연결하여 전구에 불이 켜지는 전기 회로를 구성하여 도체와 부도체를 구별하는 활동을 진행할 수 있다.
• 전지 한 개를 연결한 회로와 전지 두 개를 직렬연결한 회로의 특징을 비교하기 위해 발광다이오드, 전동기, 버저 등의 다양한 전기 부품을 이용할 수 있다.
• 전구 등의 전기 부품은 전지의 연결을 고려하여 알맞은 규격을 사용한다.
• 전기를 효율적이고 안전하게 사용하는 방법에 대한 학습을 생활 규칙 만들기, 과학 글쓰기, 그림 그리기, 역할 놀이 등의 다양한 활동으로 융합하여 전개할 수 있다."
5~6,과학,과학과 사회,"⋅과학 탐구를 통해 얻은 과학기술은 질병의 발생 원인 규명과 예방법 마련 등 인류 복지에 기여하고, 인류가 처한 여러 가지 재난 상황 극복에 활용된다. 
⋅과학기술은 자원과 에너지 등의 효율적 이용 방안을 제공하여 지속가능한 사회에 기여한다. 
⋅과학기술의 발달은 미래 사회의 모습과 직업에 영향을 미치며, 개인은 이러한 미래 사회의 모습과 새로운 진로를 탐색하며 자신의 삶을 준비한다.",6과16-01,"미래 사회에 일어날 수 있는 문제를 조사하고, 문제를 해결하는 데 과학이 기여할 수 있는 방법을 토의할 수 있다.","미래 사회에 일어날 수 있는 문제를 조사하여 분석하고, 미래 사회 문제를 해결하는 데 과학이 기여하는 방법을 토의할 수 있다.",미래 사회에 일어날 수 있는 문제를 해결하는 데 과학이 기여할 수 있는 방법을 말할 수 있다.,미래 사회에 일어날 수 있는 문제를 해결하는 데 과학이 필요함을 말할 수 있다.,[6과16-01] 단순한 상상이 아니라 현재의 다양한 정보를 기반으로 미래 사회의 문제를 예상해보도록 한다.,"• 중학교 1∼3학년군 ‘과학과 나의 미래’와 연계된다.
• 인구 문제, 환경 문제 등 미래 사회에 일어날 수 있는 문제의 해결과 관련하여 과학의 유용성을 다룰 때는 과학이 모든 문제를 해결할 수는 없다는 것도 함께 지도한다.
• 과학기술의 발달이 가지고 올 미래 사회의 모습에 맞춰 새로운 진로의 탐색이나 미래의 나를 위한 준비의 필요성을 느낄 수 있도록 지도한다."
5~6,과학,과학과 사회,"⋅과학 탐구를 통해 얻은 과학기술은 질병의 발생 원인 규명과 예방법 마련 등 인류 복지에 기여하고, 인류가 처한 여러 가지 재난 상황 극복에 활용된다. 
⋅과학기술은 자원과 에너지 등의 효율적 이용 방안을 제공하여 지속가능한 사회에 기여한다. 
⋅과학기술의 발달은 미래 사회의 모습과 직업에 영향을 미치며, 개인은 이러한 미래 사회의 모습과 새로운 진로를 탐색하며 자신의 삶을 준비한다.",6과16-02,"다양한 진로가 과학과 관련됨을 알고, 자신의 진로를 과학과 관련지어 설명할 수 있다.","다양한 진로와 과학과의 관련성을 조사하고, 나의 진로와 과학과의 관련성을 설명할 수 있다.",다양한 진로와 과학과의 관련성을 조사하여 설명할 수 있다.,다양한 진로와 과학의 관련성을 말할 수 있다.,[6과16-02] 과학자와 관련된 직업을 다루는 것이 아니라 학생이 희망하는 다양한 직업을 기준으로 하여 해당 직업과 관련된 과학적 요소를 찾도록 한다.,"• 중학교 1∼3학년군 ‘과학과 나의 미래’와 연계된다.
• 인구 문제, 환경 문제 등 미래 사회에 일어날 수 있는 문제의 해결과 관련하여 과학의 유용성을 다룰 때는 과학이 모든 문제를 해결할 수는 없다는 것도 함께 지도한다.
• 과학기술의 발달이 가지고 올 미래 사회의 모습에 맞춰 새로운 진로의 탐색이나 미래의 나를 위한 준비의 필요성을 느낄 수 있도록 지도한다."
5~6,실과,인간 발달과 주도적 삶,"⋅인간 발달에 대한 이해는 자립적인 삶을 이끌고 타인과의 건강한 관계를 형성하는 기초가 된다. 
⋅일상에서 직면하는 문제에 대처할 수 있는 역량은 개인 및 가족의 긍정적 발달과 행복한 일상의 삶을 주도적으로 이끌 수 있게 한다. 
⋅일상에서 직면하는 상호 존중과 협력적 소통에 기반한 관계맺음의 경험은 건강한 대인 관계를 확장하는  밑거름이 된다.
⋅가정일과 생활 습관은 변화하는 일상에서 개인 및 가족의 요구와 문제를 해결해 나갈 수 있게 하면서 생활방식과 진로를 스스로 개척하고 성장하기 위한 바탕이 된다.",6실01-01,아동기의 발달 특징을 이해하고 성장발달에 필요한 조건과 방법을 탐색한다.,"아동기 발달 특징을 이해하고 성장발달에 필요한 조건과 방법을 탐색하며, 발달에는 개인차가 있음을 알아 자신과 타인의 발달에 대해 존중하는 태도를 갖는다.","아동기 발달 특징을 이해하고 성장발달에 필요한 조건과 방법을 탐색하며, 자신과 타인의 발달을 긍정적으로 수용하는 태도를 갖는다.",아동기 발달의 특징을 이해하여 성장발달에 필요한 조건을 확인한다.,"[6실01-01] 이 성취기준은 아동기의 신체, 사회⋅정서, 성, 진로 발달의 특징을 이해하여 자신이 여러 영역에서 발달과정에 있다는 것과 발달의 개인차가 있다는 것을 인식하도록 한다. 또한 건강하게 발달하기 위해서는 가족이나 어른들의 도움만이 아니라 자신의 다양한 노력이 필요함을 이해하여 이를 실천한다.","• 아동기의 발달 단계에 근거하여 성장 발달에 요구되는 핵심 조건과 이를 충족하는 방법 탐색에 초점을 둔다. 특히 개인차로 인해 영역마다 발달의 차이가 있을 수 있음을 이해하여 다른 친구들의 발달을 존중하도록 지도한다. 
• 가족의 역할 수행에서 성역할 고정 관념이나 편견이 형성되지 않도록 하며 생활 속에서 실천할 수 있는 자기관리 방법을 계획하여 실천하도록 지도한다.
• 균형 잡힌 식사나 적절한 옷차림을 지도할 때, 이것이 자신의 성장 발달과 관련되는 구체적인 내용임을 인식하여 실천할 수 있도록 지도한다. 
• 학습자가 진로에 관해 고정관념이나 편견이 있지 않은지 주의 깊게 관찰하여 이에 영향을 받지 않고 자신의 진로를 탐색할 수 있도록 지도한다. "
5~6,실과,인간 발달과 주도적 삶,"⋅인간 발달에 대한 이해는 자립적인 삶을 이끌고 타인과의 건강한 관계를 형성하는 기초가 된다. 
⋅일상에서 직면하는 문제에 대처할 수 있는 역량은 개인 및 가족의 긍정적 발달과 행복한 일상의 삶을 주도적으로 이끌 수 있게 한다. 
⋅일상에서 직면하는 상호 존중과 협력적 소통에 기반한 관계맺음의 경험은 건강한 대인 관계를 확장하는  밑거름이 된다.
⋅가정일과 생활 습관은 변화하는 일상에서 개인 및 가족의 요구와 문제를 해결해 나갈 수 있게 하면서 생활방식과 진로를 스스로 개척하고 성장하기 위한 바탕이 된다.",6실01-02,"건강한 발달을 위한 자기 관리 방법을 탐색하고, 일상생활 속에서 올바른 생활습관과 태도를 갖도록 계획하여 실천한다.","건강한 발달을 위한 조건과 이를 위해 자기 관리가 필요함을 이해하고, 일상생활 속에서 올바른 생활습관과 태도를 갖도록 자기관리 방법을 계획하여 실천한다.","건강한 발달을 위한 조건과 자기 관리 필요성을 이해하고, 일상생활 속에서 올바른 생활습관과 태도를 갖도록 자기 관리 방법을 계획한다.",건강한 발달을 위한 조건을 이해하고 일상생활 속 자기 관리 방법을 탐색한다.,,"• 아동기의 발달 단계에 근거하여 성장 발달에 요구되는 핵심 조건과 이를 충족하는 방법 탐색에 초점을 둔다. 특히 개인차로 인해 영역마다 발달의 차이가 있을 수 있음을 이해하여 다른 친구들의 발달을 존중하도록 지도한다. 
• 가족의 역할 수행에서 성역할 고정 관념이나 편견이 형성되지 않도록 하며 생활 속에서 실천할 수 있는 자기관리 방법을 계획하여 실천하도록 지도한다.
• 균형 잡힌 식사나 적절한 옷차림을 지도할 때, 이것이 자신의 성장 발달과 관련되는 구체적인 내용임을 인식하여 실천할 수 있도록 지도한다. 
• 학습자가 진로에 관해 고정관념이나 편견이 있지 않은지 주의 깊게 관찰하여 이에 영향을 받지 않고 자신의 진로를 탐색할 수 있도록 지도한다. "
5~6,실과,인간 발달과 주도적 삶,"⋅인간 발달에 대한 이해는 자립적인 삶을 이끌고 타인과의 건강한 관계를 형성하는 기초가 된다. 
⋅일상에서 직면하는 문제에 대처할 수 있는 역량은 개인 및 가족의 긍정적 발달과 행복한 일상의 삶을 주도적으로 이끌 수 있게 한다. 
⋅일상에서 직면하는 상호 존중과 협력적 소통에 기반한 관계맺음의 경험은 건강한 대인 관계를 확장하는  밑거름이 된다.
⋅가정일과 생활 습관은 변화하는 일상에서 개인 및 가족의 요구와 문제를 해결해 나갈 수 있게 하면서 생활방식과 진로를 스스로 개척하고 성장하기 위한 바탕이 된다.",6실01-03,건강한 가정생활을 위해 가족원 모두에게 다양한 요구가 있음을 이해하여 서로에 대한 배려와 돌봄을 실천한다.,"건강한 가정생활을 위해서는 가족원 모두에게 있는 다양한 요구에 대해 배려와 돌봄이 필요함을 이해하고, 이를 실천한다.",건강한 가정생활을 위해서는 가족원 모두에게 있는 다양한 요구에 대해 배려와 돌봄이 필요함을 이해한다.,가족에게는 가정생활 속에서 모두 다양한 요구가 있음을 이해한다.,"[6실01-03] 이 성취기준은 삶의 기본적 조건인 의식주생활을 충족시키는 가족의 역할은 가족이 처한 상황이나 조건에 따라 다양할 수 있음을 알도록 하며, 이 과정에서 가정생활의 중요성과 가정일에 있어서 협력적 소통에 기반한 가족의 역할 분담에 대해 이해하고 실천하도록 한다.","• 아동기의 발달 단계에 근거하여 성장 발달에 요구되는 핵심 조건과 이를 충족하는 방법 탐색에 초점을 둔다. 특히 개인차로 인해 영역마다 발달의 차이가 있을 수 있음을 이해하여 다른 친구들의 발달을 존중하도록 지도한다. 
• 가족의 역할 수행에서 성역할 고정 관념이나 편견이 형성되지 않도록 하며 생활 속에서 실천할 수 있는 자기관리 방법을 계획하여 실천하도록 지도한다.
• 균형 잡힌 식사나 적절한 옷차림을 지도할 때, 이것이 자신의 성장 발달과 관련되는 구체적인 내용임을 인식하여 실천할 수 있도록 지도한다. 
• 학습자가 진로에 관해 고정관념이나 편견이 있지 않은지 주의 깊게 관찰하여 이에 영향을 받지 않고 자신의 진로를 탐색할 수 있도록 지도한다. "
5~6,실과,인간 발달과 주도적 삶,"⋅인간 발달에 대한 이해는 자립적인 삶을 이끌고 타인과의 건강한 관계를 형성하는 기초가 된다. 
⋅일상에서 직면하는 문제에 대처할 수 있는 역량은 개인 및 가족의 긍정적 발달과 행복한 일상의 삶을 주도적으로 이끌 수 있게 한다. 
⋅일상에서 직면하는 상호 존중과 협력적 소통에 기반한 관계맺음의 경험은 건강한 대인 관계를 확장하는  밑거름이 된다.
⋅가정일과 생활 습관은 변화하는 일상에서 개인 및 가족의 요구와 문제를 해결해 나갈 수 있게 하면서 생활방식과 진로를 스스로 개척하고 성장하기 위한 바탕이 된다.",6실01-04,균형 잡힌 식사의 중요성과 조건을 탐색하여 자신의 식습관을 검토해 보고 건강한 식습관 형성에 적용한다.,"균형 잡힌 식사의 중요성과 조건을 이해하고 자신의 식습관이 이에 해당되는지 검토, 평가하여 건강한 식습관이 형성될 수 있도록 실천하는 태도를 갖는다.",균형 잡힌 식사의 중요성과 조건을 이해하고 자신의 식습관이 이에 해당되는지 검토하며 건강한 식습관 형성을 위해 관심을 가진다.,균형 잡힌 식사의 중요성을 이해하고 자신의 식습관을 확인한다.,,"• 아동기의 발달 단계에 근거하여 성장 발달에 요구되는 핵심 조건과 이를 충족하는 방법 탐색에 초점을 둔다. 특히 개인차로 인해 영역마다 발달의 차이가 있을 수 있음을 이해하여 다른 친구들의 발달을 존중하도록 지도한다. 
• 가족의 역할 수행에서 성역할 고정 관념이나 편견이 형성되지 않도록 하며 생활 속에서 실천할 수 있는 자기관리 방법을 계획하여 실천하도록 지도한다.
• 균형 잡힌 식사나 적절한 옷차림을 지도할 때, 이것이 자신의 성장 발달과 관련되는 구체적인 내용임을 인식하여 실천할 수 있도록 지도한다. 
• 학습자가 진로에 관해 고정관념이나 편견이 있지 않은지 주의 깊게 관찰하여 이에 영향을 받지 않고 자신의 진로를 탐색할 수 있도록 지도한다. "
5~6,실과,인간 발달과 주도적 삶,"⋅인간 발달에 대한 이해는 자립적인 삶을 이끌고 타인과의 건강한 관계를 형성하는 기초가 된다. 
⋅일상에서 직면하는 문제에 대처할 수 있는 역량은 개인 및 가족의 긍정적 발달과 행복한 일상의 삶을 주도적으로 이끌 수 있게 한다. 
⋅일상에서 직면하는 상호 존중과 협력적 소통에 기반한 관계맺음의 경험은 건강한 대인 관계를 확장하는  밑거름이 된다.
⋅가정일과 생활 습관은 변화하는 일상에서 개인 및 가족의 요구와 문제를 해결해 나갈 수 있게 하면서 생활방식과 진로를 스스로 개척하고 성장하기 위한 바탕이 된다.",6실01-05,옷의 기능을 이해하여 평소 자신의 옷차림을 살펴보고 건강하고 적절한 옷 입기를 실천한다.,"옷의 기능을 이해하고 이를 중심으로 평소 자신의 옷차림을 검토, 평가할 수 있으며, 이에 따라 건강하고 적절한 옷차림을 주도적으로 실천하려는 태도를 갖는다.","옷의 기능을 이해하고 이를 중심으로 평소 자신의 옷차림에 대해 검토, 평가한다.",옷의 기능을 이해하고 평소 자신의 옷차림에 대해 검토한다.,"[6실01-05] 이 성취기준은 옷이 자기 몸을 보호하고 활동을 편하게 하면서 자신을 표현하는 수단임을 이해하도록 하여 때와 장소, 상황에 따라 건강, 안전, 위생, 예절을 고려한 옷차림을 영위하는 능력과 태도를 기르도록 한다.","• 아동기의 발달 단계에 근거하여 성장 발달에 요구되는 핵심 조건과 이를 충족하는 방법 탐색에 초점을 둔다. 특히 개인차로 인해 영역마다 발달의 차이가 있을 수 있음을 이해하여 다른 친구들의 발달을 존중하도록 지도한다. 
• 가족의 역할 수행에서 성역할 고정 관념이나 편견이 형성되지 않도록 하며 생활 속에서 실천할 수 있는 자기관리 방법을 계획하여 실천하도록 지도한다.
• 균형 잡힌 식사나 적절한 옷차림을 지도할 때, 이것이 자신의 성장 발달과 관련되는 구체적인 내용임을 인식하여 실천할 수 있도록 지도한다. 
• 학습자가 진로에 관해 고정관념이나 편견이 있지 않은지 주의 깊게 관찰하여 이에 영향을 받지 않고 자신의 진로를 탐색할 수 있도록 지도한다. "
5~6,실과,인간 발달과 주도적 삶,"⋅인간 발달에 대한 이해는 자립적인 삶을 이끌고 타인과의 건강한 관계를 형성하는 기초가 된다. 
⋅일상에서 직면하는 문제에 대처할 수 있는 역량은 개인 및 가족의 긍정적 발달과 행복한 일상의 삶을 주도적으로 이끌 수 있게 한다. 
⋅일상에서 직면하는 상호 존중과 협력적 소통에 기반한 관계맺음의 경험은 건강한 대인 관계를 확장하는  밑거름이 된다.
⋅가정일과 생활 습관은 변화하는 일상에서 개인 및 가족의 요구와 문제를 해결해 나갈 수 있게 하면서 생활방식과 진로를 스스로 개척하고 성장하기 위한 바탕이 된다.",6실01-06,"가정일을 수행하는 과정에서 일의 가치와 중요성을 이해하고, 가정생활을 유지하는 데 필요한 가정일의 종류를 탐색한다.","가정일의 가치와 중요성, 가정생활에 미치는 영향을 이해하고 가정생활을 유지하는데 필요한 가정일의 종류를 분석하여 실제 가정일 수행에 참여하는 태도를 갖는다.",가정일의 가치와 중요성을 이해하고 가정생활을 유지하는데 필요한 가정일의 종류를 탐색한다.,가정일의 중요성과 가치를 이해한다.,,"• 아동기의 발달 단계에 근거하여 성장 발달에 요구되는 핵심 조건과 이를 충족하는 방법 탐색에 초점을 둔다. 특히 개인차로 인해 영역마다 발달의 차이가 있을 수 있음을 이해하여 다른 친구들의 발달을 존중하도록 지도한다. 
• 가족의 역할 수행에서 성역할 고정 관념이나 편견이 형성되지 않도록 하며 생활 속에서 실천할 수 있는 자기관리 방법을 계획하여 실천하도록 지도한다.
• 균형 잡힌 식사나 적절한 옷차림을 지도할 때, 이것이 자신의 성장 발달과 관련되는 구체적인 내용임을 인식하여 실천할 수 있도록 지도한다. 
• 학습자가 진로에 관해 고정관념이나 편견이 있지 않은지 주의 깊게 관찰하여 이에 영향을 받지 않고 자신의 진로를 탐색할 수 있도록 지도한다. "
5~6,실과,인간 발달과 주도적 삶,"⋅인간 발달에 대한 이해는 자립적인 삶을 이끌고 타인과의 건강한 관계를 형성하는 기초가 된다. 
⋅일상에서 직면하는 문제에 대처할 수 있는 역량은 개인 및 가족의 긍정적 발달과 행복한 일상의 삶을 주도적으로 이끌 수 있게 한다. 
⋅일상에서 직면하는 상호 존중과 협력적 소통에 기반한 관계맺음의 경험은 건강한 대인 관계를 확장하는  밑거름이 된다.
⋅가정일과 생활 습관은 변화하는 일상에서 개인 및 가족의 요구와 문제를 해결해 나갈 수 있게 하면서 생활방식과 진로를 스스로 개척하고 성장하기 위한 바탕이 된다.",6실01-07,"직업의 필요성을 이해하고 적성, 흥미, 성격에 따라 진로 발달 계획을 세우고 주도적으로 탐색한다.","직업과 진로 발달 계획이 필요성을 이해하고 자신의 특성을 스스로 탐색한 후, 이에 따른 자신의 진로 발달계획을 세울 수 있다.",직업과 진로 발달 계획의 필요성을 이해하여 진로 발달계획을 세울 수 있다.,직업의 필요성과 진로 발달 계획이 필요함을 이해한다.,"[6실01-07] 이 성취기준은 가정일 뿐 아니라 직업으로서 일에 대한 필요성을 알고 다양한 직업 중에서 적성, 흥미, 성격 등의 특성을 고려하여 진로 발달 계획을 주도적으로 탐색하도록 한다. ","• 아동기의 발달 단계에 근거하여 성장 발달에 요구되는 핵심 조건과 이를 충족하는 방법 탐색에 초점을 둔다. 특히 개인차로 인해 영역마다 발달의 차이가 있을 수 있음을 이해하여 다른 친구들의 발달을 존중하도록 지도한다. 
• 가족의 역할 수행에서 성역할 고정 관념이나 편견이 형성되지 않도록 하며 생활 속에서 실천할 수 있는 자기관리 방법을 계획하여 실천하도록 지도한다.
• 균형 잡힌 식사나 적절한 옷차림을 지도할 때, 이것이 자신의 성장 발달과 관련되는 구체적인 내용임을 인식하여 실천할 수 있도록 지도한다. 
• 학습자가 진로에 관해 고정관념이나 편견이 있지 않은지 주의 깊게 관찰하여 이에 영향을 받지 않고 자신의 진로를 탐색할 수 있도록 지도한다. "
5~6,실과,생활환경과 지속가능한 선택,"⋅삶의 욕구와 문제를 해결하는 과정에서 인간이 경험하는 생활자원의 제한성은 개인과 가족의 관리능력을 요구한다. 
⋅생활의 기본 조건으로서 의식주 생활의 수행능력을 갖추는 일은 창의적이고 가치 있는 삶을 설계하고 영위할 수 있는 기초가 된다. 
⋅변화하는 생활환경을 안전하고 건강하게 유지하고자 하는 개인과 가족의 책임 있는 행동을 통해 소비자 시민성을 함양할 수 있다. 
⋅일상생활에서 지속가능한 선택을 지향하는 것은 현재 생활공동체와의 공존과 함께 미래 세대의 건강한 삶을 위한 책임 있는 행동이다.",6실02-01,"시간이나 용돈과 같은 생활자원이 제한되어 있음을 이해하고, 생활자원의 사용가치를 높이는 방법을 탐색한다.","시간이나 용돈과 같은 생활자원의 중요성과 제한성을 깊이 이해하고, 그에 따라 사용가치를 높이는 방법을 탐색하며 생활자원을 소중하게 여기는 태도를 갖는다.",시간이나 용돈과 같은 생활자원의 중요성과 제한성을 이해하여 생활자원의 사용가치를 높이는 방법을 탐색한다.,시간이나 용돈과 같은 생활자원의 제한성을 알고 생활자원의 사용가치를 확인한다.,,"• 식재료의 생산과 선택에서 건강과 안전성은 물론 환경을 고려해야 하는 사실을 지도한다. 또한 다양한 식재료의 고유한 맛을 경험하여 아동기에 전통음식을 비롯한 다양한 음식에 대한 수용성을 높일 수 있도록 하기 위해 오감을 활용한 맛 교육을 적용한다.
• 학생들의 학습 부담을 줄이기 위하여 내용 요소로서의 안전 교육은 지양하고 지속가능한 의식주 생활 전반에서 안전한 생활을 위한 예방적 태도를 기를 수 있도록 지도한다. 
• 삶을 유지하기 위해 필요한 제한된 생활자원 관리 및 지속가능한 선택을 위해서 환경적⋅생태적 접근을 바탕으로 생태감수성을 길러 실천할 수 있도록 지도한다. 특히 잔반 적게 남기기, 불필요한 전등 끄기, 일회용품 줄이기, 의복의 재활용 등 지속가능한 의식주 생활을 학생 삶의 장면에 생태전환교육으로 적용하고 실천하도록 하는 데 중점을 둔다.
• 시간과 용돈 관리는 학습자들이 흥미를 갖는 도구(애플리케이션 등)를 활용하는 등 변화하는 생활 방식에 따라 다양한 디지털 기기를 선택하여 활용할 수 있도록 하여 생활자원에 대한 관리에 쉽게 접근하고 적용이 가능하도록 한다."
5~6,실과,생활환경과 지속가능한 선택,"⋅삶의 욕구와 문제를 해결하는 과정에서 인간이 경험하는 생활자원의 제한성은 개인과 가족의 관리능력을 요구한다. 
⋅생활의 기본 조건으로서 의식주 생활의 수행능력을 갖추는 일은 창의적이고 가치 있는 삶을 설계하고 영위할 수 있는 기초가 된다. 
⋅변화하는 생활환경을 안전하고 건강하게 유지하고자 하는 개인과 가족의 책임 있는 행동을 통해 소비자 시민성을 함양할 수 있다. 
⋅일상생활에서 지속가능한 선택을 지향하는 것은 현재 생활공동체와의 공존과 함께 미래 세대의 건강한 삶을 위한 책임 있는 행동이다.",6실02-02,"생활자원 관리의 필요성을 인식하고, 합리적인 생활자원의 보관과 활용방법을 익힌다.",생활자원 관리의 필요성과 보관 및 활용의 중요성을 이해하여 합리적인 방법으로 생활자원을 보관하고 활용하며 소중하게 여기는 태도를 갖는다.,생활자원 관리의 필요성과 보관 및 활용의 중요성을 이해하여 합리적인 방법으로 생활자원을 보관하고 활용한다.,"생활자원 관리의 필요성을 이해하고, 생활자원의 보관과 활용방법을 확인한다.",,"• 식재료의 생산과 선택에서 건강과 안전성은 물론 환경을 고려해야 하는 사실을 지도한다. 또한 다양한 식재료의 고유한 맛을 경험하여 아동기에 전통음식을 비롯한 다양한 음식에 대한 수용성을 높일 수 있도록 하기 위해 오감을 활용한 맛 교육을 적용한다.
• 학생들의 학습 부담을 줄이기 위하여 내용 요소로서의 안전 교육은 지양하고 지속가능한 의식주 생활 전반에서 안전한 생활을 위한 예방적 태도를 기를 수 있도록 지도한다. 
• 삶을 유지하기 위해 필요한 제한된 생활자원 관리 및 지속가능한 선택을 위해서 환경적⋅생태적 접근을 바탕으로 생태감수성을 길러 실천할 수 있도록 지도한다. 특히 잔반 적게 남기기, 불필요한 전등 끄기, 일회용품 줄이기, 의복의 재활용 등 지속가능한 의식주 생활을 학생 삶의 장면에 생태전환교육으로 적용하고 실천하도록 하는 데 중점을 둔다.
• 시간과 용돈 관리는 학습자들이 흥미를 갖는 도구(애플리케이션 등)를 활용하는 등 변화하는 생활 방식에 따라 다양한 디지털 기기를 선택하여 활용할 수 있도록 하여 생활자원에 대한 관리에 쉽게 접근하고 적용이 가능하도록 한다."
5~6,실과,생활환경과 지속가능한 선택,"⋅삶의 욕구와 문제를 해결하는 과정에서 인간이 경험하는 생활자원의 제한성은 개인과 가족의 관리능력을 요구한다. 
⋅생활의 기본 조건으로서 의식주 생활의 수행능력을 갖추는 일은 창의적이고 가치 있는 삶을 설계하고 영위할 수 있는 기초가 된다. 
⋅변화하는 생활환경을 안전하고 건강하게 유지하고자 하는 개인과 가족의 책임 있는 행동을 통해 소비자 시민성을 함양할 수 있다. 
⋅일상생활에서 지속가능한 선택을 지향하는 것은 현재 생활공동체와의 공존과 함께 미래 세대의 건강한 삶을 위한 책임 있는 행동이다.",6실02-03,"생활자원의 올바른 사용이 가정과 환경에 도움이 됨을 이해하고 재활용, 재사용 등 환경을 고려한 관리 방법을 실천한다.","생활자원의 올바른 사용이 가정과 환경에 미치는 영향을 이해하고, 자신의 선택이 공동체의 삶과 환경에 미치는 영향을 고려하여 관리 방법을 실천하며 지속가능한 삶의 태도를 갖는다.",생활자원의 올바른 사용이 가정과 환경에 도움이 되는 것을 이해하고 환경을 고려한 관리 방법을 적용하며 생활자원을 소중하게 여기는 태도를 갖는다.,생활자원의 올바른 사용이 가정과 환경에 도움이 됨을 이해하고 환경을 고려한 관리 방법을 확인한다.,"[6실02-03] 이 성취기준은 옷, 음식, 생활용품 등 생활자원은 올바른 사용 방법 및 사용 후 버리기 여부의 선택과 처리 방법에 따라 또 다른 생활자원이나 혹은 쓰레기가 될 수 있음을 알고 쓰레기 줄이기 및 분리배출 방법 등을 익혀 실천하도록 한다. 아울러 개인과 가족의 자원 사용이 지구환경에 미치는 영향을 이해하여 생활자원을 소중히 여기고 지속가능한 삶의 태도로서 나눔과 기부를 실천하도록 한다. ","• 식재료의 생산과 선택에서 건강과 안전성은 물론 환경을 고려해야 하는 사실을 지도한다. 또한 다양한 식재료의 고유한 맛을 경험하여 아동기에 전통음식을 비롯한 다양한 음식에 대한 수용성을 높일 수 있도록 하기 위해 오감을 활용한 맛 교육을 적용한다.
• 학생들의 학습 부담을 줄이기 위하여 내용 요소로서의 안전 교육은 지양하고 지속가능한 의식주 생활 전반에서 안전한 생활을 위한 예방적 태도를 기를 수 있도록 지도한다. 
• 삶을 유지하기 위해 필요한 제한된 생활자원 관리 및 지속가능한 선택을 위해서 환경적⋅생태적 접근을 바탕으로 생태감수성을 길러 실천할 수 있도록 지도한다. 특히 잔반 적게 남기기, 불필요한 전등 끄기, 일회용품 줄이기, 의복의 재활용 등 지속가능한 의식주 생활을 학생 삶의 장면에 생태전환교육으로 적용하고 실천하도록 하는 데 중점을 둔다.
• 시간과 용돈 관리는 학습자들이 흥미를 갖는 도구(애플리케이션 등)를 활용하는 등 변화하는 생활 방식에 따라 다양한 디지털 기기를 선택하여 활용할 수 있도록 하여 생활자원에 대한 관리에 쉽게 접근하고 적용이 가능하도록 한다."
5~6,실과,생활환경과 지속가능한 선택,"⋅삶의 욕구와 문제를 해결하는 과정에서 인간이 경험하는 생활자원의 제한성은 개인과 가족의 관리능력을 요구한다. 
⋅생활의 기본 조건으로서 의식주 생활의 수행능력을 갖추는 일은 창의적이고 가치 있는 삶을 설계하고 영위할 수 있는 기초가 된다. 
⋅변화하는 생활환경을 안전하고 건강하게 유지하고자 하는 개인과 가족의 책임 있는 행동을 통해 소비자 시민성을 함양할 수 있다. 
⋅일상생활에서 지속가능한 선택을 지향하는 것은 현재 생활공동체와의 공존과 함께 미래 세대의 건강한 삶을 위한 책임 있는 행동이다.",6실02-04,식재료 생산과 선택의 중요성을 인식하고 여러 식재료의 고유하고 다양한 맛을 경험하여 자신의 식사에 적용한다.,"식재료의 생산과 선택의 중요성을 이해하고 여러 식재료의 고유하고 다양한 특징을 경험하여 자신의 식사에 적용할 수 있으며, 친환경적인 식생활의 의미를 알고 지속가능한 식생활을 실천하려는 태도를 갖는다.",식재료의 생산과 선택의 중요성을 이해하고 식재료의 다양하고 고유한 맛을 경험하여 자신의 식사에 적용한다.,식재료의 생산과 선택의 중요성을 이해하여 여러 식재료의 다양한 맛을 경험한다.,"[6실02-04] 이 성취기준은 자연에서 먹거리로 생산되는 다양한 식재료의 맛을 느끼고 즐길 수 있으며 이 과정에서 맛에 대한 경험을 통해 자연이 주는 먹거리의 의미를 이해하고, 이를 편식 교정 등에 적용할 수 있도록 한다. 특히 지역 및 제철 식품의 이용을 통해 친환경적인 식생활의 의미를 알게 한다.","• 식재료의 생산과 선택에서 건강과 안전성은 물론 환경을 고려해야 하는 사실을 지도한다. 또한 다양한 식재료의 고유한 맛을 경험하여 아동기에 전통음식을 비롯한 다양한 음식에 대한 수용성을 높일 수 있도록 하기 위해 오감을 활용한 맛 교육을 적용한다.
• 학생들의 학습 부담을 줄이기 위하여 내용 요소로서의 안전 교육은 지양하고 지속가능한 의식주 생활 전반에서 안전한 생활을 위한 예방적 태도를 기를 수 있도록 지도한다. 
• 삶을 유지하기 위해 필요한 제한된 생활자원 관리 및 지속가능한 선택을 위해서 환경적⋅생태적 접근을 바탕으로 생태감수성을 길러 실천할 수 있도록 지도한다. 특히 잔반 적게 남기기, 불필요한 전등 끄기, 일회용품 줄이기, 의복의 재활용 등 지속가능한 의식주 생활을 학생 삶의 장면에 생태전환교육으로 적용하고 실천하도록 하는 데 중점을 둔다.
• 시간과 용돈 관리는 학습자들이 흥미를 갖는 도구(애플리케이션 등)를 활용하는 등 변화하는 생활 방식에 따라 다양한 디지털 기기를 선택하여 활용할 수 있도록 하여 생활자원에 대한 관리에 쉽게 접근하고 적용이 가능하도록 한다."
5~6,실과,생활환경과 지속가능한 선택,"⋅삶의 욕구와 문제를 해결하는 과정에서 인간이 경험하는 생활자원의 제한성은 개인과 가족의 관리능력을 요구한다. 
⋅생활의 기본 조건으로서 의식주 생활의 수행능력을 갖추는 일은 창의적이고 가치 있는 삶을 설계하고 영위할 수 있는 기초가 된다. 
⋅변화하는 생활환경을 안전하고 건강하게 유지하고자 하는 개인과 가족의 책임 있는 행동을 통해 소비자 시민성을 함양할 수 있다. 
⋅일상생활에서 지속가능한 선택을 지향하는 것은 현재 생활공동체와의 공존과 함께 미래 세대의 건강한 삶을 위한 책임 있는 행동이다.",6실02-05,음식의 조리과정을 체험하여 자신의 간식이나 식사를 스스로 마련하는 식생활을 실천한다.,식재료가 조리를 통해 음식이 되는 과정을 이해하고 자신의 간식이나 식사를 간단한 조리를 통해 만들 수 있으며 이후 스스로 조리를 통해 음식을 마련하려는 실천의 태도를 갖는다.,식재료가 조리를 통해 음식이 되는 과정을 이해하고 자신의 간식이나 식사를 간단한 조리를 통해 만들 수 있다.,식재료가 조리를 통해 음식이 되는 과정을 체험을 통해 이해한다.,,"• 식재료의 생산과 선택에서 건강과 안전성은 물론 환경을 고려해야 하는 사실을 지도한다. 또한 다양한 식재료의 고유한 맛을 경험하여 아동기에 전통음식을 비롯한 다양한 음식에 대한 수용성을 높일 수 있도록 하기 위해 오감을 활용한 맛 교육을 적용한다.
• 학생들의 학습 부담을 줄이기 위하여 내용 요소로서의 안전 교육은 지양하고 지속가능한 의식주 생활 전반에서 안전한 생활을 위한 예방적 태도를 기를 수 있도록 지도한다. 
• 삶을 유지하기 위해 필요한 제한된 생활자원 관리 및 지속가능한 선택을 위해서 환경적⋅생태적 접근을 바탕으로 생태감수성을 길러 실천할 수 있도록 지도한다. 특히 잔반 적게 남기기, 불필요한 전등 끄기, 일회용품 줄이기, 의복의 재활용 등 지속가능한 의식주 생활을 학생 삶의 장면에 생태전환교육으로 적용하고 실천하도록 하는 데 중점을 둔다.
• 시간과 용돈 관리는 학습자들이 흥미를 갖는 도구(애플리케이션 등)를 활용하는 등 변화하는 생활 방식에 따라 다양한 디지털 기기를 선택하여 활용할 수 있도록 하여 생활자원에 대한 관리에 쉽게 접근하고 적용이 가능하도록 한다."
5~6,실과,생활환경과 지속가능한 선택,"⋅삶의 욕구와 문제를 해결하는 과정에서 인간이 경험하는 생활자원의 제한성은 개인과 가족의 관리능력을 요구한다. 
⋅생활의 기본 조건으로서 의식주 생활의 수행능력을 갖추는 일은 창의적이고 가치 있는 삶을 설계하고 영위할 수 있는 기초가 된다. 
⋅변화하는 생활환경을 안전하고 건강하게 유지하고자 하는 개인과 가족의 책임 있는 행동을 통해 소비자 시민성을 함양할 수 있다. 
⋅일상생활에서 지속가능한 선택을 지향하는 것은 현재 생활공동체와의 공존과 함께 미래 세대의 건강한 삶을 위한 책임 있는 행동이다.",6실02-06,"우리나라 밥상차림을 이해하고, 함께 식사하는 즐거움을 경험하면서 이 과정에서 식사 예절을 실천한다.","우리나라의 밥상차림의 특징을 이해하고, 함께 식사할 때의 즐거움을 경험하며 이 과정에서 식사 예절이 필요함을 인식하고 이를 실천하는 태도를 갖는다.","우리나라 밥상차림의 특징을 이해하고, 함께 식사할 때의 즐거움을 느끼고 식사 예절이 필요함을 인식한다.",우리나라 밥상차림의 특징을 이해하며 함께 식사하는 즐거움을 경험한다.,[6실02-06] 이 성취기준은 먹는다는 것의 의미와 음식문화의 기본으로서 우리나라의 고유한 식사 형식인 밥상차림을 이해하도록 한다. 또한 음식을 준비하여 함께 먹는 의미와 즐거움을 경험할 수 있도록 하며 이 과정에서 식사예절이 필요함을 인식하고 이를 실천할 수 있도록 한다.,"• 식재료의 생산과 선택에서 건강과 안전성은 물론 환경을 고려해야 하는 사실을 지도한다. 또한 다양한 식재료의 고유한 맛을 경험하여 아동기에 전통음식을 비롯한 다양한 음식에 대한 수용성을 높일 수 있도록 하기 위해 오감을 활용한 맛 교육을 적용한다.
• 학생들의 학습 부담을 줄이기 위하여 내용 요소로서의 안전 교육은 지양하고 지속가능한 의식주 생활 전반에서 안전한 생활을 위한 예방적 태도를 기를 수 있도록 지도한다. 
• 삶을 유지하기 위해 필요한 제한된 생활자원 관리 및 지속가능한 선택을 위해서 환경적⋅생태적 접근을 바탕으로 생태감수성을 길러 실천할 수 있도록 지도한다. 특히 잔반 적게 남기기, 불필요한 전등 끄기, 일회용품 줄이기, 의복의 재활용 등 지속가능한 의식주 생활을 학생 삶의 장면에 생태전환교육으로 적용하고 실천하도록 하는 데 중점을 둔다.
• 시간과 용돈 관리는 학습자들이 흥미를 갖는 도구(애플리케이션 등)를 활용하는 등 변화하는 생활 방식에 따라 다양한 디지털 기기를 선택하여 활용할 수 있도록 하여 생활자원에 대한 관리에 쉽게 접근하고 적용이 가능하도록 한다."
5~6,실과,생활환경과 지속가능한 선택,"⋅삶의 욕구와 문제를 해결하는 과정에서 인간이 경험하는 생활자원의 제한성은 개인과 가족의 관리능력을 요구한다. 
⋅생활의 기본 조건으로서 의식주 생활의 수행능력을 갖추는 일은 창의적이고 가치 있는 삶을 설계하고 영위할 수 있는 기초가 된다. 
⋅변화하는 생활환경을 안전하고 건강하게 유지하고자 하는 개인과 가족의 책임 있는 행동을 통해 소비자 시민성을 함양할 수 있다. 
⋅일상생활에서 지속가능한 선택을 지향하는 것은 현재 생활공동체와의 공존과 함께 미래 세대의 건강한 삶을 위한 책임 있는 행동이다.",6실02-07,의생활 용품이 만들어지는 과정을 탐색하여 옷이나 생활용품이 어떻게 구성되는지를 설명한다.,일상생활에서 사용하는 의생활 용품이 어떻게 구성되어 만들어 진 것인지 탐색하고 구성의 원리와 제작의 절차를 이해하여 설명한다.,일상생활에서 사용하는 의생활 용품이 만들어지는 과정을 탐색하여 옷이나 생활용품의 구성의 원리를 이해한다.,일상생활의 의생활 용품이 어떤 과정을 통해 만들어지는지 이해한다.,,"• 식재료의 생산과 선택에서 건강과 안전성은 물론 환경을 고려해야 하는 사실을 지도한다. 또한 다양한 식재료의 고유한 맛을 경험하여 아동기에 전통음식을 비롯한 다양한 음식에 대한 수용성을 높일 수 있도록 하기 위해 오감을 활용한 맛 교육을 적용한다.
• 학생들의 학습 부담을 줄이기 위하여 내용 요소로서의 안전 교육은 지양하고 지속가능한 의식주 생활 전반에서 안전한 생활을 위한 예방적 태도를 기를 수 있도록 지도한다. 
• 삶을 유지하기 위해 필요한 제한된 생활자원 관리 및 지속가능한 선택을 위해서 환경적⋅생태적 접근을 바탕으로 생태감수성을 길러 실천할 수 있도록 지도한다. 특히 잔반 적게 남기기, 불필요한 전등 끄기, 일회용품 줄이기, 의복의 재활용 등 지속가능한 의식주 생활을 학생 삶의 장면에 생태전환교육으로 적용하고 실천하도록 하는 데 중점을 둔다.
• 시간과 용돈 관리는 학습자들이 흥미를 갖는 도구(애플리케이션 등)를 활용하는 등 변화하는 생활 방식에 따라 다양한 디지털 기기를 선택하여 활용할 수 있도록 하여 생활자원에 대한 관리에 쉽게 접근하고 적용이 가능하도록 한다."
5~6,실과,생활환경과 지속가능한 선택,"⋅삶의 욕구와 문제를 해결하는 과정에서 인간이 경험하는 생활자원의 제한성은 개인과 가족의 관리능력을 요구한다. 
⋅생활의 기본 조건으로서 의식주 생활의 수행능력을 갖추는 일은 창의적이고 가치 있는 삶을 설계하고 영위할 수 있는 기초가 된다. 
⋅변화하는 생활환경을 안전하고 건강하게 유지하고자 하는 개인과 가족의 책임 있는 행동을 통해 소비자 시민성을 함양할 수 있다. 
⋅일상생활에서 지속가능한 선택을 지향하는 것은 현재 생활공동체와의 공존과 함께 미래 세대의 건강한 삶을 위한 책임 있는 행동이다.",6실02-08,다양한 도구와 재료를 활용하여 간단한 생활용품을 만들어 보면서 직접 만들어 쓰는 즐거움과 창의적 태도를 가진다.,"다양한 도구와 재료를 활용하여 간단한 생활용품을 만들 수 있음을 이해하고 구성 원리와 제작 절차에 따라 직접 만들 수 있으며, 이 과정에서 만들어 쓰는 즐거움과 창의적 태도를 갖는다.",다양한 도구와 재료를 활용하여 간단한 생활용품을 만들 수 있음을 이해하고 직접 만드는 과정에서 만들어 쓰는 즐거움을과 창의적 태도를 갖는다.,다양한 도구와 재료를 활용하여 간단한 생활용품을 만들 수 있다.,"[6실02-08] 이 성취기준은 다양한 바느질 도구와 재료를 활용하여 간단한 생활용품을 만들어 보는 과정에서 즐거움과 의미를 느낄 수 있도록 한다. 아울러 이러한 활동을 통해 손 조작 능력, 도전성, 창의성 등 다양한 능력을 향상할 수 있도록 한다. ","• 식재료의 생산과 선택에서 건강과 안전성은 물론 환경을 고려해야 하는 사실을 지도한다. 또한 다양한 식재료의 고유한 맛을 경험하여 아동기에 전통음식을 비롯한 다양한 음식에 대한 수용성을 높일 수 있도록 하기 위해 오감을 활용한 맛 교육을 적용한다.
• 학생들의 학습 부담을 줄이기 위하여 내용 요소로서의 안전 교육은 지양하고 지속가능한 의식주 생활 전반에서 안전한 생활을 위한 예방적 태도를 기를 수 있도록 지도한다. 
• 삶을 유지하기 위해 필요한 제한된 생활자원 관리 및 지속가능한 선택을 위해서 환경적⋅생태적 접근을 바탕으로 생태감수성을 길러 실천할 수 있도록 지도한다. 특히 잔반 적게 남기기, 불필요한 전등 끄기, 일회용품 줄이기, 의복의 재활용 등 지속가능한 의식주 생활을 학생 삶의 장면에 생태전환교육으로 적용하고 실천하도록 하는 데 중점을 둔다.
• 시간과 용돈 관리는 학습자들이 흥미를 갖는 도구(애플리케이션 등)를 활용하는 등 변화하는 생활 방식에 따라 다양한 디지털 기기를 선택하여 활용할 수 있도록 하여 생활자원에 대한 관리에 쉽게 접근하고 적용이 가능하도록 한다."
5~6,실과,생활환경과 지속가능한 선택,"⋅삶의 욕구와 문제를 해결하는 과정에서 인간이 경험하는 생활자원의 제한성은 개인과 가족의 관리능력을 요구한다. 
⋅생활의 기본 조건으로서 의식주 생활의 수행능력을 갖추는 일은 창의적이고 가치 있는 삶을 설계하고 영위할 수 있는 기초가 된다. 
⋅변화하는 생활환경을 안전하고 건강하게 유지하고자 하는 개인과 가족의 책임 있는 행동을 통해 소비자 시민성을 함양할 수 있다. 
⋅일상생활에서 지속가능한 선택을 지향하는 것은 현재 생활공동체와의 공존과 함께 미래 세대의 건강한 삶을 위한 책임 있는 행동이다.",6실02-09,간단한 옷의 수선 등 의생활과 관련된 문제를 스스로 해결하려는 태도를 가진다.,"일상생활 속 의생활과 관련된 문제를 이해하고 문제해결의 필요성을 인식하며, 간단한 수선 등 이를 해결하기 위한 방안을 탐색하여 스스로 해결한다.",일상생활 속 의생활과 관련된 문제를 이해하고 문제해결의 필요성을 인식하여 간단한 수선 등 이를 해결하기 위한 방안을 탐색한다.,일상생활 속 의생활과 관련하여 발생한 문제에 대하여 문제해결의 필요성을 인식한다.,,"• 식재료의 생산과 선택에서 건강과 안전성은 물론 환경을 고려해야 하는 사실을 지도한다. 또한 다양한 식재료의 고유한 맛을 경험하여 아동기에 전통음식을 비롯한 다양한 음식에 대한 수용성을 높일 수 있도록 하기 위해 오감을 활용한 맛 교육을 적용한다.
• 학생들의 학습 부담을 줄이기 위하여 내용 요소로서의 안전 교육은 지양하고 지속가능한 의식주 생활 전반에서 안전한 생활을 위한 예방적 태도를 기를 수 있도록 지도한다. 
• 삶을 유지하기 위해 필요한 제한된 생활자원 관리 및 지속가능한 선택을 위해서 환경적⋅생태적 접근을 바탕으로 생태감수성을 길러 실천할 수 있도록 지도한다. 특히 잔반 적게 남기기, 불필요한 전등 끄기, 일회용품 줄이기, 의복의 재활용 등 지속가능한 의식주 생활을 학생 삶의 장면에 생태전환교육으로 적용하고 실천하도록 하는 데 중점을 둔다.
• 시간과 용돈 관리는 학습자들이 흥미를 갖는 도구(애플리케이션 등)를 활용하는 등 변화하는 생활 방식에 따라 다양한 디지털 기기를 선택하여 활용할 수 있도록 하여 생활자원에 대한 관리에 쉽게 접근하고 적용이 가능하도록 한다."
5~6,실과,생활환경과 지속가능한 선택,"⋅삶의 욕구와 문제를 해결하는 과정에서 인간이 경험하는 생활자원의 제한성은 개인과 가족의 관리능력을 요구한다. 
⋅생활의 기본 조건으로서 의식주 생활의 수행능력을 갖추는 일은 창의적이고 가치 있는 삶을 설계하고 영위할 수 있는 기초가 된다. 
⋅변화하는 생활환경을 안전하고 건강하게 유지하고자 하는 개인과 가족의 책임 있는 행동을 통해 소비자 시민성을 함양할 수 있다. 
⋅일상생활에서 지속가능한 선택을 지향하는 것은 현재 생활공동체와의 공존과 함께 미래 세대의 건강한 삶을 위한 책임 있는 행동이다.",6실02-10,"자신의 생활공간을 쾌적하고 위생적으로 관리하는 것의 중요성을 알고, 정리정돈과 청소 및 쓰레기 처리의 방법을 익혀 실천한다.","자신의 생활공간이 쾌적하고 위생적이 되기 위한 관리의 중요성과 필요성을 이해하고 정리정돈, 청소, 쓰레기 처리 등의 관리 방법을 탐색하여 실제 이를 실천하는 태도를 갖는다.","자신의 생활공간이 쾌적하고 위생적이 되기 위한 관리의 중요성과 필요성을 이해하고 정리정돈, 청소, 쓰레기 처리 등의 관리 방법을 탐색한다.",자신의 생활공간이 쾌적하고 위생적이 되도록 생활공간을 관리해야 하는 필요성을 이해한다.,,"• 식재료의 생산과 선택에서 건강과 안전성은 물론 환경을 고려해야 하는 사실을 지도한다. 또한 다양한 식재료의 고유한 맛을 경험하여 아동기에 전통음식을 비롯한 다양한 음식에 대한 수용성을 높일 수 있도록 하기 위해 오감을 활용한 맛 교육을 적용한다.
• 학생들의 학습 부담을 줄이기 위하여 내용 요소로서의 안전 교육은 지양하고 지속가능한 의식주 생활 전반에서 안전한 생활을 위한 예방적 태도를 기를 수 있도록 지도한다. 
• 삶을 유지하기 위해 필요한 제한된 생활자원 관리 및 지속가능한 선택을 위해서 환경적⋅생태적 접근을 바탕으로 생태감수성을 길러 실천할 수 있도록 지도한다. 특히 잔반 적게 남기기, 불필요한 전등 끄기, 일회용품 줄이기, 의복의 재활용 등 지속가능한 의식주 생활을 학생 삶의 장면에 생태전환교육으로 적용하고 실천하도록 하는 데 중점을 둔다.
• 시간과 용돈 관리는 학습자들이 흥미를 갖는 도구(애플리케이션 등)를 활용하는 등 변화하는 생활 방식에 따라 다양한 디지털 기기를 선택하여 활용할 수 있도록 하여 생활자원에 대한 관리에 쉽게 접근하고 적용이 가능하도록 한다."
5~6,실과,생활환경과 지속가능한 선택,"⋅삶의 욕구와 문제를 해결하는 과정에서 인간이 경험하는 생활자원의 제한성은 개인과 가족의 관리능력을 요구한다. 
⋅생활의 기본 조건으로서 의식주 생활의 수행능력을 갖추는 일은 창의적이고 가치 있는 삶을 설계하고 영위할 수 있는 기초가 된다. 
⋅변화하는 생활환경을 안전하고 건강하게 유지하고자 하는 개인과 가족의 책임 있는 행동을 통해 소비자 시민성을 함양할 수 있다. 
⋅일상생활에서 지속가능한 선택을 지향하는 것은 현재 생활공동체와의 공존과 함께 미래 세대의 건강한 삶을 위한 책임 있는 행동이다.",6실02-11,생태 지향적 삶을 위해 자신의 의식주 생활에서 할 수 있는 구체적인 행동을 계획하여 실천한다.,자신의 의식주 생활에서 생태지향적인 삶의 필요성과 의미를 이해하여 이를 구체화 할 수 있는 방법을 탐색하고 계획하여 실천하려는 태도를 갖는다.,자신의 의식주 생활에서 생태지향적 삶의 필요성과 의미를 이해하여 이를 구체화 할 수 있는 방법을 탐색한다.,일상생활 속 생태지향적 삶의 필요성과 의미를 이해한다.,"[6실02-11] 이 성취기준은 건강과 환경을 생각하고 배려의 마음이 깃든 생태 지향적 삶이 왜 필요하고 중요한지를 이해하고, 평소 자신의 의식주 생활습관을 살펴보면서 이를 바탕으로 하여 지속가능한 의식주생활을 위한 구체적인 행동을 계획하고 실천하도록 한다.","• 식재료의 생산과 선택에서 건강과 안전성은 물론 환경을 고려해야 하는 사실을 지도한다. 또한 다양한 식재료의 고유한 맛을 경험하여 아동기에 전통음식을 비롯한 다양한 음식에 대한 수용성을 높일 수 있도록 하기 위해 오감을 활용한 맛 교육을 적용한다.
• 학생들의 학습 부담을 줄이기 위하여 내용 요소로서의 안전 교육은 지양하고 지속가능한 의식주 생활 전반에서 안전한 생활을 위한 예방적 태도를 기를 수 있도록 지도한다. 
• 삶을 유지하기 위해 필요한 제한된 생활자원 관리 및 지속가능한 선택을 위해서 환경적⋅생태적 접근을 바탕으로 생태감수성을 길러 실천할 수 있도록 지도한다. 특히 잔반 적게 남기기, 불필요한 전등 끄기, 일회용품 줄이기, 의복의 재활용 등 지속가능한 의식주 생활을 학생 삶의 장면에 생태전환교육으로 적용하고 실천하도록 하는 데 중점을 둔다.
• 시간과 용돈 관리는 학습자들이 흥미를 갖는 도구(애플리케이션 등)를 활용하는 등 변화하는 생활 방식에 따라 다양한 디지털 기기를 선택하여 활용할 수 있도록 하여 생활자원에 대한 관리에 쉽게 접근하고 적용이 가능하도록 한다."
5~6,실과,기술적 문제해결과 혁신,"⋅기술은 인간의 필요와 욕구를 충족하기 위한 혁신적인 문제 해결 활동으로 인류 문명을 주도하고 사회⋅문화⋅경제 등에 바람직한 영향을 끼치도록 활용되어야 한다. 
⋅인간은 기술적 문제 해결 과정을 통해 발명 문제를 창의적으로 해결하며, 지식재산에 대한 보호 및 발명과 혁신은 기술의 가치를 높인다.
⋅창의적인 제품의 개발은 기술적 문제 해결 과정을 통해 이루어지며, 제품을 생산하기 위해서는 설계 활동 및 다양한 재료와 도구의 활용이 필요하다. 
⋅친환경 에너지를 활용한 수송 수단은 자원의 고갈과 환경 문제를 극복하는 대안이며, 혁신적 수송 수단과 물류 체제 구축은 제품의 효율적인 수송을 가능하게 한다. ",6실03-01,"발명의 의미를 이해하고, 일상생활을 바꾼 발명품을 탐색하여 발명과 기술에 대한 중요성과 가치를 인식한다.",발명의 의미를 이해하고 일상생활을 바꾼 발명품의 문제해결 사례를 탐색하여 발명과 기술의 중요성과 가치를 인식한다.,발명의 의미를 이해하고 일상생활을 바꾼 발명품의 사례를 탐색하여 발명과 기술의 중요성과 가치를 인식한다.,발명의 의미를 이해하고 발명과 기술에 대한 관심과 흥미를 갖는다.,[6실03-01] 이 성취기준은 발명의 의미를 발견과 비교하여 이해하도록 하고 일상생활에 영향을 끼친 다양한 발명품 사례를 탐색하도록 한다. 또한 발명품 중에서 소외된 지역의 사람들에게 도움을 주는 적정기술 사례를 찾아 나눔과 공유의 가치를 인식하도록 한다. ,"• 발명, 수송 등이 일상생활의 문제와 연결되어 있음을 이해시키고 그것의 개념을 탐색하는 과정에서 기술적 문제 해결과 발명 개념을 강조한다. 
• 창의적인 발명 문제해결과 수송 수단을 만드는 과정에서 자신과 연결된 문제들을 공유와 협업에 기반을 두고 실제로 해결하는 메이커 활동을 통해 건강한 시민으로서의 기본 소양을 갖추도록 한다.
• 메이커 활동의 재료는 일상생활 속에서 손쉽게 구할 수 있는 것을 활용하되 생활 속에서 버려진 재료도 재활용하여 생태전환 측면에도 기여하도록 하고, 로봇과 연계하여 교수⋅학습 내용이 영역 간 내용이 융합되도록 한다."
5~6,실과,기술적 문제해결과 혁신,"⋅기술은 인간의 필요와 욕구를 충족하기 위한 혁신적인 문제 해결 활동으로 인류 문명을 주도하고 사회⋅문화⋅경제 등에 바람직한 영향을 끼치도록 활용되어야 한다. 
⋅인간은 기술적 문제 해결 과정을 통해 발명 문제를 창의적으로 해결하며, 지식재산에 대한 보호 및 발명과 혁신은 기술의 가치를 높인다.
⋅창의적인 제품의 개발은 기술적 문제 해결 과정을 통해 이루어지며, 제품을 생산하기 위해서는 설계 활동 및 다양한 재료와 도구의 활용이 필요하다. 
⋅친환경 에너지를 활용한 수송 수단은 자원의 고갈과 환경 문제를 극복하는 대안이며, 혁신적 수송 수단과 물류 체제 구축은 제품의 효율적인 수송을 가능하게 한다. ",6실03-02,"발명사고기법과 기술적 문제 해결 과정을 이해하고, 다양한 재료를 활용하여 생활 속 문제를 해결할 수 있는 창의적인 제품을 구상하고 만들어 봄으로써 실천적 태도를 갖는다.",발명사고기법의 의미와 기술적 문제해결 과정을 이해하고 다양한 재료를 활용하여 생활 속 문제를 해결할 수 있는 창의적인 제품을 구상 및 제작하여 생활 문제 해결의 실천적 태도를 갖는다.,발명사고기법의 의미를 이해하고 생활 속 문제를 해결할 수 있는 창의적인 제품을 구상 및 제작하여 생활 문제 해결의 중요성을 인식한다.,발명사고기법의 의미를 이해하고 생활 속 문제를 해결할 수 있는 창의적인 제품을 탐색하여 창의적인 제품 만들기에 대한 관심과 흥미를 갖는다.,"[6실03-02] 이 성취기준은 일상생활에서 불편한 문제를 찾고 이를 해결하기 위하여 다양한 발명 사고 기법을 적용하여 개선된 아이디어를 내도록 한다. 이를 위해 기술적 문제해결 과정(문제 확인, 아이디어 탐색 및 구체화, 실행, 평가)에 따라 창의적인 물건을 구상하고 만들어서 공유하는 메이커 활동으로 연결되도록 한다. ","• 발명, 수송 등이 일상생활의 문제와 연결되어 있음을 이해시키고 그것의 개념을 탐색하는 과정에서 기술적 문제 해결과 발명 개념을 강조한다. 
• 창의적인 발명 문제해결과 수송 수단을 만드는 과정에서 자신과 연결된 문제들을 공유와 협업에 기반을 두고 실제로 해결하는 메이커 활동을 통해 건강한 시민으로서의 기본 소양을 갖추도록 한다.
• 메이커 활동의 재료는 일상생활 속에서 손쉽게 구할 수 있는 것을 활용하되 생활 속에서 버려진 재료도 재활용하여 생태전환 측면에도 기여하도록 하고, 로봇과 연계하여 교수⋅학습 내용이 영역 간 내용이 융합되도록 한다."
5~6,실과,기술적 문제해결과 혁신,"⋅기술은 인간의 필요와 욕구를 충족하기 위한 혁신적인 문제 해결 활동으로 인류 문명을 주도하고 사회⋅문화⋅경제 등에 바람직한 영향을 끼치도록 활용되어야 한다. 
⋅인간은 기술적 문제 해결 과정을 통해 발명 문제를 창의적으로 해결하며, 지식재산에 대한 보호 및 발명과 혁신은 기술의 가치를 높인다.
⋅창의적인 제품의 개발은 기술적 문제 해결 과정을 통해 이루어지며, 제품을 생산하기 위해서는 설계 활동 및 다양한 재료와 도구의 활용이 필요하다. 
⋅친환경 에너지를 활용한 수송 수단은 자원의 고갈과 환경 문제를 극복하는 대안이며, 혁신적 수송 수단과 물류 체제 구축은 제품의 효율적인 수송을 가능하게 한다. ",6실03-03,"발명과 특허의 관계를 이해하고, 특허 침해 사례를 통하여 지식재산권의 중요성을 인식하여 올바른 방법으로 활용한다.","발명과 특허의 관계와 지식재산권의 의미를 이해하고, 발명품의 특허 정보를 검색하고 침해 사례를 분석하여 지식재산권 활용의 올바른 태도를 갖는다.",발명과 특허의 관계를 이해하고 발명품의 특허 침해 사례를 조사하여 지식재산권의 중요성을 인식한다.,발명과 특허의 관계를 이해하고 지식재산권에 대한 관심과 흥미를 갖는다.,,"• 발명, 수송 등이 일상생활의 문제와 연결되어 있음을 이해시키고 그것의 개념을 탐색하는 과정에서 기술적 문제 해결과 발명 개념을 강조한다. 
• 창의적인 발명 문제해결과 수송 수단을 만드는 과정에서 자신과 연결된 문제들을 공유와 협업에 기반을 두고 실제로 해결하는 메이커 활동을 통해 건강한 시민으로서의 기본 소양을 갖추도록 한다.
• 메이커 활동의 재료는 일상생활 속에서 손쉽게 구할 수 있는 것을 활용하되 생활 속에서 버려진 재료도 재활용하여 생태전환 측면에도 기여하도록 하고, 로봇과 연계하여 교수⋅학습 내용이 영역 간 내용이 융합되도록 한다."
5~6,실과,기술적 문제해결과 혁신,"⋅기술은 인간의 필요와 욕구를 충족하기 위한 혁신적인 문제 해결 활동으로 인류 문명을 주도하고 사회⋅문화⋅경제 등에 바람직한 영향을 끼치도록 활용되어야 한다. 
⋅인간은 기술적 문제 해결 과정을 통해 발명 문제를 창의적으로 해결하며, 지식재산에 대한 보호 및 발명과 혁신은 기술의 가치를 높인다.
⋅창의적인 제품의 개발은 기술적 문제 해결 과정을 통해 이루어지며, 제품을 생산하기 위해서는 설계 활동 및 다양한 재료와 도구의 활용이 필요하다. 
⋅친환경 에너지를 활용한 수송 수단은 자원의 고갈과 환경 문제를 극복하는 대안이며, 혁신적 수송 수단과 물류 체제 구축은 제품의 효율적인 수송을 가능하게 한다. ",6실03-04,수송의 의미와 수송 수단의 발달과정에 대한 이해를 바탕으로 생활 속 다양한 수송 수단을 탐색한다.,수송의 의미와 수송 수단의 발달과정을 이해하고 생활 속에서 이용되는 다양한 수송 수단을 탐색하여 중요성을 인식한다.,수송의 의미를 이해하고 생활 속에서 이용되고 있는 수송 수단을 탐색하여 수송 수단의 중요성을 인식한다.,수송의 의미를 이해하고 생활 속 수송 수단을 탐색한다.,,"• 발명, 수송 등이 일상생활의 문제와 연결되어 있음을 이해시키고 그것의 개념을 탐색하는 과정에서 기술적 문제 해결과 발명 개념을 강조한다. 
• 창의적인 발명 문제해결과 수송 수단을 만드는 과정에서 자신과 연결된 문제들을 공유와 협업에 기반을 두고 실제로 해결하는 메이커 활동을 통해 건강한 시민으로서의 기본 소양을 갖추도록 한다.
• 메이커 활동의 재료는 일상생활 속에서 손쉽게 구할 수 있는 것을 활용하되 생활 속에서 버려진 재료도 재활용하여 생태전환 측면에도 기여하도록 하고, 로봇과 연계하여 교수⋅학습 내용이 영역 간 내용이 융합되도록 한다."
5~6,실과,기술적 문제해결과 혁신,"⋅기술은 인간의 필요와 욕구를 충족하기 위한 혁신적인 문제 해결 활동으로 인류 문명을 주도하고 사회⋅문화⋅경제 등에 바람직한 영향을 끼치도록 활용되어야 한다. 
⋅인간은 기술적 문제 해결 과정을 통해 발명 문제를 창의적으로 해결하며, 지식재산에 대한 보호 및 발명과 혁신은 기술의 가치를 높인다.
⋅창의적인 제품의 개발은 기술적 문제 해결 과정을 통해 이루어지며, 제품을 생산하기 위해서는 설계 활동 및 다양한 재료와 도구의 활용이 필요하다. 
⋅친환경 에너지를 활용한 수송 수단은 자원의 고갈과 환경 문제를 극복하는 대안이며, 혁신적 수송 수단과 물류 체제 구축은 제품의 효율적인 수송을 가능하게 한다. ",6실03-05,"수송 수단의 구성 요소를 이해하고, 친환경 에너지를 적용한 다양한 수송 수단의 시제품을 만들어 수송기술의 가치를 인식한다.",수송 수단의 구성 요소를 이해하고 수송 수단의 구성 요소와 친환경 에너지를 적용한 수송 수단을 구상 및 제작함으로써 수송 기술의 가치를 인식한다.,수송 수단의 구성 요소를 이해하고 수송 수단의 구성 요소와 친환경 에너지를 적용한 수송 수단을 구상 및 제작한다.,수송 수단의 구성 요소를 이해하고 수송 수단의 구성 요소를 적용한 수송 수단을 구상 및 제작한다.,"[6실03-05] 이 성취기준은 수송 수단의 기본 요소가 구동장치, 조향장치, 제동장치 등으로 구성되어 있음을 일상생활에서의 수송 수단 사례를 들어 설명하여 간단한 수송 수단을 만들고 공유하는 메이커 활동으로 연결한다. 수송 수단의 구동장치를 작동시키기 위하여 태양광 전지와 같은 친환경 에너지를 사용하여 수송 수단을 만들어 보면서 수송기술의 중요성과 가치를 인식하도록 한다.","• 발명, 수송 등이 일상생활의 문제와 연결되어 있음을 이해시키고 그것의 개념을 탐색하는 과정에서 기술적 문제 해결과 발명 개념을 강조한다. 
• 창의적인 발명 문제해결과 수송 수단을 만드는 과정에서 자신과 연결된 문제들을 공유와 협업에 기반을 두고 실제로 해결하는 메이커 활동을 통해 건강한 시민으로서의 기본 소양을 갖추도록 한다.
• 메이커 활동의 재료는 일상생활 속에서 손쉽게 구할 수 있는 것을 활용하되 생활 속에서 버려진 재료도 재활용하여 생태전환 측면에도 기여하도록 하고, 로봇과 연계하여 교수⋅학습 내용이 영역 간 내용이 융합되도록 한다."
5~6,실과,지속가능한 기술과 융합,"⋅건설기술은 쾌적하고 편리하며 안전한 생활을 위한 다양한 설계와 시공 및 유지관리 방법을 적용하고 있으며, 다른 산업의 수행을 위한 기반 요소로서 가치를 가진다.
⋅로봇은 기계요소, 전기전자 등의 하드웨어와 이를 제어하는 소프트웨어로 구성되며, 여러 가지 기술과 지식이 적용된 첨단 융합기술의 산물로서 사회 각 분야에 활용된다.
⋅정보통신 기술의 발달은 시공간 극복을 통해 정보와 문화의 교류 및 세계화에 기여해왔으며, 다양한 기술과 융합하여 인간을 새로운 영역으로 이끈다. 
⋅생명기술은 다양한 기술과 융합하여 발달하고 있으며, 식량자원의 활용과 농업의 순환체험은 지속가능한 미래생활을 위한 기초가 된다.",6실04-01,"친환경 건설 구조물을 이해하고, 생활 속 건설 구조물을 탐색하여 간단한 구조물을 체험하면서 건설기술에 대한 가치를 인식한다.",친환경 건설 구조물을 이해하고 생활 속 건설 구조물을 탐색하여 간단한 구조물을 체험하면서 건설기술의 개념과 가치에 대해서 인식한다.,생활 속 건설 구조물을 탐색하여 간단한 구조물을 체험하면서 건설기술에 대한 가치를 인식한다.,생활 속 건설 구조물을 탐색하여 간단한 구조물을 체험하면서 건설기술에 대한 관심과 흥미를 갖는다.,"[6실04-01] 이 성취기준은 건설기술의 의미와 특성에 대한 이해를 바탕으로 건설 구조물에는 건축 구조물과 토목 구조물이 있음을 알고 건설 구조물을 탐색하는 체험 활동을 통해 중등의 건설기술과 연계되도록 설정하였다. 특히, 최근 대두되고 있는 친환경 건설 구조물의 사례를 탐색하고 간단한 구조물을 만드는 메이커 활동을 제시한다. ","• 일상생활과 연결되어 있는 건설, 정보 기술의 가치를 인식시키고, 지속가능성과 융합적 사고에 기초하여 체험 과정에서 나타나는 문제를 해결하도록 한다. 
• 로봇의 개념과 구조, 작동 원리를 이해하고 앞으로의 발달 사례를 예측하고 블록기반 코딩 프로그램의 적용을 통한 로봇 작동 체험과 인공지능을 연계하여 미래의 로봇에 대한 흥미와 관심이 유발되도록 한다. 
• 식물 가꾸기, 동물 기르기와 같은 체험활동을 통해 자연과의 교감, 생명존중, 책임감 등과 같이 농업이 가지는 순기능으로서 인성 함양 측면을 강조하고 동시에 지속가능한 생태 문명을 위해 생각과 행동의 변화를 추구하는데도 농업이 기여할 수 있음을 강조한다. 
• 동식물 자원 생산과 유통의 탐색, 생활 속 농촌 체험 등을 통해 지속가능한 기술로서의 농업의 가치와 중요성을 인식시키는 한편, 디지털 소양을 기반으로 이루어지는 스마트팜, 정밀농업 등과 같은 미래 산업으로서 농업의 가치가 부각되도록 한다."
5~6,실과,지속가능한 기술과 융합,"⋅건설기술은 쾌적하고 편리하며 안전한 생활을 위한 다양한 설계와 시공 및 유지관리 방법을 적용하고 있으며, 다른 산업의 수행을 위한 기반 요소로서 가치를 가진다.
⋅로봇은 기계요소, 전기전자 등의 하드웨어와 이를 제어하는 소프트웨어로 구성되며, 여러 가지 기술과 지식이 적용된 첨단 융합기술의 산물로서 사회 각 분야에 활용된다.
⋅정보통신 기술의 발달은 시공간 극복을 통해 정보와 문화의 교류 및 세계화에 기여해왔으며, 다양한 기술과 융합하여 인간을 새로운 영역으로 이끈다. 
⋅생명기술은 다양한 기술과 융합하여 발달하고 있으며, 식량자원의 활용과 농업의 순환체험은 지속가능한 미래생활을 위한 기초가 된다.",6실04-02,"생활 속 디지털 기술의 중요성을 이해하고, 디지털 기기와 디지털 콘텐츠 저작 도구를 사용하여 발표 자료를 만들어 보면서 디지털 기기의 활용 능력을 기른다.",생활 속 디지털 기술의 의미와 중요성을 이해하고 디지털 기기와 디지털 콘텐츠 저작 도구로 발표 자료를 구상 및 제작함으로써 디지털 기술 활용에 대한 실천적 태도를 갖는다.,생활 속 디지털 기술의 의미와 중요성을 이해하고 디지털 기기와 디지털 콘텐츠 저작 도구로 발표 자료를 구상 및 제작함으로써 디지털 기술에 대한 관심과 흥미를 갖는다.,생활 속 디지털 기술의 의미와 중요성을 이해하고 디지털 기술에 대한 관심과 흥미를 갖는다.,,"• 일상생활과 연결되어 있는 건설, 정보 기술의 가치를 인식시키고, 지속가능성과 융합적 사고에 기초하여 체험 과정에서 나타나는 문제를 해결하도록 한다. 
• 로봇의 개념과 구조, 작동 원리를 이해하고 앞으로의 발달 사례를 예측하고 블록기반 코딩 프로그램의 적용을 통한 로봇 작동 체험과 인공지능을 연계하여 미래의 로봇에 대한 흥미와 관심이 유발되도록 한다. 
• 식물 가꾸기, 동물 기르기와 같은 체험활동을 통해 자연과의 교감, 생명존중, 책임감 등과 같이 농업이 가지는 순기능으로서 인성 함양 측면을 강조하고 동시에 지속가능한 생태 문명을 위해 생각과 행동의 변화를 추구하는데도 농업이 기여할 수 있음을 강조한다. 
• 동식물 자원 생산과 유통의 탐색, 생활 속 농촌 체험 등을 통해 지속가능한 기술로서의 농업의 가치와 중요성을 인식시키는 한편, 디지털 소양을 기반으로 이루어지는 스마트팜, 정밀농업 등과 같은 미래 산업으로서 농업의 가치가 부각되도록 한다."
5~6,실과,지속가능한 기술과 융합,"⋅건설기술은 쾌적하고 편리하며 안전한 생활을 위한 다양한 설계와 시공 및 유지관리 방법을 적용하고 있으며, 다른 산업의 수행을 위한 기반 요소로서 가치를 가진다.
⋅로봇은 기계요소, 전기전자 등의 하드웨어와 이를 제어하는 소프트웨어로 구성되며, 여러 가지 기술과 지식이 적용된 첨단 융합기술의 산물로서 사회 각 분야에 활용된다.
⋅정보통신 기술의 발달은 시공간 극복을 통해 정보와 문화의 교류 및 세계화에 기여해왔으며, 다양한 기술과 융합하여 인간을 새로운 영역으로 이끈다. 
⋅생명기술은 다양한 기술과 융합하여 발달하고 있으며, 식량자원의 활용과 농업의 순환체험은 지속가능한 미래생활을 위한 기초가 된다.",6실04-03,"제작한 발표 자료를 사이버 공간에 공유하고, 건전한 정보기기의 활용을 실천한다.",디지털 기기와 디지털 콘텐츠 저작 도구를 사용하여 제작한 발표 자료를 사이버 공간에서 공유하고 올바른 정보윤리 사례 제시를 통해 건전한 정보기기 활용의 실천적 태도를 갖는다.,디지털 기기와 디지털 콘텐츠 저작 도구를 사용하여 제작한 발표 자료를 사이버 공간에서 공유하며 정보윤리의 중요성을 인식한다.,디지털 기기와 디지털 콘텐츠 저작 도구를 사용하여 제작한 발표 자료를 사이버 공간에서 공유한다.,[6실04-03] 이 성취기준은 활동으로 만든 발표 자료를 사이버 공간에 공유하는 방법에 대한 이해를 바탕으로 자료를 공유할 때 개인 정보 및 저작권 보호의 중요성을 인식하고 실천하도록 설정하였다. 여기에서는 정보윤리를 지키는 방법에 관해 사례나 구체적인 방법을 제시하도록 한다.,"• 일상생활과 연결되어 있는 건설, 정보 기술의 가치를 인식시키고, 지속가능성과 융합적 사고에 기초하여 체험 과정에서 나타나는 문제를 해결하도록 한다. 
• 로봇의 개념과 구조, 작동 원리를 이해하고 앞으로의 발달 사례를 예측하고 블록기반 코딩 프로그램의 적용을 통한 로봇 작동 체험과 인공지능을 연계하여 미래의 로봇에 대한 흥미와 관심이 유발되도록 한다. 
• 식물 가꾸기, 동물 기르기와 같은 체험활동을 통해 자연과의 교감, 생명존중, 책임감 등과 같이 농업이 가지는 순기능으로서 인성 함양 측면을 강조하고 동시에 지속가능한 생태 문명을 위해 생각과 행동의 변화를 추구하는데도 농업이 기여할 수 있음을 강조한다. 
• 동식물 자원 생산과 유통의 탐색, 생활 속 농촌 체험 등을 통해 지속가능한 기술로서의 농업의 가치와 중요성을 인식시키는 한편, 디지털 소양을 기반으로 이루어지는 스마트팜, 정밀농업 등과 같은 미래 산업으로서 농업의 가치가 부각되도록 한다."
5~6,실과,지속가능한 기술과 융합,"⋅건설기술은 쾌적하고 편리하며 안전한 생활을 위한 다양한 설계와 시공 및 유지관리 방법을 적용하고 있으며, 다른 산업의 수행을 위한 기반 요소로서 가치를 가진다.
⋅로봇은 기계요소, 전기전자 등의 하드웨어와 이를 제어하는 소프트웨어로 구성되며, 여러 가지 기술과 지식이 적용된 첨단 융합기술의 산물로서 사회 각 분야에 활용된다.
⋅정보통신 기술의 발달은 시공간 극복을 통해 정보와 문화의 교류 및 세계화에 기여해왔으며, 다양한 기술과 융합하여 인간을 새로운 영역으로 이끈다. 
⋅생명기술은 다양한 기술과 융합하여 발달하고 있으며, 식량자원의 활용과 농업의 순환체험은 지속가능한 미래생활을 위한 기초가 된다.",6실04-04,"로봇의 개념과 구조를 이해하고, 생활 속 로봇 기능을 체험하여 로봇의 중요성을 인식한다.",로봇의 개념과 구조를 이해하고 생활 속 로봇 기능을 체험하여 로봇의 중요성과 가치를 인식한다.,로봇의 개념과 구조를 이해하고 생활 속 로봇 기능을 체험한다.,로봇의 개념을 이해하고 생활 속 로봇 기능을 체험한다.,,"• 일상생활과 연결되어 있는 건설, 정보 기술의 가치를 인식시키고, 지속가능성과 융합적 사고에 기초하여 체험 과정에서 나타나는 문제를 해결하도록 한다. 
• 로봇의 개념과 구조, 작동 원리를 이해하고 앞으로의 발달 사례를 예측하고 블록기반 코딩 프로그램의 적용을 통한 로봇 작동 체험과 인공지능을 연계하여 미래의 로봇에 대한 흥미와 관심이 유발되도록 한다. 
• 식물 가꾸기, 동물 기르기와 같은 체험활동을 통해 자연과의 교감, 생명존중, 책임감 등과 같이 농업이 가지는 순기능으로서 인성 함양 측면을 강조하고 동시에 지속가능한 생태 문명을 위해 생각과 행동의 변화를 추구하는데도 농업이 기여할 수 있음을 강조한다. 
• 동식물 자원 생산과 유통의 탐색, 생활 속 농촌 체험 등을 통해 지속가능한 기술로서의 농업의 가치와 중요성을 인식시키는 한편, 디지털 소양을 기반으로 이루어지는 스마트팜, 정밀농업 등과 같은 미래 산업으로서 농업의 가치가 부각되도록 한다."
5~6,실과,지속가능한 기술과 융합,"⋅건설기술은 쾌적하고 편리하며 안전한 생활을 위한 다양한 설계와 시공 및 유지관리 방법을 적용하고 있으며, 다른 산업의 수행을 위한 기반 요소로서 가치를 가진다.
⋅로봇은 기계요소, 전기전자 등의 하드웨어와 이를 제어하는 소프트웨어로 구성되며, 여러 가지 기술과 지식이 적용된 첨단 융합기술의 산물로서 사회 각 분야에 활용된다.
⋅정보통신 기술의 발달은 시공간 극복을 통해 정보와 문화의 교류 및 세계화에 기여해왔으며, 다양한 기술과 융합하여 인간을 새로운 영역으로 이끈다. 
⋅생명기술은 다양한 기술과 융합하여 발달하고 있으며, 식량자원의 활용과 농업의 순환체험은 지속가능한 미래생활을 위한 기초가 된다.",6실04-05,"로봇의 종류와 활용 사례를 통해 작동 원리를 이해하고, 로봇에 대한 관심과 흥미를 가진다.",로봇의 종류와 활용 사례를 통해 로봇의 작동 원리를 이해하고 로봇 활용에 대한 실천적 태도를 갖는다.,로봇의 종류와 활용 사례를 통해 로봇의 작동 원리를 이해하고 로봇에 대한 관심과 흥미를 갖는다.,로봇의 활용 사례를 이해하고 로봇에 대한 관심과 흥미를 갖는다.,,"• 일상생활과 연결되어 있는 건설, 정보 기술의 가치를 인식시키고, 지속가능성과 융합적 사고에 기초하여 체험 과정에서 나타나는 문제를 해결하도록 한다. 
• 로봇의 개념과 구조, 작동 원리를 이해하고 앞으로의 발달 사례를 예측하고 블록기반 코딩 프로그램의 적용을 통한 로봇 작동 체험과 인공지능을 연계하여 미래의 로봇에 대한 흥미와 관심이 유발되도록 한다. 
• 식물 가꾸기, 동물 기르기와 같은 체험활동을 통해 자연과의 교감, 생명존중, 책임감 등과 같이 농업이 가지는 순기능으로서 인성 함양 측면을 강조하고 동시에 지속가능한 생태 문명을 위해 생각과 행동의 변화를 추구하는데도 농업이 기여할 수 있음을 강조한다. 
• 동식물 자원 생산과 유통의 탐색, 생활 속 농촌 체험 등을 통해 지속가능한 기술로서의 농업의 가치와 중요성을 인식시키는 한편, 디지털 소양을 기반으로 이루어지는 스마트팜, 정밀농업 등과 같은 미래 산업으로서 농업의 가치가 부각되도록 한다."
5~6,실과,지속가능한 기술과 융합,"⋅건설기술은 쾌적하고 편리하며 안전한 생활을 위한 다양한 설계와 시공 및 유지관리 방법을 적용하고 있으며, 다른 산업의 수행을 위한 기반 요소로서 가치를 가진다.
⋅로봇은 기계요소, 전기전자 등의 하드웨어와 이를 제어하는 소프트웨어로 구성되며, 여러 가지 기술과 지식이 적용된 첨단 융합기술의 산물로서 사회 각 분야에 활용된다.
⋅정보통신 기술의 발달은 시공간 극복을 통해 정보와 문화의 교류 및 세계화에 기여해왔으며, 다양한 기술과 융합하여 인간을 새로운 영역으로 이끈다. 
⋅생명기술은 다양한 기술과 융합하여 발달하고 있으며, 식량자원의 활용과 농업의 순환체험은 지속가능한 미래생활을 위한 기초가 된다.",6실04-06,"로봇의 융합 기술을 이해하고, 간단한 로봇을 만들어 코딩과 프로그램을 적용하여 동작시키는 체험을 통해 융합 기술의 가치를 인식한다.",로봇의 융합 기술을 이해하고 간단한 로봇을 만들어 코딩과 프로그램을 적용하여 동작시키는 과정의 체험을 통해 융합 기술의 가치를 인식한다.,로봇의 융합 기술을 이해하고 간단한 로봇을 만들어 코딩과 프로그램을 적용하여 동작시키는 과정을 체험한다.,로봇의 융합 기술을 이해하고 간단한 로봇을 만든다.,"[6실04-06] 이 성취기준은 로봇에 다양한 정보기술이 융합되는 사례를 탐색하여 로봇과 융합된 다양한 제품 개발에 대해 알고, 로봇의 다양한 센서와 동작을 위하여 블록 기반 프로그램으로 제어할 수 있는 활동을 하도록 하였다. 여기에서는 ‘디지털 사회와 인공지능’에서 학습한 블록 기반의 교육용 프로그래밍 도구를 활용하여 움직이는 간단한 인공지능형 로봇을 제작하여 구동시켜 보면서 로봇의 작동 원리를 학습하도록 한다.","• 일상생활과 연결되어 있는 건설, 정보 기술의 가치를 인식시키고, 지속가능성과 융합적 사고에 기초하여 체험 과정에서 나타나는 문제를 해결하도록 한다. 
• 로봇의 개념과 구조, 작동 원리를 이해하고 앞으로의 발달 사례를 예측하고 블록기반 코딩 프로그램의 적용을 통한 로봇 작동 체험과 인공지능을 연계하여 미래의 로봇에 대한 흥미와 관심이 유발되도록 한다. 
• 식물 가꾸기, 동물 기르기와 같은 체험활동을 통해 자연과의 교감, 생명존중, 책임감 등과 같이 농업이 가지는 순기능으로서 인성 함양 측면을 강조하고 동시에 지속가능한 생태 문명을 위해 생각과 행동의 변화를 추구하는데도 농업이 기여할 수 있음을 강조한다. 
• 동식물 자원 생산과 유통의 탐색, 생활 속 농촌 체험 등을 통해 지속가능한 기술로서의 농업의 가치와 중요성을 인식시키는 한편, 디지털 소양을 기반으로 이루어지는 스마트팜, 정밀농업 등과 같은 미래 산업으로서 농업의 가치가 부각되도록 한다."
5~6,실과,지속가능한 기술과 융합,"⋅건설기술은 쾌적하고 편리하며 안전한 생활을 위한 다양한 설계와 시공 및 유지관리 방법을 적용하고 있으며, 다른 산업의 수행을 위한 기반 요소로서 가치를 가진다.
⋅로봇은 기계요소, 전기전자 등의 하드웨어와 이를 제어하는 소프트웨어로 구성되며, 여러 가지 기술과 지식이 적용된 첨단 융합기술의 산물로서 사회 각 분야에 활용된다.
⋅정보통신 기술의 발달은 시공간 극복을 통해 정보와 문화의 교류 및 세계화에 기여해왔으며, 다양한 기술과 융합하여 인간을 새로운 영역으로 이끈다. 
⋅생명기술은 다양한 기술과 융합하여 발달하고 있으며, 식량자원의 활용과 농업의 순환체험은 지속가능한 미래생활을 위한 기초가 된다.",6실04-07,생활 속 동식물 자원을 활용 목적에 따라 분류하고 이와 관련된 다양한 생명기술을 탐색한다.,생활 속 동식물 자원을 활용 목적에 따라 분류하고 다양한 생명기술을 탐색하여 동식물 자원과 생명기술의 중요성을 인식한다.,생활 속 동식물 자원을 활용 목적에 따라 분류하고 다양한 생명기술을 탐색한다.,생활 속 동식물 자원을 활용 목적에 따라 분류한다.,,"• 일상생활과 연결되어 있는 건설, 정보 기술의 가치를 인식시키고, 지속가능성과 융합적 사고에 기초하여 체험 과정에서 나타나는 문제를 해결하도록 한다. 
• 로봇의 개념과 구조, 작동 원리를 이해하고 앞으로의 발달 사례를 예측하고 블록기반 코딩 프로그램의 적용을 통한 로봇 작동 체험과 인공지능을 연계하여 미래의 로봇에 대한 흥미와 관심이 유발되도록 한다. 
• 식물 가꾸기, 동물 기르기와 같은 체험활동을 통해 자연과의 교감, 생명존중, 책임감 등과 같이 농업이 가지는 순기능으로서 인성 함양 측면을 강조하고 동시에 지속가능한 생태 문명을 위해 생각과 행동의 변화를 추구하는데도 농업이 기여할 수 있음을 강조한다. 
• 동식물 자원 생산과 유통의 탐색, 생활 속 농촌 체험 등을 통해 지속가능한 기술로서의 농업의 가치와 중요성을 인식시키는 한편, 디지털 소양을 기반으로 이루어지는 스마트팜, 정밀농업 등과 같은 미래 산업으로서 농업의 가치가 부각되도록 한다."
5~6,실과,지속가능한 기술과 융합,"⋅건설기술은 쾌적하고 편리하며 안전한 생활을 위한 다양한 설계와 시공 및 유지관리 방법을 적용하고 있으며, 다른 산업의 수행을 위한 기반 요소로서 가치를 가진다.
⋅로봇은 기계요소, 전기전자 등의 하드웨어와 이를 제어하는 소프트웨어로 구성되며, 여러 가지 기술과 지식이 적용된 첨단 융합기술의 산물로서 사회 각 분야에 활용된다.
⋅정보통신 기술의 발달은 시공간 극복을 통해 정보와 문화의 교류 및 세계화에 기여해왔으며, 다양한 기술과 융합하여 인간을 새로운 영역으로 이끈다. 
⋅생명기술은 다양한 기술과 융합하여 발달하고 있으며, 식량자원의 활용과 농업의 순환체험은 지속가능한 미래생활을 위한 기초가 된다.",6실04-08,"생활 속 동식물을 기르고 가꾸는 방법을 알고, 동식물을 기르고 가꾸는 체험을 통해 생태 존중감을 가진다.",생활 속 동식물을 기르고 가꾸는 방법을 이해하고 동식물을 기르고 가꾸는 과정의 체험을 통해 생태 존중감을 갖는다.,생활 속 동식물을 기르고 가꾸는 방법을 이해하고 동식물을 기르고 가꾸는 과정을 체험한다.,생활 속 동식물을 기르고 가꾸는 방법을 이해한다.,,"• 일상생활과 연결되어 있는 건설, 정보 기술의 가치를 인식시키고, 지속가능성과 융합적 사고에 기초하여 체험 과정에서 나타나는 문제를 해결하도록 한다. 
• 로봇의 개념과 구조, 작동 원리를 이해하고 앞으로의 발달 사례를 예측하고 블록기반 코딩 프로그램의 적용을 통한 로봇 작동 체험과 인공지능을 연계하여 미래의 로봇에 대한 흥미와 관심이 유발되도록 한다. 
• 식물 가꾸기, 동물 기르기와 같은 체험활동을 통해 자연과의 교감, 생명존중, 책임감 등과 같이 농업이 가지는 순기능으로서 인성 함양 측면을 강조하고 동시에 지속가능한 생태 문명을 위해 생각과 행동의 변화를 추구하는데도 농업이 기여할 수 있음을 강조한다. 
• 동식물 자원 생산과 유통의 탐색, 생활 속 농촌 체험 등을 통해 지속가능한 기술로서의 농업의 가치와 중요성을 인식시키는 한편, 디지털 소양을 기반으로 이루어지는 스마트팜, 정밀농업 등과 같은 미래 산업으로서 농업의 가치가 부각되도록 한다."
5~6,실과,지속가능한 기술과 융합,"⋅건설기술은 쾌적하고 편리하며 안전한 생활을 위한 다양한 설계와 시공 및 유지관리 방법을 적용하고 있으며, 다른 산업의 수행을 위한 기반 요소로서 가치를 가진다.
⋅로봇은 기계요소, 전기전자 등의 하드웨어와 이를 제어하는 소프트웨어로 구성되며, 여러 가지 기술과 지식이 적용된 첨단 융합기술의 산물로서 사회 각 분야에 활용된다.
⋅정보통신 기술의 발달은 시공간 극복을 통해 정보와 문화의 교류 및 세계화에 기여해왔으며, 다양한 기술과 융합하여 인간을 새로운 영역으로 이끈다. 
⋅생명기술은 다양한 기술과 융합하여 발달하고 있으며, 식량자원의 활용과 농업의 순환체험은 지속가능한 미래생활을 위한 기초가 된다.",6실04-09,동식물 자원의 친환경 농업 사례를 통해 지속가능한 농업이 순환되고 있음을 인식하고 농업의 미래가치를 인식한다.,동식물 자원의 친환경 농업 사례를 통해 지속가능한 농업을 이해하고 동식물과 관련된 생명기술을 탐색함으로써 농업의 순환성 및 미래가치를 인식한다.,동식물 자원의 친환경 농업 사례를 통해 지속가능한 농업을 이해하고 동식물과 관련된 생명기술을 탐색함으로써 농업의 미래가치를 인식한다.,동식물 자원의 친환경 농업 사례를 통해 지속가능한 농업을 이해하고 동식물과 관련된 생명기술을 탐색한다.,"[6실04-09] 이 성취기준은 친환경 농업에 대한 이해를 바탕으로 이를 이루기 위한 농업사례들을 구분하여 지속가능한 농업이 이루어지기 위한 농업의 순환성을 이해하고 중요성을 인식하도록 설정하였다. 특히, 지속가능성 농업의 순환에 대한 다양한 사례(예, 친환경 농업, 스마트팜, 로컬 푸드, 푸드 마일리지 등)를 통해 학습하도록 한다.","• 일상생활과 연결되어 있는 건설, 정보 기술의 가치를 인식시키고, 지속가능성과 융합적 사고에 기초하여 체험 과정에서 나타나는 문제를 해결하도록 한다. 
• 로봇의 개념과 구조, 작동 원리를 이해하고 앞으로의 발달 사례를 예측하고 블록기반 코딩 프로그램의 적용을 통한 로봇 작동 체험과 인공지능을 연계하여 미래의 로봇에 대한 흥미와 관심이 유발되도록 한다. 
• 식물 가꾸기, 동물 기르기와 같은 체험활동을 통해 자연과의 교감, 생명존중, 책임감 등과 같이 농업이 가지는 순기능으로서 인성 함양 측면을 강조하고 동시에 지속가능한 생태 문명을 위해 생각과 행동의 변화를 추구하는데도 농업이 기여할 수 있음을 강조한다. 
• 동식물 자원 생산과 유통의 탐색, 생활 속 농촌 체험 등을 통해 지속가능한 기술로서의 농업의 가치와 중요성을 인식시키는 한편, 디지털 소양을 기반으로 이루어지는 스마트팜, 정밀농업 등과 같은 미래 산업으로서 농업의 가치가 부각되도록 한다."
5~6,실과,지속가능한 기술과 융합,"⋅건설기술은 쾌적하고 편리하며 안전한 생활을 위한 다양한 설계와 시공 및 유지관리 방법을 적용하고 있으며, 다른 산업의 수행을 위한 기반 요소로서 가치를 가진다.
⋅로봇은 기계요소, 전기전자 등의 하드웨어와 이를 제어하는 소프트웨어로 구성되며, 여러 가지 기술과 지식이 적용된 첨단 융합기술의 산물로서 사회 각 분야에 활용된다.
⋅정보통신 기술의 발달은 시공간 극복을 통해 정보와 문화의 교류 및 세계화에 기여해왔으며, 다양한 기술과 융합하여 인간을 새로운 영역으로 이끈다. 
⋅생명기술은 다양한 기술과 융합하여 발달하고 있으며, 식량자원의 활용과 농업의 순환체험은 지속가능한 미래생활을 위한 기초가 된다.",6실04-10,생활 속에서 농업활동과 관련된 모습을 분석하고 이에 따른 농업활동을 체험하여 농업에 대한 관심을 두고 이를 생활 속에서 실천한다.,생활 속에서 농업활동과 관련된 모습을 분석하고 이에 따른 농업활동을 체험함으로써 농업에 대한 관심을 두고 농업활동을 생활 속에서 실천한다.,생활 속에서 농업활동과 관련된 모습을 분석하고 이에 따른 농업활동을 체험하여 농업에 대한 관심을 갖는다.,생활 속에서 농업활동과 관련된 모습을 분석하고 농업에 대한 관심을 갖는다.,"[6실04-10] 이 성취기준은 생활 속에서 농업활동과 연관 지을 수 있는 모습에 대한 예측을 바탕으로 다양한 농업활동 분야들을 알고 이와 관련된 농업활동 체험을 통해 농업에 대한 관심과 흥미를 가질 수 있도록 설정하였다. 특히, 농업활동은 실내원예활동, 농업생산물 가공 활동, 원예 및 동물치료 활동 등과 같은 생활상의 변화와 관련된 체험을 제시하도록 한다.","• 일상생활과 연결되어 있는 건설, 정보 기술의 가치를 인식시키고, 지속가능성과 융합적 사고에 기초하여 체험 과정에서 나타나는 문제를 해결하도록 한다. 
• 로봇의 개념과 구조, 작동 원리를 이해하고 앞으로의 발달 사례를 예측하고 블록기반 코딩 프로그램의 적용을 통한 로봇 작동 체험과 인공지능을 연계하여 미래의 로봇에 대한 흥미와 관심이 유발되도록 한다. 
• 식물 가꾸기, 동물 기르기와 같은 체험활동을 통해 자연과의 교감, 생명존중, 책임감 등과 같이 농업이 가지는 순기능으로서 인성 함양 측면을 강조하고 동시에 지속가능한 생태 문명을 위해 생각과 행동의 변화를 추구하는데도 농업이 기여할 수 있음을 강조한다. 
• 동식물 자원 생산과 유통의 탐색, 생활 속 농촌 체험 등을 통해 지속가능한 기술로서의 농업의 가치와 중요성을 인식시키는 한편, 디지털 소양을 기반으로 이루어지는 스마트팜, 정밀농업 등과 같은 미래 산업으로서 농업의 가치가 부각되도록 한다."
5~6,실과,지속가능한 기술과 융합,"⋅건설기술은 쾌적하고 편리하며 안전한 생활을 위한 다양한 설계와 시공 및 유지관리 방법을 적용하고 있으며, 다른 산업의 수행을 위한 기반 요소로서 가치를 가진다.
⋅로봇은 기계요소, 전기전자 등의 하드웨어와 이를 제어하는 소프트웨어로 구성되며, 여러 가지 기술과 지식이 적용된 첨단 융합기술의 산물로서 사회 각 분야에 활용된다.
⋅정보통신 기술의 발달은 시공간 극복을 통해 정보와 문화의 교류 및 세계화에 기여해왔으며, 다양한 기술과 융합하여 인간을 새로운 영역으로 이끈다. 
⋅생명기술은 다양한 기술과 융합하여 발달하고 있으며, 식량자원의 활용과 농업의 순환체험은 지속가능한 미래생활을 위한 기초가 된다.",6실04-11,농업과 농촌의 다원적인 역할과 가치를 이해하고 미래 농업과 관련된 다양한 직업 세계를 탐색한다.,농업과 농촌의 다원적인 역할과 가치를 이해하고 미래 농업과 관련된 다양한 직업 세계를 탐색함으로써 농산업에 대한 올바른 진로관을 갖는다.,농업과 농촌의 다원적인 역할과 가치를 이해하고 미래 농업과 관련된 직업 세계를 탐색함으로써 농산업에 대한 관심을 갖는다.,농업과 농촌의 다원적인 역할과 가치를 이해한다.,"[6실04-11] 이 성취기준은 농업과 농촌은 농산물 생산뿐 아닌 그 외에도 다원적인 역할을 하고 있음을 이해하고 이에 대한 인식과 이해를 바탕으로 농업과 농촌에 대한 올바른 진로역량을 기르기 위해서 설정하였다. 특히, 다원적인 농업과 농촌의 가치를 환경, 생태, 사회, 문화적인 가치로 분류하여 이와 관련된 진로를 탐색하고 건전한 진로역량을 기르도록 한다. ","• 일상생활과 연결되어 있는 건설, 정보 기술의 가치를 인식시키고, 지속가능성과 융합적 사고에 기초하여 체험 과정에서 나타나는 문제를 해결하도록 한다. 
• 로봇의 개념과 구조, 작동 원리를 이해하고 앞으로의 발달 사례를 예측하고 블록기반 코딩 프로그램의 적용을 통한 로봇 작동 체험과 인공지능을 연계하여 미래의 로봇에 대한 흥미와 관심이 유발되도록 한다. 
• 식물 가꾸기, 동물 기르기와 같은 체험활동을 통해 자연과의 교감, 생명존중, 책임감 등과 같이 농업이 가지는 순기능으로서 인성 함양 측면을 강조하고 동시에 지속가능한 생태 문명을 위해 생각과 행동의 변화를 추구하는데도 농업이 기여할 수 있음을 강조한다. 
• 동식물 자원 생산과 유통의 탐색, 생활 속 농촌 체험 등을 통해 지속가능한 기술로서의 농업의 가치와 중요성을 인식시키는 한편, 디지털 소양을 기반으로 이루어지는 스마트팜, 정밀농업 등과 같은 미래 산업으로서 농업의 가치가 부각되도록 한다."
5~6,실과,디지털 사회와 인공지능,"⋅프로그래밍은 디지털 사회에서 발생하는 다양한 문제를 해결하는 데 도움을 준다.
⋅컴퓨터로 처리할 수 있는 데이터는 디지털 데이터이며, 문제 해결을 위한 명령은 명확한 절차가 필요하다.
⋅인공지능은 인간의 지능을 모방하여 만든 프로그램 시스템으로 생활 속의 다양한 분야에 영향을 미친다.",6실05-01,컴퓨터를 활용한 생활 속 문제해결 사례를 탐색하고 일상생활 속 문제를 해결하기 위한 알고리즘을 다양한 방법으로 표현한다.,"다양한 사례를 조사하여 컴퓨터의 개념을 이해하고, 생활 속의 문제를 찾아 컴퓨터로 해결 가능한 문제 상황으로 분석하여 문제를 해결하기 위한 알고리즘을 다양한 방법으로 표현한다.","다양한 사례를 조사하여 컴퓨터의 개념을 이해하고, 생활 속의 문제를 찾아 컴퓨터로 해결 가능한 문제 상황으로 분석하여 문제를 해결하기 위한 알고리즘을 표현한다.","다양한 사례를 조사하여 컴퓨터의 개념을 이해하고, 생활 속의 문제를 찾아 컴퓨터로 해결 가능한지를 탐색한다.","[6실05-01] 이 성취기준은 컴퓨터의 개념을 이해하고 다양한 문제 상황에서 컴퓨터가 활용되는 사례 탐색을 통해 그 가치와 활용 방법을 알 수 있어야 한다. 일상생활에서 컴퓨터를 활용해 해결할 수 있는 문제를 탐색하고, 문제 상황에 제시된 요소들을 분석해 문제의 현재 상태와 목표 상태를 정의한다. 언플러그드 활동 등을 통한 문제 해결 과정을 알고리즘으로 작성하기 위해 자연어, 의사코드(pseudocode), 순서도 등으로 문제 해결 과정을 표현하도록 한다.","• 다양한 디지털 기기를 실제로 활용하며 생활 속 컴퓨터의 활용 사례를 탐색하도록 한다.
• 우리 일상을 돕고 문제를 해결하기 위해 컴퓨터를 활용한 사례를 탐색하여 발표하도록 한다.
• 특정 프로그래밍 언어의 기능을 익히는데 치중하지 않도록 유의하고 알고리즘을 토대로 프로그래밍을 작성하는 활동을 통해 프로그래밍의 기본 원리를 익히도록 한다.
• 단순한 프로그래밍 산출물 평가를 지양하고 프로그래밍 과정을 통한 컴퓨팅사고력의 향상 정도를 측정할 수 있도록 한다.
• 다양한 사례로 데이터의 의미를 파악하는 활동을 통해 디지털 소양을 함양하도록 한다.
• 인공지능 기술을 단순히 체험하는 것을 넘어 인공지능의 기계 학습 과정을 이해할 수 있도록 지도하여 학생들이 인공지능 소양을 함양할 수 있도록 한다."
5~6,실과,디지털 사회와 인공지능,"⋅프로그래밍은 디지털 사회에서 발생하는 다양한 문제를 해결하는 데 도움을 준다.
⋅컴퓨터로 처리할 수 있는 데이터는 디지털 데이터이며, 문제 해결을 위한 명령은 명확한 절차가 필요하다.
⋅인공지능은 인간의 지능을 모방하여 만든 프로그램 시스템으로 생활 속의 다양한 분야에 영향을 미친다.",6실05-02,"컴퓨터에게 명령하는 방법을 체험하고, 주어진 문제를 해결하는 프로그램을 작성한다.","프로그래밍 과정에서 컴퓨터에게 명령하는 방법을 이해 및 활용하여, 주어진 문제를 해결하는 프로그램을 작성하는 과정에서 변수와 연산자 및 제어 구조를 적절히 활용하고, 컴퓨터를 활용해 해결 가능한 문제를 탐색해 나가려는 실천 의지를 갖는다.","프로그래밍 과정에서 컴퓨터에게 명령하는 방법을 이해 및 활용하여, 주어진 문제를 해결하는 프로그램을 작성하는 과정에서 제어구조를 활용하고, 컴퓨터를 활용해 문제를 해결하는 일의 중요성을 인식한다.","프로그래밍 과정에서 컴퓨터에게 명령하는 방법을 체험하고, 일부 코드를 참고해 주어진 문제를 해결하는 프로그램을 작성하는 과정에서 컴퓨터를 활용해 해결 가능한 문제에 대해 관심 갖는다.",,"• 다양한 디지털 기기를 실제로 활용하며 생활 속 컴퓨터의 활용 사례를 탐색하도록 한다.
• 우리 일상을 돕고 문제를 해결하기 위해 컴퓨터를 활용한 사례를 탐색하여 발표하도록 한다.
• 특정 프로그래밍 언어의 기능을 익히는데 치중하지 않도록 유의하고 알고리즘을 토대로 프로그래밍을 작성하는 활동을 통해 프로그래밍의 기본 원리를 익히도록 한다.
• 단순한 프로그래밍 산출물 평가를 지양하고 프로그래밍 과정을 통한 컴퓨팅사고력의 향상 정도를 측정할 수 있도록 한다.
• 다양한 사례로 데이터의 의미를 파악하는 활동을 통해 디지털 소양을 함양하도록 한다.
• 인공지능 기술을 단순히 체험하는 것을 넘어 인공지능의 기계 학습 과정을 이해할 수 있도록 지도하여 학생들이 인공지능 소양을 함양할 수 있도록 한다."
5~6,실과,디지털 사회와 인공지능,"⋅프로그래밍은 디지털 사회에서 발생하는 다양한 문제를 해결하는 데 도움을 준다.
⋅컴퓨터로 처리할 수 있는 데이터는 디지털 데이터이며, 문제 해결을 위한 명령은 명확한 절차가 필요하다.
⋅인공지능은 인간의 지능을 모방하여 만든 프로그램 시스템으로 생활 속의 다양한 분야에 영향을 미친다.",6실05-03,"실생활의 문제를 해결하는 프로그램을 협력하여 작성하고, 산출물을 타인과 공유한다.","실생활 문제를 해결하는 프로그램을 협력하여 창의적으로 작성하고, 산출물을 타인과 공유하려는 실천 의지를 갖는다.","실생활 문제를 해결하는 프로그램을 협력하여 작성하고, 산출물을 타인과 공유하는 것의 가치를 인식한다.",실생활 문제를 해결하는 프로그램을 협력하여 작성한다.,,"• 다양한 디지털 기기를 실제로 활용하며 생활 속 컴퓨터의 활용 사례를 탐색하도록 한다.
• 우리 일상을 돕고 문제를 해결하기 위해 컴퓨터를 활용한 사례를 탐색하여 발표하도록 한다.
• 특정 프로그래밍 언어의 기능을 익히는데 치중하지 않도록 유의하고 알고리즘을 토대로 프로그래밍을 작성하는 활동을 통해 프로그래밍의 기본 원리를 익히도록 한다.
• 단순한 프로그래밍 산출물 평가를 지양하고 프로그래밍 과정을 통한 컴퓨팅사고력의 향상 정도를 측정할 수 있도록 한다.
• 다양한 사례로 데이터의 의미를 파악하는 활동을 통해 디지털 소양을 함양하도록 한다.
• 인공지능 기술을 단순히 체험하는 것을 넘어 인공지능의 기계 학습 과정을 이해할 수 있도록 지도하여 학생들이 인공지능 소양을 함양할 수 있도록 한다."
5~6,실과,디지털 사회와 인공지능,"⋅프로그래밍은 디지털 사회에서 발생하는 다양한 문제를 해결하는 데 도움을 준다.
⋅컴퓨터로 처리할 수 있는 데이터는 디지털 데이터이며, 문제 해결을 위한 명령은 명확한 절차가 필요하다.
⋅인공지능은 인간의 지능을 모방하여 만든 프로그램 시스템으로 생활 속의 다양한 분야에 영향을 미친다.",6실05-04,"디지털 데이터와 아날로그 데이터의 특징을 이해하고, 인공지능에 활용할 수 있는 데이터의 유형이나 형태를 탐색한다.",디지털 데이터와 아날로그 데이터의 특징을 이해하고 데이터의 의미를 파악하여 인공지능에서 활용할 수 있는 데이터의 유형과 형태를 찾아 분류한다.,디지털 데이터와 아날로그 데이터의 특징을 이해하고 데이터의 의미를 파악하여 인공지능에서 활용할 수 있는 데이터의 유형과 형태를 파악한다.,디지털 데이터 혹은 아날로그 데이터의 특징을 이해하고 인공지능에서 활용할 수 있는 데이터의 유형이나 형태가 무엇인지 확인한다.,"[6실05-04] 이 성취기준은 놀이⋅체험을 중심으로 생활 주변에서 접할 수 있는 디지털 및 아날로그 데이터를 찾아 각각의 특징을 비교하는 과정을 통해 데이터의 의미를 이해하고, 인공지능에 활용할 수 있는 숫자, 글자, 소리, 이미지 데이터의 유형이나 형태를 탐색할 수 있도록 한다.","• 다양한 디지털 기기를 실제로 활용하며 생활 속 컴퓨터의 활용 사례를 탐색하도록 한다.
• 우리 일상을 돕고 문제를 해결하기 위해 컴퓨터를 활용한 사례를 탐색하여 발표하도록 한다.
• 특정 프로그래밍 언어의 기능을 익히는데 치중하지 않도록 유의하고 알고리즘을 토대로 프로그래밍을 작성하는 활동을 통해 프로그래밍의 기본 원리를 익히도록 한다.
• 단순한 프로그래밍 산출물 평가를 지양하고 프로그래밍 과정을 통한 컴퓨팅사고력의 향상 정도를 측정할 수 있도록 한다.
• 다양한 사례로 데이터의 의미를 파악하는 활동을 통해 디지털 소양을 함양하도록 한다.
• 인공지능 기술을 단순히 체험하는 것을 넘어 인공지능의 기계 학습 과정을 이해할 수 있도록 지도하여 학생들이 인공지능 소양을 함양할 수 있도록 한다."
5~6,실과,디지털 사회와 인공지능,"⋅프로그래밍은 디지털 사회에서 발생하는 다양한 문제를 해결하는 데 도움을 준다.
⋅컴퓨터로 처리할 수 있는 데이터는 디지털 데이터이며, 문제 해결을 위한 명령은 명확한 절차가 필요하다.
⋅인공지능은 인간의 지능을 모방하여 만든 프로그램 시스템으로 생활 속의 다양한 분야에 영향을 미친다.",6실05-05,"인공지능이 만들어지는 과정을 체험하고, 인공지능이 사회에 미치는 영향을 탐색한다.","인공지능이 만들어지는 과정을 탐색하여 인공지능의 개념과 원리를 이해하고, 인공지능이 사회 발전과 직업 변화에 미치는 영향을 탐색하려는 실천 의지를 갖는다.","인공지능이 만들어지는 과정을 탐색하여 인공지능의 개념과 원리를 이해하고, 인공지능이 사회에 미치는 영향을 파악하는 자세를 갖는다.",인공지능이 만들어지는 과정을 체험하며 인공지능의 개념을 이해한다.,[6실05-05] 이 성취기준은 기계학습이 적용된 간단한 인공지능 도구의 체험을 통해 기계학습의 기본 원리를 이해하고 인공지능으로 인한 사회의 발전과 직업의 변화를 이해하여 인공지능이 사회에 미치는 영향을 탐색할 수 있어야 한다.,"• 다양한 디지털 기기를 실제로 활용하며 생활 속 컴퓨터의 활용 사례를 탐색하도록 한다.
• 우리 일상을 돕고 문제를 해결하기 위해 컴퓨터를 활용한 사례를 탐색하여 발표하도록 한다.
• 특정 프로그래밍 언어의 기능을 익히는데 치중하지 않도록 유의하고 알고리즘을 토대로 프로그래밍을 작성하는 활동을 통해 프로그래밍의 기본 원리를 익히도록 한다.
• 단순한 프로그래밍 산출물 평가를 지양하고 프로그래밍 과정을 통한 컴퓨팅사고력의 향상 정도를 측정할 수 있도록 한다.
• 다양한 사례로 데이터의 의미를 파악하는 활동을 통해 디지털 소양을 함양하도록 한다.
• 인공지능 기술을 단순히 체험하는 것을 넘어 인공지능의 기계 학습 과정을 이해할 수 있도록 지도하여 학생들이 인공지능 소양을 함양할 수 있도록 한다."
5~6,체육,운동,"⋅운동은 체력과 건강을 관리하는 주요 방법으로, 생애 전반에 걸쳐 건강한 삶의 토대가 된다.
⋅체력은 건강의 기초가 되며, 건강은 신체적 특성에 맞는 운동과 생활 습관을 계획하고 관리함으로써 증진된다.
⋅인간은 생활 속에서 운동을 즐기고, 심신의 건강을 유지하며, 행복한 삶을 영위한다.",6체01-01,건강 체력과 운동 체력의 의미와 요소를 파악하고 다양한 운동 방법을 탐색한다.,"건강 체력과 운동 체력의 의미와 요소를 명확하게 알고, 건강 체력과 운동 체력의 다양한 운동 방법을 구체적으로 설명할 수 있다.","건강 체력과 운동 체력의 의미와 요소를 대략적으로 알고, 건강 체력과 운동 체력의 다양한 운동 방법을 설명할 수 있다.","건강 체력과 운동 체력의 의미나 요소 중 일부를 대략적으로 알고, 건강 체력이나 운동 체력의 운동 방법을 제시할 수 있다.","[6체01-01]은 3, 4학년군에서 학습한 기본 운동 방법을 체력 요소별로 구분하여 이해하고 체력 요소별로 다양한 운동 방법을 탐색하기 위해 설정하였다. 체력을 건강 체력과 운동 체력으로 구분하고, 유형별 체력 요소를 이해하며, 학습자 스스로 자신의 수준에 적합한 체력 요소별 운동 방법을 찾도록 한다.","● 5~6학년군 운동 영역에서는 체력 유형별로 각 체력 요소에 적합한 운동을 선정하고 자기 수준에 맞는 운동 방법을 찾아 실천하도록 한다. 운동을 통해 신체의 성장과 발달 및 체력 향상뿐만 아니라 정서적, 사회적 성장 발달과의 관계를 파악할 수 있도록 교수⋅학습을 운영한다.
● 체력 운동에서는 건강 체력과 운동 체력의 요소를 학습자가 이해하기 쉬운 수준으로 안내하고, 체력 요소별로 다양한 운동 방법을 선정하며, 끈기와 근면함을 바탕으로 자신의 체력을 점진적으로 증진할 수 있도록 단계적으로 학습을 운영한다. 건강 활동에서는 신체 성장에 따른 신체적 변화와 제2차 성징에 대한 이해와 함께 양성평등 감수성을 갖출 수 있도록 운영하고, 다양한 운동을 시도해 보면서 운동이 신체의 성장과 발달, 정서적 건강, 사회적 관계에 긍정적인 영향을 미친다는 것을 체험하도록 한다.
● 건강 체력과 운동 체력의 측정 결과를 참고하여 자신의 체력 강점과 약점을 파악하고, 수준에 적합한 운동을 선정하여 안전하게 활동할 수 있도록 운영한다. 개인별 성장 및 발달 속도의 차이, 성별에 따른 차이를 인권 보호 및 양성 평등적 관점에서 수용할 수 있도록 하며, 디지털 도구와 프로그램을 활용하여 지속적이고 자기 주도적인 건강 관리와 체력 운동을 실천하도록 한다.
● 5~6학년군 운동 영역에서는 개인적, 사회적으로 올바른 생활 양식의 실천을 민주시민 교육과 양성평등 및 상호 존중의 인권 교육과 연계하여 학습하도록 한다.
● 5~6학년군 운동 영역에서는 건강 체력과 운동 체력, 체력 요소별 운동 방법, 운동과 성장 발달, 안전한 생활 습관에 관한 이해력, 체력 측정 결과를 바탕으로 다양한 운동을 안전하게 시도할 수 있는 운동 및 건강 활동 수행 능력, 일상생활에서 체력 운동에 끈기 있고 꾸준하게 참여하면서 개인별 차이를 공감하고 수용하는 태도를 균형 있게 평가한다.
● 체력 운동에서는 체력 측정 결과 자체보다는 자신의 체력 수준에 적합한 체력 운동을 선정하고 계획하여 안전하게 실천하는 과정을 중심으로 평가한다. 건강 활동은 학습자가 운동이나 건강 활동을 하면서 자신과 타인의 신체적, 정서적 성장 발달의 차이를 공감하고 배려하면서 건강하고 안전한 생활 습관을 실천하는 태도를 평가한다.
● 5~6학년군의 운동 영역의 지식은 체력 운동 및 건강 활동 과정에서의 이해력을 중심으로 평가한다. 체력 운동 및 건강 활동 수행 능력과 태도는 체력 및 건강을 증진할 수 있는 다양한 운동 및 건강 습관을 일상생활에서 꾸준하게 실천하는 과정과 결과를 체력 및 건강 검사, 체크리스트, 개인일지 등을 활용하거나 디지털 도구 및 온라인 교수⋅학습 방법을 적용하여 평가한다. "
5~6,체육,운동,"⋅운동은 체력과 건강을 관리하는 주요 방법으로, 생애 전반에 걸쳐 건강한 삶의 토대가 된다.
⋅체력은 건강의 기초가 되며, 건강은 신체적 특성에 맞는 운동과 생활 습관을 계획하고 관리함으로써 증진된다.
⋅인간은 생활 속에서 운동을 즐기고, 심신의 건강을 유지하며, 행복한 삶을 영위한다.",6체01-02,건강 체력과 운동 체력을 측정하고 자신의 체력 수준에 맞는 운동을 시도한다.,"건강 체력과 운동 체력을 측정하여 자신의 체력 수준을 명확하게 알고, 자신의 체력 수준에 맞는 다양한 운동을 꾸준히 시도할 수 있다.","건강 체력과 운동 체력을 측정하여 자신의 체력 수준을 대략적으로 알고, 자신의 체력 수준에 맞는 일부 운동을 꾸준히 시도할 수 있다.",건강 체력과 운동 체력을 측정하여 자신의 체력 수준에 맞는 운동을 간헐적으로 시도할 수 있다.,"[6체01-02]는 자신의 건강 체력과 운동 체력 수준을 파악하여 체력을 증진할 수 있는 다양한 운동 방법을 선택하고 실천하기 위해 설정하였다. 자신의 우수한 체력과 부족한 체력이 무엇인지를 파악하고, 특히 부족한 체력을 기르기 위해 체력 수준에 적합한 운동 방법을 탐색하여 꾸준하게 실천하도록 한다.","● 5~6학년군 운동 영역에서는 체력 유형별로 각 체력 요소에 적합한 운동을 선정하고 자기 수준에 맞는 운동 방법을 찾아 실천하도록 한다. 운동을 통해 신체의 성장과 발달 및 체력 향상뿐만 아니라 정서적, 사회적 성장 발달과의 관계를 파악할 수 있도록 교수⋅학습을 운영한다.
● 체력 운동에서는 건강 체력과 운동 체력의 요소를 학습자가 이해하기 쉬운 수준으로 안내하고, 체력 요소별로 다양한 운동 방법을 선정하며, 끈기와 근면함을 바탕으로 자신의 체력을 점진적으로 증진할 수 있도록 단계적으로 학습을 운영한다. 건강 활동에서는 신체 성장에 따른 신체적 변화와 제2차 성징에 대한 이해와 함께 양성평등 감수성을 갖출 수 있도록 운영하고, 다양한 운동을 시도해 보면서 운동이 신체의 성장과 발달, 정서적 건강, 사회적 관계에 긍정적인 영향을 미친다는 것을 체험하도록 한다.
● 건강 체력과 운동 체력의 측정 결과를 참고하여 자신의 체력 강점과 약점을 파악하고, 수준에 적합한 운동을 선정하여 안전하게 활동할 수 있도록 운영한다. 개인별 성장 및 발달 속도의 차이, 성별에 따른 차이를 인권 보호 및 양성 평등적 관점에서 수용할 수 있도록 하며, 디지털 도구와 프로그램을 활용하여 지속적이고 자기 주도적인 건강 관리와 체력 운동을 실천하도록 한다.
● 5~6학년군 운동 영역에서는 개인적, 사회적으로 올바른 생활 양식의 실천을 민주시민 교육과 양성평등 및 상호 존중의 인권 교육과 연계하여 학습하도록 한다.
● 5~6학년군 운동 영역에서는 건강 체력과 운동 체력, 체력 요소별 운동 방법, 운동과 성장 발달, 안전한 생활 습관에 관한 이해력, 체력 측정 결과를 바탕으로 다양한 운동을 안전하게 시도할 수 있는 운동 및 건강 활동 수행 능력, 일상생활에서 체력 운동에 끈기 있고 꾸준하게 참여하면서 개인별 차이를 공감하고 수용하는 태도를 균형 있게 평가한다.
● 체력 운동에서는 체력 측정 결과 자체보다는 자신의 체력 수준에 적합한 체력 운동을 선정하고 계획하여 안전하게 실천하는 과정을 중심으로 평가한다. 건강 활동은 학습자가 운동이나 건강 활동을 하면서 자신과 타인의 신체적, 정서적 성장 발달의 차이를 공감하고 배려하면서 건강하고 안전한 생활 습관을 실천하는 태도를 평가한다.
● 5~6학년군의 운동 영역의 지식은 체력 운동 및 건강 활동 과정에서의 이해력을 중심으로 평가한다. 체력 운동 및 건강 활동 수행 능력과 태도는 체력 및 건강을 증진할 수 있는 다양한 운동 및 건강 습관을 일상생활에서 꾸준하게 실천하는 과정과 결과를 체력 및 건강 검사, 체크리스트, 개인일지 등을 활용하거나 디지털 도구 및 온라인 교수⋅학습 방법을 적용하여 평가한다. "
5~6,체육,운동,"⋅운동은 체력과 건강을 관리하는 주요 방법으로, 생애 전반에 걸쳐 건강한 삶의 토대가 된다.
⋅체력은 건강의 기초가 되며, 건강은 신체적 특성에 맞는 운동과 생활 습관을 계획하고 관리함으로써 증진된다.
⋅인간은 생활 속에서 운동을 즐기고, 심신의 건강을 유지하며, 행복한 삶을 영위한다.",6체01-03,성장 발달의 의미와 특성을 이해하고 운동과의 관계를 파악한다.,"성장 발달의 의미와 특성을 명확하게 알고, 운동이 성장 발달에 미치는 영향을 신체적ㆍ정서적ㆍ사회적 관점에서 예를 들어 구체적으로 설명할 수 있다.","성장 발달의 의미와 특성을 대략적으로 알고, 운동이 성장 발달에 미치는 영향을 신체적ㆍ정서적ㆍ사회적 관점 중 일부 관점에서 예를 들어 설명할 수 있다.","성장 발달의 의미를 대략적으로 알고, 운동이 성장 발달에 미치는 영향을 신체적ㆍ정서적ㆍ사회적 관점 중 일부 관점에서 제시할 수 있다.","[6체01-03]은 자신의 성장 발달을 이해하고, 운동이 성장 발달에 미치는 긍정적인 영향을 이해하기 위해 설정하였다. 성장에 따른 신체적, 정서적 변화, 특히 제2차 성징에 대한 이해를 바탕으로 자신의 성장 발달 양상을 긍정적으로 파악하고, 사춘기에 운동이 신체적, 정서적, 사회적 성장 발달에 바람직한 영향을 미친다는 점을 이해하도록 한다.","● 5~6학년군 운동 영역에서는 체력 유형별로 각 체력 요소에 적합한 운동을 선정하고 자기 수준에 맞는 운동 방법을 찾아 실천하도록 한다. 운동을 통해 신체의 성장과 발달 및 체력 향상뿐만 아니라 정서적, 사회적 성장 발달과의 관계를 파악할 수 있도록 교수⋅학습을 운영한다.
● 체력 운동에서는 건강 체력과 운동 체력의 요소를 학습자가 이해하기 쉬운 수준으로 안내하고, 체력 요소별로 다양한 운동 방법을 선정하며, 끈기와 근면함을 바탕으로 자신의 체력을 점진적으로 증진할 수 있도록 단계적으로 학습을 운영한다. 건강 활동에서는 신체 성장에 따른 신체적 변화와 제2차 성징에 대한 이해와 함께 양성평등 감수성을 갖출 수 있도록 운영하고, 다양한 운동을 시도해 보면서 운동이 신체의 성장과 발달, 정서적 건강, 사회적 관계에 긍정적인 영향을 미친다는 것을 체험하도록 한다.
● 건강 체력과 운동 체력의 측정 결과를 참고하여 자신의 체력 강점과 약점을 파악하고, 수준에 적합한 운동을 선정하여 안전하게 활동할 수 있도록 운영한다. 개인별 성장 및 발달 속도의 차이, 성별에 따른 차이를 인권 보호 및 양성 평등적 관점에서 수용할 수 있도록 하며, 디지털 도구와 프로그램을 활용하여 지속적이고 자기 주도적인 건강 관리와 체력 운동을 실천하도록 한다.
● 5~6학년군 운동 영역에서는 개인적, 사회적으로 올바른 생활 양식의 실천을 민주시민 교육과 양성평등 및 상호 존중의 인권 교육과 연계하여 학습하도록 한다.
● 5~6학년군 운동 영역에서는 건강 체력과 운동 체력, 체력 요소별 운동 방법, 운동과 성장 발달, 안전한 생활 습관에 관한 이해력, 체력 측정 결과를 바탕으로 다양한 운동을 안전하게 시도할 수 있는 운동 및 건강 활동 수행 능력, 일상생활에서 체력 운동에 끈기 있고 꾸준하게 참여하면서 개인별 차이를 공감하고 수용하는 태도를 균형 있게 평가한다.
● 체력 운동에서는 체력 측정 결과 자체보다는 자신의 체력 수준에 적합한 체력 운동을 선정하고 계획하여 안전하게 실천하는 과정을 중심으로 평가한다. 건강 활동은 학습자가 운동이나 건강 활동을 하면서 자신과 타인의 신체적, 정서적 성장 발달의 차이를 공감하고 배려하면서 건강하고 안전한 생활 습관을 실천하는 태도를 평가한다.
● 5~6학년군의 운동 영역의 지식은 체력 운동 및 건강 활동 과정에서의 이해력을 중심으로 평가한다. 체력 운동 및 건강 활동 수행 능력과 태도는 체력 및 건강을 증진할 수 있는 다양한 운동 및 건강 습관을 일상생활에서 꾸준하게 실천하는 과정과 결과를 체력 및 건강 검사, 체크리스트, 개인일지 등을 활용하거나 디지털 도구 및 온라인 교수⋅학습 방법을 적용하여 평가한다. "
5~6,체육,운동,"⋅운동은 체력과 건강을 관리하는 주요 방법으로, 생애 전반에 걸쳐 건강한 삶의 토대가 된다.
⋅체력은 건강의 기초가 되며, 건강은 신체적 특성에 맞는 운동과 생활 습관을 계획하고 관리함으로써 증진된다.
⋅인간은 생활 속에서 운동을 즐기고, 심신의 건강을 유지하며, 행복한 삶을 영위한다.",6체01-04,"운동 및 생활 속 위험 상황, 성장 발달을 저해하는 생활 방식의 문제점을 파악하고 예방 및 대처 방법을 익혀 안전하게 활동한다.","운동 및 생활 속 위험 상황과 성장 발달을 저해하는 생활 방식의 문제점을 명확하게 알고, 예방 및 대처 방법을 종합적으로 익혀 안전하게 활동할 수 있다.","운동 및 생활 속 위험 상황과 성장 발달을 저해하는 생활 방식의 문제점을 대략적으로 알고, 예방 및 대처 방법을 부분적으로 익혀 안전하게 활동할 수 있다.","운동 및 생활 속 위험 상황이나 성장 발달을 저해하는 생활 방식의 문제점 중 일부를 대략적으로 알고, 예방 및 대처 방법을 부분적으로 따라 활동할 수 있다.","[6체01-04]는 운동과 일상생활에서 발생할 수 있는 다양한 안전사고의 유형과 성장 발달을 저해하는 생활 방식의 문제점을 파악하고 침착하게 대처하기 위해 설정하였다. 운동 시설이나 용⋅기구, 지상⋅수상⋅빙상 등의 다양한 운동 환경에서 발생할 수 있는 안전사고, 건강한 성장 발달에 부정적인 생활 습관(흡연, 음주, 약물 오⋅남용 등), 안전을 위협하는 생활 및 자연 환경을 탐색하며 건강하고 안전한 생활 습관을 실천하도록 한다.","● 5~6학년군 운동 영역에서는 체력 유형별로 각 체력 요소에 적합한 운동을 선정하고 자기 수준에 맞는 운동 방법을 찾아 실천하도록 한다. 운동을 통해 신체의 성장과 발달 및 체력 향상뿐만 아니라 정서적, 사회적 성장 발달과의 관계를 파악할 수 있도록 교수⋅학습을 운영한다.
● 체력 운동에서는 건강 체력과 운동 체력의 요소를 학습자가 이해하기 쉬운 수준으로 안내하고, 체력 요소별로 다양한 운동 방법을 선정하며, 끈기와 근면함을 바탕으로 자신의 체력을 점진적으로 증진할 수 있도록 단계적으로 학습을 운영한다. 건강 활동에서는 신체 성장에 따른 신체적 변화와 제2차 성징에 대한 이해와 함께 양성평등 감수성을 갖출 수 있도록 운영하고, 다양한 운동을 시도해 보면서 운동이 신체의 성장과 발달, 정서적 건강, 사회적 관계에 긍정적인 영향을 미친다는 것을 체험하도록 한다.
● 건강 체력과 운동 체력의 측정 결과를 참고하여 자신의 체력 강점과 약점을 파악하고, 수준에 적합한 운동을 선정하여 안전하게 활동할 수 있도록 운영한다. 개인별 성장 및 발달 속도의 차이, 성별에 따른 차이를 인권 보호 및 양성 평등적 관점에서 수용할 수 있도록 하며, 디지털 도구와 프로그램을 활용하여 지속적이고 자기 주도적인 건강 관리와 체력 운동을 실천하도록 한다.
● 5~6학년군 운동 영역에서는 개인적, 사회적으로 올바른 생활 양식의 실천을 민주시민 교육과 양성평등 및 상호 존중의 인권 교육과 연계하여 학습하도록 한다.
● 5~6학년군 운동 영역에서는 건강 체력과 운동 체력, 체력 요소별 운동 방법, 운동과 성장 발달, 안전한 생활 습관에 관한 이해력, 체력 측정 결과를 바탕으로 다양한 운동을 안전하게 시도할 수 있는 운동 및 건강 활동 수행 능력, 일상생활에서 체력 운동에 끈기 있고 꾸준하게 참여하면서 개인별 차이를 공감하고 수용하는 태도를 균형 있게 평가한다.
● 체력 운동에서는 체력 측정 결과 자체보다는 자신의 체력 수준에 적합한 체력 운동을 선정하고 계획하여 안전하게 실천하는 과정을 중심으로 평가한다. 건강 활동은 학습자가 운동이나 건강 활동을 하면서 자신과 타인의 신체적, 정서적 성장 발달의 차이를 공감하고 배려하면서 건강하고 안전한 생활 습관을 실천하는 태도를 평가한다.
● 5~6학년군의 운동 영역의 지식은 체력 운동 및 건강 활동 과정에서의 이해력을 중심으로 평가한다. 체력 운동 및 건강 활동 수행 능력과 태도는 체력 및 건강을 증진할 수 있는 다양한 운동 및 건강 습관을 일상생활에서 꾸준하게 실천하는 과정과 결과를 체력 및 건강 검사, 체크리스트, 개인일지 등을 활용하거나 디지털 도구 및 온라인 교수⋅학습 방법을 적용하여 평가한다. "
5~6,체육,운동,"⋅운동은 체력과 건강을 관리하는 주요 방법으로, 생애 전반에 걸쳐 건강한 삶의 토대가 된다.
⋅체력은 건강의 기초가 되며, 건강은 신체적 특성에 맞는 운동과 생활 습관을 계획하고 관리함으로써 증진된다.
⋅인간은 생활 속에서 운동을 즐기고, 심신의 건강을 유지하며, 행복한 삶을 영위한다.",6체01-05,체력 운동을 끈기 있게 규칙적으로 수행한다.,체력 증진을 저해하는 개인적 조건과 환경적 조건 모두를 고려하여 전반적으로 극복하며 체력 운동을 끈기 있게 규칙적으로 수행할 수 있다.,체력 증진을 저해하는 개인적 조건과 환경적 조건 모두를 고려하며 체력 운동을 끈기 있게 규칙적으로 수행할 수 있다.,체력 증진을 저해하는 개인적 조건이나 환경적 조건 중 일부를 고려하며 체력 운동을 간헐적으로 수행할 수 있다.,"[6체01-05]는 체력 증진에 필요한 끈기와 근면성을 기르기 위해 설정하였다. 단기간에 증진되기 어려운 체력 운동의 특성상, 학습자가 운동 과정에서 쉽게 포기하지 않도록 체력 증진을 저해하는 개인적, 환경적 조건을 탐색하고 극복하면서 체력 운동을 규칙적으로 수행하도록 한다.","● 5~6학년군 운동 영역에서는 체력 유형별로 각 체력 요소에 적합한 운동을 선정하고 자기 수준에 맞는 운동 방법을 찾아 실천하도록 한다. 운동을 통해 신체의 성장과 발달 및 체력 향상뿐만 아니라 정서적, 사회적 성장 발달과의 관계를 파악할 수 있도록 교수⋅학습을 운영한다.
● 체력 운동에서는 건강 체력과 운동 체력의 요소를 학습자가 이해하기 쉬운 수준으로 안내하고, 체력 요소별로 다양한 운동 방법을 선정하며, 끈기와 근면함을 바탕으로 자신의 체력을 점진적으로 증진할 수 있도록 단계적으로 학습을 운영한다. 건강 활동에서는 신체 성장에 따른 신체적 변화와 제2차 성징에 대한 이해와 함께 양성평등 감수성을 갖출 수 있도록 운영하고, 다양한 운동을 시도해 보면서 운동이 신체의 성장과 발달, 정서적 건강, 사회적 관계에 긍정적인 영향을 미친다는 것을 체험하도록 한다.
● 건강 체력과 운동 체력의 측정 결과를 참고하여 자신의 체력 강점과 약점을 파악하고, 수준에 적합한 운동을 선정하여 안전하게 활동할 수 있도록 운영한다. 개인별 성장 및 발달 속도의 차이, 성별에 따른 차이를 인권 보호 및 양성 평등적 관점에서 수용할 수 있도록 하며, 디지털 도구와 프로그램을 활용하여 지속적이고 자기 주도적인 건강 관리와 체력 운동을 실천하도록 한다.
● 5~6학년군 운동 영역에서는 개인적, 사회적으로 올바른 생활 양식의 실천을 민주시민 교육과 양성평등 및 상호 존중의 인권 교육과 연계하여 학습하도록 한다.
● 5~6학년군 운동 영역에서는 건강 체력과 운동 체력, 체력 요소별 운동 방법, 운동과 성장 발달, 안전한 생활 습관에 관한 이해력, 체력 측정 결과를 바탕으로 다양한 운동을 안전하게 시도할 수 있는 운동 및 건강 활동 수행 능력, 일상생활에서 체력 운동에 끈기 있고 꾸준하게 참여하면서 개인별 차이를 공감하고 수용하는 태도를 균형 있게 평가한다.
● 체력 운동에서는 체력 측정 결과 자체보다는 자신의 체력 수준에 적합한 체력 운동을 선정하고 계획하여 안전하게 실천하는 과정을 중심으로 평가한다. 건강 활동은 학습자가 운동이나 건강 활동을 하면서 자신과 타인의 신체적, 정서적 성장 발달의 차이를 공감하고 배려하면서 건강하고 안전한 생활 습관을 실천하는 태도를 평가한다.
● 5~6학년군의 운동 영역의 지식은 체력 운동 및 건강 활동 과정에서의 이해력을 중심으로 평가한다. 체력 운동 및 건강 활동 수행 능력과 태도는 체력 및 건강을 증진할 수 있는 다양한 운동 및 건강 습관을 일상생활에서 꾸준하게 실천하는 과정과 결과를 체력 및 건강 검사, 체크리스트, 개인일지 등을 활용하거나 디지털 도구 및 온라인 교수⋅학습 방법을 적용하여 평가한다. "
5~6,체육,운동,"⋅운동은 체력과 건강을 관리하는 주요 방법으로, 생애 전반에 걸쳐 건강한 삶의 토대가 된다.
⋅체력은 건강의 기초가 되며, 건강은 신체적 특성에 맞는 운동과 생활 습관을 계획하고 관리함으로써 증진된다.
⋅인간은 생활 속에서 운동을 즐기고, 심신의 건강을 유지하며, 행복한 삶을 영위한다.",6체01-06,"성장과 발달 과정에서 나타나는 신체적, 정서적, 사회적 특성과 차이를 공감하고 위험 상황에 침착하게 대처한다.",성장과 발달 과정에서 나타나는 특성과 차이를 신체적ㆍ정서적ㆍ사회적 관점 모두에서 전반적으로 공감할 수 있으며 위험 상황에 침착하게 대처할 수 있다.,성장과 발달 과정에서 나타나는 특성과 차이를 신체적ㆍ정서적ㆍ사회적 관점 모두에서 부분적으로 공감할 수 있으며 위험 상황에 대처할 수 있다.,성장과 발달 과정에서 나타나는 특성과 차이를 신체적ㆍ정서적ㆍ사회적 관점 중 일부 관점에서 부분적으로 공감할 수 있으며 위험 상황을 인지할 수 있다.,"[6체01-06]은 성장과 발달 과정에서 개인별 차이를 공감하며, 안전을 위협하는 위험 상황에 대처하기 위해 설정하였다. 자신의 신체적, 정서적, 사회적 건강 특성이 다른 사람과 어떤 차이가 있고, 그러한 차이를 공감하는 것이 자신과 공동체에 어떤 영향을 미치는지를 실제 사례를 통해 이해하도록 한다.","● 5~6학년군 운동 영역에서는 체력 유형별로 각 체력 요소에 적합한 운동을 선정하고 자기 수준에 맞는 운동 방법을 찾아 실천하도록 한다. 운동을 통해 신체의 성장과 발달 및 체력 향상뿐만 아니라 정서적, 사회적 성장 발달과의 관계를 파악할 수 있도록 교수⋅학습을 운영한다.
● 체력 운동에서는 건강 체력과 운동 체력의 요소를 학습자가 이해하기 쉬운 수준으로 안내하고, 체력 요소별로 다양한 운동 방법을 선정하며, 끈기와 근면함을 바탕으로 자신의 체력을 점진적으로 증진할 수 있도록 단계적으로 학습을 운영한다. 건강 활동에서는 신체 성장에 따른 신체적 변화와 제2차 성징에 대한 이해와 함께 양성평등 감수성을 갖출 수 있도록 운영하고, 다양한 운동을 시도해 보면서 운동이 신체의 성장과 발달, 정서적 건강, 사회적 관계에 긍정적인 영향을 미친다는 것을 체험하도록 한다.
● 건강 체력과 운동 체력의 측정 결과를 참고하여 자신의 체력 강점과 약점을 파악하고, 수준에 적합한 운동을 선정하여 안전하게 활동할 수 있도록 운영한다. 개인별 성장 및 발달 속도의 차이, 성별에 따른 차이를 인권 보호 및 양성 평등적 관점에서 수용할 수 있도록 하며, 디지털 도구와 프로그램을 활용하여 지속적이고 자기 주도적인 건강 관리와 체력 운동을 실천하도록 한다.
● 5~6학년군 운동 영역에서는 개인적, 사회적으로 올바른 생활 양식의 실천을 민주시민 교육과 양성평등 및 상호 존중의 인권 교육과 연계하여 학습하도록 한다.
● 5~6학년군 운동 영역에서는 건강 체력과 운동 체력, 체력 요소별 운동 방법, 운동과 성장 발달, 안전한 생활 습관에 관한 이해력, 체력 측정 결과를 바탕으로 다양한 운동을 안전하게 시도할 수 있는 운동 및 건강 활동 수행 능력, 일상생활에서 체력 운동에 끈기 있고 꾸준하게 참여하면서 개인별 차이를 공감하고 수용하는 태도를 균형 있게 평가한다.
● 체력 운동에서는 체력 측정 결과 자체보다는 자신의 체력 수준에 적합한 체력 운동을 선정하고 계획하여 안전하게 실천하는 과정을 중심으로 평가한다. 건강 활동은 학습자가 운동이나 건강 활동을 하면서 자신과 타인의 신체적, 정서적 성장 발달의 차이를 공감하고 배려하면서 건강하고 안전한 생활 습관을 실천하는 태도를 평가한다.
● 5~6학년군의 운동 영역의 지식은 체력 운동 및 건강 활동 과정에서의 이해력을 중심으로 평가한다. 체력 운동 및 건강 활동 수행 능력과 태도는 체력 및 건강을 증진할 수 있는 다양한 운동 및 건강 습관을 일상생활에서 꾸준하게 실천하는 과정과 결과를 체력 및 건강 검사, 체크리스트, 개인일지 등을 활용하거나 디지털 도구 및 온라인 교수⋅학습 방법을 적용하여 평가한다. "
5~6,체육,스포츠,"⋅스포츠는 인간이 제도화된 규범과 움직임 기술을 바탕으로 타인 및 주변 세계와 소통하며 바람직한 구성원으로 성장하는 데 이바지한다. 
⋅스포츠는 인간이 환경과 상호작용하고 다양한 기술과 창의적인 전략을 발휘하며 한계를 극복하는 과정에서 발달한다. 
⋅인간은 스포츠를 다양한 방식으로 체험함으로써 움직임의 즐거움을 느끼고 활동적인 삶의 태도를 배운다.",6체02-01,기술형 스포츠의 의미와 유형을 파악한다.,"기술형 스포츠의 의미와 유형을 명확하게 알고, 기록형ㆍ동작형ㆍ투기형 스포츠 각각의 특성을 예를 들어 구체적으로 설명할 수 있다.","기술형 스포츠의 의미와 유형을 대략적으로 알고, 기록형ㆍ동작형ㆍ투기형 스포츠 각각의 특성을 설명할 수 있다.","기술형 스포츠의 의미를 대략적으로 알고, 기록형ㆍ동작형ㆍ투기형 스포츠의 종류를 구별할 수 있다.","[6체02-01]은 기술형 스포츠의 의미와 유형을 이해하기 위해 설정하였다. 기술의 수월성을 추구하는 기술형 스포츠의 의미를 이해하고 다양한 환경(지상, 수상, 빙상 등)에서의 움직임 기록 향상을 위한 기록형, 일련의 절차와 방법이 정해진 움직임을 정확하게 수행하는 동작형, 상대방의 신체적 기량과 겨루는 투기형으로 구분하여 유형별 움직임의 세부 특성을 파악하도록 한다.","● 5~6학년군 스포츠 영역에서는 3~4학년에서 학습한 스포츠와 움직임에 관한 지식, 기본 움직임 기술과 스포츠 유형별 기본 기능 및 태도를 바탕으로 기술형, 전략형, 생태형 스포츠의 의미와 유형, 기본 기능과 연계한 움직임 기술의 응용 방법과 기본 전략을 학습할 수 있도록 한다. 특히 스포츠 활동을 체험할 수 있는 주변 환경을 아끼는 태도와 목표 달성을 위한 의지를 발휘하며 경기 결과에 집착하지 않고 팀원과 협력하며 동료를 배려하는 태도를 꾸준히 실천할 수 있도록 교수⋅학습을 운영한다.
● 기술형 스포츠에서는 동작형, 기록형, 투기형 스포츠의 유형별 목표 달성에 효과적인 응용 기능, 활동 방법, 전략을 파악하고 시도하는 데 중점을 둔다. 기본 움직임 기술을 경기에서 활용할 수 있는 응용 기능으로 발전시켜 학습하면서 기록을 향상하거나, 동작의 정확성을 추구하며, 상대의 기술에 맞춰 상호작용하는 기술형 스포츠의 특징을 학습할 수 있는 변형게임이나 뉴스포츠 등의 활동을 선정하고 운영한다. 
● 전략형 스포츠에서는 영역형, 필드형, 네트형 스포츠의 유형별로 개인 또는 팀의 전략을 겨루는 활동에 효과적인 응용 기능, 활동 방법, 전략을 파악하고 시도하는 데 중점을 둔다. 학습자가 활동 방법과 기본 전략을 협력적으로 수행하고 역할을 맡으며 민주적 의사결정 과정을 경험하도록 활동을 조직하고, 전략형 스포츠의 기본 전략을 학습할 수 있는 변형게임이나 뉴스포츠 등의 활동을 선정하고 운영한다.
● 생태형 스포츠에서는 자연환경형, 생활환경형 스포츠 유형별로 환경과 상호작용하며 즐길 수 있는 활동에 유용한 응용 기능, 활동 방법, 전략을 파악하고 시도하는 데 중점을 둔다. 단위 학교의 환경을 고려한 활동으로 재구성하여 직접 체험하거나 디지털 기술을 활용하여 다양한 활동을 간접적으로 체험할 수 있도록 한다. 또한 가족이나 친구들과 함께 학교 밖 여가활동으로 이어질 수 있는 실천 방법을 안내하고 주변 환경을 보호하는 활동(플로킹, 플로깅 등)을 병행하여 생태적 감수성을 높이도록 한다.
● 스포츠 영역에서는 교내외 체육 시설 이용에 따른 안전사고를 예방할 수 있도록 교수⋅학습을 운영한다.
● 5~6학년군 스포츠 영역에서는 기술형⋅전략형⋅생태형 스포츠의 의미와 유형, 활동 방법과 기본 전략에 관한 이해력, 스포츠 유형별 기본 기능의 습득을 위한 움직임 기술의 응용 방법과 활동 수행 능력, 목표 달성 과정에서 인내하고 팀원과 협력하며 상대를 배려하고 스포츠 환경을 아끼고 감사하는 태도를 균형 있게 평가한다.
● 기술형 스포츠에서는 학습자 수준별로 목표 달성 여부, 수행 과정에서의 변화 정도를 평가한다. 전략형 스포츠에서는 개인별 기본 움직임 기술의 응용 기능 및 전략 수행 능력과 함께 팀별 활동 수행 능력을 함께 평가한다. 생태형 스포츠에서는 생활 및 자연환경의 활용 능력뿐만 아니라 자연환경을 보호하기 위한 활동을 병행함으로써 스포츠 환경을 아끼고 감사하는 태도를 함께 평가한다.
● 5~6학년군의 스포츠 영역 지식에 관한 이해력은 자기 점검 및 경기 분석 보고서, 포트폴리오 등을 활용하고, 기본 움직임 기술을 응용한 게임의 기본 기능은 동작 분석용 애플리케이션 등 디지털 도구를 활용한 평가, 게임 수행 능력은 활동 중 기본 기능과 전략을 평가할 수 있는 체크리스트 등을 활용한다. 교육환경의 제약으로 생태형 스포츠를 학습하기 힘든 경우, 간접 체험 활동을 통해 평가할 수 있다."
5~6,체육,스포츠,"⋅스포츠는 인간이 제도화된 규범과 움직임 기술을 바탕으로 타인 및 주변 세계와 소통하며 바람직한 구성원으로 성장하는 데 이바지한다. 
⋅스포츠는 인간이 환경과 상호작용하고 다양한 기술과 창의적인 전략을 발휘하며 한계를 극복하는 과정에서 발달한다. 
⋅인간은 스포츠를 다양한 방식으로 체험함으로써 움직임의 즐거움을 느끼고 활동적인 삶의 태도를 배운다.",6체02-02,기술형 스포츠 유형별로 기본 움직임 기술을 응용한 기본 기능을 파악하고 수행한다.,기술형 스포츠에서 기본 움직임 기술을 응용한 여러 가지 기본 기능을 다양한 게임 상황에서 효율적으로 수행할 수 있다.,기술형 스포츠에서 기본 움직임 기술을 응용한 일부 기본 기능을 다양한 게임 상황에서 수행할 수 있다.,기술형 스포츠에서 기본 움직임 기술을 응용한 일부 기본 기능을 게임 상황에서 부분적으로 수행할 수 있다.,"[6체02-02]는 기록형, 동작형, 투기형 스포츠에서 기본 움직임 기술을 응용한 기본 기능을 효과적으로 활용하기 위해 설정하였다. 속도와 거리, 정확성에 도전하는 기록형 스포츠의 기본 기능(도움닫기 하여 멀리뛰기, 목표물에 정확히 던지기 등), 절차와 방법이 정해진 움직임을 수행하는 동작형 스포츠의 기본 기능(손 짚고 옆돌기, 다리 벌려 뛰어넘기 등), 상대방과 신체적 기술을 겨루는 투기형 스포츠의 기본 기능(발차기, 다리 걸기 등)을 게임 상황에 맞게 효율적으로 수행하도록 한다.","● 5~6학년군 스포츠 영역에서는 3~4학년에서 학습한 스포츠와 움직임에 관한 지식, 기본 움직임 기술과 스포츠 유형별 기본 기능 및 태도를 바탕으로 기술형, 전략형, 생태형 스포츠의 의미와 유형, 기본 기능과 연계한 움직임 기술의 응용 방법과 기본 전략을 학습할 수 있도록 한다. 특히 스포츠 활동을 체험할 수 있는 주변 환경을 아끼는 태도와 목표 달성을 위한 의지를 발휘하며 경기 결과에 집착하지 않고 팀원과 협력하며 동료를 배려하는 태도를 꾸준히 실천할 수 있도록 교수⋅학습을 운영한다.
● 기술형 스포츠에서는 동작형, 기록형, 투기형 스포츠의 유형별 목표 달성에 효과적인 응용 기능, 활동 방법, 전략을 파악하고 시도하는 데 중점을 둔다. 기본 움직임 기술을 경기에서 활용할 수 있는 응용 기능으로 발전시켜 학습하면서 기록을 향상하거나, 동작의 정확성을 추구하며, 상대의 기술에 맞춰 상호작용하는 기술형 스포츠의 특징을 학습할 수 있는 변형게임이나 뉴스포츠 등의 활동을 선정하고 운영한다. 
● 전략형 스포츠에서는 영역형, 필드형, 네트형 스포츠의 유형별로 개인 또는 팀의 전략을 겨루는 활동에 효과적인 응용 기능, 활동 방법, 전략을 파악하고 시도하는 데 중점을 둔다. 학습자가 활동 방법과 기본 전략을 협력적으로 수행하고 역할을 맡으며 민주적 의사결정 과정을 경험하도록 활동을 조직하고, 전략형 스포츠의 기본 전략을 학습할 수 있는 변형게임이나 뉴스포츠 등의 활동을 선정하고 운영한다.
● 생태형 스포츠에서는 자연환경형, 생활환경형 스포츠 유형별로 환경과 상호작용하며 즐길 수 있는 활동에 유용한 응용 기능, 활동 방법, 전략을 파악하고 시도하는 데 중점을 둔다. 단위 학교의 환경을 고려한 활동으로 재구성하여 직접 체험하거나 디지털 기술을 활용하여 다양한 활동을 간접적으로 체험할 수 있도록 한다. 또한 가족이나 친구들과 함께 학교 밖 여가활동으로 이어질 수 있는 실천 방법을 안내하고 주변 환경을 보호하는 활동(플로킹, 플로깅 등)을 병행하여 생태적 감수성을 높이도록 한다.
● 스포츠 영역에서는 교내외 체육 시설 이용에 따른 안전사고를 예방할 수 있도록 교수⋅학습을 운영한다.
● 5~6학년군 스포츠 영역에서는 기술형⋅전략형⋅생태형 스포츠의 의미와 유형, 활동 방법과 기본 전략에 관한 이해력, 스포츠 유형별 기본 기능의 습득을 위한 움직임 기술의 응용 방법과 활동 수행 능력, 목표 달성 과정에서 인내하고 팀원과 협력하며 상대를 배려하고 스포츠 환경을 아끼고 감사하는 태도를 균형 있게 평가한다.
● 기술형 스포츠에서는 학습자 수준별로 목표 달성 여부, 수행 과정에서의 변화 정도를 평가한다. 전략형 스포츠에서는 개인별 기본 움직임 기술의 응용 기능 및 전략 수행 능력과 함께 팀별 활동 수행 능력을 함께 평가한다. 생태형 스포츠에서는 생활 및 자연환경의 활용 능력뿐만 아니라 자연환경을 보호하기 위한 활동을 병행함으로써 스포츠 환경을 아끼고 감사하는 태도를 함께 평가한다.
● 5~6학년군의 스포츠 영역 지식에 관한 이해력은 자기 점검 및 경기 분석 보고서, 포트폴리오 등을 활용하고, 기본 움직임 기술을 응용한 게임의 기본 기능은 동작 분석용 애플리케이션 등 디지털 도구를 활용한 평가, 게임 수행 능력은 활동 중 기본 기능과 전략을 평가할 수 있는 체크리스트 등을 활용한다. 교육환경의 제약으로 생태형 스포츠를 학습하기 힘든 경우, 간접 체험 활동을 통해 평가할 수 있다."
5~6,체육,스포츠,"⋅스포츠는 인간이 제도화된 규범과 움직임 기술을 바탕으로 타인 및 주변 세계와 소통하며 바람직한 구성원으로 성장하는 데 이바지한다. 
⋅스포츠는 인간이 환경과 상호작용하고 다양한 기술과 창의적인 전략을 발휘하며 한계를 극복하는 과정에서 발달한다. 
⋅인간은 스포츠를 다양한 방식으로 체험함으로써 움직임의 즐거움을 느끼고 활동적인 삶의 태도를 배운다.",6체02-03,기술형 스포츠 유형별 활동 방법을 파악하고 기본 전략을 게임 활동에서 수행한다.,"기술형 스포츠를 변형한 게임 활동의 경기 방법을 명확히 파악하고, 다양한 게임 활동에서 여러 가지 기본 전략을 수행할 수 있다.","기술형 스포츠를 변형한 게임 활동의 경기 방법을 대략적으로 파악하고, 다양한 게임 활동에서 일부 기본 전략을 수행할 수 있다.","기술형 스포츠를 변형한 게임 활동의 경기 방법 중 일부를 대략적으로 파악하고, 게임 활동에서 일부 기본 전략을 부분적으로 수행할 수 있다.","[6체02-03]은 기록형, 동작형, 투기형 스포츠의 활동 방법과 기본 전략을 활용하기 위해 설정하였다. 기록형, 동작형, 투기형 스포츠를 변형한 게임 활동의 경기 방법을 이해하고, 기록 측정과 분석, 동작 수행의 점검과 분석, 자신과 상대의 기량 확인과 분석 등 기술형 스포츠의 기본 전략을 파악하고 수행하도록 한다.","● 5~6학년군 스포츠 영역에서는 3~4학년에서 학습한 스포츠와 움직임에 관한 지식, 기본 움직임 기술과 스포츠 유형별 기본 기능 및 태도를 바탕으로 기술형, 전략형, 생태형 스포츠의 의미와 유형, 기본 기능과 연계한 움직임 기술의 응용 방법과 기본 전략을 학습할 수 있도록 한다. 특히 스포츠 활동을 체험할 수 있는 주변 환경을 아끼는 태도와 목표 달성을 위한 의지를 발휘하며 경기 결과에 집착하지 않고 팀원과 협력하며 동료를 배려하는 태도를 꾸준히 실천할 수 있도록 교수⋅학습을 운영한다.
● 기술형 스포츠에서는 동작형, 기록형, 투기형 스포츠의 유형별 목표 달성에 효과적인 응용 기능, 활동 방법, 전략을 파악하고 시도하는 데 중점을 둔다. 기본 움직임 기술을 경기에서 활용할 수 있는 응용 기능으로 발전시켜 학습하면서 기록을 향상하거나, 동작의 정확성을 추구하며, 상대의 기술에 맞춰 상호작용하는 기술형 스포츠의 특징을 학습할 수 있는 변형게임이나 뉴스포츠 등의 활동을 선정하고 운영한다. 
● 전략형 스포츠에서는 영역형, 필드형, 네트형 스포츠의 유형별로 개인 또는 팀의 전략을 겨루는 활동에 효과적인 응용 기능, 활동 방법, 전략을 파악하고 시도하는 데 중점을 둔다. 학습자가 활동 방법과 기본 전략을 협력적으로 수행하고 역할을 맡으며 민주적 의사결정 과정을 경험하도록 활동을 조직하고, 전략형 스포츠의 기본 전략을 학습할 수 있는 변형게임이나 뉴스포츠 등의 활동을 선정하고 운영한다.
● 생태형 스포츠에서는 자연환경형, 생활환경형 스포츠 유형별로 환경과 상호작용하며 즐길 수 있는 활동에 유용한 응용 기능, 활동 방법, 전략을 파악하고 시도하는 데 중점을 둔다. 단위 학교의 환경을 고려한 활동으로 재구성하여 직접 체험하거나 디지털 기술을 활용하여 다양한 활동을 간접적으로 체험할 수 있도록 한다. 또한 가족이나 친구들과 함께 학교 밖 여가활동으로 이어질 수 있는 실천 방법을 안내하고 주변 환경을 보호하는 활동(플로킹, 플로깅 등)을 병행하여 생태적 감수성을 높이도록 한다.
● 스포츠 영역에서는 교내외 체육 시설 이용에 따른 안전사고를 예방할 수 있도록 교수⋅학습을 운영한다.
● 5~6학년군 스포츠 영역에서는 기술형⋅전략형⋅생태형 스포츠의 의미와 유형, 활동 방법과 기본 전략에 관한 이해력, 스포츠 유형별 기본 기능의 습득을 위한 움직임 기술의 응용 방법과 활동 수행 능력, 목표 달성 과정에서 인내하고 팀원과 협력하며 상대를 배려하고 스포츠 환경을 아끼고 감사하는 태도를 균형 있게 평가한다.
● 기술형 스포츠에서는 학습자 수준별로 목표 달성 여부, 수행 과정에서의 변화 정도를 평가한다. 전략형 스포츠에서는 개인별 기본 움직임 기술의 응용 기능 및 전략 수행 능력과 함께 팀별 활동 수행 능력을 함께 평가한다. 생태형 스포츠에서는 생활 및 자연환경의 활용 능력뿐만 아니라 자연환경을 보호하기 위한 활동을 병행함으로써 스포츠 환경을 아끼고 감사하는 태도를 함께 평가한다.
● 5~6학년군의 스포츠 영역 지식에 관한 이해력은 자기 점검 및 경기 분석 보고서, 포트폴리오 등을 활용하고, 기본 움직임 기술을 응용한 게임의 기본 기능은 동작 분석용 애플리케이션 등 디지털 도구를 활용한 평가, 게임 수행 능력은 활동 중 기본 기능과 전략을 평가할 수 있는 체크리스트 등을 활용한다. 교육환경의 제약으로 생태형 스포츠를 학습하기 힘든 경우, 간접 체험 활동을 통해 평가할 수 있다."
5~6,체육,스포츠,"⋅스포츠는 인간이 제도화된 규범과 움직임 기술을 바탕으로 타인 및 주변 세계와 소통하며 바람직한 구성원으로 성장하는 데 이바지한다. 
⋅스포츠는 인간이 환경과 상호작용하고 다양한 기술과 창의적인 전략을 발휘하며 한계를 극복하는 과정에서 발달한다. 
⋅인간은 스포츠를 다양한 방식으로 체험함으로써 움직임의 즐거움을 느끼고 활동적인 삶의 태도를 배운다.",6체02-04,전략형 스포츠의 의미와 유형을 파악한다.,"전략형 스포츠의 의미와 유형을 명확하게 알고, 영역형ㆍ필드형ㆍ네트형 스포츠 각각의 특성을 예를 들어 구체적으로 설명할 수 있다.","전략형 스포츠의 의미와 유형을 대략적으로 알고, 영역형ㆍ필드형ㆍ네트형 스포츠 각각의 특성을 설명할 수 있다.","전략형 스포츠의 의미를 대략적으로 알고, 영역형ㆍ필드형ㆍ네트형 스포츠의 종류를 구별할 수 있다.","[6체02-04]는 전략형 스포츠의 의미와 유형을 이해하기 위해 설정하였다. 움직임 기능 수행 능력과 전략에 따라 승패가 결정되는 전략형 스포츠의 의미를 이해하고 스포츠의 유형을 상대 영역으로 이동하여 정해진 지점으로 공을 보내 득점하는 영역형, 동일 공간에서 공격과 수비를 번갈아 하며 정해진 구역을 돌아 점수를 얻는 필드형, 네트 너머에 있는 상대 영역에 공을 보내 넘기지 못하게 하여 득점하는 네트형으로 구분하여 각각의 세부 특성을 파악하도록 한다.","● 5~6학년군 스포츠 영역에서는 3~4학년에서 학습한 스포츠와 움직임에 관한 지식, 기본 움직임 기술과 스포츠 유형별 기본 기능 및 태도를 바탕으로 기술형, 전략형, 생태형 스포츠의 의미와 유형, 기본 기능과 연계한 움직임 기술의 응용 방법과 기본 전략을 학습할 수 있도록 한다. 특히 스포츠 활동을 체험할 수 있는 주변 환경을 아끼는 태도와 목표 달성을 위한 의지를 발휘하며 경기 결과에 집착하지 않고 팀원과 협력하며 동료를 배려하는 태도를 꾸준히 실천할 수 있도록 교수⋅학습을 운영한다.
● 기술형 스포츠에서는 동작형, 기록형, 투기형 스포츠의 유형별 목표 달성에 효과적인 응용 기능, 활동 방법, 전략을 파악하고 시도하는 데 중점을 둔다. 기본 움직임 기술을 경기에서 활용할 수 있는 응용 기능으로 발전시켜 학습하면서 기록을 향상하거나, 동작의 정확성을 추구하며, 상대의 기술에 맞춰 상호작용하는 기술형 스포츠의 특징을 학습할 수 있는 변형게임이나 뉴스포츠 등의 활동을 선정하고 운영한다. 
● 전략형 스포츠에서는 영역형, 필드형, 네트형 스포츠의 유형별로 개인 또는 팀의 전략을 겨루는 활동에 효과적인 응용 기능, 활동 방법, 전략을 파악하고 시도하는 데 중점을 둔다. 학습자가 활동 방법과 기본 전략을 협력적으로 수행하고 역할을 맡으며 민주적 의사결정 과정을 경험하도록 활동을 조직하고, 전략형 스포츠의 기본 전략을 학습할 수 있는 변형게임이나 뉴스포츠 등의 활동을 선정하고 운영한다.
● 생태형 스포츠에서는 자연환경형, 생활환경형 스포츠 유형별로 환경과 상호작용하며 즐길 수 있는 활동에 유용한 응용 기능, 활동 방법, 전략을 파악하고 시도하는 데 중점을 둔다. 단위 학교의 환경을 고려한 활동으로 재구성하여 직접 체험하거나 디지털 기술을 활용하여 다양한 활동을 간접적으로 체험할 수 있도록 한다. 또한 가족이나 친구들과 함께 학교 밖 여가활동으로 이어질 수 있는 실천 방법을 안내하고 주변 환경을 보호하는 활동(플로킹, 플로깅 등)을 병행하여 생태적 감수성을 높이도록 한다.
● 스포츠 영역에서는 교내외 체육 시설 이용에 따른 안전사고를 예방할 수 있도록 교수⋅학습을 운영한다.
● 5~6학년군 스포츠 영역에서는 기술형⋅전략형⋅생태형 스포츠의 의미와 유형, 활동 방법과 기본 전략에 관한 이해력, 스포츠 유형별 기본 기능의 습득을 위한 움직임 기술의 응용 방법과 활동 수행 능력, 목표 달성 과정에서 인내하고 팀원과 협력하며 상대를 배려하고 스포츠 환경을 아끼고 감사하는 태도를 균형 있게 평가한다.
● 기술형 스포츠에서는 학습자 수준별로 목표 달성 여부, 수행 과정에서의 변화 정도를 평가한다. 전략형 스포츠에서는 개인별 기본 움직임 기술의 응용 기능 및 전략 수행 능력과 함께 팀별 활동 수행 능력을 함께 평가한다. 생태형 스포츠에서는 생활 및 자연환경의 활용 능력뿐만 아니라 자연환경을 보호하기 위한 활동을 병행함으로써 스포츠 환경을 아끼고 감사하는 태도를 함께 평가한다.
● 5~6학년군의 스포츠 영역 지식에 관한 이해력은 자기 점검 및 경기 분석 보고서, 포트폴리오 등을 활용하고, 기본 움직임 기술을 응용한 게임의 기본 기능은 동작 분석용 애플리케이션 등 디지털 도구를 활용한 평가, 게임 수행 능력은 활동 중 기본 기능과 전략을 평가할 수 있는 체크리스트 등을 활용한다. 교육환경의 제약으로 생태형 스포츠를 학습하기 힘든 경우, 간접 체험 활동을 통해 평가할 수 있다."
5~6,체육,스포츠,"⋅스포츠는 인간이 제도화된 규범과 움직임 기술을 바탕으로 타인 및 주변 세계와 소통하며 바람직한 구성원으로 성장하는 데 이바지한다. 
⋅스포츠는 인간이 환경과 상호작용하고 다양한 기술과 창의적인 전략을 발휘하며 한계를 극복하는 과정에서 발달한다. 
⋅인간은 스포츠를 다양한 방식으로 체험함으로써 움직임의 즐거움을 느끼고 활동적인 삶의 태도를 배운다.",6체02-05,전략형 스포츠 유형별로 기본 움직임 기술을 응용한 기본 기능을 파악하고 수행한다.,전략형 스포츠에서 기본 움직임 기술을 응용한 여러 가지 기본 기능을 다양한 게임 상황에서 효율적으로 수행할 수 있다.,전략형 스포츠에서 기본 움직임 기술을 응용한 일부 기본 기능을 다양한 게임 상황에서 수행할 수 있다.,전략형 스포츠에서 기본 움직임 기술을 응용한 일부 기본 기능을 게임 상황에서 부분적으로 수행할 수 있다.,"[6체02-05]는 영역형, 필드형, 네트형 스포츠에서 기본 움직임 기술을 응용한 기본 기능을 효과적으로 활용하기 위해 설정하였다. 패스, 드리블, 슛 등과 같은 영역형 스포츠의 기본 기능, 포구, 송구, 타격, 주루 등과 같은 필드형 스포츠의 기본 기능, 서브, 리시브, 토스, 스트로크(스매싱) 등과 같은 네트형 스포츠의 기본 기능을 변형게임이나 뉴스포츠 수준의 게임 상황에 맞게 효율적으로 수행하도록 한다.","● 5~6학년군 스포츠 영역에서는 3~4학년에서 학습한 스포츠와 움직임에 관한 지식, 기본 움직임 기술과 스포츠 유형별 기본 기능 및 태도를 바탕으로 기술형, 전략형, 생태형 스포츠의 의미와 유형, 기본 기능과 연계한 움직임 기술의 응용 방법과 기본 전략을 학습할 수 있도록 한다. 특히 스포츠 활동을 체험할 수 있는 주변 환경을 아끼는 태도와 목표 달성을 위한 의지를 발휘하며 경기 결과에 집착하지 않고 팀원과 협력하며 동료를 배려하는 태도를 꾸준히 실천할 수 있도록 교수⋅학습을 운영한다.
● 기술형 스포츠에서는 동작형, 기록형, 투기형 스포츠의 유형별 목표 달성에 효과적인 응용 기능, 활동 방법, 전략을 파악하고 시도하는 데 중점을 둔다. 기본 움직임 기술을 경기에서 활용할 수 있는 응용 기능으로 발전시켜 학습하면서 기록을 향상하거나, 동작의 정확성을 추구하며, 상대의 기술에 맞춰 상호작용하는 기술형 스포츠의 특징을 학습할 수 있는 변형게임이나 뉴스포츠 등의 활동을 선정하고 운영한다. 
● 전략형 스포츠에서는 영역형, 필드형, 네트형 스포츠의 유형별로 개인 또는 팀의 전략을 겨루는 활동에 효과적인 응용 기능, 활동 방법, 전략을 파악하고 시도하는 데 중점을 둔다. 학습자가 활동 방법과 기본 전략을 협력적으로 수행하고 역할을 맡으며 민주적 의사결정 과정을 경험하도록 활동을 조직하고, 전략형 스포츠의 기본 전략을 학습할 수 있는 변형게임이나 뉴스포츠 등의 활동을 선정하고 운영한다.
● 생태형 스포츠에서는 자연환경형, 생활환경형 스포츠 유형별로 환경과 상호작용하며 즐길 수 있는 활동에 유용한 응용 기능, 활동 방법, 전략을 파악하고 시도하는 데 중점을 둔다. 단위 학교의 환경을 고려한 활동으로 재구성하여 직접 체험하거나 디지털 기술을 활용하여 다양한 활동을 간접적으로 체험할 수 있도록 한다. 또한 가족이나 친구들과 함께 학교 밖 여가활동으로 이어질 수 있는 실천 방법을 안내하고 주변 환경을 보호하는 활동(플로킹, 플로깅 등)을 병행하여 생태적 감수성을 높이도록 한다.
● 스포츠 영역에서는 교내외 체육 시설 이용에 따른 안전사고를 예방할 수 있도록 교수⋅학습을 운영한다.
● 5~6학년군 스포츠 영역에서는 기술형⋅전략형⋅생태형 스포츠의 의미와 유형, 활동 방법과 기본 전략에 관한 이해력, 스포츠 유형별 기본 기능의 습득을 위한 움직임 기술의 응용 방법과 활동 수행 능력, 목표 달성 과정에서 인내하고 팀원과 협력하며 상대를 배려하고 스포츠 환경을 아끼고 감사하는 태도를 균형 있게 평가한다.
● 기술형 스포츠에서는 학습자 수준별로 목표 달성 여부, 수행 과정에서의 변화 정도를 평가한다. 전략형 스포츠에서는 개인별 기본 움직임 기술의 응용 기능 및 전략 수행 능력과 함께 팀별 활동 수행 능력을 함께 평가한다. 생태형 스포츠에서는 생활 및 자연환경의 활용 능력뿐만 아니라 자연환경을 보호하기 위한 활동을 병행함으로써 스포츠 환경을 아끼고 감사하는 태도를 함께 평가한다.
● 5~6학년군의 스포츠 영역 지식에 관한 이해력은 자기 점검 및 경기 분석 보고서, 포트폴리오 등을 활용하고, 기본 움직임 기술을 응용한 게임의 기본 기능은 동작 분석용 애플리케이션 등 디지털 도구를 활용한 평가, 게임 수행 능력은 활동 중 기본 기능과 전략을 평가할 수 있는 체크리스트 등을 활용한다. 교육환경의 제약으로 생태형 스포츠를 학습하기 힘든 경우, 간접 체험 활동을 통해 평가할 수 있다."
5~6,체육,스포츠,"⋅스포츠는 인간이 제도화된 규범과 움직임 기술을 바탕으로 타인 및 주변 세계와 소통하며 바람직한 구성원으로 성장하는 데 이바지한다. 
⋅스포츠는 인간이 환경과 상호작용하고 다양한 기술과 창의적인 전략을 발휘하며 한계를 극복하는 과정에서 발달한다. 
⋅인간은 스포츠를 다양한 방식으로 체험함으로써 움직임의 즐거움을 느끼고 활동적인 삶의 태도를 배운다.",6체02-06,전략형 스포츠 유형별 활동 방법을 파악하고 기본 전략을 게임 활동에서 수행한다.,"전략형 스포츠를 변형한 게임이나 뉴스포츠 수준의 활동 방법을 명확히 파악하고, 다양한 게임 활동에서 여러 가지 기본 전략을 수행할 수 있다.","전략형 스포츠를 변형한 게임이나 뉴스포츠 수준의 활동 방법을 대략적으로 파악하고, 다양한 게임 활동에서 일부 기본 전략을 수행할 수 있다.","전략형 스포츠를 변형한 게임이나 뉴스포츠 수준의 활동 방법 중 일부를 대략적으로 파악하고, 게임 활동에서 일부 기본 전략을 부분적으로 수행할 수 있다.","[6체02-06]은 영역형, 필드형, 네트형 스포츠의 활동 방법과 기본 전략을 활용하기 위해 설정하였다. 영역형, 필드형, 네트형 스포츠를 변형한 게임이나 뉴스포츠와 같은 게임 활동에 참여하며 경기 방법을 파악하고, 공간 만들기, 공간 차단하기, 골 넣기와 막기, 빈 곳으로 공 치기, 구역과 역할 나누어 수비하기, 빈 곳으로 공 넘기기, 유기적으로 역할 분담하기 등 전략형 스포츠의 기본 전략을 파악하고 수행하도록 한다.","● 5~6학년군 스포츠 영역에서는 3~4학년에서 학습한 스포츠와 움직임에 관한 지식, 기본 움직임 기술과 스포츠 유형별 기본 기능 및 태도를 바탕으로 기술형, 전략형, 생태형 스포츠의 의미와 유형, 기본 기능과 연계한 움직임 기술의 응용 방법과 기본 전략을 학습할 수 있도록 한다. 특히 스포츠 활동을 체험할 수 있는 주변 환경을 아끼는 태도와 목표 달성을 위한 의지를 발휘하며 경기 결과에 집착하지 않고 팀원과 협력하며 동료를 배려하는 태도를 꾸준히 실천할 수 있도록 교수⋅학습을 운영한다.
● 기술형 스포츠에서는 동작형, 기록형, 투기형 스포츠의 유형별 목표 달성에 효과적인 응용 기능, 활동 방법, 전략을 파악하고 시도하는 데 중점을 둔다. 기본 움직임 기술을 경기에서 활용할 수 있는 응용 기능으로 발전시켜 학습하면서 기록을 향상하거나, 동작의 정확성을 추구하며, 상대의 기술에 맞춰 상호작용하는 기술형 스포츠의 특징을 학습할 수 있는 변형게임이나 뉴스포츠 등의 활동을 선정하고 운영한다. 
● 전략형 스포츠에서는 영역형, 필드형, 네트형 스포츠의 유형별로 개인 또는 팀의 전략을 겨루는 활동에 효과적인 응용 기능, 활동 방법, 전략을 파악하고 시도하는 데 중점을 둔다. 학습자가 활동 방법과 기본 전략을 협력적으로 수행하고 역할을 맡으며 민주적 의사결정 과정을 경험하도록 활동을 조직하고, 전략형 스포츠의 기본 전략을 학습할 수 있는 변형게임이나 뉴스포츠 등의 활동을 선정하고 운영한다.
● 생태형 스포츠에서는 자연환경형, 생활환경형 스포츠 유형별로 환경과 상호작용하며 즐길 수 있는 활동에 유용한 응용 기능, 활동 방법, 전략을 파악하고 시도하는 데 중점을 둔다. 단위 학교의 환경을 고려한 활동으로 재구성하여 직접 체험하거나 디지털 기술을 활용하여 다양한 활동을 간접적으로 체험할 수 있도록 한다. 또한 가족이나 친구들과 함께 학교 밖 여가활동으로 이어질 수 있는 실천 방법을 안내하고 주변 환경을 보호하는 활동(플로킹, 플로깅 등)을 병행하여 생태적 감수성을 높이도록 한다.
● 스포츠 영역에서는 교내외 체육 시설 이용에 따른 안전사고를 예방할 수 있도록 교수⋅학습을 운영한다.
● 5~6학년군 스포츠 영역에서는 기술형⋅전략형⋅생태형 스포츠의 의미와 유형, 활동 방법과 기본 전략에 관한 이해력, 스포츠 유형별 기본 기능의 습득을 위한 움직임 기술의 응용 방법과 활동 수행 능력, 목표 달성 과정에서 인내하고 팀원과 협력하며 상대를 배려하고 스포츠 환경을 아끼고 감사하는 태도를 균형 있게 평가한다.
● 기술형 스포츠에서는 학습자 수준별로 목표 달성 여부, 수행 과정에서의 변화 정도를 평가한다. 전략형 스포츠에서는 개인별 기본 움직임 기술의 응용 기능 및 전략 수행 능력과 함께 팀별 활동 수행 능력을 함께 평가한다. 생태형 스포츠에서는 생활 및 자연환경의 활용 능력뿐만 아니라 자연환경을 보호하기 위한 활동을 병행함으로써 스포츠 환경을 아끼고 감사하는 태도를 함께 평가한다.
● 5~6학년군의 스포츠 영역 지식에 관한 이해력은 자기 점검 및 경기 분석 보고서, 포트폴리오 등을 활용하고, 기본 움직임 기술을 응용한 게임의 기본 기능은 동작 분석용 애플리케이션 등 디지털 도구를 활용한 평가, 게임 수행 능력은 활동 중 기본 기능과 전략을 평가할 수 있는 체크리스트 등을 활용한다. 교육환경의 제약으로 생태형 스포츠를 학습하기 힘든 경우, 간접 체험 활동을 통해 평가할 수 있다."
5~6,체육,스포츠,"⋅스포츠는 인간이 제도화된 규범과 움직임 기술을 바탕으로 타인 및 주변 세계와 소통하며 바람직한 구성원으로 성장하는 데 이바지한다. 
⋅스포츠는 인간이 환경과 상호작용하고 다양한 기술과 창의적인 전략을 발휘하며 한계를 극복하는 과정에서 발달한다. 
⋅인간은 스포츠를 다양한 방식으로 체험함으로써 움직임의 즐거움을 느끼고 활동적인 삶의 태도를 배운다.",6체02-07,생태형 스포츠의 의미와 유형을 파악한다.,"생태형 스포츠의 의미와 유형을 명확하게 알고, 생활환경형ㆍ자연환경형 스포츠 각각의 특성을 예를 들어 구체적으로 설명할 수 있다.","생태형 스포츠의 의미와 유형을 대략적으로 알고, 생활환경형ㆍ자연환경형 스포츠 각각의 특성을 설명할 수 있다.","생태형 스포츠의 의미를 대략적으로 알고, 생활환경형ㆍ자연환경형 스포츠의 종류를 구별할 수 있다.","[6체02-07]은 생태형 스포츠의 의미와 유형을 이해하기 위해 설정하였다. 다양한 환경 맥락에 따라 활동 특성이 나타나는 생태형 스포츠의 의미에 관한 이해를 바탕으로 생활 주변의 환경을 이용하여 활동하는 생활환경형, 자연환경과 상호작용하며 활동하는 자연환경형으로 구분하여 유형별 세부 특성을 파악하도록 한다.","● 5~6학년군 스포츠 영역에서는 3~4학년에서 학습한 스포츠와 움직임에 관한 지식, 기본 움직임 기술과 스포츠 유형별 기본 기능 및 태도를 바탕으로 기술형, 전략형, 생태형 스포츠의 의미와 유형, 기본 기능과 연계한 움직임 기술의 응용 방법과 기본 전략을 학습할 수 있도록 한다. 특히 스포츠 활동을 체험할 수 있는 주변 환경을 아끼는 태도와 목표 달성을 위한 의지를 발휘하며 경기 결과에 집착하지 않고 팀원과 협력하며 동료를 배려하는 태도를 꾸준히 실천할 수 있도록 교수⋅학습을 운영한다.
● 기술형 스포츠에서는 동작형, 기록형, 투기형 스포츠의 유형별 목표 달성에 효과적인 응용 기능, 활동 방법, 전략을 파악하고 시도하는 데 중점을 둔다. 기본 움직임 기술을 경기에서 활용할 수 있는 응용 기능으로 발전시켜 학습하면서 기록을 향상하거나, 동작의 정확성을 추구하며, 상대의 기술에 맞춰 상호작용하는 기술형 스포츠의 특징을 학습할 수 있는 변형게임이나 뉴스포츠 등의 활동을 선정하고 운영한다. 
● 전략형 스포츠에서는 영역형, 필드형, 네트형 스포츠의 유형별로 개인 또는 팀의 전략을 겨루는 활동에 효과적인 응용 기능, 활동 방법, 전략을 파악하고 시도하는 데 중점을 둔다. 학습자가 활동 방법과 기본 전략을 협력적으로 수행하고 역할을 맡으며 민주적 의사결정 과정을 경험하도록 활동을 조직하고, 전략형 스포츠의 기본 전략을 학습할 수 있는 변형게임이나 뉴스포츠 등의 활동을 선정하고 운영한다.
● 생태형 스포츠에서는 자연환경형, 생활환경형 스포츠 유형별로 환경과 상호작용하며 즐길 수 있는 활동에 유용한 응용 기능, 활동 방법, 전략을 파악하고 시도하는 데 중점을 둔다. 단위 학교의 환경을 고려한 활동으로 재구성하여 직접 체험하거나 디지털 기술을 활용하여 다양한 활동을 간접적으로 체험할 수 있도록 한다. 또한 가족이나 친구들과 함께 학교 밖 여가활동으로 이어질 수 있는 실천 방법을 안내하고 주변 환경을 보호하는 활동(플로킹, 플로깅 등)을 병행하여 생태적 감수성을 높이도록 한다.
● 스포츠 영역에서는 교내외 체육 시설 이용에 따른 안전사고를 예방할 수 있도록 교수⋅학습을 운영한다.
● 5~6학년군 스포츠 영역에서는 기술형⋅전략형⋅생태형 스포츠의 의미와 유형, 활동 방법과 기본 전략에 관한 이해력, 스포츠 유형별 기본 기능의 습득을 위한 움직임 기술의 응용 방법과 활동 수행 능력, 목표 달성 과정에서 인내하고 팀원과 협력하며 상대를 배려하고 스포츠 환경을 아끼고 감사하는 태도를 균형 있게 평가한다.
● 기술형 스포츠에서는 학습자 수준별로 목표 달성 여부, 수행 과정에서의 변화 정도를 평가한다. 전략형 스포츠에서는 개인별 기본 움직임 기술의 응용 기능 및 전략 수행 능력과 함께 팀별 활동 수행 능력을 함께 평가한다. 생태형 스포츠에서는 생활 및 자연환경의 활용 능력뿐만 아니라 자연환경을 보호하기 위한 활동을 병행함으로써 스포츠 환경을 아끼고 감사하는 태도를 함께 평가한다.
● 5~6학년군의 스포츠 영역 지식에 관한 이해력은 자기 점검 및 경기 분석 보고서, 포트폴리오 등을 활용하고, 기본 움직임 기술을 응용한 게임의 기본 기능은 동작 분석용 애플리케이션 등 디지털 도구를 활용한 평가, 게임 수행 능력은 활동 중 기본 기능과 전략을 평가할 수 있는 체크리스트 등을 활용한다. 교육환경의 제약으로 생태형 스포츠를 학습하기 힘든 경우, 간접 체험 활동을 통해 평가할 수 있다."
5~6,체육,스포츠,"⋅스포츠는 인간이 제도화된 규범과 움직임 기술을 바탕으로 타인 및 주변 세계와 소통하며 바람직한 구성원으로 성장하는 데 이바지한다. 
⋅스포츠는 인간이 환경과 상호작용하고 다양한 기술과 창의적인 전략을 발휘하며 한계를 극복하는 과정에서 발달한다. 
⋅인간은 스포츠를 다양한 방식으로 체험함으로써 움직임의 즐거움을 느끼고 활동적인 삶의 태도를 배운다.",6체02-08,생태형 스포츠 유형별로 기본 움직임 기술을 응용한 기본 기능을 파악하고 수행한다.,생태형 스포츠에서 기본 움직임 기술을 응용한 여러 가지 기본 기능을 다양한 활동 상황에 맞게 효과적으로 수행할 수 있다.,생태형 스포츠에서 기본 움직임 기술을 응용한 일부 기본 기능을 다양한 활동 상황에서 수행할 수 있다.,생태형 스포츠에서 기본 움직임 기술을 응용한 일부 기본 기능을 활동 상황에서 부분적으로 수행할 수 있다.,"[6체02-08]은 생활환경형, 자연환경형 스포츠에서 기본 움직임 기술을 응용한 기본 기능을 효과적으로 활용하기 위해 설정하였다. 주변 생활환경에서 할 수 있는 골프형 게임, 디스크형 게임, 자전거 타기, 롤러스케이팅, 클라이밍 활동, 민속놀이 등과 자연환경에서 체험할 수 있는 등산 활동, 캠핑 활동, 수상 활동, 설상 활동 등 생태형 스포츠의 기본 기능을 익혀 주변의 다양한 활동 상황에 맞게 환경친화적으로 수행하도록 한다.","● 5~6학년군 스포츠 영역에서는 3~4학년에서 학습한 스포츠와 움직임에 관한 지식, 기본 움직임 기술과 스포츠 유형별 기본 기능 및 태도를 바탕으로 기술형, 전략형, 생태형 스포츠의 의미와 유형, 기본 기능과 연계한 움직임 기술의 응용 방법과 기본 전략을 학습할 수 있도록 한다. 특히 스포츠 활동을 체험할 수 있는 주변 환경을 아끼는 태도와 목표 달성을 위한 의지를 발휘하며 경기 결과에 집착하지 않고 팀원과 협력하며 동료를 배려하는 태도를 꾸준히 실천할 수 있도록 교수⋅학습을 운영한다.
● 기술형 스포츠에서는 동작형, 기록형, 투기형 스포츠의 유형별 목표 달성에 효과적인 응용 기능, 활동 방법, 전략을 파악하고 시도하는 데 중점을 둔다. 기본 움직임 기술을 경기에서 활용할 수 있는 응용 기능으로 발전시켜 학습하면서 기록을 향상하거나, 동작의 정확성을 추구하며, 상대의 기술에 맞춰 상호작용하는 기술형 스포츠의 특징을 학습할 수 있는 변형게임이나 뉴스포츠 등의 활동을 선정하고 운영한다. 
● 전략형 스포츠에서는 영역형, 필드형, 네트형 스포츠의 유형별로 개인 또는 팀의 전략을 겨루는 활동에 효과적인 응용 기능, 활동 방법, 전략을 파악하고 시도하는 데 중점을 둔다. 학습자가 활동 방법과 기본 전략을 협력적으로 수행하고 역할을 맡으며 민주적 의사결정 과정을 경험하도록 활동을 조직하고, 전략형 스포츠의 기본 전략을 학습할 수 있는 변형게임이나 뉴스포츠 등의 활동을 선정하고 운영한다.
● 생태형 스포츠에서는 자연환경형, 생활환경형 스포츠 유형별로 환경과 상호작용하며 즐길 수 있는 활동에 유용한 응용 기능, 활동 방법, 전략을 파악하고 시도하는 데 중점을 둔다. 단위 학교의 환경을 고려한 활동으로 재구성하여 직접 체험하거나 디지털 기술을 활용하여 다양한 활동을 간접적으로 체험할 수 있도록 한다. 또한 가족이나 친구들과 함께 학교 밖 여가활동으로 이어질 수 있는 실천 방법을 안내하고 주변 환경을 보호하는 활동(플로킹, 플로깅 등)을 병행하여 생태적 감수성을 높이도록 한다.
● 스포츠 영역에서는 교내외 체육 시설 이용에 따른 안전사고를 예방할 수 있도록 교수⋅학습을 운영한다.
● 5~6학년군 스포츠 영역에서는 기술형⋅전략형⋅생태형 스포츠의 의미와 유형, 활동 방법과 기본 전략에 관한 이해력, 스포츠 유형별 기본 기능의 습득을 위한 움직임 기술의 응용 방법과 활동 수행 능력, 목표 달성 과정에서 인내하고 팀원과 협력하며 상대를 배려하고 스포츠 환경을 아끼고 감사하는 태도를 균형 있게 평가한다.
● 기술형 스포츠에서는 학습자 수준별로 목표 달성 여부, 수행 과정에서의 변화 정도를 평가한다. 전략형 스포츠에서는 개인별 기본 움직임 기술의 응용 기능 및 전략 수행 능력과 함께 팀별 활동 수행 능력을 함께 평가한다. 생태형 스포츠에서는 생활 및 자연환경의 활용 능력뿐만 아니라 자연환경을 보호하기 위한 활동을 병행함으로써 스포츠 환경을 아끼고 감사하는 태도를 함께 평가한다.
● 5~6학년군의 스포츠 영역 지식에 관한 이해력은 자기 점검 및 경기 분석 보고서, 포트폴리오 등을 활용하고, 기본 움직임 기술을 응용한 게임의 기본 기능은 동작 분석용 애플리케이션 등 디지털 도구를 활용한 평가, 게임 수행 능력은 활동 중 기본 기능과 전략을 평가할 수 있는 체크리스트 등을 활용한다. 교육환경의 제약으로 생태형 스포츠를 학습하기 힘든 경우, 간접 체험 활동을 통해 평가할 수 있다."
5~6,체육,스포츠,"⋅스포츠는 인간이 제도화된 규범과 움직임 기술을 바탕으로 타인 및 주변 세계와 소통하며 바람직한 구성원으로 성장하는 데 이바지한다. 
⋅스포츠는 인간이 환경과 상호작용하고 다양한 기술과 창의적인 전략을 발휘하며 한계를 극복하는 과정에서 발달한다. 
⋅인간은 스포츠를 다양한 방식으로 체험함으로써 움직임의 즐거움을 느끼고 활동적인 삶의 태도를 배운다.",6체02-09,생태형 스포츠 유형별 활동 방법을 파악하고 기본 전략을 게임 활동에서 수행한다.,"생태형 스포츠를 변형한 게임이나 뉴스포츠 수준의 활동 방법을 명확히 파악하고, 다양한 활동 상황에서 여러 가지 기본 전략을 수행할 수 있다.","생태형 스포츠를 변형한 게임이나 뉴스포츠 수준의 활동 방법을 대략적으로 파악하고, 다양한 활동 상황에서 일부 기본 전략을 수행할 수 있다.","생태형 스포츠를 변형한 게임이나 뉴스포츠 수준의 활동 방법을 대략적으로 파악하고, 활동 상황에서 일부 기본 전략을 부분적으로 수행할 수 있다.","[6체02-09]는 생활환경형, 자연환경형 스포츠의 활동 방법과 기본 전략을 활용하기 위해 설정하였다. 생활환경형, 자연환경형 스포츠를 변형한 게임이나 뉴스포츠 수준의 활동에 참여하며 활동 방법을 파악하고 스포츠 환경에 적합한 활동의 선정과 장비 사용, 안전하고 환경친화적인 활동과 정리 등 생태형 스포츠의 기본 활동 방법과 전략을 파악하고 수행하도록 한다.","● 5~6학년군 스포츠 영역에서는 3~4학년에서 학습한 스포츠와 움직임에 관한 지식, 기본 움직임 기술과 스포츠 유형별 기본 기능 및 태도를 바탕으로 기술형, 전략형, 생태형 스포츠의 의미와 유형, 기본 기능과 연계한 움직임 기술의 응용 방법과 기본 전략을 학습할 수 있도록 한다. 특히 스포츠 활동을 체험할 수 있는 주변 환경을 아끼는 태도와 목표 달성을 위한 의지를 발휘하며 경기 결과에 집착하지 않고 팀원과 협력하며 동료를 배려하는 태도를 꾸준히 실천할 수 있도록 교수⋅학습을 운영한다.
● 기술형 스포츠에서는 동작형, 기록형, 투기형 스포츠의 유형별 목표 달성에 효과적인 응용 기능, 활동 방법, 전략을 파악하고 시도하는 데 중점을 둔다. 기본 움직임 기술을 경기에서 활용할 수 있는 응용 기능으로 발전시켜 학습하면서 기록을 향상하거나, 동작의 정확성을 추구하며, 상대의 기술에 맞춰 상호작용하는 기술형 스포츠의 특징을 학습할 수 있는 변형게임이나 뉴스포츠 등의 활동을 선정하고 운영한다. 
● 전략형 스포츠에서는 영역형, 필드형, 네트형 스포츠의 유형별로 개인 또는 팀의 전략을 겨루는 활동에 효과적인 응용 기능, 활동 방법, 전략을 파악하고 시도하는 데 중점을 둔다. 학습자가 활동 방법과 기본 전략을 협력적으로 수행하고 역할을 맡으며 민주적 의사결정 과정을 경험하도록 활동을 조직하고, 전략형 스포츠의 기본 전략을 학습할 수 있는 변형게임이나 뉴스포츠 등의 활동을 선정하고 운영한다.
● 생태형 스포츠에서는 자연환경형, 생활환경형 스포츠 유형별로 환경과 상호작용하며 즐길 수 있는 활동에 유용한 응용 기능, 활동 방법, 전략을 파악하고 시도하는 데 중점을 둔다. 단위 학교의 환경을 고려한 활동으로 재구성하여 직접 체험하거나 디지털 기술을 활용하여 다양한 활동을 간접적으로 체험할 수 있도록 한다. 또한 가족이나 친구들과 함께 학교 밖 여가활동으로 이어질 수 있는 실천 방법을 안내하고 주변 환경을 보호하는 활동(플로킹, 플로깅 등)을 병행하여 생태적 감수성을 높이도록 한다.
● 스포츠 영역에서는 교내외 체육 시설 이용에 따른 안전사고를 예방할 수 있도록 교수⋅학습을 운영한다.
● 5~6학년군 스포츠 영역에서는 기술형⋅전략형⋅생태형 스포츠의 의미와 유형, 활동 방법과 기본 전략에 관한 이해력, 스포츠 유형별 기본 기능의 습득을 위한 움직임 기술의 응용 방법과 활동 수행 능력, 목표 달성 과정에서 인내하고 팀원과 협력하며 상대를 배려하고 스포츠 환경을 아끼고 감사하는 태도를 균형 있게 평가한다.
● 기술형 스포츠에서는 학습자 수준별로 목표 달성 여부, 수행 과정에서의 변화 정도를 평가한다. 전략형 스포츠에서는 개인별 기본 움직임 기술의 응용 기능 및 전략 수행 능력과 함께 팀별 활동 수행 능력을 함께 평가한다. 생태형 스포츠에서는 생활 및 자연환경의 활용 능력뿐만 아니라 자연환경을 보호하기 위한 활동을 병행함으로써 스포츠 환경을 아끼고 감사하는 태도를 함께 평가한다.
● 5~6학년군의 스포츠 영역 지식에 관한 이해력은 자기 점검 및 경기 분석 보고서, 포트폴리오 등을 활용하고, 기본 움직임 기술을 응용한 게임의 기본 기능은 동작 분석용 애플리케이션 등 디지털 도구를 활용한 평가, 게임 수행 능력은 활동 중 기본 기능과 전략을 평가할 수 있는 체크리스트 등을 활용한다. 교육환경의 제약으로 생태형 스포츠를 학습하기 힘든 경우, 간접 체험 활동을 통해 평가할 수 있다."
5~6,체육,스포츠,"⋅스포츠는 인간이 제도화된 규범과 움직임 기술을 바탕으로 타인 및 주변 세계와 소통하며 바람직한 구성원으로 성장하는 데 이바지한다. 
⋅스포츠는 인간이 환경과 상호작용하고 다양한 기술과 창의적인 전략을 발휘하며 한계를 극복하는 과정에서 발달한다. 
⋅인간은 스포츠를 다양한 방식으로 체험함으로써 움직임의 즐거움을 느끼고 활동적인 삶의 태도를 배운다.",6체02-10,스포츠 활동에 참여하며 목표를 달성하기 위한 의지를 실천하고 상대의 기술을 인정한다.,"스스로 설정한 목표를 달성하기 위한 의지를 실천하며 스포츠 활동에 참여하고, 상대의 기술을 인정하는 태도를 갖고 이를 스포츠 활동에서 적극적으로 실천할 수 있다.","목표를 달성하기 위한 의지를 실천하며 스포츠 활동에 참여하고, 상대의 기술을 인정하는 태도를 갖고 이를 스포츠 활동에서 실천할 수 있다.","목표를 달성하기 위한 의지를 일부 실천하며 스포츠 활동에 참여하고, 상대의 기술을 인정하는 태도를 갖고 이를 스포츠 활동에서 실천하기 위해 노력할 수 있다.","[6체02-10]은 스포츠 활동에 참여하며 목표 달성을 위한 의지와 상대 기술을 인정하는 태도를 기르기 위해 설정하였다. 스스로 목표를 설정하고 책임감 있게 꾸준히 실천하도록 하며, 함께 참여하는 상대 팀과 구성원의 우수한 기술을 인정하고 배우는 태도를 실천하도록 한다.","● 5~6학년군 스포츠 영역에서는 3~4학년에서 학습한 스포츠와 움직임에 관한 지식, 기본 움직임 기술과 스포츠 유형별 기본 기능 및 태도를 바탕으로 기술형, 전략형, 생태형 스포츠의 의미와 유형, 기본 기능과 연계한 움직임 기술의 응용 방법과 기본 전략을 학습할 수 있도록 한다. 특히 스포츠 활동을 체험할 수 있는 주변 환경을 아끼는 태도와 목표 달성을 위한 의지를 발휘하며 경기 결과에 집착하지 않고 팀원과 협력하며 동료를 배려하는 태도를 꾸준히 실천할 수 있도록 교수⋅학습을 운영한다.
● 기술형 스포츠에서는 동작형, 기록형, 투기형 스포츠의 유형별 목표 달성에 효과적인 응용 기능, 활동 방법, 전략을 파악하고 시도하는 데 중점을 둔다. 기본 움직임 기술을 경기에서 활용할 수 있는 응용 기능으로 발전시켜 학습하면서 기록을 향상하거나, 동작의 정확성을 추구하며, 상대의 기술에 맞춰 상호작용하는 기술형 스포츠의 특징을 학습할 수 있는 변형게임이나 뉴스포츠 등의 활동을 선정하고 운영한다. 
● 전략형 스포츠에서는 영역형, 필드형, 네트형 스포츠의 유형별로 개인 또는 팀의 전략을 겨루는 활동에 효과적인 응용 기능, 활동 방법, 전략을 파악하고 시도하는 데 중점을 둔다. 학습자가 활동 방법과 기본 전략을 협력적으로 수행하고 역할을 맡으며 민주적 의사결정 과정을 경험하도록 활동을 조직하고, 전략형 스포츠의 기본 전략을 학습할 수 있는 변형게임이나 뉴스포츠 등의 활동을 선정하고 운영한다.
● 생태형 스포츠에서는 자연환경형, 생활환경형 스포츠 유형별로 환경과 상호작용하며 즐길 수 있는 활동에 유용한 응용 기능, 활동 방법, 전략을 파악하고 시도하는 데 중점을 둔다. 단위 학교의 환경을 고려한 활동으로 재구성하여 직접 체험하거나 디지털 기술을 활용하여 다양한 활동을 간접적으로 체험할 수 있도록 한다. 또한 가족이나 친구들과 함께 학교 밖 여가활동으로 이어질 수 있는 실천 방법을 안내하고 주변 환경을 보호하는 활동(플로킹, 플로깅 등)을 병행하여 생태적 감수성을 높이도록 한다.
● 스포츠 영역에서는 교내외 체육 시설 이용에 따른 안전사고를 예방할 수 있도록 교수⋅학습을 운영한다.
● 5~6학년군 스포츠 영역에서는 기술형⋅전략형⋅생태형 스포츠의 의미와 유형, 활동 방법과 기본 전략에 관한 이해력, 스포츠 유형별 기본 기능의 습득을 위한 움직임 기술의 응용 방법과 활동 수행 능력, 목표 달성 과정에서 인내하고 팀원과 협력하며 상대를 배려하고 스포츠 환경을 아끼고 감사하는 태도를 균형 있게 평가한다.
● 기술형 스포츠에서는 학습자 수준별로 목표 달성 여부, 수행 과정에서의 변화 정도를 평가한다. 전략형 스포츠에서는 개인별 기본 움직임 기술의 응용 기능 및 전략 수행 능력과 함께 팀별 활동 수행 능력을 함께 평가한다. 생태형 스포츠에서는 생활 및 자연환경의 활용 능력뿐만 아니라 자연환경을 보호하기 위한 활동을 병행함으로써 스포츠 환경을 아끼고 감사하는 태도를 함께 평가한다.
● 5~6학년군의 스포츠 영역 지식에 관한 이해력은 자기 점검 및 경기 분석 보고서, 포트폴리오 등을 활용하고, 기본 움직임 기술을 응용한 게임의 기본 기능은 동작 분석용 애플리케이션 등 디지털 도구를 활용한 평가, 게임 수행 능력은 활동 중 기본 기능과 전략을 평가할 수 있는 체크리스트 등을 활용한다. 교육환경의 제약으로 생태형 스포츠를 학습하기 힘든 경우, 간접 체험 활동을 통해 평가할 수 있다."
5~6,체육,스포츠,"⋅스포츠는 인간이 제도화된 규범과 움직임 기술을 바탕으로 타인 및 주변 세계와 소통하며 바람직한 구성원으로 성장하는 데 이바지한다. 
⋅스포츠는 인간이 환경과 상호작용하고 다양한 기술과 창의적인 전략을 발휘하며 한계를 극복하는 과정에서 발달한다. 
⋅인간은 스포츠를 다양한 방식으로 체험함으로써 움직임의 즐거움을 느끼고 활동적인 삶의 태도를 배운다.",6체02-11,스포츠 활동에 참여하며 팀원과 협력하고 구성원을 배려한다.,다양한 스포츠 활동에서 최선을 다하고 팀원과 협력하며 구성원 전체를 적극적으로 배려할 수 있다.,일부 스포츠 활동에서 최선을 다하고 팀원과 협력하며 구성원을 배려할 수 있다.,일부 스포츠 활동에 열심히 참여하고 팀원과 부분적으로 협력하며 구성원을 배려하기 위해 노력할 수 있다.,"[6체02-11]은 스포츠에 참여하며 팀원과 협력하고 구성원을 배려하는 태도를 기르기 위해 설정하였다. 민주적인 의사결정을 통해 역할을 분담하고 전략을 수립하는 등 팀원과의 협력을 강조하며, 기능 수행에 어려움을 겪는 학습자를 도와주고 배려함으로써 팀의 활동 성과를 공유하도록 한다. ","● 5~6학년군 스포츠 영역에서는 3~4학년에서 학습한 스포츠와 움직임에 관한 지식, 기본 움직임 기술과 스포츠 유형별 기본 기능 및 태도를 바탕으로 기술형, 전략형, 생태형 스포츠의 의미와 유형, 기본 기능과 연계한 움직임 기술의 응용 방법과 기본 전략을 학습할 수 있도록 한다. 특히 스포츠 활동을 체험할 수 있는 주변 환경을 아끼는 태도와 목표 달성을 위한 의지를 발휘하며 경기 결과에 집착하지 않고 팀원과 협력하며 동료를 배려하는 태도를 꾸준히 실천할 수 있도록 교수⋅학습을 운영한다.
● 기술형 스포츠에서는 동작형, 기록형, 투기형 스포츠의 유형별 목표 달성에 효과적인 응용 기능, 활동 방법, 전략을 파악하고 시도하는 데 중점을 둔다. 기본 움직임 기술을 경기에서 활용할 수 있는 응용 기능으로 발전시켜 학습하면서 기록을 향상하거나, 동작의 정확성을 추구하며, 상대의 기술에 맞춰 상호작용하는 기술형 스포츠의 특징을 학습할 수 있는 변형게임이나 뉴스포츠 등의 활동을 선정하고 운영한다. 
● 전략형 스포츠에서는 영역형, 필드형, 네트형 스포츠의 유형별로 개인 또는 팀의 전략을 겨루는 활동에 효과적인 응용 기능, 활동 방법, 전략을 파악하고 시도하는 데 중점을 둔다. 학습자가 활동 방법과 기본 전략을 협력적으로 수행하고 역할을 맡으며 민주적 의사결정 과정을 경험하도록 활동을 조직하고, 전략형 스포츠의 기본 전략을 학습할 수 있는 변형게임이나 뉴스포츠 등의 활동을 선정하고 운영한다.
● 생태형 스포츠에서는 자연환경형, 생활환경형 스포츠 유형별로 환경과 상호작용하며 즐길 수 있는 활동에 유용한 응용 기능, 활동 방법, 전략을 파악하고 시도하는 데 중점을 둔다. 단위 학교의 환경을 고려한 활동으로 재구성하여 직접 체험하거나 디지털 기술을 활용하여 다양한 활동을 간접적으로 체험할 수 있도록 한다. 또한 가족이나 친구들과 함께 학교 밖 여가활동으로 이어질 수 있는 실천 방법을 안내하고 주변 환경을 보호하는 활동(플로킹, 플로깅 등)을 병행하여 생태적 감수성을 높이도록 한다.
● 스포츠 영역에서는 교내외 체육 시설 이용에 따른 안전사고를 예방할 수 있도록 교수⋅학습을 운영한다.
● 5~6학년군 스포츠 영역에서는 기술형⋅전략형⋅생태형 스포츠의 의미와 유형, 활동 방법과 기본 전략에 관한 이해력, 스포츠 유형별 기본 기능의 습득을 위한 움직임 기술의 응용 방법과 활동 수행 능력, 목표 달성 과정에서 인내하고 팀원과 협력하며 상대를 배려하고 스포츠 환경을 아끼고 감사하는 태도를 균형 있게 평가한다.
● 기술형 스포츠에서는 학습자 수준별로 목표 달성 여부, 수행 과정에서의 변화 정도를 평가한다. 전략형 스포츠에서는 개인별 기본 움직임 기술의 응용 기능 및 전략 수행 능력과 함께 팀별 활동 수행 능력을 함께 평가한다. 생태형 스포츠에서는 생활 및 자연환경의 활용 능력뿐만 아니라 자연환경을 보호하기 위한 활동을 병행함으로써 스포츠 환경을 아끼고 감사하는 태도를 함께 평가한다.
● 5~6학년군의 스포츠 영역 지식에 관한 이해력은 자기 점검 및 경기 분석 보고서, 포트폴리오 등을 활용하고, 기본 움직임 기술을 응용한 게임의 기본 기능은 동작 분석용 애플리케이션 등 디지털 도구를 활용한 평가, 게임 수행 능력은 활동 중 기본 기능과 전략을 평가할 수 있는 체크리스트 등을 활용한다. 교육환경의 제약으로 생태형 스포츠를 학습하기 힘든 경우, 간접 체험 활동을 통해 평가할 수 있다."
5~6,체육,스포츠,"⋅스포츠는 인간이 제도화된 규범과 움직임 기술을 바탕으로 타인 및 주변 세계와 소통하며 바람직한 구성원으로 성장하는 데 이바지한다. 
⋅스포츠는 인간이 환경과 상호작용하고 다양한 기술과 창의적인 전략을 발휘하며 한계를 극복하는 과정에서 발달한다. 
⋅인간은 스포츠를 다양한 방식으로 체험함으로써 움직임의 즐거움을 느끼고 활동적인 삶의 태도를 배운다.",6체02-12,스포츠 활동에 참여하며 환경을 아끼고 감사하는 태도를 실천한다.,다양한 스포츠 활동 중 환경을 아끼고 스포츠 환경에 감사하는 태도를 가지며 이를 자기 주도적으로 실천할 수 있다.,일부 스포츠 활동 중 환경을 아끼고 스포츠 환경에 감사하는 태도를 가지며 이를 실천할 수 있다.,일부 스포츠 활동 중 환경을 아끼고 스포츠 환경에 감사하는 태도를 가지며 이를 실천하기 위해 노력할 수 있다.,[6체02-12]는 스포츠 활동 환경을 아끼고 감사하는 태도를 기르기 위해 설정하였다. 주변의 다양한 스포츠 시설 및 용⋅기구 현황을 탐색하고 이를 적극적으로 활용하면서 학교 및 지역사회가 제공하는 스포츠 복지의 중요성을 이해하도록 한다. 또한 스포츠 환경을 아끼고 보존함으로써 지속해서 혜택을 누릴 수 있다는 점에 감사함을 느낄 수 있도록 한다.,"● 5~6학년군 스포츠 영역에서는 3~4학년에서 학습한 스포츠와 움직임에 관한 지식, 기본 움직임 기술과 스포츠 유형별 기본 기능 및 태도를 바탕으로 기술형, 전략형, 생태형 스포츠의 의미와 유형, 기본 기능과 연계한 움직임 기술의 응용 방법과 기본 전략을 학습할 수 있도록 한다. 특히 스포츠 활동을 체험할 수 있는 주변 환경을 아끼는 태도와 목표 달성을 위한 의지를 발휘하며 경기 결과에 집착하지 않고 팀원과 협력하며 동료를 배려하는 태도를 꾸준히 실천할 수 있도록 교수⋅학습을 운영한다.
● 기술형 스포츠에서는 동작형, 기록형, 투기형 스포츠의 유형별 목표 달성에 효과적인 응용 기능, 활동 방법, 전략을 파악하고 시도하는 데 중점을 둔다. 기본 움직임 기술을 경기에서 활용할 수 있는 응용 기능으로 발전시켜 학습하면서 기록을 향상하거나, 동작의 정확성을 추구하며, 상대의 기술에 맞춰 상호작용하는 기술형 스포츠의 특징을 학습할 수 있는 변형게임이나 뉴스포츠 등의 활동을 선정하고 운영한다. 
● 전략형 스포츠에서는 영역형, 필드형, 네트형 스포츠의 유형별로 개인 또는 팀의 전략을 겨루는 활동에 효과적인 응용 기능, 활동 방법, 전략을 파악하고 시도하는 데 중점을 둔다. 학습자가 활동 방법과 기본 전략을 협력적으로 수행하고 역할을 맡으며 민주적 의사결정 과정을 경험하도록 활동을 조직하고, 전략형 스포츠의 기본 전략을 학습할 수 있는 변형게임이나 뉴스포츠 등의 활동을 선정하고 운영한다.
● 생태형 스포츠에서는 자연환경형, 생활환경형 스포츠 유형별로 환경과 상호작용하며 즐길 수 있는 활동에 유용한 응용 기능, 활동 방법, 전략을 파악하고 시도하는 데 중점을 둔다. 단위 학교의 환경을 고려한 활동으로 재구성하여 직접 체험하거나 디지털 기술을 활용하여 다양한 활동을 간접적으로 체험할 수 있도록 한다. 또한 가족이나 친구들과 함께 학교 밖 여가활동으로 이어질 수 있는 실천 방법을 안내하고 주변 환경을 보호하는 활동(플로킹, 플로깅 등)을 병행하여 생태적 감수성을 높이도록 한다.
● 스포츠 영역에서는 교내외 체육 시설 이용에 따른 안전사고를 예방할 수 있도록 교수⋅학습을 운영한다.
● 5~6학년군 스포츠 영역에서는 기술형⋅전략형⋅생태형 스포츠의 의미와 유형, 활동 방법과 기본 전략에 관한 이해력, 스포츠 유형별 기본 기능의 습득을 위한 움직임 기술의 응용 방법과 활동 수행 능력, 목표 달성 과정에서 인내하고 팀원과 협력하며 상대를 배려하고 스포츠 환경을 아끼고 감사하는 태도를 균형 있게 평가한다.
● 기술형 스포츠에서는 학습자 수준별로 목표 달성 여부, 수행 과정에서의 변화 정도를 평가한다. 전략형 스포츠에서는 개인별 기본 움직임 기술의 응용 기능 및 전략 수행 능력과 함께 팀별 활동 수행 능력을 함께 평가한다. 생태형 스포츠에서는 생활 및 자연환경의 활용 능력뿐만 아니라 자연환경을 보호하기 위한 활동을 병행함으로써 스포츠 환경을 아끼고 감사하는 태도를 함께 평가한다.
● 5~6학년군의 스포츠 영역 지식에 관한 이해력은 자기 점검 및 경기 분석 보고서, 포트폴리오 등을 활용하고, 기본 움직임 기술을 응용한 게임의 기본 기능은 동작 분석용 애플리케이션 등 디지털 도구를 활용한 평가, 게임 수행 능력은 활동 중 기본 기능과 전략을 평가할 수 있는 체크리스트 등을 활용한다. 교육환경의 제약으로 생태형 스포츠를 학습하기 힘든 경우, 간접 체험 활동을 통해 평가할 수 있다."
5~6,체육,표현,"⋅표현 활동은 인간이 신체 움직임에 생각과 감정을 담아 심미적으로 표현하는 과정에서 창의적인 삶의 태도를 형성하고, 예술적 신체활동 문화를 향유할 수 있도록 한다. 
⋅표현 활동은 기본 움직임에 표현 원리가 적용되어 다양한 유형으로 구현되며, 구성 및 창작의 과정을 통해 발달한다. 
⋅인간은 다양한 표현 활동을 체험함으로써 움직임의 심미적 가치를 내면화하며 자유롭고 주체적으로 사는 방법을 터득한다.",6체03-01,표현 활동의 의미와 유형을 파악한다.,"표현 활동의 의미와 유형을 명확하게 알고, 움직임의 방식에 따른 스포츠 표현ㆍ전통 표현ㆍ현대 표현의 유형을 예를 들어 구체적으로 설명할 수 있다.","표현 활동의 의미와 유형을 대략적으로 알고, 움직임의 방식에 따른 스포츠 표현ㆍ전통 표현ㆍ현대 표현의 유형을 설명할 수 있다.","표현 활동의 의미를 대략적으로 알고, 움직임의 방식에 따른 스포츠 표현ㆍ전통 표현ㆍ현대 표현의 유형을 구별할 수 있다.","[6체03-01]은 표현 활동 의미와 유형을 이해하기 위해 설정하였다. 스포츠에서 신체 움직임의 심미성을 다루는 스포츠 표현, 민족의 고유한 전통을 신체 움직임으로 표현한 전통 표현, 자유로운 형식으로 움직임을 표현하는 현대 표현의 유형별로 다양한 작품을 직⋅간접적으로 체험함으로써 기본 동작과 구성 방법의 공통점과 차이점을 중심으로 특징을 파악하도록 한다.","● 5~6학년군 표현 영역에서는 3~4학년군에서 학습한 표현과 움직임에 관한 지식, 기본 움직임 기술과 표현 유형별 기본 움직임 기술 및 태도를 바탕으로 스포츠 표현, 전통 표현, 현대 표현의 의미와 유형, 기본 움직임 기술의 심미적 응용 동작과 구성 방법을 학습하도록 한다. 스포츠 표현, 전통 표현, 현대 표현의 유형별 다양한 사례를 직⋅간접적으로 체험함으로써 공통점과 차이점을 인식할 수 있도록 교수⋅학습을 운영한다. 
● 스포츠 표현에서는 기술적 표현과 예술적 표현이 강조되는 활동을 중심으로 신체활동을 선정하되 움직임이나 동작의 개수, 난이도를 고려하여 절차와 규칙을 간소화한 형식으로 활동을 구성한다. 전통 표현에서는 우리나라와 세계 여러 나라의 전통 표현을 체험함으로써 문화와 관련된 움직임 표현의 특성을 파악할 수 있도록 하며, 다양한 문화를 존중하고 수용하는 태도를 기를 수 있도록 한다. 현대 표현의 경우 최근의 문화적 변화를 반영한 다양한 표현 사례를 직⋅간접적으로 체험할 기회를 제공함으로써 표현 문화의 개인적, 사회적 가치를 인식하도록 하며, 창의적이고 자유로운 표현이 가능한 분위기를 조성한다. 
● 표현 유형별 의미와 특징을 활동 과정에서 자연스럽게 이해할 수 있도록 하며, 언어와 이미지, 영상 등을 활용한다. 표현 유형별 움직임 기술의 응용 동작은 기본 및 복합 움직임 기술을 표현 유형별 동작에 맞게 연결하되, 다양한 표현 동작을 학습자 스스로 탐색할 수 있도록 한다. 모둠별 협력 수업을 통해 표현 동작을 공유하고 개선할 수 있도록 운영하고, 동작의 연결, 대형의 선택, 예술적 표현 방법 등 표현 동작과 구성 방법을 설계하며, 작품의 의도와 표현 동작의 심미적 특성을 고려하여 기본적인 감상이 이루어지도록 한다. 특히 모둠별 작품 구성 및 발표 과정에서 발생할 수 있는 안전사고를 예방할 수 있도록 교수⋅학습을 운영한다.
● 5~6학년군 표현 영역에서는 표현 유형에 따라 심미성을 추구하는 다양한 표현 방식을 존중하는 태도를 기를 수 있도록 한다. 이를 위해 세계 여러 나라의 전통 표현을 체험하면서 문화와 전통의 다양성을 존중하는 다문화 교육과 연계하여 운영할 수 있다. 	
● 5~6학년군 표현 영역에서는 표현 활동 유형별 움직임 기술의 공통점과 차이점에 관한 이해, 유형별 특성을 반영한 움직임 기술의 표현 능력, 작품을 구성하고 감상할 수 있는 능력, 다양한 표현 활동 유형을 수용하는 태도와 움직임 표현의 아름다움을 추구하는 태도를 균형 있게 평가한다. 
● 스포츠 표현은 움직임 기술의 수행과 함께 심미적 표현 능력, 전통 표현에서는 표현에 담긴 문화적 특성을 이해하고 동작을 구성하여 발표하는 능력, 현대 표현에서는 타인의 작품을 공감하고 자신의 생각과 감정을 자유롭게 표현하며 감상하는 능력을 종합적으로 평가한다.
● 5~6학년군 표현 영역에서 표현 활동 유형별 의미와 특성에 관한 지식은 단순 지필평가보다는 유형별 표현 활동 과정에서의 이해력을 평가한다. 유형별 움직임 표현 능력은 표현 동작 평가, 관찰 평가, 동료 평가, 포트폴리오 평가 등을 활용하며, 유형별 특성이 잘 드러나도록 표현 방법의 선택, 수행, 구성 및 감상의 과정을 종합적으로 평가한다. 가치⋅태도에 관한 평가는 다양한 표현 활동 유형을 수용하고 표현 유형별 움직임의 아름다움을 추구하는 태도를 확인할 수 있는 관찰 평가, 개인일지, 감상문 등의 평가 방법을 활용한다."
5~6,체육,표현,"⋅표현 활동은 인간이 신체 움직임에 생각과 감정을 담아 심미적으로 표현하는 과정에서 창의적인 삶의 태도를 형성하고, 예술적 신체활동 문화를 향유할 수 있도록 한다. 
⋅표현 활동은 기본 움직임에 표현 원리가 적용되어 다양한 유형으로 구현되며, 구성 및 창작의 과정을 통해 발달한다. 
⋅인간은 다양한 표현 활동을 체험함으로써 움직임의 심미적 가치를 내면화하며 자유롭고 주체적으로 사는 방법을 터득한다.",6체03-02,스포츠 표현에서 움직임 기술을 응용한 기본 동작을 파악하고 표현한다.,"스포츠 표현에서 움직임 기술을 응용한 여러 가지 기본 동작을 명확하게 파악하고, 다양한 동작을 활용해 주제에 맞춰 아름답게 표현할 수 있다.","스포츠 표현에서 움직임 기술을 응용한 여러 가지 기본 동작을 대략적으로 파악하고, 일부 기본 동작을 활용해 주제에 맞춰 표현할 수 있다.","스포츠 표현에서 움직임 기술을 응용한 간단한 기본 동작을 대략적으로 파악하고, 일부 기본 동작을 활용해 표현할 수 있다.",[6체03-02]는 스포츠 표현의 기본 움직임 기술과 응용 동작을 탐색하고 심미적으로 표현하기 위해 설정하였다. 신체활동의 예술적 아름다움을 추구하는 스포츠 표현의 기본 동작에 적합한 움직임 기술의 응용 동작을 심미적으로 표현하도록 한다.,"● 5~6학년군 표현 영역에서는 3~4학년군에서 학습한 표현과 움직임에 관한 지식, 기본 움직임 기술과 표현 유형별 기본 움직임 기술 및 태도를 바탕으로 스포츠 표현, 전통 표현, 현대 표현의 의미와 유형, 기본 움직임 기술의 심미적 응용 동작과 구성 방법을 학습하도록 한다. 스포츠 표현, 전통 표현, 현대 표현의 유형별 다양한 사례를 직⋅간접적으로 체험함으로써 공통점과 차이점을 인식할 수 있도록 교수⋅학습을 운영한다. 
● 스포츠 표현에서는 기술적 표현과 예술적 표현이 강조되는 활동을 중심으로 신체활동을 선정하되 움직임이나 동작의 개수, 난이도를 고려하여 절차와 규칙을 간소화한 형식으로 활동을 구성한다. 전통 표현에서는 우리나라와 세계 여러 나라의 전통 표현을 체험함으로써 문화와 관련된 움직임 표현의 특성을 파악할 수 있도록 하며, 다양한 문화를 존중하고 수용하는 태도를 기를 수 있도록 한다. 현대 표현의 경우 최근의 문화적 변화를 반영한 다양한 표현 사례를 직⋅간접적으로 체험할 기회를 제공함으로써 표현 문화의 개인적, 사회적 가치를 인식하도록 하며, 창의적이고 자유로운 표현이 가능한 분위기를 조성한다. 
● 표현 유형별 의미와 특징을 활동 과정에서 자연스럽게 이해할 수 있도록 하며, 언어와 이미지, 영상 등을 활용한다. 표현 유형별 움직임 기술의 응용 동작은 기본 및 복합 움직임 기술을 표현 유형별 동작에 맞게 연결하되, 다양한 표현 동작을 학습자 스스로 탐색할 수 있도록 한다. 모둠별 협력 수업을 통해 표현 동작을 공유하고 개선할 수 있도록 운영하고, 동작의 연결, 대형의 선택, 예술적 표현 방법 등 표현 동작과 구성 방법을 설계하며, 작품의 의도와 표현 동작의 심미적 특성을 고려하여 기본적인 감상이 이루어지도록 한다. 특히 모둠별 작품 구성 및 발표 과정에서 발생할 수 있는 안전사고를 예방할 수 있도록 교수⋅학습을 운영한다.
● 5~6학년군 표현 영역에서는 표현 유형에 따라 심미성을 추구하는 다양한 표현 방식을 존중하는 태도를 기를 수 있도록 한다. 이를 위해 세계 여러 나라의 전통 표현을 체험하면서 문화와 전통의 다양성을 존중하는 다문화 교육과 연계하여 운영할 수 있다. 	
● 5~6학년군 표현 영역에서는 표현 활동 유형별 움직임 기술의 공통점과 차이점에 관한 이해, 유형별 특성을 반영한 움직임 기술의 표현 능력, 작품을 구성하고 감상할 수 있는 능력, 다양한 표현 활동 유형을 수용하는 태도와 움직임 표현의 아름다움을 추구하는 태도를 균형 있게 평가한다. 
● 스포츠 표현은 움직임 기술의 수행과 함께 심미적 표현 능력, 전통 표현에서는 표현에 담긴 문화적 특성을 이해하고 동작을 구성하여 발표하는 능력, 현대 표현에서는 타인의 작품을 공감하고 자신의 생각과 감정을 자유롭게 표현하며 감상하는 능력을 종합적으로 평가한다.
● 5~6학년군 표현 영역에서 표현 활동 유형별 의미와 특성에 관한 지식은 단순 지필평가보다는 유형별 표현 활동 과정에서의 이해력을 평가한다. 유형별 움직임 표현 능력은 표현 동작 평가, 관찰 평가, 동료 평가, 포트폴리오 평가 등을 활용하며, 유형별 특성이 잘 드러나도록 표현 방법의 선택, 수행, 구성 및 감상의 과정을 종합적으로 평가한다. 가치⋅태도에 관한 평가는 다양한 표현 활동 유형을 수용하고 표현 유형별 움직임의 아름다움을 추구하는 태도를 확인할 수 있는 관찰 평가, 개인일지, 감상문 등의 평가 방법을 활용한다."
5~6,체육,표현,"⋅표현 활동은 인간이 신체 움직임에 생각과 감정을 담아 심미적으로 표현하는 과정에서 창의적인 삶의 태도를 형성하고, 예술적 신체활동 문화를 향유할 수 있도록 한다. 
⋅표현 활동은 기본 움직임에 표현 원리가 적용되어 다양한 유형으로 구현되며, 구성 및 창작의 과정을 통해 발달한다. 
⋅인간은 다양한 표현 활동을 체험함으로써 움직임의 심미적 가치를 내면화하며 자유롭고 주체적으로 사는 방법을 터득한다.",6체03-03,스포츠 표현의 기본 동작을 다양하게 구성하여 발표하고 감상한다.,"스포츠 표현의 기본 동작을 다양하고 창의적으로 구성하여 작품을 발표하고, 작품의 아름다움을 명확하게 이해하고 느끼며 감상할 수 있다.","스포츠 표현의 기본 동작으로 작품을 구성하여 발표하고, 작품의 아름다움을 대략적으로 이해하고 느끼며 감상할 수 있다.","스포츠 표현의 일부 기본 동작으로 작품을 간략하게 구성하여 발표하고, 작품의 아름다움을 대략적으로 느끼며 감상할 수 있다.","[6체03-03]은 스포츠 표현에 적합한 움직임 기술의 응용 동작을 활용하여 작품을 구성하고 표현하기 위해 설정하였다. 스포츠 표현에 적합한 움직임 기술의 응용 동작을 창의적으로 구성하고, 개인 또는 모둠별로 간단한 작품을 만들어 발표하며 작품의 의도와 동작의 심미성을 감상하도록 한다.","● 5~6학년군 표현 영역에서는 3~4학년군에서 학습한 표현과 움직임에 관한 지식, 기본 움직임 기술과 표현 유형별 기본 움직임 기술 및 태도를 바탕으로 스포츠 표현, 전통 표현, 현대 표현의 의미와 유형, 기본 움직임 기술의 심미적 응용 동작과 구성 방법을 학습하도록 한다. 스포츠 표현, 전통 표현, 현대 표현의 유형별 다양한 사례를 직⋅간접적으로 체험함으로써 공통점과 차이점을 인식할 수 있도록 교수⋅학습을 운영한다. 
● 스포츠 표현에서는 기술적 표현과 예술적 표현이 강조되는 활동을 중심으로 신체활동을 선정하되 움직임이나 동작의 개수, 난이도를 고려하여 절차와 규칙을 간소화한 형식으로 활동을 구성한다. 전통 표현에서는 우리나라와 세계 여러 나라의 전통 표현을 체험함으로써 문화와 관련된 움직임 표현의 특성을 파악할 수 있도록 하며, 다양한 문화를 존중하고 수용하는 태도를 기를 수 있도록 한다. 현대 표현의 경우 최근의 문화적 변화를 반영한 다양한 표현 사례를 직⋅간접적으로 체험할 기회를 제공함으로써 표현 문화의 개인적, 사회적 가치를 인식하도록 하며, 창의적이고 자유로운 표현이 가능한 분위기를 조성한다. 
● 표현 유형별 의미와 특징을 활동 과정에서 자연스럽게 이해할 수 있도록 하며, 언어와 이미지, 영상 등을 활용한다. 표현 유형별 움직임 기술의 응용 동작은 기본 및 복합 움직임 기술을 표현 유형별 동작에 맞게 연결하되, 다양한 표현 동작을 학습자 스스로 탐색할 수 있도록 한다. 모둠별 협력 수업을 통해 표현 동작을 공유하고 개선할 수 있도록 운영하고, 동작의 연결, 대형의 선택, 예술적 표현 방법 등 표현 동작과 구성 방법을 설계하며, 작품의 의도와 표현 동작의 심미적 특성을 고려하여 기본적인 감상이 이루어지도록 한다. 특히 모둠별 작품 구성 및 발표 과정에서 발생할 수 있는 안전사고를 예방할 수 있도록 교수⋅학습을 운영한다.
● 5~6학년군 표현 영역에서는 표현 유형에 따라 심미성을 추구하는 다양한 표현 방식을 존중하는 태도를 기를 수 있도록 한다. 이를 위해 세계 여러 나라의 전통 표현을 체험하면서 문화와 전통의 다양성을 존중하는 다문화 교육과 연계하여 운영할 수 있다. 	
● 5~6학년군 표현 영역에서는 표현 활동 유형별 움직임 기술의 공통점과 차이점에 관한 이해, 유형별 특성을 반영한 움직임 기술의 표현 능력, 작품을 구성하고 감상할 수 있는 능력, 다양한 표현 활동 유형을 수용하는 태도와 움직임 표현의 아름다움을 추구하는 태도를 균형 있게 평가한다. 
● 스포츠 표현은 움직임 기술의 수행과 함께 심미적 표현 능력, 전통 표현에서는 표현에 담긴 문화적 특성을 이해하고 동작을 구성하여 발표하는 능력, 현대 표현에서는 타인의 작품을 공감하고 자신의 생각과 감정을 자유롭게 표현하며 감상하는 능력을 종합적으로 평가한다.
● 5~6학년군 표현 영역에서 표현 활동 유형별 의미와 특성에 관한 지식은 단순 지필평가보다는 유형별 표현 활동 과정에서의 이해력을 평가한다. 유형별 움직임 표현 능력은 표현 동작 평가, 관찰 평가, 동료 평가, 포트폴리오 평가 등을 활용하며, 유형별 특성이 잘 드러나도록 표현 방법의 선택, 수행, 구성 및 감상의 과정을 종합적으로 평가한다. 가치⋅태도에 관한 평가는 다양한 표현 활동 유형을 수용하고 표현 유형별 움직임의 아름다움을 추구하는 태도를 확인할 수 있는 관찰 평가, 개인일지, 감상문 등의 평가 방법을 활용한다."
5~6,체육,표현,"⋅표현 활동은 인간이 신체 움직임에 생각과 감정을 담아 심미적으로 표현하는 과정에서 창의적인 삶의 태도를 형성하고, 예술적 신체활동 문화를 향유할 수 있도록 한다. 
⋅표현 활동은 기본 움직임에 표현 원리가 적용되어 다양한 유형으로 구현되며, 구성 및 창작의 과정을 통해 발달한다. 
⋅인간은 다양한 표현 활동을 체험함으로써 움직임의 심미적 가치를 내면화하며 자유롭고 주체적으로 사는 방법을 터득한다.",6체03-04,전통 표현에서 움직임 기술을 응용한 기본 동작을 파악하고 표현한다.,"전통 표현에서 움직임 기술을 응용한 여러 가지 기본 동작을 명확하게 파악하고, 다양한 기본 동작을 활용해 음악에 맞춰 문화적 특색이 드러나도록 표현할 수 있다.","전통 표현에서 움직임 기술을 응용한 여러 가지 기본 동작을 대략적으로 파악하고, 일부 기본 동작을 활용해 음악에 맞춰 문화적 특색이 드러나도록 표현할 수 있다.","전통 표현에서 움직임 기술을 응용한 간단한 기본 동작을 대략적으로 파악하고, 일부 기본 동작을 활용해 표현할 수 있다.",[6체03-04]는 우리나라와 세계 여러 민족과 지역에서 전해 내려오는 전통 표현에서 기본 움직임 기술을 응용한 동작의 문화적 특징을 파악하고 그 특성을 살려 표현하기 위해 설정하였다. 전통 표현의 기본 동작에 적합한 움직임 기술의 응용 동작을 문화적 특색이 드러나게 표현하도록 한다. ,"● 5~6학년군 표현 영역에서는 3~4학년군에서 학습한 표현과 움직임에 관한 지식, 기본 움직임 기술과 표현 유형별 기본 움직임 기술 및 태도를 바탕으로 스포츠 표현, 전통 표현, 현대 표현의 의미와 유형, 기본 움직임 기술의 심미적 응용 동작과 구성 방법을 학습하도록 한다. 스포츠 표현, 전통 표현, 현대 표현의 유형별 다양한 사례를 직⋅간접적으로 체험함으로써 공통점과 차이점을 인식할 수 있도록 교수⋅학습을 운영한다. 
● 스포츠 표현에서는 기술적 표현과 예술적 표현이 강조되는 활동을 중심으로 신체활동을 선정하되 움직임이나 동작의 개수, 난이도를 고려하여 절차와 규칙을 간소화한 형식으로 활동을 구성한다. 전통 표현에서는 우리나라와 세계 여러 나라의 전통 표현을 체험함으로써 문화와 관련된 움직임 표현의 특성을 파악할 수 있도록 하며, 다양한 문화를 존중하고 수용하는 태도를 기를 수 있도록 한다. 현대 표현의 경우 최근의 문화적 변화를 반영한 다양한 표현 사례를 직⋅간접적으로 체험할 기회를 제공함으로써 표현 문화의 개인적, 사회적 가치를 인식하도록 하며, 창의적이고 자유로운 표현이 가능한 분위기를 조성한다. 
● 표현 유형별 의미와 특징을 활동 과정에서 자연스럽게 이해할 수 있도록 하며, 언어와 이미지, 영상 등을 활용한다. 표현 유형별 움직임 기술의 응용 동작은 기본 및 복합 움직임 기술을 표현 유형별 동작에 맞게 연결하되, 다양한 표현 동작을 학습자 스스로 탐색할 수 있도록 한다. 모둠별 협력 수업을 통해 표현 동작을 공유하고 개선할 수 있도록 운영하고, 동작의 연결, 대형의 선택, 예술적 표현 방법 등 표현 동작과 구성 방법을 설계하며, 작품의 의도와 표현 동작의 심미적 특성을 고려하여 기본적인 감상이 이루어지도록 한다. 특히 모둠별 작품 구성 및 발표 과정에서 발생할 수 있는 안전사고를 예방할 수 있도록 교수⋅학습을 운영한다.
● 5~6학년군 표현 영역에서는 표현 유형에 따라 심미성을 추구하는 다양한 표현 방식을 존중하는 태도를 기를 수 있도록 한다. 이를 위해 세계 여러 나라의 전통 표현을 체험하면서 문화와 전통의 다양성을 존중하는 다문화 교육과 연계하여 운영할 수 있다. 	
● 5~6학년군 표현 영역에서는 표현 활동 유형별 움직임 기술의 공통점과 차이점에 관한 이해, 유형별 특성을 반영한 움직임 기술의 표현 능력, 작품을 구성하고 감상할 수 있는 능력, 다양한 표현 활동 유형을 수용하는 태도와 움직임 표현의 아름다움을 추구하는 태도를 균형 있게 평가한다. 
● 스포츠 표현은 움직임 기술의 수행과 함께 심미적 표현 능력, 전통 표현에서는 표현에 담긴 문화적 특성을 이해하고 동작을 구성하여 발표하는 능력, 현대 표현에서는 타인의 작품을 공감하고 자신의 생각과 감정을 자유롭게 표현하며 감상하는 능력을 종합적으로 평가한다.
● 5~6학년군 표현 영역에서 표현 활동 유형별 의미와 특성에 관한 지식은 단순 지필평가보다는 유형별 표현 활동 과정에서의 이해력을 평가한다. 유형별 움직임 표현 능력은 표현 동작 평가, 관찰 평가, 동료 평가, 포트폴리오 평가 등을 활용하며, 유형별 특성이 잘 드러나도록 표현 방법의 선택, 수행, 구성 및 감상의 과정을 종합적으로 평가한다. 가치⋅태도에 관한 평가는 다양한 표현 활동 유형을 수용하고 표현 유형별 움직임의 아름다움을 추구하는 태도를 확인할 수 있는 관찰 평가, 개인일지, 감상문 등의 평가 방법을 활용한다."
5~6,체육,표현,"⋅표현 활동은 인간이 신체 움직임에 생각과 감정을 담아 심미적으로 표현하는 과정에서 창의적인 삶의 태도를 형성하고, 예술적 신체활동 문화를 향유할 수 있도록 한다. 
⋅표현 활동은 기본 움직임에 표현 원리가 적용되어 다양한 유형으로 구현되며, 구성 및 창작의 과정을 통해 발달한다. 
⋅인간은 다양한 표현 활동을 체험함으로써 움직임의 심미적 가치를 내면화하며 자유롭고 주체적으로 사는 방법을 터득한다.",6체03-05,전통 표현의 기본 동작을 다양하게 구성하여 발표하고 감상한다.,"전통 표현의 기본 동작을 다양하게 구성하여 문화적 특색이 드러나게 작품을 발표하고, 작품의 전통적 의미를 명확하게 이해하며 감상할 수 있다.","전통 표현의 기본 동작으로 작품을 구성하여 발표하고, 작품의 전통적 의미를 대략적으로 이해하며 감상할 수 있다.","전통 표현의 일부 기본 동작으로 작품을 간략하게 구성하여 발표하고, 작품의 전통적 의미 일부를 대략적으로 이해하며 감상할 수 있다.",[6체03-05]는 전통 표현에 적합한 움직임 기술의 응용 동작을 활용하여 작품을 구성하고 표현하기 위해 설정하였다. 다양한 전통 표현에 담긴 역사와 특성을 이해하고 전통 표현의 움직임 기술 응용 동작을 문화적 특성에 따라 구성한다. 개인 또는 모둠별로 간단한 작품을 만들어 발표하며 작품의 의도와 동작이 갖는 전통적 의미를 감상하도록 한다.,"● 5~6학년군 표현 영역에서는 3~4학년군에서 학습한 표현과 움직임에 관한 지식, 기본 움직임 기술과 표현 유형별 기본 움직임 기술 및 태도를 바탕으로 스포츠 표현, 전통 표현, 현대 표현의 의미와 유형, 기본 움직임 기술의 심미적 응용 동작과 구성 방법을 학습하도록 한다. 스포츠 표현, 전통 표현, 현대 표현의 유형별 다양한 사례를 직⋅간접적으로 체험함으로써 공통점과 차이점을 인식할 수 있도록 교수⋅학습을 운영한다. 
● 스포츠 표현에서는 기술적 표현과 예술적 표현이 강조되는 활동을 중심으로 신체활동을 선정하되 움직임이나 동작의 개수, 난이도를 고려하여 절차와 규칙을 간소화한 형식으로 활동을 구성한다. 전통 표현에서는 우리나라와 세계 여러 나라의 전통 표현을 체험함으로써 문화와 관련된 움직임 표현의 특성을 파악할 수 있도록 하며, 다양한 문화를 존중하고 수용하는 태도를 기를 수 있도록 한다. 현대 표현의 경우 최근의 문화적 변화를 반영한 다양한 표현 사례를 직⋅간접적으로 체험할 기회를 제공함으로써 표현 문화의 개인적, 사회적 가치를 인식하도록 하며, 창의적이고 자유로운 표현이 가능한 분위기를 조성한다. 
● 표현 유형별 의미와 특징을 활동 과정에서 자연스럽게 이해할 수 있도록 하며, 언어와 이미지, 영상 등을 활용한다. 표현 유형별 움직임 기술의 응용 동작은 기본 및 복합 움직임 기술을 표현 유형별 동작에 맞게 연결하되, 다양한 표현 동작을 학습자 스스로 탐색할 수 있도록 한다. 모둠별 협력 수업을 통해 표현 동작을 공유하고 개선할 수 있도록 운영하고, 동작의 연결, 대형의 선택, 예술적 표현 방법 등 표현 동작과 구성 방법을 설계하며, 작품의 의도와 표현 동작의 심미적 특성을 고려하여 기본적인 감상이 이루어지도록 한다. 특히 모둠별 작품 구성 및 발표 과정에서 발생할 수 있는 안전사고를 예방할 수 있도록 교수⋅학습을 운영한다.
● 5~6학년군 표현 영역에서는 표현 유형에 따라 심미성을 추구하는 다양한 표현 방식을 존중하는 태도를 기를 수 있도록 한다. 이를 위해 세계 여러 나라의 전통 표현을 체험하면서 문화와 전통의 다양성을 존중하는 다문화 교육과 연계하여 운영할 수 있다. 	
● 5~6학년군 표현 영역에서는 표현 활동 유형별 움직임 기술의 공통점과 차이점에 관한 이해, 유형별 특성을 반영한 움직임 기술의 표현 능력, 작품을 구성하고 감상할 수 있는 능력, 다양한 표현 활동 유형을 수용하는 태도와 움직임 표현의 아름다움을 추구하는 태도를 균형 있게 평가한다. 
● 스포츠 표현은 움직임 기술의 수행과 함께 심미적 표현 능력, 전통 표현에서는 표현에 담긴 문화적 특성을 이해하고 동작을 구성하여 발표하는 능력, 현대 표현에서는 타인의 작품을 공감하고 자신의 생각과 감정을 자유롭게 표현하며 감상하는 능력을 종합적으로 평가한다.
● 5~6학년군 표현 영역에서 표현 활동 유형별 의미와 특성에 관한 지식은 단순 지필평가보다는 유형별 표현 활동 과정에서의 이해력을 평가한다. 유형별 움직임 표현 능력은 표현 동작 평가, 관찰 평가, 동료 평가, 포트폴리오 평가 등을 활용하며, 유형별 특성이 잘 드러나도록 표현 방법의 선택, 수행, 구성 및 감상의 과정을 종합적으로 평가한다. 가치⋅태도에 관한 평가는 다양한 표현 활동 유형을 수용하고 표현 유형별 움직임의 아름다움을 추구하는 태도를 확인할 수 있는 관찰 평가, 개인일지, 감상문 등의 평가 방법을 활용한다."
5~6,체육,표현,"⋅표현 활동은 인간이 신체 움직임에 생각과 감정을 담아 심미적으로 표현하는 과정에서 창의적인 삶의 태도를 형성하고, 예술적 신체활동 문화를 향유할 수 있도록 한다. 
⋅표현 활동은 기본 움직임에 표현 원리가 적용되어 다양한 유형으로 구현되며, 구성 및 창작의 과정을 통해 발달한다. 
⋅인간은 다양한 표현 활동을 체험함으로써 움직임의 심미적 가치를 내면화하며 자유롭고 주체적으로 사는 방법을 터득한다.",6체03-06,현대 표현에서 움직임 기술을 응용한 기본 동작을 파악하고 표현한다.,"현대 표현에서 움직임 기술을 응용한 여러 가지 기본 동작을 명확하게 파악하고, 다양한 기본 동작을 활용해 자유로움의 특성이 드러나도록 주제에 맞춰 창의적으로 표현할 수 있다.","현대 표현에서 움직임 기술을 응용한 여러 가지 기본 동작을 대략적으로 파악하고, 일부 기본 동작을 활용해 자유로움의 특성이 드러나도록 주제에 맞춰 표현할 수 있다.","현대 표현에서 움직임 기술을 응용한 간단한 기본 동작을 대략적으로 파악하고, 일부 기본 동작을 활용해 표현할 수 있다.",[6체03-06]은 현대 표현에서 기본 움직임 기술을 응용한 동작의 자유로움이 갖는 특징을 파악하고 창의적으로 표현하기 위해 설정하였다. 기본 동작에 적합한 움직임 기술 응용 동작을 기존의 표현 방법이나 틀에 얽매이지 않고 자유롭고 창의적으로 표현하도록 한다.,"● 5~6학년군 표현 영역에서는 3~4학년군에서 학습한 표현과 움직임에 관한 지식, 기본 움직임 기술과 표현 유형별 기본 움직임 기술 및 태도를 바탕으로 스포츠 표현, 전통 표현, 현대 표현의 의미와 유형, 기본 움직임 기술의 심미적 응용 동작과 구성 방법을 학습하도록 한다. 스포츠 표현, 전통 표현, 현대 표현의 유형별 다양한 사례를 직⋅간접적으로 체험함으로써 공통점과 차이점을 인식할 수 있도록 교수⋅학습을 운영한다. 
● 스포츠 표현에서는 기술적 표현과 예술적 표현이 강조되는 활동을 중심으로 신체활동을 선정하되 움직임이나 동작의 개수, 난이도를 고려하여 절차와 규칙을 간소화한 형식으로 활동을 구성한다. 전통 표현에서는 우리나라와 세계 여러 나라의 전통 표현을 체험함으로써 문화와 관련된 움직임 표현의 특성을 파악할 수 있도록 하며, 다양한 문화를 존중하고 수용하는 태도를 기를 수 있도록 한다. 현대 표현의 경우 최근의 문화적 변화를 반영한 다양한 표현 사례를 직⋅간접적으로 체험할 기회를 제공함으로써 표현 문화의 개인적, 사회적 가치를 인식하도록 하며, 창의적이고 자유로운 표현이 가능한 분위기를 조성한다. 
● 표현 유형별 의미와 특징을 활동 과정에서 자연스럽게 이해할 수 있도록 하며, 언어와 이미지, 영상 등을 활용한다. 표현 유형별 움직임 기술의 응용 동작은 기본 및 복합 움직임 기술을 표현 유형별 동작에 맞게 연결하되, 다양한 표현 동작을 학습자 스스로 탐색할 수 있도록 한다. 모둠별 협력 수업을 통해 표현 동작을 공유하고 개선할 수 있도록 운영하고, 동작의 연결, 대형의 선택, 예술적 표현 방법 등 표현 동작과 구성 방법을 설계하며, 작품의 의도와 표현 동작의 심미적 특성을 고려하여 기본적인 감상이 이루어지도록 한다. 특히 모둠별 작품 구성 및 발표 과정에서 발생할 수 있는 안전사고를 예방할 수 있도록 교수⋅학습을 운영한다.
● 5~6학년군 표현 영역에서는 표현 유형에 따라 심미성을 추구하는 다양한 표현 방식을 존중하는 태도를 기를 수 있도록 한다. 이를 위해 세계 여러 나라의 전통 표현을 체험하면서 문화와 전통의 다양성을 존중하는 다문화 교육과 연계하여 운영할 수 있다. 	
● 5~6학년군 표현 영역에서는 표현 활동 유형별 움직임 기술의 공통점과 차이점에 관한 이해, 유형별 특성을 반영한 움직임 기술의 표현 능력, 작품을 구성하고 감상할 수 있는 능력, 다양한 표현 활동 유형을 수용하는 태도와 움직임 표현의 아름다움을 추구하는 태도를 균형 있게 평가한다. 
● 스포츠 표현은 움직임 기술의 수행과 함께 심미적 표현 능력, 전통 표현에서는 표현에 담긴 문화적 특성을 이해하고 동작을 구성하여 발표하는 능력, 현대 표현에서는 타인의 작품을 공감하고 자신의 생각과 감정을 자유롭게 표현하며 감상하는 능력을 종합적으로 평가한다.
● 5~6학년군 표현 영역에서 표현 활동 유형별 의미와 특성에 관한 지식은 단순 지필평가보다는 유형별 표현 활동 과정에서의 이해력을 평가한다. 유형별 움직임 표현 능력은 표현 동작 평가, 관찰 평가, 동료 평가, 포트폴리오 평가 등을 활용하며, 유형별 특성이 잘 드러나도록 표현 방법의 선택, 수행, 구성 및 감상의 과정을 종합적으로 평가한다. 가치⋅태도에 관한 평가는 다양한 표현 활동 유형을 수용하고 표현 유형별 움직임의 아름다움을 추구하는 태도를 확인할 수 있는 관찰 평가, 개인일지, 감상문 등의 평가 방법을 활용한다."
5~6,체육,표현,"⋅표현 활동은 인간이 신체 움직임에 생각과 감정을 담아 심미적으로 표현하는 과정에서 창의적인 삶의 태도를 형성하고, 예술적 신체활동 문화를 향유할 수 있도록 한다. 
⋅표현 활동은 기본 움직임에 표현 원리가 적용되어 다양한 유형으로 구현되며, 구성 및 창작의 과정을 통해 발달한다. 
⋅인간은 다양한 표현 활동을 체험함으로써 움직임의 심미적 가치를 내면화하며 자유롭고 주체적으로 사는 방법을 터득한다.",6체03-07,현대 표현의 기본 동작을 다양하게 구성하여 발표하고 감상한다.,"현대 표현의 기본 동작을 다양하고 창의적으로 구성하여 작품을 발표하고, 작품의 주제를 명확하게 이해하며 감상할 수 있다.","현대 표현의 기본 동작으로 작품을 구성하여 발표하고, 작품의 주제를 대략적으로 이해하며 감상할 수 있다.","현대 표현의 일부 기본 동작으로 작품을 간략하게 구성하여 발표하고, 작품의 주제 일부를 대략적으로 이해하며 감상할 수 있다.",[6체03-07]은 현대 표현에 적합한 움직임 기술의 응용 동작을 활용하여 작품을 구성하고 표현하기 위해 설정하였다. 현대 표현에 적합한 움직임 기술의 응용 동작을 표현의 주제와 자유로운 흐름을 고려하여 구성한다. 개인 또는 모둠별로 간단한 작품을 만들어 발표하며 작품의 의도를 현대 사회의 문화적 특징과 비교하며 감상하도록 한다.,"● 5~6학년군 표현 영역에서는 3~4학년군에서 학습한 표현과 움직임에 관한 지식, 기본 움직임 기술과 표현 유형별 기본 움직임 기술 및 태도를 바탕으로 스포츠 표현, 전통 표현, 현대 표현의 의미와 유형, 기본 움직임 기술의 심미적 응용 동작과 구성 방법을 학습하도록 한다. 스포츠 표현, 전통 표현, 현대 표현의 유형별 다양한 사례를 직⋅간접적으로 체험함으로써 공통점과 차이점을 인식할 수 있도록 교수⋅학습을 운영한다. 
● 스포츠 표현에서는 기술적 표현과 예술적 표현이 강조되는 활동을 중심으로 신체활동을 선정하되 움직임이나 동작의 개수, 난이도를 고려하여 절차와 규칙을 간소화한 형식으로 활동을 구성한다. 전통 표현에서는 우리나라와 세계 여러 나라의 전통 표현을 체험함으로써 문화와 관련된 움직임 표현의 특성을 파악할 수 있도록 하며, 다양한 문화를 존중하고 수용하는 태도를 기를 수 있도록 한다. 현대 표현의 경우 최근의 문화적 변화를 반영한 다양한 표현 사례를 직⋅간접적으로 체험할 기회를 제공함으로써 표현 문화의 개인적, 사회적 가치를 인식하도록 하며, 창의적이고 자유로운 표현이 가능한 분위기를 조성한다. 
● 표현 유형별 의미와 특징을 활동 과정에서 자연스럽게 이해할 수 있도록 하며, 언어와 이미지, 영상 등을 활용한다. 표현 유형별 움직임 기술의 응용 동작은 기본 및 복합 움직임 기술을 표현 유형별 동작에 맞게 연결하되, 다양한 표현 동작을 학습자 스스로 탐색할 수 있도록 한다. 모둠별 협력 수업을 통해 표현 동작을 공유하고 개선할 수 있도록 운영하고, 동작의 연결, 대형의 선택, 예술적 표현 방법 등 표현 동작과 구성 방법을 설계하며, 작품의 의도와 표현 동작의 심미적 특성을 고려하여 기본적인 감상이 이루어지도록 한다. 특히 모둠별 작품 구성 및 발표 과정에서 발생할 수 있는 안전사고를 예방할 수 있도록 교수⋅학습을 운영한다.
● 5~6학년군 표현 영역에서는 표현 유형에 따라 심미성을 추구하는 다양한 표현 방식을 존중하는 태도를 기를 수 있도록 한다. 이를 위해 세계 여러 나라의 전통 표현을 체험하면서 문화와 전통의 다양성을 존중하는 다문화 교육과 연계하여 운영할 수 있다. 	
● 5~6학년군 표현 영역에서는 표현 활동 유형별 움직임 기술의 공통점과 차이점에 관한 이해, 유형별 특성을 반영한 움직임 기술의 표현 능력, 작품을 구성하고 감상할 수 있는 능력, 다양한 표현 활동 유형을 수용하는 태도와 움직임 표현의 아름다움을 추구하는 태도를 균형 있게 평가한다. 
● 스포츠 표현은 움직임 기술의 수행과 함께 심미적 표현 능력, 전통 표현에서는 표현에 담긴 문화적 특성을 이해하고 동작을 구성하여 발표하는 능력, 현대 표현에서는 타인의 작품을 공감하고 자신의 생각과 감정을 자유롭게 표현하며 감상하는 능력을 종합적으로 평가한다.
● 5~6학년군 표현 영역에서 표현 활동 유형별 의미와 특성에 관한 지식은 단순 지필평가보다는 유형별 표현 활동 과정에서의 이해력을 평가한다. 유형별 움직임 표현 능력은 표현 동작 평가, 관찰 평가, 동료 평가, 포트폴리오 평가 등을 활용하며, 유형별 특성이 잘 드러나도록 표현 방법의 선택, 수행, 구성 및 감상의 과정을 종합적으로 평가한다. 가치⋅태도에 관한 평가는 다양한 표현 활동 유형을 수용하고 표현 유형별 움직임의 아름다움을 추구하는 태도를 확인할 수 있는 관찰 평가, 개인일지, 감상문 등의 평가 방법을 활용한다."
5~6,체육,표현,"⋅표현 활동은 인간이 신체 움직임에 생각과 감정을 담아 심미적으로 표현하는 과정에서 창의적인 삶의 태도를 형성하고, 예술적 신체활동 문화를 향유할 수 있도록 한다. 
⋅표현 활동은 기본 움직임에 표현 원리가 적용되어 다양한 유형으로 구현되며, 구성 및 창작의 과정을 통해 발달한다. 
⋅인간은 다양한 표현 활동을 체험함으로써 움직임의 심미적 가치를 내면화하며 자유롭고 주체적으로 사는 방법을 터득한다.",6체03-08,"다양한 표현 활동 유형을 수용하고, 움직임 표현의 아름다움을 추구한다.","다양한 표현 활동의 유형을 긍정적으로 수용하고, 움직임을 창의적이고 아름답게 표현하고자 하는 태도를 가지며 이를 적극적으로 실천할 수 있다.","일부 표현 활동의 유형을 긍정적으로 수용하고, 움직임을 아름답게 표현하고자 하는 태도를 가지며 이를 실천할 수 있다.","일부 표현 활동의 유형을 수용하고, 움직임을 아름답게 표현하고자 하는 태도를 가지며 이를 실천하기 위해 노력할 수 있다.",[6체03-08]은 다양한 표현 활동 유형을 긍정적으로 수용하고 움직임 표현의 아름다움을 추구하도록 설정하였다. 다양한 표현 유형에 담긴 의미와 표현 특성을 직⋅간접적으로 탐색하며 표현 문화에 대한 이해의 폭을 확장하고 움직임 표현의 아름다움을 추구하도록 한다.,"● 5~6학년군 표현 영역에서는 3~4학년군에서 학습한 표현과 움직임에 관한 지식, 기본 움직임 기술과 표현 유형별 기본 움직임 기술 및 태도를 바탕으로 스포츠 표현, 전통 표현, 현대 표현의 의미와 유형, 기본 움직임 기술의 심미적 응용 동작과 구성 방법을 학습하도록 한다. 스포츠 표현, 전통 표현, 현대 표현의 유형별 다양한 사례를 직⋅간접적으로 체험함으로써 공통점과 차이점을 인식할 수 있도록 교수⋅학습을 운영한다. 
● 스포츠 표현에서는 기술적 표현과 예술적 표현이 강조되는 활동을 중심으로 신체활동을 선정하되 움직임이나 동작의 개수, 난이도를 고려하여 절차와 규칙을 간소화한 형식으로 활동을 구성한다. 전통 표현에서는 우리나라와 세계 여러 나라의 전통 표현을 체험함으로써 문화와 관련된 움직임 표현의 특성을 파악할 수 있도록 하며, 다양한 문화를 존중하고 수용하는 태도를 기를 수 있도록 한다. 현대 표현의 경우 최근의 문화적 변화를 반영한 다양한 표현 사례를 직⋅간접적으로 체험할 기회를 제공함으로써 표현 문화의 개인적, 사회적 가치를 인식하도록 하며, 창의적이고 자유로운 표현이 가능한 분위기를 조성한다. 
● 표현 유형별 의미와 특징을 활동 과정에서 자연스럽게 이해할 수 있도록 하며, 언어와 이미지, 영상 등을 활용한다. 표현 유형별 움직임 기술의 응용 동작은 기본 및 복합 움직임 기술을 표현 유형별 동작에 맞게 연결하되, 다양한 표현 동작을 학습자 스스로 탐색할 수 있도록 한다. 모둠별 협력 수업을 통해 표현 동작을 공유하고 개선할 수 있도록 운영하고, 동작의 연결, 대형의 선택, 예술적 표현 방법 등 표현 동작과 구성 방법을 설계하며, 작품의 의도와 표현 동작의 심미적 특성을 고려하여 기본적인 감상이 이루어지도록 한다. 특히 모둠별 작품 구성 및 발표 과정에서 발생할 수 있는 안전사고를 예방할 수 있도록 교수⋅학습을 운영한다.
● 5~6학년군 표현 영역에서는 표현 유형에 따라 심미성을 추구하는 다양한 표현 방식을 존중하는 태도를 기를 수 있도록 한다. 이를 위해 세계 여러 나라의 전통 표현을 체험하면서 문화와 전통의 다양성을 존중하는 다문화 교육과 연계하여 운영할 수 있다. 	
● 5~6학년군 표현 영역에서는 표현 활동 유형별 움직임 기술의 공통점과 차이점에 관한 이해, 유형별 특성을 반영한 움직임 기술의 표현 능력, 작품을 구성하고 감상할 수 있는 능력, 다양한 표현 활동 유형을 수용하는 태도와 움직임 표현의 아름다움을 추구하는 태도를 균형 있게 평가한다. 
● 스포츠 표현은 움직임 기술의 수행과 함께 심미적 표현 능력, 전통 표현에서는 표현에 담긴 문화적 특성을 이해하고 동작을 구성하여 발표하는 능력, 현대 표현에서는 타인의 작품을 공감하고 자신의 생각과 감정을 자유롭게 표현하며 감상하는 능력을 종합적으로 평가한다.
● 5~6학년군 표현 영역에서 표현 활동 유형별 의미와 특성에 관한 지식은 단순 지필평가보다는 유형별 표현 활동 과정에서의 이해력을 평가한다. 유형별 움직임 표현 능력은 표현 동작 평가, 관찰 평가, 동료 평가, 포트폴리오 평가 등을 활용하며, 유형별 특성이 잘 드러나도록 표현 방법의 선택, 수행, 구성 및 감상의 과정을 종합적으로 평가한다. 가치⋅태도에 관한 평가는 다양한 표현 활동 유형을 수용하고 표현 유형별 움직임의 아름다움을 추구하는 태도를 확인할 수 있는 관찰 평가, 개인일지, 감상문 등의 평가 방법을 활용한다."
5~6,음악,연주,"⋅음악은 고유한 방식과 원리에 따라 인간의 느낌, 생각, 경험을 다양한 소리의 어울림으로 표현한 것이다. 
⋅개인적 혹은 협력적 음악 연주는 인간의 감수성과 사회⋅문화적 배경에 따라 다양한 행위 과정으로 나타난다. 
⋅인간은 생활 속에서 다양한 음악 매체와 표현 방법을 활용하여 함께 경험하며 소통한다.",6음01-01,바른 주법과 표현 기법을 익혀 노래나 악기로 느낌을 담아 연주한다.,바른 주법과 표현 기법을 충분히 이해하여 노래나 악기로 느낌을 담아 자연스럽게 연주한다.,바른 주법과 표현 기법을 이해하여 노래나 악기로 느낌을 담아 연주한다.,바른 주법과 표현 기법을 부분적으로 이해하여 노래나 악기로 연주하려고 노력한다.,,"• 3~4학년에서 학습한 음악 요소, 주법과 표현 기법, 노래, 악기 연주 등에 관한 기초적인 내용을 포함하되, 5~6학년에서는 지식이나 기능의 개별 학습에 그치지 않고 협력적인 음악 연주 활동을 통해 소통하며 공동체 속에서의 민주 시민 의식을 기를 수 있도록 한다.
• 다양한 연주를 통해 자신과 타인의 느낌, 경험, 생각 등을 조화롭게 표현할 수 있음을 경험하고 협력적인 활동을 다양하게 수행하며 과정을 돌아봄으로써 연주의 즐거움을 느끼도록 한다.
• 노래와 악기 등의 연주를 위한 자세, 호흡, 발성, 악기 연주 방법 등의 주법과 표현 기법의 필요성을 인식하고, 소리의 원리와 특징에 따라 아름다운 소리로 연주할 수 있도록 한다.
• 악곡에 드러난 여러 음악 요소에 대한 이해를 바탕으로 노래나 악기 연주로 발표하고, 자신의 발표 과정에 관해 스스로 또는 동료들과 함께 이야기하도록 한다.
• 생활 속의 음악 활동 참여와 관련된 성취기준은 연주를 위한 준비와 발표 과정에서의 참여도를 평가 기준으로 삼아 자발적이고 주도적인 참여 태도, 실생활에서의 실천 의지 등으로 평가할 수 있다. 이 때 연습 일지나 체크리스트, 포트폴리오 등을 활용할 수 있다.
• 연주를 발표하거나 생활 속 활동에 참여하는 것을 평가할 때에는 녹음이나 녹화를 통해 연주 활동을 되돌아보고 자기 평가 또는 상호 평가 등 학생들의 평가 내용을 반영할 수 있다."
5~6,음악,연주,"⋅음악은 고유한 방식과 원리에 따라 인간의 느낌, 생각, 경험을 다양한 소리의 어울림으로 표현한 것이다. 
⋅개인적 혹은 협력적 음악 연주는 인간의 감수성과 사회⋅문화적 배경에 따라 다양한 행위 과정으로 나타난다. 
⋅인간은 생활 속에서 다양한 음악 매체와 표현 방법을 활용하여 함께 경험하며 소통한다.",6음01-02,음악 요소를 살려 노래나 악기로 발표하고 과정을 돌아본다.,음악 요소를 충분히 이해하여 그 특징을 전체적으로 살려 노래나 악기로 발표하고 연주 활동 과정에 대해 글이나 말로 구체적으로 표현한다.,음악 요소를 이해하여 그 특징을 살려 노래나 악기로 발표하고 연주 활동 과정에 대해 글이나 말로 표현한다.,음악 요소를 부분적으로 이해하여 그 특징을 일부 살려 노래나 악기로 발표하고 연주 활동에 대해 글이나 말로 표현하려고 노력한다.,"[6음01-02] 이 성취기준은 악곡에 드러난 음악의 다양한 요소를 익혀 노래나 악기 연주로 표현하는 기회를 가지도록 하기 위해 설정하였다. 여러 음악 요소에 대한 이해를 바탕으로 노래나 악기 연주로 발표하고, 자신의 발표 과정을 스스로 돌아보면서 서로 평하는 데 중점을 둔다. ","• 3~4학년에서 학습한 음악 요소, 주법과 표현 기법, 노래, 악기 연주 등에 관한 기초적인 내용을 포함하되, 5~6학년에서는 지식이나 기능의 개별 학습에 그치지 않고 협력적인 음악 연주 활동을 통해 소통하며 공동체 속에서의 민주 시민 의식을 기를 수 있도록 한다.
• 다양한 연주를 통해 자신과 타인의 느낌, 경험, 생각 등을 조화롭게 표현할 수 있음을 경험하고 협력적인 활동을 다양하게 수행하며 과정을 돌아봄으로써 연주의 즐거움을 느끼도록 한다.
• 노래와 악기 등의 연주를 위한 자세, 호흡, 발성, 악기 연주 방법 등의 주법과 표현 기법의 필요성을 인식하고, 소리의 원리와 특징에 따라 아름다운 소리로 연주할 수 있도록 한다.
• 악곡에 드러난 여러 음악 요소에 대한 이해를 바탕으로 노래나 악기 연주로 발표하고, 자신의 발표 과정에 관해 스스로 또는 동료들과 함께 이야기하도록 한다.
• 생활 속의 음악 활동 참여와 관련된 성취기준은 연주를 위한 준비와 발표 과정에서의 참여도를 평가 기준으로 삼아 자발적이고 주도적인 참여 태도, 실생활에서의 실천 의지 등으로 평가할 수 있다. 이 때 연습 일지나 체크리스트, 포트폴리오 등을 활용할 수 있다.
• 연주를 발표하거나 생활 속 활동에 참여하는 것을 평가할 때에는 녹음이나 녹화를 통해 연주 활동을 되돌아보고 자기 평가 또는 상호 평가 등 학생들의 평가 내용을 반영할 수 있다."
5~6,음악,연주,"⋅음악은 고유한 방식과 원리에 따라 인간의 느낌, 생각, 경험을 다양한 소리의 어울림으로 표현한 것이다. 
⋅개인적 혹은 협력적 음악 연주는 인간의 감수성과 사회⋅문화적 배경에 따라 다양한 행위 과정으로 나타난다. 
⋅인간은 생활 속에서 다양한 음악 매체와 표현 방법을 활용하여 함께 경험하며 소통한다.",6음01-03,소리의 어울림을 생각하며 다양한 방법으로 함께 표현한다.,소리의 어울림을 충분히 이해하고 다양한 방법을 적절히 활용하여 함께 표현한다.,소리의 어울림을 이해하고 다양한 방법을 활용하여 함께 표현한다.,소리의 어울림을 알고 함께 표현하려고 노력한다.,"[6음01-03] 이 성취기준은 함께하는 연주 활동을 통해 다양한 소리의 어울림을 경험하고 음악 표현의 재미를 느낄 수 있도록 하기 위해 설정하였다. 목소리, 악기, 신체, 물체, 매체 등을 활용한 다양한 소리와 그 어울림의 특징을 탐구하고, 이를 표현하기 위한 여러 방법을 탐색하도록 한다. 이 과정에서 다른 사람과 함께 활동함으로써 공동체 속에서 음악으로 소통하는 즐거움을 경험하도록 하는 데 중점을 둔다.","• 3~4학년에서 학습한 음악 요소, 주법과 표현 기법, 노래, 악기 연주 등에 관한 기초적인 내용을 포함하되, 5~6학년에서는 지식이나 기능의 개별 학습에 그치지 않고 협력적인 음악 연주 활동을 통해 소통하며 공동체 속에서의 민주 시민 의식을 기를 수 있도록 한다.
• 다양한 연주를 통해 자신과 타인의 느낌, 경험, 생각 등을 조화롭게 표현할 수 있음을 경험하고 협력적인 활동을 다양하게 수행하며 과정을 돌아봄으로써 연주의 즐거움을 느끼도록 한다.
• 노래와 악기 등의 연주를 위한 자세, 호흡, 발성, 악기 연주 방법 등의 주법과 표현 기법의 필요성을 인식하고, 소리의 원리와 특징에 따라 아름다운 소리로 연주할 수 있도록 한다.
• 악곡에 드러난 여러 음악 요소에 대한 이해를 바탕으로 노래나 악기 연주로 발표하고, 자신의 발표 과정에 관해 스스로 또는 동료들과 함께 이야기하도록 한다.
• 생활 속의 음악 활동 참여와 관련된 성취기준은 연주를 위한 준비와 발표 과정에서의 참여도를 평가 기준으로 삼아 자발적이고 주도적인 참여 태도, 실생활에서의 실천 의지 등으로 평가할 수 있다. 이 때 연습 일지나 체크리스트, 포트폴리오 등을 활용할 수 있다.
• 연주를 발표하거나 생활 속 활동에 참여하는 것을 평가할 때에는 녹음이나 녹화를 통해 연주 활동을 되돌아보고 자기 평가 또는 상호 평가 등 학생들의 평가 내용을 반영할 수 있다."
5~6,음악,연주,"⋅음악은 고유한 방식과 원리에 따라 인간의 느낌, 생각, 경험을 다양한 소리의 어울림으로 표현한 것이다. 
⋅개인적 혹은 협력적 음악 연주는 인간의 감수성과 사회⋅문화적 배경에 따라 다양한 행위 과정으로 나타난다. 
⋅인간은 생활 속에서 다양한 음악 매체와 표현 방법을 활용하여 함께 경험하며 소통한다.",6음01-04,간단한 형태의 연주를 준비하여 생활 속 음악 활동에 참여한다.,간단한 형태의 연주를 충분히 이해하여 생활 속 음악 활동을 주도적으로 준비하고 발표에 적극적으로 참여한다.,간단한 형태의 연주를 이해하여 생활 속 음악 활동을 준비하고 발표에 참여한다.,간단한 형태의 연주를 부분적으로 이해하여 생활 속 음악 활동 준비 과정과 발표에 참여하려고 노력한다.,[6음01-04] 이 성취기준은 학생들이 노래와 악기 연주 기능을 발휘하여 생활 속에서 음악 활동을 실천하는 태도를 기르도록 하기 위해 설정하였다. 가정 및 학교의 행사나 지역 축제 등 생활 속에서 음악이 필요한 상황을 생각하여 적절한 음악을 선택하고 학생들의 수준에 맞는 간단한 형태로 혼자 또는 여럿이 연주를 준비하도록 한다. 연주를 위한 준비 과정과 발표에 참여함으로써 음악을 생활화하며 자기주도적으로 즐기는 태도를 기르도록 하는 데 중점을 둔다. ,"• 3~4학년에서 학습한 음악 요소, 주법과 표현 기법, 노래, 악기 연주 등에 관한 기초적인 내용을 포함하되, 5~6학년에서는 지식이나 기능의 개별 학습에 그치지 않고 협력적인 음악 연주 활동을 통해 소통하며 공동체 속에서의 민주 시민 의식을 기를 수 있도록 한다.
• 다양한 연주를 통해 자신과 타인의 느낌, 경험, 생각 등을 조화롭게 표현할 수 있음을 경험하고 협력적인 활동을 다양하게 수행하며 과정을 돌아봄으로써 연주의 즐거움을 느끼도록 한다.
• 노래와 악기 등의 연주를 위한 자세, 호흡, 발성, 악기 연주 방법 등의 주법과 표현 기법의 필요성을 인식하고, 소리의 원리와 특징에 따라 아름다운 소리로 연주할 수 있도록 한다.
• 악곡에 드러난 여러 음악 요소에 대한 이해를 바탕으로 노래나 악기 연주로 발표하고, 자신의 발표 과정에 관해 스스로 또는 동료들과 함께 이야기하도록 한다.
• 생활 속의 음악 활동 참여와 관련된 성취기준은 연주를 위한 준비와 발표 과정에서의 참여도를 평가 기준으로 삼아 자발적이고 주도적인 참여 태도, 실생활에서의 실천 의지 등으로 평가할 수 있다. 이 때 연습 일지나 체크리스트, 포트폴리오 등을 활용할 수 있다.
• 연주를 발표하거나 생활 속 활동에 참여하는 것을 평가할 때에는 녹음이나 녹화를 통해 연주 활동을 되돌아보고 자기 평가 또는 상호 평가 등 학생들의 평가 내용을 반영할 수 있다."
5~6,음악,감상,"⋅ 음악은 고유한 방식과 원리에 따라 다양한 속성을 청각적 형태로 구현한 것이다. 
⋅ 음악적 수용과 반응은 인간의 감수성과 사회⋅문화적 배경에 따라 다양하게 나타난다. 
⋅ 인간은 생활 속에서 다양한 음악 경험을 통해 미적 가치와 의미를 발견하고 공감한다.",6음02-01,음악을 듣고 음악의 요소를 감지하며 구별한다.,음악을 듣고 악곡에 나타난 음악의 여러 요소를 감지하여 전체적으로 정확하게 구별하며 표현한다.,음악을 듣고 악곡에 나타난 음악의 요소를 감지하여 정확하게 구별하며 표현한다.,음악을 듣고 악곡에 나타난 음악의 요소를 부분적으로 감지하여 일부 구별하며 표현한다.,"[6음02-01] 이 성취기준은 감상곡의 음악 요소를 감지하여 구별하고 반응하는 능력을 기르도록 하기 위해 설정하였다. 음악을 들으며 악곡에 나타나는 여러 음악 요소를 감지하여 구별하고, 이를 노래, 악기, 신체, 언어, 그림 등의 다양한 방법으로 표현해보면서 이해하는 데 중점을 둔다.","• 3~4학년에서 학습한 음악 요소, 종류 등의 기초적인 내용을 포함하되, 5~6학년에서는 보다 전체적이고 조화로운 음악적 구성이나 느낌, 배경, 활용 등의 맥락을 이해함으로써 음악적 감성을 기르도록 한다.
• 건강, 행사, 기후⋅생태환경 변화 등 학습자의 생활과 관련된 다양한 음악의 활용과 연결지어 감상함으로써 음악의 내적⋅외적 측면을 균형 있게 파악하고, 음악 감상을 생활화하는 태도를 형성할 수 있도록 구성한다.
• 음악의 요소, 특징, 구성을 구별하거나 인식, 혹은 음악에 대해 공감하는 것에 관한 성취기준은 노래, 악기, 신체, 언어, 그림 등으로 표현하기, 설명하기, 평하기 등의 다양한 활동을 통해 나타낼 수 있다. 
• 다양한 문화권, 배경, 활용 등 음악을 둘러싼 맥락에 관한 부분은 관련된 타 교과의 성취기준과 연계하여 학습하고 평가할 수 있다.
• 감상에서 평가는 실음을 중심으로 악곡에 대한 이해뿐만 아니라 음악을 감상하는 태도를 포괄적으로 평가할 수 있도록 실음 지필 평가, 관찰 평가, 포트폴리오 및 보고서 등의 다양한 방법을 활용할 수 있다."
5~6,음악,감상,"⋅ 음악은 고유한 방식과 원리에 따라 다양한 속성을 청각적 형태로 구현한 것이다. 
⋅ 음악적 수용과 반응은 인간의 감수성과 사회⋅문화적 배경에 따라 다양하게 나타난다. 
⋅ 인간은 생활 속에서 다양한 음악 경험을 통해 미적 가치와 의미를 발견하고 공감한다.",6음02-02,다양한 문화권의 음악을 듣고 음악적 특징과 음악의 간단한 구성을 인식한다.,다양한 문화권의 음악을 듣고 문화권에 따른 음악적 특징과 간단한 구성을 종합적으로 인식하여 표현한다.,다양한 문화권의 음악을 듣고 문화권에 따른 음악적 특징과 간단한 구성을 인식하여 표현한다.,다양한 문화권의 음악을 듣고 문화권에 따른 음악적 특징과 간단한 구성을 부분적으로 인식하여 표현하려고 노력한다.,"[6음02-02] 이 성취기준은 문화권에 따라 다양하게 나타나는 음악의 특징과 음악의 간단한 구성을 인식하도록 하기 위해 설정하였다. 우리나라를 비롯하여 여러 지역이나 나라의 다양한 음악을 듣고 음악의 간단한 구성과 전반적인 특징을 인식하여, 이를 평하기, 설명하기, 표현하기 등의 다양한 행동적 활동을 통해 나타내 보는 데 중점을 둔다. ","• 3~4학년에서 학습한 음악 요소, 종류 등의 기초적인 내용을 포함하되, 5~6학년에서는 보다 전체적이고 조화로운 음악적 구성이나 느낌, 배경, 활용 등의 맥락을 이해함으로써 음악적 감성을 기르도록 한다.
• 건강, 행사, 기후⋅생태환경 변화 등 학습자의 생활과 관련된 다양한 음악의 활용과 연결지어 감상함으로써 음악의 내적⋅외적 측면을 균형 있게 파악하고, 음악 감상을 생활화하는 태도를 형성할 수 있도록 구성한다.
• 음악의 요소, 특징, 구성을 구별하거나 인식, 혹은 음악에 대해 공감하는 것에 관한 성취기준은 노래, 악기, 신체, 언어, 그림 등으로 표현하기, 설명하기, 평하기 등의 다양한 활동을 통해 나타낼 수 있다. 
• 다양한 문화권, 배경, 활용 등 음악을 둘러싼 맥락에 관한 부분은 관련된 타 교과의 성취기준과 연계하여 학습하고 평가할 수 있다.
• 감상에서 평가는 실음을 중심으로 악곡에 대한 이해뿐만 아니라 음악을 감상하는 태도를 포괄적으로 평가할 수 있도록 실음 지필 평가, 관찰 평가, 포트폴리오 및 보고서 등의 다양한 방법을 활용할 수 있다."
5~6,음악,감상,"⋅ 음악은 고유한 방식과 원리에 따라 다양한 속성을 청각적 형태로 구현한 것이다. 
⋅ 음악적 수용과 반응은 인간의 감수성과 사회⋅문화적 배경에 따라 다양하게 나타난다. 
⋅ 인간은 생활 속에서 다양한 음악 경험을 통해 미적 가치와 의미를 발견하고 공감한다.",6음02-03,다양한 종류의 음악을 듣고 음악의 배경과 활용을 설명한다.,다양한 종류의 음악을 듣고 음악의 배경과 활용을 탐색하여 구체적으로 설명한다.,다양한 종류의 음악을 듣고 음악의 배경과 활용을 탐색하여 설명한다.,다양한 종류의 음악을 듣고 음악의 배경과 활용을 탐색하여 부분적으로 설명한다.,"[6음02-03] 이 성취기준은 음악의 내적 측면과 외적 측면을 균형 있게 파악하는 능력을 기르도록 하기 위해 설정하였다. 다양한 음악의 쓰임과 배경을 이해하고 건강, 행사, 환경 등 학습자의 생활과 관련된 다양한 음악의 활용에 대하여 폭넓게 학습하여 이를 설명할 수 있도록 하는 데 중점을 둔다.","• 3~4학년에서 학습한 음악 요소, 종류 등의 기초적인 내용을 포함하되, 5~6학년에서는 보다 전체적이고 조화로운 음악적 구성이나 느낌, 배경, 활용 등의 맥락을 이해함으로써 음악적 감성을 기르도록 한다.
• 건강, 행사, 기후⋅생태환경 변화 등 학습자의 생활과 관련된 다양한 음악의 활용과 연결지어 감상함으로써 음악의 내적⋅외적 측면을 균형 있게 파악하고, 음악 감상을 생활화하는 태도를 형성할 수 있도록 구성한다.
• 음악의 요소, 특징, 구성을 구별하거나 인식, 혹은 음악에 대해 공감하는 것에 관한 성취기준은 노래, 악기, 신체, 언어, 그림 등으로 표현하기, 설명하기, 평하기 등의 다양한 활동을 통해 나타낼 수 있다. 
• 다양한 문화권, 배경, 활용 등 음악을 둘러싼 맥락에 관한 부분은 관련된 타 교과의 성취기준과 연계하여 학습하고 평가할 수 있다.
• 감상에서 평가는 실음을 중심으로 악곡에 대한 이해뿐만 아니라 음악을 감상하는 태도를 포괄적으로 평가할 수 있도록 실음 지필 평가, 관찰 평가, 포트폴리오 및 보고서 등의 다양한 방법을 활용할 수 있다."
5~6,음악,감상,"⋅ 음악은 고유한 방식과 원리에 따라 다양한 속성을 청각적 형태로 구현한 것이다. 
⋅ 음악적 수용과 반응은 인간의 감수성과 사회⋅문화적 배경에 따라 다양하게 나타난다. 
⋅ 인간은 생활 속에서 다양한 음악 경험을 통해 미적 가치와 의미를 발견하고 공감한다.",6음02-04,생활 속에서 음악을 찾아 들으며 아름다움을 느끼고 공감한다.,생활 속에서 다양한 음악을 적극적으로 찾아 듣고 음악의 아름다움을 느끼고 충분히 공감하여 여러 방식으로 표현한다.,생활 속에서 음악을 찾아 듣고 음악의 아름다움을 느끼고 공감하여 표현한다.,생활 속에서 음악을 듣고 음악의 아름다움을 느끼고 공감하려고 노력한다.,"[6음02-04] 이 성취기준은 생활 속에서 접하는 다양한 음악의 아름다움을 인식하고 공감하는 능력을 기르도록 하기 위해 설정하였다. 국악, 서양음악, 대중음악, 세계음악 등 생활 속에서 접할 수 있는 다양한 음악에 관심을 가지고 스스로 찾아 들으며, 음악에 대한 느낌을 여러 방식으로 표현할 수 있는 데 중점을 둔다. ","• 3~4학년에서 학습한 음악 요소, 종류 등의 기초적인 내용을 포함하되, 5~6학년에서는 보다 전체적이고 조화로운 음악적 구성이나 느낌, 배경, 활용 등의 맥락을 이해함으로써 음악적 감성을 기르도록 한다.
• 건강, 행사, 기후⋅생태환경 변화 등 학습자의 생활과 관련된 다양한 음악의 활용과 연결지어 감상함으로써 음악의 내적⋅외적 측면을 균형 있게 파악하고, 음악 감상을 생활화하는 태도를 형성할 수 있도록 구성한다.
• 음악의 요소, 특징, 구성을 구별하거나 인식, 혹은 음악에 대해 공감하는 것에 관한 성취기준은 노래, 악기, 신체, 언어, 그림 등으로 표현하기, 설명하기, 평하기 등의 다양한 활동을 통해 나타낼 수 있다. 
• 다양한 문화권, 배경, 활용 등 음악을 둘러싼 맥락에 관한 부분은 관련된 타 교과의 성취기준과 연계하여 학습하고 평가할 수 있다.
• 감상에서 평가는 실음을 중심으로 악곡에 대한 이해뿐만 아니라 음악을 감상하는 태도를 포괄적으로 평가할 수 있도록 실음 지필 평가, 관찰 평가, 포트폴리오 및 보고서 등의 다양한 방법을 활용할 수 있다."
5~6,음악,감상,"⋅ 음악은 고유한 방식과 원리에 따라 다양한 속성을 청각적 형태로 구현한 것이다. 
⋅ 음악적 수용과 반응은 인간의 감수성과 사회⋅문화적 배경에 따라 다양하게 나타난다. 
⋅ 인간은 생활 속에서 다양한 음악 경험을 통해 미적 가치와 의미를 발견하고 공감한다.",6음02-05,우리나라 음악 문화유산을 찾아 듣고 국악의 가치를 인식한다.,우리나라 음악 문화유산을 적극적으로 찾아 듣고 음악 문화유산을 충분히 이해하여 국악의 음악적‧문화적 가치를 종합적으로 인식한다.,우리나라 음악 문화유산을 찾아 듣고 음악 문화유산을 이해하여 국악의 음악적‧문화적 가치를 인식한다.,우리나라 음악 문화유산을 듣고 음악 문화유산을 부분적으로 이해하여 국악의 음악적‧문화적 가치를 일부 인식한다.,"[6음02-05] 이 성취기준은 우리나라 음악 문화유산의 경험을 바탕으로 국악의 가치를 인식하도록 하기 위해 설정하였다. 무형문화재에 대한 이해를 바탕으로 시도 무형문화재, 국가 무형문화재로 지정된 음악 문화유산을 찾아 들어보고 음악적⋅문화적 의미를 이해하여 국악의 가치를 인식하는 데에 중점을 둔다.","• 3~4학년에서 학습한 음악 요소, 종류 등의 기초적인 내용을 포함하되, 5~6학년에서는 보다 전체적이고 조화로운 음악적 구성이나 느낌, 배경, 활용 등의 맥락을 이해함으로써 음악적 감성을 기르도록 한다.
• 건강, 행사, 기후⋅생태환경 변화 등 학습자의 생활과 관련된 다양한 음악의 활용과 연결지어 감상함으로써 음악의 내적⋅외적 측면을 균형 있게 파악하고, 음악 감상을 생활화하는 태도를 형성할 수 있도록 구성한다.
• 음악의 요소, 특징, 구성을 구별하거나 인식, 혹은 음악에 대해 공감하는 것에 관한 성취기준은 노래, 악기, 신체, 언어, 그림 등으로 표현하기, 설명하기, 평하기 등의 다양한 활동을 통해 나타낼 수 있다. 
• 다양한 문화권, 배경, 활용 등 음악을 둘러싼 맥락에 관한 부분은 관련된 타 교과의 성취기준과 연계하여 학습하고 평가할 수 있다.
• 감상에서 평가는 실음을 중심으로 악곡에 대한 이해뿐만 아니라 음악을 감상하는 태도를 포괄적으로 평가할 수 있도록 실음 지필 평가, 관찰 평가, 포트폴리오 및 보고서 등의 다양한 방법을 활용할 수 있다."
5~6,음악,창작,"⋅음악은 고유한 방식과 원리에 따라 인간의 무한한 상상과 가능성을 탐구하여 만들어낸 것이다. 
⋅개인적 혹은 협력적 음악 창작은 인간의 감수성과 사회⋅문화적 배경에 따라 다양한 과정과 결과물로 나타난다. 
⋅인간은 생활 속에서 다양한 매체와 방법을 활용하여 자기 주도적으로 음악을 구성하며 기여한다.",6음03-01,느낌과 아이디어를 떠올려 여러 매체나 방법으로 자신감 있게 표현한다.,표현하고자 하는 느낌과 아이디어를 구체적으로 떠올리고 음악적으로 표현할 수 있는 여러 매체나 방법을 적절하게 활용하여 자신감 있게 표현한다.,표현하고자 하는 느낌과 아이디어를 떠올리고 음악적으로 표현할 수 있는 여러 매체나 방법을 활용하여 자신감 있게 표현한다.,표현하고자 하는 느낌과 아이디어를 떠올리고 음악적으로 표현할 수 있는 매체나 방법을 일부 활용하여 자신감 있게 표현하려고 노력한다.,"[6음03-01] 이 성취기준은 음악 창작의 소재로서 느낌과 아이디어를 발산해 내고 이를 음악으로 표현하며 음악적 상상력과 자신감을 기르도록 하기 위해 설정하였다. 자신의 경험과 관련된 다양한 느낌과 아이디어를 떠올려 그림, 기호, 언어 등을 활용하여 기록하고, 목소리, 악기, 물체, 신체, 디지털 매체 등을 통해 새롭게 표현해 보도록 하는 데 중점을 둔다.","• 3~4학년에서의 자유로운 발상을 토대로, 5~6학년에서는 악기나 매체 등을 활용하여 떠올리며 표현하기, 바꾸거나 활용하여 만들기 등의 창작 활동을 통해 음악적 창의성을 기르도록 한다.
• 음악 창작의 소재로서 느낌과 아이디어를 자유롭게 발산해 내고 이를 음악으로 표현함으로써 음악적 자신감과 자기주도성의 토대를 형성하도록 한다.
• 음악 창작과 표현, 공유와 소통 과정에서 디지털 매체를 적절히 활용함으로써 디지털 기초 소양을 기르도록 한다. 
• 창작의 과정에 흥미와 긍정적 태도를 가질 수 있도록 자유롭고 수용적인 분위기를 조성하도록 한다.
• 음악에 대한 자신감이나 열린 태도와 관련된 성취기준은 학생들의 실제 생활을 토대로 자신의 경험 떠올리기, 관심 있는 대상에 관해 이야기하기, 음악 창작 활동에 관한 생각이나 느낌 발표하기 등의 다양한 활동으로 나타낼 수 있다.
• 창작에서 평가는 결과물뿐만 아니라 창작 동기와 과정, 참여도를 종합적으로 살피도록 하며 체크리스트, 포트폴리오, 음악 창작 일지, 보고서 등을 활용할 수 있다."
5~6,음악,창작,"⋅음악은 고유한 방식과 원리에 따라 인간의 무한한 상상과 가능성을 탐구하여 만들어낸 것이다. 
⋅개인적 혹은 협력적 음악 창작은 인간의 감수성과 사회⋅문화적 배경에 따라 다양한 과정과 결과물로 나타난다. 
⋅인간은 생활 속에서 다양한 매체와 방법을 활용하여 자기 주도적으로 음악을 구성하며 기여한다.",6음03-02,기초적인 기보를 활용하여 간단한 조건에 따라 악곡의 일부를 바꾼다.,기초적인 기보를 적절하게 활용하여 주어진 간단한 조건을 지켜 악곡의 일부를 바꾼다.,기초적인 기보를 활용하여 주어진 간단한 조건을 지켜 악곡의 일부를 바꾼다.,기초적인 기보를 일부 활용하고 주어진 간단한 조건을 부분적으로 지켜 악곡의 일부를 바꾼다.,"[6음03-02] 이 성취기준은 음악적 약속으로서 통용되는 기초 기보를 이해하고 이를 활용한 음악 창작 능력을 기르도록 하기 위해 설정하였다. 음이름, 계이름, 율명을 익히고 음악을 기록하는 오선보나 정간보 등의 기보 방법을 기초적 수준에서 이해하여 주어진 조건에 따라 노랫말, 말붙임새 등 악곡의 일부를 바꾸어 기보해본다. 또한 이를 통한 느낌이나 생각을 공유하는 데 중점을 둔다. ","• 3~4학년에서의 자유로운 발상을 토대로, 5~6학년에서는 악기나 매체 등을 활용하여 떠올리며 표현하기, 바꾸거나 활용하여 만들기 등의 창작 활동을 통해 음악적 창의성을 기르도록 한다.
• 음악 창작의 소재로서 느낌과 아이디어를 자유롭게 발산해 내고 이를 음악으로 표현함으로써 음악적 자신감과 자기주도성의 토대를 형성하도록 한다.
• 음악 창작과 표현, 공유와 소통 과정에서 디지털 매체를 적절히 활용함으로써 디지털 기초 소양을 기르도록 한다. 
• 창작의 과정에 흥미와 긍정적 태도를 가질 수 있도록 자유롭고 수용적인 분위기를 조성하도록 한다.
• 음악에 대한 자신감이나 열린 태도와 관련된 성취기준은 학생들의 실제 생활을 토대로 자신의 경험 떠올리기, 관심 있는 대상에 관해 이야기하기, 음악 창작 활동에 관한 생각이나 느낌 발표하기 등의 다양한 활동으로 나타낼 수 있다.
• 창작에서 평가는 결과물뿐만 아니라 창작 동기와 과정, 참여도를 종합적으로 살피도록 하며 체크리스트, 포트폴리오, 음악 창작 일지, 보고서 등을 활용할 수 있다."
5~6,음악,창작,"⋅음악은 고유한 방식과 원리에 따라 인간의 무한한 상상과 가능성을 탐구하여 만들어낸 것이다. 
⋅개인적 혹은 협력적 음악 창작은 인간의 감수성과 사회⋅문화적 배경에 따라 다양한 과정과 결과물로 나타난다. 
⋅인간은 생활 속에서 다양한 매체와 방법을 활용하여 자기 주도적으로 음악을 구성하며 기여한다.",6음03-03,음악의 요소를 활용하여 간단한 음악을 만든다.,음악의 요소를 적절하게 활용하여 음악 요소의 특징이 잘 나타나도록 간단한 음악을 창의적으로 만든다.,음악의 요소를 활용하여 음악 요소의 특징이 나타나도록 간단한 음악을 만든다.,음악의 요소를 활용하여 간단한 음악을 만들려고 노력한다.,"[6음03-03] 이 성취기준은 음악에서 음악 요소의 의미와 효과를 이해하고 이를 활용하여 음악을 창작하는 능력을 기르도록 하기 위해 설정하였다. 음악 요소의 특징이 드러나는 짧고 단순한 형태의 음악을 간단한 기보, 프로그램, 매체 등을 활용하여 스스로 혹은 협력적으로 만들며 서로의 음악적 산출물을 공유해 보는 데 중점을 둔다.","• 3~4학년에서의 자유로운 발상을 토대로, 5~6학년에서는 악기나 매체 등을 활용하여 떠올리며 표현하기, 바꾸거나 활용하여 만들기 등의 창작 활동을 통해 음악적 창의성을 기르도록 한다.
• 음악 창작의 소재로서 느낌과 아이디어를 자유롭게 발산해 내고 이를 음악으로 표현함으로써 음악적 자신감과 자기주도성의 토대를 형성하도록 한다.
• 음악 창작과 표현, 공유와 소통 과정에서 디지털 매체를 적절히 활용함으로써 디지털 기초 소양을 기르도록 한다. 
• 창작의 과정에 흥미와 긍정적 태도를 가질 수 있도록 자유롭고 수용적인 분위기를 조성하도록 한다.
• 음악에 대한 자신감이나 열린 태도와 관련된 성취기준은 학생들의 실제 생활을 토대로 자신의 경험 떠올리기, 관심 있는 대상에 관해 이야기하기, 음악 창작 활동에 관한 생각이나 느낌 발표하기 등의 다양한 활동으로 나타낼 수 있다.
• 창작에서 평가는 결과물뿐만 아니라 창작 동기와 과정, 참여도를 종합적으로 살피도록 하며 체크리스트, 포트폴리오, 음악 창작 일지, 보고서 등을 활용할 수 있다."
5~6,음악,창작,"⋅음악은 고유한 방식과 원리에 따라 인간의 무한한 상상과 가능성을 탐구하여 만들어낸 것이다. 
⋅개인적 혹은 협력적 음악 창작은 인간의 감수성과 사회⋅문화적 배경에 따라 다양한 과정과 결과물로 나타난다. 
⋅인간은 생활 속에서 다양한 매체와 방법을 활용하여 자기 주도적으로 음악을 구성하며 기여한다.",6음03-04,생활 주변 상황이나 이야기를 활용하여 음악을 만들며 열린 태도를 갖는다.,생활 주변의 상황이나 이야기를 소재로 내용에 어울리는 음악을 만들며 음악에 대해 열린 태도를 적극적으로 갖는다.,생활 주변의 상황이나 이야기를 소재로 음악을 만들며 음악에 대해 열린 태도를 갖는다.,생활 주변의 상황이나 이야기를 소재로 음악 만들기에 참여하며 음악에 대해 열린 태도를 가지려고 노력한다.,[6음03-04] 이 성취기준은 학생들의 실제 생활과 경험을 토대로 음악 창작과 삶을 연계하여 음악에 대한 긍정적인 태도를 기르도록 하기 위해 설정하였다. 주변의 다양한 상황이나 이야기를 소재로 음악적 아이디어를 끌어내어 간단한 음악극이나 음악 영상 등으로 함께 만들어 나눔으로써 서로의 음악에 대한 열린 태도를 갖고 소통하는 데 중점을 둔다. ,"• 3~4학년에서의 자유로운 발상을 토대로, 5~6학년에서는 악기나 매체 등을 활용하여 떠올리며 표현하기, 바꾸거나 활용하여 만들기 등의 창작 활동을 통해 음악적 창의성을 기르도록 한다.
• 음악 창작의 소재로서 느낌과 아이디어를 자유롭게 발산해 내고 이를 음악으로 표현함으로써 음악적 자신감과 자기주도성의 토대를 형성하도록 한다.
• 음악 창작과 표현, 공유와 소통 과정에서 디지털 매체를 적절히 활용함으로써 디지털 기초 소양을 기르도록 한다. 
• 창작의 과정에 흥미와 긍정적 태도를 가질 수 있도록 자유롭고 수용적인 분위기를 조성하도록 한다.
• 음악에 대한 자신감이나 열린 태도와 관련된 성취기준은 학생들의 실제 생활을 토대로 자신의 경험 떠올리기, 관심 있는 대상에 관해 이야기하기, 음악 창작 활동에 관한 생각이나 느낌 발표하기 등의 다양한 활동으로 나타낼 수 있다.
• 창작에서 평가는 결과물뿐만 아니라 창작 동기와 과정, 참여도를 종합적으로 살피도록 하며 체크리스트, 포트폴리오, 음악 창작 일지, 보고서 등을 활용할 수 있다."
5~6,미술,미적 체험,"⋅미적 체험은 감각을 깨워 미적 감수성을 풍부하게 하며 미적 가치를 발견하도록 한다. 
⋅대상과 현상을 관찰하고 지각하는 경험은 앎을 확장하고 자신을 성찰하게 한다. 
⋅이미지에 대한 비판적 이해는 시각적 소통과 문화적 참여의 토대가 된다.",6미01-01,다양한 감각과 매체를 활용하여 자신과 대상을 탐색할 수 있다.,다양한 감각과 매체의 역할을 이해하고 적절하게 활용하여 자신과 대상을 적극적으로 탐색할 수 있다.,다양한 감각과 매체의 역할을 발견하고 활용하여 자신과 대상을 탐색할 수 있다.,다양한 감각과 매체를 일부 활용하여 자신과 대상을 부분적으로 탐색할 수 있다.,,"• 미적 체험 영역에서는 학생들이 지각, 성찰, 소통의 개념을 이해하도록 한다.
• 5, 6학년의 미적 체험은 3, 4학년에서의 대상에 대한 탐색에서 나아가 자신에 대한 탐색까지 다루도록 한다. 자신의 외적 특징뿐만 아니라 관심, 취향, 성격 등 내면적 특징을 민감하게 찾아보도록 한다. 자신도 모르게 이끌리는 것, 자신에게 의미 있는 것 등을 주의 깊게 지각하며 정체성을 발견하는 기회가 되도록 한다. 
• 자신이나 대상을 다양한 방법으로 탐색할 수 있도록 고려한다. 3, 4학년에서 경험한 몸의 감각적 체험과 더불어 사진, 영상, 증강현실 및 가상현실 기기 등 디지털 매체를 포함한 다양한 매체를 활용하여 탐색하고 새로운 특징을 지각하도록 한다. 이를 통해 학습자가 감각의 확장을 경험할 수 있다. 
• 미적 체험은 주변 환경의 특징을 지각하는 데 그치는 것이 아니라 감각과 사고의 연결을 경험하는 활동까지 연계되도록 한다. 주변 환경에서 찾은 감각적 특징과 자신이 떠올린 감정, 느낌, 생각을 관련지어 통합적으로 나타내는 경험을 통해 감정, 느낌이 사고에 미치는 영향을 성찰하도록 한다. 
• 광고, 게임, 만화, 영화, 포스터, 픽토그램, 표지판 등 학습자에게 친근한 생활 속 시각 문화를 탐색하고 이미지에 담긴 의미를 비판적으로 해석함으로써 시각적 문해력을 기르도록 한다. 시각 문화가 만들어진 맥락과 의도, 속성을 탐색하며 이미지를 주도적으로 이해하고 활용하는 능력을 기르는 데 중점을 둔다. 학생들이 토의, 토론, 게임, 퀴즈 등을 통해 이미지의 의미를 흥미 있게 탐구하고 소통할 수 있도록 고려한다. 
• 미적 체험은 무심코 보던 대상을 감각적으로 탐색하고 지각함으로써 세계에 대한 인식과 소통의 범위를 확장하는 활동으로 사람과 사람, 사람과 주변 대상, 대상과 대상과의 관계를 포함한다. 미적 체험을 통해 학습자가 시야를 넓히고 타인과 대상에 대한 심미적 감성을 함양할 수 있도록 고려한다. 나아가 인간 중심의 사고에서 벗어나 대상에 대한 생태 감수성을 풍부하게 하고 사람과 자연의 공존에 대한 생태 전환적 가치를 내면화하도록 지원한다. 
• 미적 체험의 평가는 자신과 대상의 특징을 발견하는 능력, 주변 환경에 대한 자신의 반응을 나타내는 능력, 주변 환경 속 대상과 상호 작용하며 의미를 만드는 능력, 이미지의 의미를 이해하고 활용하는 능력을 중심으로 평가하며 체험 결과뿐만 아니라 과정에 초점을 두고 관찰하여 평가한다."
5~6,미술,미적 체험,"⋅미적 체험은 감각을 깨워 미적 감수성을 풍부하게 하며 미적 가치를 발견하도록 한다. 
⋅대상과 현상을 관찰하고 지각하는 경험은 앎을 확장하고 자신을 성찰하게 한다. 
⋅이미지에 대한 비판적 이해는 시각적 소통과 문화적 참여의 토대가 된다.",6미01-02,"자신이나 주변 환경에서 찾은 감각적 특징, 느낌, 생각 등을 관련지어 나타낼 수 있다.","자신이나 주변 환경에서 찾은 감각적 특징, 느낌, 생각 등의 관계를 파악하고 다양한 방식으로 관련지어 나타낼 수 있다.","자신이나 주변 환경에서 찾은 감각적 특징, 느낌, 생각 등을 파악하고 관련지어 나타낼 수 있다.","자신이나 주변 환경에서 찾은 감각적 특징, 느낌, 생각 등을 나타낼 수 있다.","[6미01-02] 성취기준은 자신이나 대상, 그리고 시시각각 변화하는 현상 등 주변 환경을 탐색하며 예민하게 찾은 감각적 특징과 체험 과정에서 떠오른 느낌과 생각을 관련지어 보는 경험에 중점을 둔다. 미술의 특성상 시각적 특징을 우선 다루게 되지만, 보이지 않아도 느낄 수 있는 특징이나 느낌과 상상이 반영된 색, 형, 이미지, 문구, 소리, 움직임 등을 자유롭게 활용한다. 이를 통해 감각이 사고에 미치는 영향뿐만 아니라 자신과 환경 사이의 관계를 이해한다. ","• 미적 체험 영역에서는 학생들이 지각, 성찰, 소통의 개념을 이해하도록 한다.
• 5, 6학년의 미적 체험은 3, 4학년에서의 대상에 대한 탐색에서 나아가 자신에 대한 탐색까지 다루도록 한다. 자신의 외적 특징뿐만 아니라 관심, 취향, 성격 등 내면적 특징을 민감하게 찾아보도록 한다. 자신도 모르게 이끌리는 것, 자신에게 의미 있는 것 등을 주의 깊게 지각하며 정체성을 발견하는 기회가 되도록 한다. 
• 자신이나 대상을 다양한 방법으로 탐색할 수 있도록 고려한다. 3, 4학년에서 경험한 몸의 감각적 체험과 더불어 사진, 영상, 증강현실 및 가상현실 기기 등 디지털 매체를 포함한 다양한 매체를 활용하여 탐색하고 새로운 특징을 지각하도록 한다. 이를 통해 학습자가 감각의 확장을 경험할 수 있다. 
• 미적 체험은 주변 환경의 특징을 지각하는 데 그치는 것이 아니라 감각과 사고의 연결을 경험하는 활동까지 연계되도록 한다. 주변 환경에서 찾은 감각적 특징과 자신이 떠올린 감정, 느낌, 생각을 관련지어 통합적으로 나타내는 경험을 통해 감정, 느낌이 사고에 미치는 영향을 성찰하도록 한다. 
• 광고, 게임, 만화, 영화, 포스터, 픽토그램, 표지판 등 학습자에게 친근한 생활 속 시각 문화를 탐색하고 이미지에 담긴 의미를 비판적으로 해석함으로써 시각적 문해력을 기르도록 한다. 시각 문화가 만들어진 맥락과 의도, 속성을 탐색하며 이미지를 주도적으로 이해하고 활용하는 능력을 기르는 데 중점을 둔다. 학생들이 토의, 토론, 게임, 퀴즈 등을 통해 이미지의 의미를 흥미 있게 탐구하고 소통할 수 있도록 고려한다. 
• 미적 체험은 무심코 보던 대상을 감각적으로 탐색하고 지각함으로써 세계에 대한 인식과 소통의 범위를 확장하는 활동으로 사람과 사람, 사람과 주변 대상, 대상과 대상과의 관계를 포함한다. 미적 체험을 통해 학습자가 시야를 넓히고 타인과 대상에 대한 심미적 감성을 함양할 수 있도록 고려한다. 나아가 인간 중심의 사고에서 벗어나 대상에 대한 생태 감수성을 풍부하게 하고 사람과 자연의 공존에 대한 생태 전환적 가치를 내면화하도록 지원한다. 
• 미적 체험의 평가는 자신과 대상의 특징을 발견하는 능력, 주변 환경에 대한 자신의 반응을 나타내는 능력, 주변 환경 속 대상과 상호 작용하며 의미를 만드는 능력, 이미지의 의미를 이해하고 활용하는 능력을 중심으로 평가하며 체험 결과뿐만 아니라 과정에 초점을 두고 관찰하여 평가한다."
5~6,미술,미적 체험,"⋅미적 체험은 감각을 깨워 미적 감수성을 풍부하게 하며 미적 가치를 발견하도록 한다. 
⋅대상과 현상을 관찰하고 지각하는 경험은 앎을 확장하고 자신을 성찰하게 한다. 
⋅이미지에 대한 비판적 이해는 시각적 소통과 문화적 참여의 토대가 된다.",6미01-03,주변 환경에 대한 민감한 태도로 대상과 상호 작용하며 새로운 의미를 발견할 수 있다.,주변 환경에 대한 민감한 태도로 대상과 적극적으로 상호 작용하며 새로운 의미를 발견하여 설명할 수 있다.,주변 환경에 대한 민감한 태도로 대상과 상호 작용하며 새로운 의미를 발견할 수 있다.,주변 환경에 관심을 보이며 대상과 상호 작용하여 의미를 발견하는 데 참여할 수 있다.,"[6미01-03] 성취기준은 주변 환경 속 대상과 민감하게 상호 작용하며 경험한 느낌과 생각을 바탕으로 대상에 이름 붙이기, 자신을 닮은 대상 찾기, 대상을 연결하여 이야기 만들기 등 대상에 의미를 부여하는 활동에 중점을 둔다. 보는 사람, 시간과 장소, 분위기 등에 따라 대상과 다양하게 교감하며 그 과정에서 생성되는 의미를 성찰할 수 있도록 한다. 이를 통해 예술적 사고를 이끄는 대상의 가치를 이해하고 자신과 환경과의 생태 전환적 관계를 인식한다.","• 미적 체험 영역에서는 학생들이 지각, 성찰, 소통의 개념을 이해하도록 한다.
• 5, 6학년의 미적 체험은 3, 4학년에서의 대상에 대한 탐색에서 나아가 자신에 대한 탐색까지 다루도록 한다. 자신의 외적 특징뿐만 아니라 관심, 취향, 성격 등 내면적 특징을 민감하게 찾아보도록 한다. 자신도 모르게 이끌리는 것, 자신에게 의미 있는 것 등을 주의 깊게 지각하며 정체성을 발견하는 기회가 되도록 한다. 
• 자신이나 대상을 다양한 방법으로 탐색할 수 있도록 고려한다. 3, 4학년에서 경험한 몸의 감각적 체험과 더불어 사진, 영상, 증강현실 및 가상현실 기기 등 디지털 매체를 포함한 다양한 매체를 활용하여 탐색하고 새로운 특징을 지각하도록 한다. 이를 통해 학습자가 감각의 확장을 경험할 수 있다. 
• 미적 체험은 주변 환경의 특징을 지각하는 데 그치는 것이 아니라 감각과 사고의 연결을 경험하는 활동까지 연계되도록 한다. 주변 환경에서 찾은 감각적 특징과 자신이 떠올린 감정, 느낌, 생각을 관련지어 통합적으로 나타내는 경험을 통해 감정, 느낌이 사고에 미치는 영향을 성찰하도록 한다. 
• 광고, 게임, 만화, 영화, 포스터, 픽토그램, 표지판 등 학습자에게 친근한 생활 속 시각 문화를 탐색하고 이미지에 담긴 의미를 비판적으로 해석함으로써 시각적 문해력을 기르도록 한다. 시각 문화가 만들어진 맥락과 의도, 속성을 탐색하며 이미지를 주도적으로 이해하고 활용하는 능력을 기르는 데 중점을 둔다. 학생들이 토의, 토론, 게임, 퀴즈 등을 통해 이미지의 의미를 흥미 있게 탐구하고 소통할 수 있도록 고려한다. 
• 미적 체험은 무심코 보던 대상을 감각적으로 탐색하고 지각함으로써 세계에 대한 인식과 소통의 범위를 확장하는 활동으로 사람과 사람, 사람과 주변 대상, 대상과 대상과의 관계를 포함한다. 미적 체험을 통해 학습자가 시야를 넓히고 타인과 대상에 대한 심미적 감성을 함양할 수 있도록 고려한다. 나아가 인간 중심의 사고에서 벗어나 대상에 대한 생태 감수성을 풍부하게 하고 사람과 자연의 공존에 대한 생태 전환적 가치를 내면화하도록 지원한다. 
• 미적 체험의 평가는 자신과 대상의 특징을 발견하는 능력, 주변 환경에 대한 자신의 반응을 나타내는 능력, 주변 환경 속 대상과 상호 작용하며 의미를 만드는 능력, 이미지의 의미를 이해하고 활용하는 능력을 중심으로 평가하며 체험 결과뿐만 아니라 과정에 초점을 두고 관찰하여 평가한다."
5~6,미술,미적 체험,"⋅미적 체험은 감각을 깨워 미적 감수성을 풍부하게 하며 미적 가치를 발견하도록 한다. 
⋅대상과 현상을 관찰하고 지각하는 경험은 앎을 확장하고 자신을 성찰하게 한다. 
⋅이미지에 대한 비판적 이해는 시각적 소통과 문화적 참여의 토대가 된다.",6미01-04,이미지가 나타내는 의미를 비판적으로 이해하고 느낌과 생각을 전달하는 데 활용할 수 있다.,이미지가 나타내는 의미를 비판적으로 이해하고 해석하며 자신의 느낌과 생각을 전달하는 데 적절하게 활용할 수 있다.,이미지가 나타내는 의미를 비판적으로 이해하고 자신의 느낌과 생각을 전달하는 데 활용할 수 있다.,이미지가 나타내는 의미를 일부 이해하고 자신의 느낌과 생각을 전달하는 데 제한적으로 활용할 수 있다.,,"• 미적 체험 영역에서는 학생들이 지각, 성찰, 소통의 개념을 이해하도록 한다.
• 5, 6학년의 미적 체험은 3, 4학년에서의 대상에 대한 탐색에서 나아가 자신에 대한 탐색까지 다루도록 한다. 자신의 외적 특징뿐만 아니라 관심, 취향, 성격 등 내면적 특징을 민감하게 찾아보도록 한다. 자신도 모르게 이끌리는 것, 자신에게 의미 있는 것 등을 주의 깊게 지각하며 정체성을 발견하는 기회가 되도록 한다. 
• 자신이나 대상을 다양한 방법으로 탐색할 수 있도록 고려한다. 3, 4학년에서 경험한 몸의 감각적 체험과 더불어 사진, 영상, 증강현실 및 가상현실 기기 등 디지털 매체를 포함한 다양한 매체를 활용하여 탐색하고 새로운 특징을 지각하도록 한다. 이를 통해 학습자가 감각의 확장을 경험할 수 있다. 
• 미적 체험은 주변 환경의 특징을 지각하는 데 그치는 것이 아니라 감각과 사고의 연결을 경험하는 활동까지 연계되도록 한다. 주변 환경에서 찾은 감각적 특징과 자신이 떠올린 감정, 느낌, 생각을 관련지어 통합적으로 나타내는 경험을 통해 감정, 느낌이 사고에 미치는 영향을 성찰하도록 한다. 
• 광고, 게임, 만화, 영화, 포스터, 픽토그램, 표지판 등 학습자에게 친근한 생활 속 시각 문화를 탐색하고 이미지에 담긴 의미를 비판적으로 해석함으로써 시각적 문해력을 기르도록 한다. 시각 문화가 만들어진 맥락과 의도, 속성을 탐색하며 이미지를 주도적으로 이해하고 활용하는 능력을 기르는 데 중점을 둔다. 학생들이 토의, 토론, 게임, 퀴즈 등을 통해 이미지의 의미를 흥미 있게 탐구하고 소통할 수 있도록 고려한다. 
• 미적 체험은 무심코 보던 대상을 감각적으로 탐색하고 지각함으로써 세계에 대한 인식과 소통의 범위를 확장하는 활동으로 사람과 사람, 사람과 주변 대상, 대상과 대상과의 관계를 포함한다. 미적 체험을 통해 학습자가 시야를 넓히고 타인과 대상에 대한 심미적 감성을 함양할 수 있도록 고려한다. 나아가 인간 중심의 사고에서 벗어나 대상에 대한 생태 감수성을 풍부하게 하고 사람과 자연의 공존에 대한 생태 전환적 가치를 내면화하도록 지원한다. 
• 미적 체험의 평가는 자신과 대상의 특징을 발견하는 능력, 주변 환경에 대한 자신의 반응을 나타내는 능력, 주변 환경 속 대상과 상호 작용하며 의미를 만드는 능력, 이미지의 의미를 이해하고 활용하는 능력을 중심으로 평가하며 체험 결과뿐만 아니라 과정에 초점을 두고 관찰하여 평가한다."
5~6,미술,표현,"⋅표현은 자신의 느낌과 생각을 시각화하는 창의적 사고와 성찰의 순환 과정으로 이루어진다. 
⋅다양한 발상은 아이디어와 주제를 발전시키고 표현의 토대가 된다. 
⋅작품 제작은 표현 재료와 방법, 조형 요소와 원리 등을 선택하고 활용하여 창의적으로 문제를 해결하는 과정을 통해 예술적 성취를 경험하게 한다.",6미02-01,다양한 방법으로 아이디어를 연결하여 확장된 표현 주제로 발전시킬 수 있다.,다양한 방법으로 아이디어를 연결하여 확장된 표현 주제로 구체화하여 발전시킬 수 있다.,다양한 방법으로 아이디어를 연결하여 확장된 표현 주제로 발전시킬 수 있다.,다양한 방법으로 아이디어를 떠올려 표현 주제로 나타낼 수 있다.,,"• 표현 영역에서는 학생들이 발상, 매체 탐색, 제작의 개념과 방법을 이해하도록 한다.
• 학생들의 표현 주제는 생활 속 경험, 타 교과 학습 경험 등 다양한 경험을 바탕으로 한다. 주변 대상과 현상을 자세히 관찰 및 조사하거나 다양한 소재의 작품을 접하면서 떠오르는 생각을 연결하여 아이디어를 발전시키도록 한다. 또한 연상과 상상을 바탕으로 대상과 현상을 새롭게 바라보거나 변화시키는 다양한 발상의 과정을 안내하여 표현 주제를 확장할 수 있도록 한다.
• 작품 제작을 위한 조형 요소와 조형 원리의 이해는 감상 활동과 연계할 수 있다. 주제 표현을 위해 조형 요소와 원리를 효과적으로 적용한 작품 사례를 살펴보고 조형 요소의 어울림으로 조형 원리를 이해할 수 있도록 한다. 학생들이 조형 요소와 원리를 다양하게 적용해보면서 그 차이를 경험하고 의도에 따라 주제 표현에 활용하도록 한다. 
• 남과 다른 자신만의 표현 방식을 존중받는 분위기 속에서 표현 재료와 용구를 확장하여 디지털 매체를 포함한 생활 주변의 다양한 매체와 방법을 활용하여 작품을 제작할 수 있도록 한다. 사용하고자 하는 표현 재료와 용구의 활용 방법을 조사하고 익힐 수 있는 수업 환경을 마련하고 온라인 수업과 연계한 혼합 수업도 계획할 수 있다. 특정 표현 재료와 용구에 따라 환기가 잘 되는 수업 환경 유지를 위해 유해성 물감, 분진, 금속, 플라스틱, 섬유 등의 사용에 주의하고 학생들이 안전사고 예방과 사고 발생 시 행동 요령을 숙지하도록 한다.
• 교사는 학생들이 자신의 느낌과 생각, 경험을 작품을 통해 나타내고 발표하는 모든 과정에서 자기주도성을 가질 수 있도록 협력한다. 학생들의 개인차에 따라 다양한 전략으로 접근하여 학습 부진 학생, 느린 학습자, 장애가 있는 학생, 다문화 가정 학생 등 모든 학생이 소외되지 않고 깊이 있는 학습을 경험할 수 있도록 돕는다.
• 표현에서 평가는 표현 주제를 발전시키는 능력, 조형 요소와 원리를 작품 제작에 활용하는 능력, 디지털 매체 등 다양한 표현 재료와 용구를 탐색하고 활용하는 과정, 반성적 태도로 작품을 발전시키는 성찰의 과정, 타 교과와 융합하여 자유롭게 표현하려는 시도 등을 지속해서 관찰하여 평가한다."
5~6,미술,표현,"⋅표현은 자신의 느낌과 생각을 시각화하는 창의적 사고와 성찰의 순환 과정으로 이루어진다. 
⋅다양한 발상은 아이디어와 주제를 발전시키고 표현의 토대가 된다. 
⋅작품 제작은 표현 재료와 방법, 조형 요소와 원리 등을 선택하고 활용하여 창의적으로 문제를 해결하는 과정을 통해 예술적 성취를 경험하게 한다.",6미02-02,디지털 매체 등 다양한 표현 재료와 용구를 탐색하여 작품 제작에 활용할 수 있다.,디지털 매체 등 다양한 표현 재료와 용구를 탐색하여 특성을 이해하고 작품 제작에 적절하게 활용할 수 있다.,디지털 매체 등 다양한 표현 재료와 용구를 탐색하여 작품 제작에 활용할 수 있다.,디지털 매체 등 다양한 표현 재료와 용구를 작품 제작에 부분적으로 활용할 수 있다.,"[6미02-02] 성취기준은 하나의 표현 주제에도 다양한 표현 방식이 있음을 이해하고 학생들이 자신의 의도에 따라 표현 재료와 방법을 선택하여 작품을 제작하는 데 중점을 둔다. 표현 주제에 적합한 표현 재료와 용구의 쓰임을 학생 스스로 탐색하고 습득하여 주제가 잘 드러날 수 있도록 적용하게 한다. 특히, 디지털 매체는 신체적 감각과 지각을 확장하는 표현의 도구로써 디지털 매체의 특징과 사용법을 익혀 작품 제작에 효과적으로 활용하게 한다. ","• 표현 영역에서는 학생들이 발상, 매체 탐색, 제작의 개념과 방법을 이해하도록 한다.
• 학생들의 표현 주제는 생활 속 경험, 타 교과 학습 경험 등 다양한 경험을 바탕으로 한다. 주변 대상과 현상을 자세히 관찰 및 조사하거나 다양한 소재의 작품을 접하면서 떠오르는 생각을 연결하여 아이디어를 발전시키도록 한다. 또한 연상과 상상을 바탕으로 대상과 현상을 새롭게 바라보거나 변화시키는 다양한 발상의 과정을 안내하여 표현 주제를 확장할 수 있도록 한다.
• 작품 제작을 위한 조형 요소와 조형 원리의 이해는 감상 활동과 연계할 수 있다. 주제 표현을 위해 조형 요소와 원리를 효과적으로 적용한 작품 사례를 살펴보고 조형 요소의 어울림으로 조형 원리를 이해할 수 있도록 한다. 학생들이 조형 요소와 원리를 다양하게 적용해보면서 그 차이를 경험하고 의도에 따라 주제 표현에 활용하도록 한다. 
• 남과 다른 자신만의 표현 방식을 존중받는 분위기 속에서 표현 재료와 용구를 확장하여 디지털 매체를 포함한 생활 주변의 다양한 매체와 방법을 활용하여 작품을 제작할 수 있도록 한다. 사용하고자 하는 표현 재료와 용구의 활용 방법을 조사하고 익힐 수 있는 수업 환경을 마련하고 온라인 수업과 연계한 혼합 수업도 계획할 수 있다. 특정 표현 재료와 용구에 따라 환기가 잘 되는 수업 환경 유지를 위해 유해성 물감, 분진, 금속, 플라스틱, 섬유 등의 사용에 주의하고 학생들이 안전사고 예방과 사고 발생 시 행동 요령을 숙지하도록 한다.
• 교사는 학생들이 자신의 느낌과 생각, 경험을 작품을 통해 나타내고 발표하는 모든 과정에서 자기주도성을 가질 수 있도록 협력한다. 학생들의 개인차에 따라 다양한 전략으로 접근하여 학습 부진 학생, 느린 학습자, 장애가 있는 학생, 다문화 가정 학생 등 모든 학생이 소외되지 않고 깊이 있는 학습을 경험할 수 있도록 돕는다.
• 표현에서 평가는 표현 주제를 발전시키는 능력, 조형 요소와 원리를 작품 제작에 활용하는 능력, 디지털 매체 등 다양한 표현 재료와 용구를 탐색하고 활용하는 과정, 반성적 태도로 작품을 발전시키는 성찰의 과정, 타 교과와 융합하여 자유롭게 표현하려는 시도 등을 지속해서 관찰하여 평가한다."
5~6,미술,표현,"⋅표현은 자신의 느낌과 생각을 시각화하는 창의적 사고와 성찰의 순환 과정으로 이루어진다. 
⋅다양한 발상은 아이디어와 주제를 발전시키고 표현의 토대가 된다. 
⋅작품 제작은 표현 재료와 방법, 조형 요소와 원리 등을 선택하고 활용하여 창의적으로 문제를 해결하는 과정을 통해 예술적 성취를 경험하게 한다.",6미02-03,조형 요소의 어울림을 통해 조형 원리를 이해하고 주제 표현에 연결할 수 있다.,조형 요소의 어울림을 통해 다양한 조형 원리를 이해하고 조형 요소와 조형 원리를 주제 표현에 적합하게 연결할 수 있다.,조형 요소의 어울림을 통해 조형 원리를 이해하고 주제 표현에 연결할 수 있다.,조형 요소와 조형 원리를 알고 주제 표현에 부분적으로 연결할 수 있다.,,"• 표현 영역에서는 학생들이 발상, 매체 탐색, 제작의 개념과 방법을 이해하도록 한다.
• 학생들의 표현 주제는 생활 속 경험, 타 교과 학습 경험 등 다양한 경험을 바탕으로 한다. 주변 대상과 현상을 자세히 관찰 및 조사하거나 다양한 소재의 작품을 접하면서 떠오르는 생각을 연결하여 아이디어를 발전시키도록 한다. 또한 연상과 상상을 바탕으로 대상과 현상을 새롭게 바라보거나 변화시키는 다양한 발상의 과정을 안내하여 표현 주제를 확장할 수 있도록 한다.
• 작품 제작을 위한 조형 요소와 조형 원리의 이해는 감상 활동과 연계할 수 있다. 주제 표현을 위해 조형 요소와 원리를 효과적으로 적용한 작품 사례를 살펴보고 조형 요소의 어울림으로 조형 원리를 이해할 수 있도록 한다. 학생들이 조형 요소와 원리를 다양하게 적용해보면서 그 차이를 경험하고 의도에 따라 주제 표현에 활용하도록 한다. 
• 남과 다른 자신만의 표현 방식을 존중받는 분위기 속에서 표현 재료와 용구를 확장하여 디지털 매체를 포함한 생활 주변의 다양한 매체와 방법을 활용하여 작품을 제작할 수 있도록 한다. 사용하고자 하는 표현 재료와 용구의 활용 방법을 조사하고 익힐 수 있는 수업 환경을 마련하고 온라인 수업과 연계한 혼합 수업도 계획할 수 있다. 특정 표현 재료와 용구에 따라 환기가 잘 되는 수업 환경 유지를 위해 유해성 물감, 분진, 금속, 플라스틱, 섬유 등의 사용에 주의하고 학생들이 안전사고 예방과 사고 발생 시 행동 요령을 숙지하도록 한다.
• 교사는 학생들이 자신의 느낌과 생각, 경험을 작품을 통해 나타내고 발표하는 모든 과정에서 자기주도성을 가질 수 있도록 협력한다. 학생들의 개인차에 따라 다양한 전략으로 접근하여 학습 부진 학생, 느린 학습자, 장애가 있는 학생, 다문화 가정 학생 등 모든 학생이 소외되지 않고 깊이 있는 학습을 경험할 수 있도록 돕는다.
• 표현에서 평가는 표현 주제를 발전시키는 능력, 조형 요소와 원리를 작품 제작에 활용하는 능력, 디지털 매체 등 다양한 표현 재료와 용구를 탐색하고 활용하는 과정, 반성적 태도로 작품을 발전시키는 성찰의 과정, 타 교과와 융합하여 자유롭게 표현하려는 시도 등을 지속해서 관찰하여 평가한다."
5~6,미술,표현,"⋅표현은 자신의 느낌과 생각을 시각화하는 창의적 사고와 성찰의 순환 과정으로 이루어진다. 
⋅다양한 발상은 아이디어와 주제를 발전시키고 표현의 토대가 된다. 
⋅작품 제작은 표현 재료와 방법, 조형 요소와 원리 등을 선택하고 활용하여 창의적으로 문제를 해결하는 과정을 통해 예술적 성취를 경험하게 한다.",6미02-04,주제 표현에 의지를 갖고 표현 과정을 돌아보며 작품을 발전시킬 수 있다.,주제 표현에 적극적인 의지를 갖고 표현의 전 과정을 지속적으로 돌아보며 작품을 발전시킬 수 있다.,주제 표현에 의지를 갖고 표현 과정을 돌아보며 작품을 발전시킬 수 있다.,주제 표현에 관심을 갖고 표현 과정을 돌아보며 작품을 제작할 수 있다.,"[6미02-04] 성취기준은 계획 단계를 비롯한 작품 완성의 전 과정에서 주제 표현에 의지를 갖고 표현 방법과 절차를 재고하는 성찰의 태도를 기르는 데 중점을 둔다. 주제 표현의 의지를 갖는 것은 표현 주제를 나타내기 위해 다양한 표현 재료와 용구, 조형 요소와 원리를 작품에 활용하는 일련의 과정을 이끈다. 또한 작품을 주도적으로 돌아보고 보완하며 발전시키는 경험을 통해 학생들은 작품 완성의 기준을 스스로 설정하고 창작에 대한 상위 인지를 활성화한다. ","• 표현 영역에서는 학생들이 발상, 매체 탐색, 제작의 개념과 방법을 이해하도록 한다.
• 학생들의 표현 주제는 생활 속 경험, 타 교과 학습 경험 등 다양한 경험을 바탕으로 한다. 주변 대상과 현상을 자세히 관찰 및 조사하거나 다양한 소재의 작품을 접하면서 떠오르는 생각을 연결하여 아이디어를 발전시키도록 한다. 또한 연상과 상상을 바탕으로 대상과 현상을 새롭게 바라보거나 변화시키는 다양한 발상의 과정을 안내하여 표현 주제를 확장할 수 있도록 한다.
• 작품 제작을 위한 조형 요소와 조형 원리의 이해는 감상 활동과 연계할 수 있다. 주제 표현을 위해 조형 요소와 원리를 효과적으로 적용한 작품 사례를 살펴보고 조형 요소의 어울림으로 조형 원리를 이해할 수 있도록 한다. 학생들이 조형 요소와 원리를 다양하게 적용해보면서 그 차이를 경험하고 의도에 따라 주제 표현에 활용하도록 한다. 
• 남과 다른 자신만의 표현 방식을 존중받는 분위기 속에서 표현 재료와 용구를 확장하여 디지털 매체를 포함한 생활 주변의 다양한 매체와 방법을 활용하여 작품을 제작할 수 있도록 한다. 사용하고자 하는 표현 재료와 용구의 활용 방법을 조사하고 익힐 수 있는 수업 환경을 마련하고 온라인 수업과 연계한 혼합 수업도 계획할 수 있다. 특정 표현 재료와 용구에 따라 환기가 잘 되는 수업 환경 유지를 위해 유해성 물감, 분진, 금속, 플라스틱, 섬유 등의 사용에 주의하고 학생들이 안전사고 예방과 사고 발생 시 행동 요령을 숙지하도록 한다.
• 교사는 학생들이 자신의 느낌과 생각, 경험을 작품을 통해 나타내고 발표하는 모든 과정에서 자기주도성을 가질 수 있도록 협력한다. 학생들의 개인차에 따라 다양한 전략으로 접근하여 학습 부진 학생, 느린 학습자, 장애가 있는 학생, 다문화 가정 학생 등 모든 학생이 소외되지 않고 깊이 있는 학습을 경험할 수 있도록 돕는다.
• 표현에서 평가는 표현 주제를 발전시키는 능력, 조형 요소와 원리를 작품 제작에 활용하는 능력, 디지털 매체 등 다양한 표현 재료와 용구를 탐색하고 활용하는 과정, 반성적 태도로 작품을 발전시키는 성찰의 과정, 타 교과와 융합하여 자유롭게 표현하려는 시도 등을 지속해서 관찰하여 평가한다."
5~6,미술,표현,"⋅표현은 자신의 느낌과 생각을 시각화하는 창의적 사고와 성찰의 순환 과정으로 이루어진다. 
⋅다양한 발상은 아이디어와 주제를 발전시키고 표현의 토대가 된다. 
⋅작품 제작은 표현 재료와 방법, 조형 요소와 원리 등을 선택하고 활용하여 창의적으로 문제를 해결하는 과정을 통해 예술적 성취를 경험하게 한다.",6미02-05,미술과 타 교과의 내용과 방법을 융합하는 활동을 자유롭게 시도할 수 있다.,미술과 타 교과의 내용과 방법을 다양하게 융합하는 활동을 자유롭게 시도할 수 있다.,미술과 타 교과의 내용과 방법을 융합하는 활동을 자유롭게 시도할 수 있다.,미술과 타 교과의 내용과 방법을 융합하는 활동을 부분적으로 시도할 수 있다.,,"• 표현 영역에서는 학생들이 발상, 매체 탐색, 제작의 개념과 방법을 이해하도록 한다.
• 학생들의 표현 주제는 생활 속 경험, 타 교과 학습 경험 등 다양한 경험을 바탕으로 한다. 주변 대상과 현상을 자세히 관찰 및 조사하거나 다양한 소재의 작품을 접하면서 떠오르는 생각을 연결하여 아이디어를 발전시키도록 한다. 또한 연상과 상상을 바탕으로 대상과 현상을 새롭게 바라보거나 변화시키는 다양한 발상의 과정을 안내하여 표현 주제를 확장할 수 있도록 한다.
• 작품 제작을 위한 조형 요소와 조형 원리의 이해는 감상 활동과 연계할 수 있다. 주제 표현을 위해 조형 요소와 원리를 효과적으로 적용한 작품 사례를 살펴보고 조형 요소의 어울림으로 조형 원리를 이해할 수 있도록 한다. 학생들이 조형 요소와 원리를 다양하게 적용해보면서 그 차이를 경험하고 의도에 따라 주제 표현에 활용하도록 한다. 
• 남과 다른 자신만의 표현 방식을 존중받는 분위기 속에서 표현 재료와 용구를 확장하여 디지털 매체를 포함한 생활 주변의 다양한 매체와 방법을 활용하여 작품을 제작할 수 있도록 한다. 사용하고자 하는 표현 재료와 용구의 활용 방법을 조사하고 익힐 수 있는 수업 환경을 마련하고 온라인 수업과 연계한 혼합 수업도 계획할 수 있다. 특정 표현 재료와 용구에 따라 환기가 잘 되는 수업 환경 유지를 위해 유해성 물감, 분진, 금속, 플라스틱, 섬유 등의 사용에 주의하고 학생들이 안전사고 예방과 사고 발생 시 행동 요령을 숙지하도록 한다.
• 교사는 학생들이 자신의 느낌과 생각, 경험을 작품을 통해 나타내고 발표하는 모든 과정에서 자기주도성을 가질 수 있도록 협력한다. 학생들의 개인차에 따라 다양한 전략으로 접근하여 학습 부진 학생, 느린 학습자, 장애가 있는 학생, 다문화 가정 학생 등 모든 학생이 소외되지 않고 깊이 있는 학습을 경험할 수 있도록 돕는다.
• 표현에서 평가는 표현 주제를 발전시키는 능력, 조형 요소와 원리를 작품 제작에 활용하는 능력, 디지털 매체 등 다양한 표현 재료와 용구를 탐색하고 활용하는 과정, 반성적 태도로 작품을 발전시키는 성찰의 과정, 타 교과와 융합하여 자유롭게 표현하려는 시도 등을 지속해서 관찰하여 평가한다."
5~6,미술,감상,"⋅감상은 다양한 삶과 문화가 반영된 미술과의 만남으로 자신과 공동체의 문화를 이해하게 한다. 
⋅작품의 내용과 형식에 관한 맥락적 이해와 비평은 미적 판단 능력을 높인다. 
⋅감상은 서로 다른 관점을 이해하여 삶에서 미술 문화의 다원적 가치를 존중하도록 한다.",6미03-01,"미술 작품을 작품이 만들어진 시대적, 지역적 배경 등과 연결하여 이해할 수 있다.","미술 작품을 작품이 만들어진 시대적, 지역적 배경 등과 연결하여 폭넓게 이해할 수 있다.","미술 작품을 작품이 만들어진 시대적, 지역적 배경 등과 연결하여 이해할 수 있다.","미술 작품을 작품이 만들어진 시대적, 지역적 배경 등과 연결하여 부분적으로 이해할 수 있다.",,"• 감상 영역에서는 학생들이 미술의 이해, 비평, 생활화의 개념을 이해하도록 한다.
• 미술 작품 감상은 작품이 만들어진 시대적, 지역적 배경, 미술가의 심리와 정서 등과 관련지어 작품을 맥락과 함께 이해할 수 있도록 한다. 
• 미술 작품의 내용과 형식의 개념을 이해하고 작품의 특징을 분석하는 활동을 통해 미술 감상 방법을 익히고 자신의 느낌과 생각을 미술 용어를 활용하여 설명할 수 있는 능력을 기르도록 한다.
• 우리나라의 전통 미술과 현대 미술을 포함하여 다양한 시대의 미술 작품과 다양한 문화의 미술 작품을 비교 감상하면서 작품에 대한 자신의 관점과 반응을 명료화하고 관점의 다양성을 경험하도록 한다. 더불어 문화적 다양성을 이해하고 존중하는 태도를 기르도록 한다. 
• 감상 작품은 학습자의 발달 수준을 고려하여 선정하며 학생들이 직접 경험할 수 있는 전시와 문화 행사 등을 적극적으로 활용한다. 또한 온라인 미술관 작품 감상을 통해 학습자가 주도적으로 미술 작품을 찾아 감상할 수 있도록 지도하여 미술을 생활화할 수 있도록 한다. 
• 감상에서 평가는 미술 작품의 배경을 연결하여 감상하기, 미술 작품의 내용과 형식에 따른 특징 분석하기, 여러 가지 미술 감상 방법을 활용하고 자신의 느낌과 생각을 발표하기, 다양한 미술 문화에 관심 갖기 등을 중심으로 평가한다. 관찰법, 발표 및 토론법, 감상문, 포트폴리오법 등을 활용하여 감상의 과정과 태도가 평가에 반영될 수 있도록 한다. "
5~6,미술,감상,"⋅감상은 다양한 삶과 문화가 반영된 미술과의 만남으로 자신과 공동체의 문화를 이해하게 한다. 
⋅작품의 내용과 형식에 관한 맥락적 이해와 비평은 미적 판단 능력을 높인다. 
⋅감상은 서로 다른 관점을 이해하여 삶에서 미술 문화의 다원적 가치를 존중하도록 한다.",6미03-02,"미술 작품의 내용(소재, 주제 등)과 형식(재료와 용구, 표현 방법, 조형 요소와 원리 등)을 분석하여 작품의 특징을 설명할 수 있다.","미술 작품의 내용(소재, 주제 등)과 형식(재료와 용구, 표현 방법, 조형 요소와 원리 등)을 다양한 방법으로 분석하여 이해하고 작품의 특징을 구체적으로 설명할 수 있다.","미술 작품의 내용(소재, 주제 등)과 형식(재료와 용구, 표현 방법, 조형 요소와 원리 등)을 분석하여 작품의 특징을 설명할 수 있다.","미술 작품의 내용(소재, 주제 등)과 형식(재료와 용구, 표현 방법, 조형 요소와 원리 등)을 고려하여 작품의 특징을 부분적으로 설명할 수 있다.",,"• 감상 영역에서는 학생들이 미술의 이해, 비평, 생활화의 개념을 이해하도록 한다.
• 미술 작품 감상은 작품이 만들어진 시대적, 지역적 배경, 미술가의 심리와 정서 등과 관련지어 작품을 맥락과 함께 이해할 수 있도록 한다. 
• 미술 작품의 내용과 형식의 개념을 이해하고 작품의 특징을 분석하는 활동을 통해 미술 감상 방법을 익히고 자신의 느낌과 생각을 미술 용어를 활용하여 설명할 수 있는 능력을 기르도록 한다.
• 우리나라의 전통 미술과 현대 미술을 포함하여 다양한 시대의 미술 작품과 다양한 문화의 미술 작품을 비교 감상하면서 작품에 대한 자신의 관점과 반응을 명료화하고 관점의 다양성을 경험하도록 한다. 더불어 문화적 다양성을 이해하고 존중하는 태도를 기르도록 한다. 
• 감상 작품은 학습자의 발달 수준을 고려하여 선정하며 학생들이 직접 경험할 수 있는 전시와 문화 행사 등을 적극적으로 활용한다. 또한 온라인 미술관 작품 감상을 통해 학습자가 주도적으로 미술 작품을 찾아 감상할 수 있도록 지도하여 미술을 생활화할 수 있도록 한다. 
• 감상에서 평가는 미술 작품의 배경을 연결하여 감상하기, 미술 작품의 내용과 형식에 따른 특징 분석하기, 여러 가지 미술 감상 방법을 활용하고 자신의 느낌과 생각을 발표하기, 다양한 미술 문화에 관심 갖기 등을 중심으로 평가한다. 관찰법, 발표 및 토론법, 감상문, 포트폴리오법 등을 활용하여 감상의 과정과 태도가 평가에 반영될 수 있도록 한다. "
5~6,미술,감상,"⋅감상은 다양한 삶과 문화가 반영된 미술과의 만남으로 자신과 공동체의 문화를 이해하게 한다. 
⋅작품의 내용과 형식에 관한 맥락적 이해와 비평은 미적 판단 능력을 높인다. 
⋅감상은 서로 다른 관점을 이해하여 삶에서 미술 문화의 다원적 가치를 존중하도록 한다.",6미03-03,공동체의 미술 문화 활동에 관심을 가지고 참여하며 경험을 공유할 수 있다.,공동체의 미술 문화 활동에 폭넓은 관심을 가지고 적극적으로 참여하며 다양한 방법으로 경험을 공유할 수 있다.,공동체의 미술 문화 활동에 관심을 가지고 참여하며 경험을 공유할 수 있다.,공동체의 미술 문화 활동에 관심을 가지고 참여할 수 있다.,"[6미03-03] 성취기준은 교실 수업이라는 시공간을 확장하여 전시, 지역 축제, 문화 행사 등 학생들이 살아가는 지역 사회의 미술 문화에 관심을 가지고 적극적으로 참여함으로써 문화를 향유하는 태도를 생활화하는 데 중점을 둔다. 또한 그 경험을 공유하고 소통함으로써 새로운 문화를 생성해가는 데까지 관심을 확장한다. ","• 감상 영역에서는 학생들이 미술의 이해, 비평, 생활화의 개념을 이해하도록 한다.
• 미술 작품 감상은 작품이 만들어진 시대적, 지역적 배경, 미술가의 심리와 정서 등과 관련지어 작품을 맥락과 함께 이해할 수 있도록 한다. 
• 미술 작품의 내용과 형식의 개념을 이해하고 작품의 특징을 분석하는 활동을 통해 미술 감상 방법을 익히고 자신의 느낌과 생각을 미술 용어를 활용하여 설명할 수 있는 능력을 기르도록 한다.
• 우리나라의 전통 미술과 현대 미술을 포함하여 다양한 시대의 미술 작품과 다양한 문화의 미술 작품을 비교 감상하면서 작품에 대한 자신의 관점과 반응을 명료화하고 관점의 다양성을 경험하도록 한다. 더불어 문화적 다양성을 이해하고 존중하는 태도를 기르도록 한다. 
• 감상 작품은 학습자의 발달 수준을 고려하여 선정하며 학생들이 직접 경험할 수 있는 전시와 문화 행사 등을 적극적으로 활용한다. 또한 온라인 미술관 작품 감상을 통해 학습자가 주도적으로 미술 작품을 찾아 감상할 수 있도록 지도하여 미술을 생활화할 수 있도록 한다. 
• 감상에서 평가는 미술 작품의 배경을 연결하여 감상하기, 미술 작품의 내용과 형식에 따른 특징 분석하기, 여러 가지 미술 감상 방법을 활용하고 자신의 느낌과 생각을 발표하기, 다양한 미술 문화에 관심 갖기 등을 중심으로 평가한다. 관찰법, 발표 및 토론법, 감상문, 포트폴리오법 등을 활용하여 감상의 과정과 태도가 평가에 반영될 수 있도록 한다. "
5~6,미술,감상,"⋅감상은 다양한 삶과 문화가 반영된 미술과의 만남으로 자신과 공동체의 문화를 이해하게 한다. 
⋅작품의 내용과 형식에 관한 맥락적 이해와 비평은 미적 판단 능력을 높인다. 
⋅감상은 서로 다른 관점을 이해하여 삶에서 미술 문화의 다원적 가치를 존중하도록 한다.",6미03-04,다양한 방법을 활용하여 작품을 감상하며 작품에 관한 서로 다른 관점을 존중할 수 있다.,"다양한 방법을 활용하여 작품을 주도적으로 감상하며, 작품에 관한 서로 다른 관점을 발견하고 존중할 수 있다.",다양한 방법을 활용하여 작품을 감상하며 작품에 관한 서로 다른 관점을 존중할 수 있다.,일부 방법을 활용하여 작품을 감상하며 작품에 관한 서로 다른 관점에 관심을 가질 수 있다.,,"• 감상 영역에서는 학생들이 미술의 이해, 비평, 생활화의 개념을 이해하도록 한다.
• 미술 작품 감상은 작품이 만들어진 시대적, 지역적 배경, 미술가의 심리와 정서 등과 관련지어 작품을 맥락과 함께 이해할 수 있도록 한다. 
• 미술 작품의 내용과 형식의 개념을 이해하고 작품의 특징을 분석하는 활동을 통해 미술 감상 방법을 익히고 자신의 느낌과 생각을 미술 용어를 활용하여 설명할 수 있는 능력을 기르도록 한다.
• 우리나라의 전통 미술과 현대 미술을 포함하여 다양한 시대의 미술 작품과 다양한 문화의 미술 작품을 비교 감상하면서 작품에 대한 자신의 관점과 반응을 명료화하고 관점의 다양성을 경험하도록 한다. 더불어 문화적 다양성을 이해하고 존중하는 태도를 기르도록 한다. 
• 감상 작품은 학습자의 발달 수준을 고려하여 선정하며 학생들이 직접 경험할 수 있는 전시와 문화 행사 등을 적극적으로 활용한다. 또한 온라인 미술관 작품 감상을 통해 학습자가 주도적으로 미술 작품을 찾아 감상할 수 있도록 지도하여 미술을 생활화할 수 있도록 한다. 
• 감상에서 평가는 미술 작품의 배경을 연결하여 감상하기, 미술 작품의 내용과 형식에 따른 특징 분석하기, 여러 가지 미술 감상 방법을 활용하고 자신의 느낌과 생각을 발표하기, 다양한 미술 문화에 관심 갖기 등을 중심으로 평가한다. 관찰법, 발표 및 토론법, 감상문, 포트폴리오법 등을 활용하여 감상의 과정과 태도가 평가에 반영될 수 있도록 한다. "
5~6,영어,이해,"⋅의사소통 목적과 상황에 맞게 배경지식을 활용하고 관점, 목적과 맥락을 파악함으로써 담화나 글을 이해하는 능력을 함양한다. 
⋅적절한 사고 과정 및 전략을 활용하여 담화나 글의 의미를 파악하고 분석한다. 
⋅담화나 글을 이해하는 활동은 협력적이고 포용적으로 화자나 필자의 의도를 이해하는 태도를 길러 준다.",6영01-01,"간단한 단어, 어구, 문장을 듣고 강세, 리듬, 억양을 식별한다.","간단한 단어, 어구, 문장을 듣고 강세, 리듬, 억양을 듣고 정확하게 식별할 수 있다.","간단한 단어, 어구, 문장을 듣고 강세, 리듬, 억양을 듣고 대체로 식별할 수 있다.","간단하고 짧은 단어, 어구, 문장을 반복하여 듣고 강세, 리듬, 억양을 부분적으로 식별할 수 있다.",,"• 듣기와 읽기 능력을 균형 있게 향상하는 데 중점을 두어 지도한다. 또한 이해 영역의 듣기와 읽기를 연계한 활동뿐만 아니라 이해한 내용을 말하거나 쓰기, 질문하며 답하기 등의 활동을 활용하여 이해 영역 활동이 표현 영역 활동에 자연스럽게 연결되도록 통합적으로 지도한다.
• 초등학교 5~6학년군에서는 일상생활에서 자주 접할 수 있는 주제(장래 희망, 여행, 취미, 건강 등)를 중심으로 3~4학년군보다 다양한 주제와 의사소통 상황을 포함한 듣기, 읽기 자료를 구성하여 활용한다. 자연스러운 의사소통의 맥락에서 학습자가 다양한 문화권에 속한 사람들의 의사소통 방식이나 일상생활도 접할 수 있도록 한다.
• 일상생활 주제의 담화나 글을 이해하기 위해 듣기 및 읽기 전⋅중⋅후 활동에서 적절한 전략을 활용할 수 있다. 즉, 듣기⋅읽기 전 활동에서는 시각 단서를 활용하여 듣거나 읽을 내용을 예측하는 전략, 듣기⋅읽기 중 활동에서는 특정 정보에 주목하여 듣거나 읽는 전략, 듣기⋅읽기 후 활동에서는 듣거나 읽은 내용을 점검하고 필요한 내용을 다시 듣거나 읽는 전략 등을 단계별로 지도한다.
• 담화나 글의 내용을 파악할 때는 인물, 행동, 장소, 시간, 감정 등 명시적으로 언급된 세부 정보뿐만 아니라, 담화나 글의 맥락, 주제 및 요지 등의 중심 내용, 일이나 사건의 전후 관계 등을 파악하도록 지도한다. 예를 들어 담화나 글의 줄거리 파악하기, 듣거나 읽은 문장을 순서대로 배열하기, 간단한 메모 작성하기 등 학습자의 흥미를 불러일으킬 수 있는 유의미하고 다양한 학습 활동을 사용한다.
• 소리 내어 읽기를 위해 혼자 읽기, 반 전체가 함께 읽기, 짝이나 모둠원과 번갈아 읽기, 모둠에게 읽어 주기, 시간을 정하여 읽기 등 다양한 방법을 활용한다. 소리 내어 읽기의 목적은 단어, 어구, 문장을 빠르고 정확하게 읽도록 연습하는 데 있으므로, 의미 중심의 읽기를 위한 발판의 역할로 사용하는 것이 좋다. 
• 에듀테크의 발달과 함께 듣기, 읽기 도구도 다양해지고 있으므로 다양한 디지털 매체를 활용한 듣기와 읽기에 익숙해질 수 있도록 한다. 인공지능이나 앱, 번역기 등의 디지털 도구를 활용하여 학습자의 수준에 맞는 맞춤형 학습을 제공할 수도 있다.
• 듣기⋅읽기 평가는 일괄적으로 실시하는 것보다 평가 목적과 대상, 방법에 따라 다양하게 실시하는 것이 바람직하며, 단어, 어구, 문장, 글 등 학습자의 수준에 적절한 언어 재료를 다양하게 활용하는 방안을 고려할 수 있다. 
• 듣기⋅읽기 평가는 지필평가, 수행평가, 교사 평가, 동료 평가, 자기 평가 등을 다양하게 적용하여 학습의 과정이 드러나도록 한다. 학습 과정을 누가 기록할 수 있도록 다양한 도구를 활용하고, 이를 바탕으로 학습자에게 적절한 피드백을 제공한다. 학습자가 피드백을 활용하여 자신의 현재 수준과 학습의 목표 사이의 간격을 줄이도록 지도한다.
• 듣기⋅읽기의 가치⋅태도를 평가할 때는 해당 성취기준을 독립적으로 평가하기보다는 다른 성취기준과 통합하여 평가하는 것을 권장한다. 자기 평가나 동료 평가 등을 통해 학습자 스스로 듣기나 읽기 태도를 확인하고 점검하게 할 수 있다. 또한 듣기⋅읽기 태도가 자신의 영어 듣기⋅읽기 능력 향상과 어떠한 관련이 있는지를 스스로 성찰해 볼 수 있도록 지도한다."
5~6,영어,이해,"⋅의사소통 목적과 상황에 맞게 배경지식을 활용하고 관점, 목적과 맥락을 파악함으로써 담화나 글을 이해하는 능력을 함양한다. 
⋅적절한 사고 과정 및 전략을 활용하여 담화나 글의 의미를 파악하고 분석한다. 
⋅담화나 글을 이해하는 활동은 협력적이고 포용적으로 화자나 필자의 의도를 이해하는 태도를 길러 준다.",6영01-02,"간단한 단어, 어구, 문장을 강세, 리듬, 억양에 맞게 소리 내어 읽는다.","간단한 단어, 어구, 문장을 강세, 리듬, 억양에 맞게 정확하게 소리 내어 읽을 수 있다.","간단한 단어, 어구, 문장을 강세, 리듬, 억양에 맞게 대체로 소리 내어 읽을 수 있다.","간단하고 짧은 단어, 어구, 문장을 강세, 리듬, 억양에 맞게 부분적으로 소리 내어 읽을 수 있다.",,"• 듣기와 읽기 능력을 균형 있게 향상하는 데 중점을 두어 지도한다. 또한 이해 영역의 듣기와 읽기를 연계한 활동뿐만 아니라 이해한 내용을 말하거나 쓰기, 질문하며 답하기 등의 활동을 활용하여 이해 영역 활동이 표현 영역 활동에 자연스럽게 연결되도록 통합적으로 지도한다.
• 초등학교 5~6학년군에서는 일상생활에서 자주 접할 수 있는 주제(장래 희망, 여행, 취미, 건강 등)를 중심으로 3~4학년군보다 다양한 주제와 의사소통 상황을 포함한 듣기, 읽기 자료를 구성하여 활용한다. 자연스러운 의사소통의 맥락에서 학습자가 다양한 문화권에 속한 사람들의 의사소통 방식이나 일상생활도 접할 수 있도록 한다.
• 일상생활 주제의 담화나 글을 이해하기 위해 듣기 및 읽기 전⋅중⋅후 활동에서 적절한 전략을 활용할 수 있다. 즉, 듣기⋅읽기 전 활동에서는 시각 단서를 활용하여 듣거나 읽을 내용을 예측하는 전략, 듣기⋅읽기 중 활동에서는 특정 정보에 주목하여 듣거나 읽는 전략, 듣기⋅읽기 후 활동에서는 듣거나 읽은 내용을 점검하고 필요한 내용을 다시 듣거나 읽는 전략 등을 단계별로 지도한다.
• 담화나 글의 내용을 파악할 때는 인물, 행동, 장소, 시간, 감정 등 명시적으로 언급된 세부 정보뿐만 아니라, 담화나 글의 맥락, 주제 및 요지 등의 중심 내용, 일이나 사건의 전후 관계 등을 파악하도록 지도한다. 예를 들어 담화나 글의 줄거리 파악하기, 듣거나 읽은 문장을 순서대로 배열하기, 간단한 메모 작성하기 등 학습자의 흥미를 불러일으킬 수 있는 유의미하고 다양한 학습 활동을 사용한다.
• 소리 내어 읽기를 위해 혼자 읽기, 반 전체가 함께 읽기, 짝이나 모둠원과 번갈아 읽기, 모둠에게 읽어 주기, 시간을 정하여 읽기 등 다양한 방법을 활용한다. 소리 내어 읽기의 목적은 단어, 어구, 문장을 빠르고 정확하게 읽도록 연습하는 데 있으므로, 의미 중심의 읽기를 위한 발판의 역할로 사용하는 것이 좋다. 
• 에듀테크의 발달과 함께 듣기, 읽기 도구도 다양해지고 있으므로 다양한 디지털 매체를 활용한 듣기와 읽기에 익숙해질 수 있도록 한다. 인공지능이나 앱, 번역기 등의 디지털 도구를 활용하여 학습자의 수준에 맞는 맞춤형 학습을 제공할 수도 있다.
• 듣기⋅읽기 평가는 일괄적으로 실시하는 것보다 평가 목적과 대상, 방법에 따라 다양하게 실시하는 것이 바람직하며, 단어, 어구, 문장, 글 등 학습자의 수준에 적절한 언어 재료를 다양하게 활용하는 방안을 고려할 수 있다. 
• 듣기⋅읽기 평가는 지필평가, 수행평가, 교사 평가, 동료 평가, 자기 평가 등을 다양하게 적용하여 학습의 과정이 드러나도록 한다. 학습 과정을 누가 기록할 수 있도록 다양한 도구를 활용하고, 이를 바탕으로 학습자에게 적절한 피드백을 제공한다. 학습자가 피드백을 활용하여 자신의 현재 수준과 학습의 목표 사이의 간격을 줄이도록 지도한다.
• 듣기⋅읽기의 가치⋅태도를 평가할 때는 해당 성취기준을 독립적으로 평가하기보다는 다른 성취기준과 통합하여 평가하는 것을 권장한다. 자기 평가나 동료 평가 등을 통해 학습자 스스로 듣기나 읽기 태도를 확인하고 점검하게 할 수 있다. 또한 듣기⋅읽기 태도가 자신의 영어 듣기⋅읽기 능력 향상과 어떠한 관련이 있는지를 스스로 성찰해 볼 수 있도록 지도한다."
5~6,영어,이해,"⋅의사소통 목적과 상황에 맞게 배경지식을 활용하고 관점, 목적과 맥락을 파악함으로써 담화나 글을 이해하는 능력을 함양한다. 
⋅적절한 사고 과정 및 전략을 활용하여 담화나 글의 의미를 파악하고 분석한다. 
⋅담화나 글을 이해하는 활동은 협력적이고 포용적으로 화자나 필자의 의도를 이해하는 태도를 길러 준다.",6영01-03,"간단한 단어, 어구, 문장의 의미를 이해한다.","간단한 단어, 어구, 문장을 듣거나 읽고 의미를 정확하게 이해할 수 있다.","간단한 단어, 어구, 문장을 듣거나 읽고 의미를 대체로 이해할 수 있다.","간단하고 짧은 단어, 어구, 문장을 반복하여 듣거나 읽고, 주어진 도움 자료를 참고하여 듣거나 읽으며 의미를 부분적으로 이해할 수 있다.",,"• 듣기와 읽기 능력을 균형 있게 향상하는 데 중점을 두어 지도한다. 또한 이해 영역의 듣기와 읽기를 연계한 활동뿐만 아니라 이해한 내용을 말하거나 쓰기, 질문하며 답하기 등의 활동을 활용하여 이해 영역 활동이 표현 영역 활동에 자연스럽게 연결되도록 통합적으로 지도한다.
• 초등학교 5~6학년군에서는 일상생활에서 자주 접할 수 있는 주제(장래 희망, 여행, 취미, 건강 등)를 중심으로 3~4학년군보다 다양한 주제와 의사소통 상황을 포함한 듣기, 읽기 자료를 구성하여 활용한다. 자연스러운 의사소통의 맥락에서 학습자가 다양한 문화권에 속한 사람들의 의사소통 방식이나 일상생활도 접할 수 있도록 한다.
• 일상생활 주제의 담화나 글을 이해하기 위해 듣기 및 읽기 전⋅중⋅후 활동에서 적절한 전략을 활용할 수 있다. 즉, 듣기⋅읽기 전 활동에서는 시각 단서를 활용하여 듣거나 읽을 내용을 예측하는 전략, 듣기⋅읽기 중 활동에서는 특정 정보에 주목하여 듣거나 읽는 전략, 듣기⋅읽기 후 활동에서는 듣거나 읽은 내용을 점검하고 필요한 내용을 다시 듣거나 읽는 전략 등을 단계별로 지도한다.
• 담화나 글의 내용을 파악할 때는 인물, 행동, 장소, 시간, 감정 등 명시적으로 언급된 세부 정보뿐만 아니라, 담화나 글의 맥락, 주제 및 요지 등의 중심 내용, 일이나 사건의 전후 관계 등을 파악하도록 지도한다. 예를 들어 담화나 글의 줄거리 파악하기, 듣거나 읽은 문장을 순서대로 배열하기, 간단한 메모 작성하기 등 학습자의 흥미를 불러일으킬 수 있는 유의미하고 다양한 학습 활동을 사용한다.
• 소리 내어 읽기를 위해 혼자 읽기, 반 전체가 함께 읽기, 짝이나 모둠원과 번갈아 읽기, 모둠에게 읽어 주기, 시간을 정하여 읽기 등 다양한 방법을 활용한다. 소리 내어 읽기의 목적은 단어, 어구, 문장을 빠르고 정확하게 읽도록 연습하는 데 있으므로, 의미 중심의 읽기를 위한 발판의 역할로 사용하는 것이 좋다. 
• 에듀테크의 발달과 함께 듣기, 읽기 도구도 다양해지고 있으므로 다양한 디지털 매체를 활용한 듣기와 읽기에 익숙해질 수 있도록 한다. 인공지능이나 앱, 번역기 등의 디지털 도구를 활용하여 학습자의 수준에 맞는 맞춤형 학습을 제공할 수도 있다.
• 듣기⋅읽기 평가는 일괄적으로 실시하는 것보다 평가 목적과 대상, 방법에 따라 다양하게 실시하는 것이 바람직하며, 단어, 어구, 문장, 글 등 학습자의 수준에 적절한 언어 재료를 다양하게 활용하는 방안을 고려할 수 있다. 
• 듣기⋅읽기 평가는 지필평가, 수행평가, 교사 평가, 동료 평가, 자기 평가 등을 다양하게 적용하여 학습의 과정이 드러나도록 한다. 학습 과정을 누가 기록할 수 있도록 다양한 도구를 활용하고, 이를 바탕으로 학습자에게 적절한 피드백을 제공한다. 학습자가 피드백을 활용하여 자신의 현재 수준과 학습의 목표 사이의 간격을 줄이도록 지도한다.
• 듣기⋅읽기의 가치⋅태도를 평가할 때는 해당 성취기준을 독립적으로 평가하기보다는 다른 성취기준과 통합하여 평가하는 것을 권장한다. 자기 평가나 동료 평가 등을 통해 학습자 스스로 듣기나 읽기 태도를 확인하고 점검하게 할 수 있다. 또한 듣기⋅읽기 태도가 자신의 영어 듣기⋅읽기 능력 향상과 어떠한 관련이 있는지를 스스로 성찰해 볼 수 있도록 지도한다."
5~6,영어,이해,"⋅의사소통 목적과 상황에 맞게 배경지식을 활용하고 관점, 목적과 맥락을 파악함으로써 담화나 글을 이해하는 능력을 함양한다. 
⋅적절한 사고 과정 및 전략을 활용하여 담화나 글의 의미를 파악하고 분석한다. 
⋅담화나 글을 이해하는 활동은 협력적이고 포용적으로 화자나 필자의 의도를 이해하는 태도를 길러 준다.",6영01-04,일상생활 주제에 관한 담화나 글의 세부 정보를 파악한다.,일상생활 주제에 관한 간단한 담화나 글을 듣거나 읽고 세부 정보를 정확하게 파악할 수 있다.,일상생활 주제에 관한 간단한 담화나 글을 듣거나 읽고 세부 정보를 대체로 파악할 수 있다.,"일상생활 주제에 관한 간단한 담화나 글을 반복하여 듣거나 읽고, 주어진 도움 자료를 참고하여 듣거나 읽으며 세부 정보를 부분적으로 파악할 수 있다.",,"• 듣기와 읽기 능력을 균형 있게 향상하는 데 중점을 두어 지도한다. 또한 이해 영역의 듣기와 읽기를 연계한 활동뿐만 아니라 이해한 내용을 말하거나 쓰기, 질문하며 답하기 등의 활동을 활용하여 이해 영역 활동이 표현 영역 활동에 자연스럽게 연결되도록 통합적으로 지도한다.
• 초등학교 5~6학년군에서는 일상생활에서 자주 접할 수 있는 주제(장래 희망, 여행, 취미, 건강 등)를 중심으로 3~4학년군보다 다양한 주제와 의사소통 상황을 포함한 듣기, 읽기 자료를 구성하여 활용한다. 자연스러운 의사소통의 맥락에서 학습자가 다양한 문화권에 속한 사람들의 의사소통 방식이나 일상생활도 접할 수 있도록 한다.
• 일상생활 주제의 담화나 글을 이해하기 위해 듣기 및 읽기 전⋅중⋅후 활동에서 적절한 전략을 활용할 수 있다. 즉, 듣기⋅읽기 전 활동에서는 시각 단서를 활용하여 듣거나 읽을 내용을 예측하는 전략, 듣기⋅읽기 중 활동에서는 특정 정보에 주목하여 듣거나 읽는 전략, 듣기⋅읽기 후 활동에서는 듣거나 읽은 내용을 점검하고 필요한 내용을 다시 듣거나 읽는 전략 등을 단계별로 지도한다.
• 담화나 글의 내용을 파악할 때는 인물, 행동, 장소, 시간, 감정 등 명시적으로 언급된 세부 정보뿐만 아니라, 담화나 글의 맥락, 주제 및 요지 등의 중심 내용, 일이나 사건의 전후 관계 등을 파악하도록 지도한다. 예를 들어 담화나 글의 줄거리 파악하기, 듣거나 읽은 문장을 순서대로 배열하기, 간단한 메모 작성하기 등 학습자의 흥미를 불러일으킬 수 있는 유의미하고 다양한 학습 활동을 사용한다.
• 소리 내어 읽기를 위해 혼자 읽기, 반 전체가 함께 읽기, 짝이나 모둠원과 번갈아 읽기, 모둠에게 읽어 주기, 시간을 정하여 읽기 등 다양한 방법을 활용한다. 소리 내어 읽기의 목적은 단어, 어구, 문장을 빠르고 정확하게 읽도록 연습하는 데 있으므로, 의미 중심의 읽기를 위한 발판의 역할로 사용하는 것이 좋다. 
• 에듀테크의 발달과 함께 듣기, 읽기 도구도 다양해지고 있으므로 다양한 디지털 매체를 활용한 듣기와 읽기에 익숙해질 수 있도록 한다. 인공지능이나 앱, 번역기 등의 디지털 도구를 활용하여 학습자의 수준에 맞는 맞춤형 학습을 제공할 수도 있다.
• 듣기⋅읽기 평가는 일괄적으로 실시하는 것보다 평가 목적과 대상, 방법에 따라 다양하게 실시하는 것이 바람직하며, 단어, 어구, 문장, 글 등 학습자의 수준에 적절한 언어 재료를 다양하게 활용하는 방안을 고려할 수 있다. 
• 듣기⋅읽기 평가는 지필평가, 수행평가, 교사 평가, 동료 평가, 자기 평가 등을 다양하게 적용하여 학습의 과정이 드러나도록 한다. 학습 과정을 누가 기록할 수 있도록 다양한 도구를 활용하고, 이를 바탕으로 학습자에게 적절한 피드백을 제공한다. 학습자가 피드백을 활용하여 자신의 현재 수준과 학습의 목표 사이의 간격을 줄이도록 지도한다.
• 듣기⋅읽기의 가치⋅태도를 평가할 때는 해당 성취기준을 독립적으로 평가하기보다는 다른 성취기준과 통합하여 평가하는 것을 권장한다. 자기 평가나 동료 평가 등을 통해 학습자 스스로 듣기나 읽기 태도를 확인하고 점검하게 할 수 있다. 또한 듣기⋅읽기 태도가 자신의 영어 듣기⋅읽기 능력 향상과 어떠한 관련이 있는지를 스스로 성찰해 볼 수 있도록 지도한다."
5~6,영어,이해,"⋅의사소통 목적과 상황에 맞게 배경지식을 활용하고 관점, 목적과 맥락을 파악함으로써 담화나 글을 이해하는 능력을 함양한다. 
⋅적절한 사고 과정 및 전략을 활용하여 담화나 글의 의미를 파악하고 분석한다. 
⋅담화나 글을 이해하는 활동은 협력적이고 포용적으로 화자나 필자의 의도를 이해하는 태도를 길러 준다.",6영01-05,일상생활 주제에 관한 담화나 글의 중심 내용을 파악한다.,일상생활 주제에 관한 간단한 담화나 글을 듣거나 읽고 중심 내용을 정확하게 파악할 수 있다.,일상생활 주제에 관한 간단한 담화나 글을 듣거나 읽고 중심 내용을 대체로 파악할 수 있다.,"일상생활 주제에 관한 간단한 담화나 글을 반복하여 듣거나 읽고, 주어진 도움 자료를 참고하여 중심 내용을 부분적으로 파악할 수 있다.",,"• 듣기와 읽기 능력을 균형 있게 향상하는 데 중점을 두어 지도한다. 또한 이해 영역의 듣기와 읽기를 연계한 활동뿐만 아니라 이해한 내용을 말하거나 쓰기, 질문하며 답하기 등의 활동을 활용하여 이해 영역 활동이 표현 영역 활동에 자연스럽게 연결되도록 통합적으로 지도한다.
• 초등학교 5~6학년군에서는 일상생활에서 자주 접할 수 있는 주제(장래 희망, 여행, 취미, 건강 등)를 중심으로 3~4학년군보다 다양한 주제와 의사소통 상황을 포함한 듣기, 읽기 자료를 구성하여 활용한다. 자연스러운 의사소통의 맥락에서 학습자가 다양한 문화권에 속한 사람들의 의사소통 방식이나 일상생활도 접할 수 있도록 한다.
• 일상생활 주제의 담화나 글을 이해하기 위해 듣기 및 읽기 전⋅중⋅후 활동에서 적절한 전략을 활용할 수 있다. 즉, 듣기⋅읽기 전 활동에서는 시각 단서를 활용하여 듣거나 읽을 내용을 예측하는 전략, 듣기⋅읽기 중 활동에서는 특정 정보에 주목하여 듣거나 읽는 전략, 듣기⋅읽기 후 활동에서는 듣거나 읽은 내용을 점검하고 필요한 내용을 다시 듣거나 읽는 전략 등을 단계별로 지도한다.
• 담화나 글의 내용을 파악할 때는 인물, 행동, 장소, 시간, 감정 등 명시적으로 언급된 세부 정보뿐만 아니라, 담화나 글의 맥락, 주제 및 요지 등의 중심 내용, 일이나 사건의 전후 관계 등을 파악하도록 지도한다. 예를 들어 담화나 글의 줄거리 파악하기, 듣거나 읽은 문장을 순서대로 배열하기, 간단한 메모 작성하기 등 학습자의 흥미를 불러일으킬 수 있는 유의미하고 다양한 학습 활동을 사용한다.
• 소리 내어 읽기를 위해 혼자 읽기, 반 전체가 함께 읽기, 짝이나 모둠원과 번갈아 읽기, 모둠에게 읽어 주기, 시간을 정하여 읽기 등 다양한 방법을 활용한다. 소리 내어 읽기의 목적은 단어, 어구, 문장을 빠르고 정확하게 읽도록 연습하는 데 있으므로, 의미 중심의 읽기를 위한 발판의 역할로 사용하는 것이 좋다. 
• 에듀테크의 발달과 함께 듣기, 읽기 도구도 다양해지고 있으므로 다양한 디지털 매체를 활용한 듣기와 읽기에 익숙해질 수 있도록 한다. 인공지능이나 앱, 번역기 등의 디지털 도구를 활용하여 학습자의 수준에 맞는 맞춤형 학습을 제공할 수도 있다.
• 듣기⋅읽기 평가는 일괄적으로 실시하는 것보다 평가 목적과 대상, 방법에 따라 다양하게 실시하는 것이 바람직하며, 단어, 어구, 문장, 글 등 학습자의 수준에 적절한 언어 재료를 다양하게 활용하는 방안을 고려할 수 있다. 
• 듣기⋅읽기 평가는 지필평가, 수행평가, 교사 평가, 동료 평가, 자기 평가 등을 다양하게 적용하여 학습의 과정이 드러나도록 한다. 학습 과정을 누가 기록할 수 있도록 다양한 도구를 활용하고, 이를 바탕으로 학습자에게 적절한 피드백을 제공한다. 학습자가 피드백을 활용하여 자신의 현재 수준과 학습의 목표 사이의 간격을 줄이도록 지도한다.
• 듣기⋅읽기의 가치⋅태도를 평가할 때는 해당 성취기준을 독립적으로 평가하기보다는 다른 성취기준과 통합하여 평가하는 것을 권장한다. 자기 평가나 동료 평가 등을 통해 학습자 스스로 듣기나 읽기 태도를 확인하고 점검하게 할 수 있다. 또한 듣기⋅읽기 태도가 자신의 영어 듣기⋅읽기 능력 향상과 어떠한 관련이 있는지를 스스로 성찰해 볼 수 있도록 지도한다."
5~6,영어,이해,"⋅의사소통 목적과 상황에 맞게 배경지식을 활용하고 관점, 목적과 맥락을 파악함으로써 담화나 글을 이해하는 능력을 함양한다. 
⋅적절한 사고 과정 및 전략을 활용하여 담화나 글의 의미를 파악하고 분석한다. 
⋅담화나 글을 이해하는 활동은 협력적이고 포용적으로 화자나 필자의 의도를 이해하는 태도를 길러 준다.",6영01-06,일상생활 주제에 관한 담화나 글에서 일이나 사건의 순서를 파악한다.,일상생활 주제에 관한 간단한 담화나 글을 듣거나 읽고 일이나 사건의 순서를 정확하게 파악할 수 있다.,일상생활 주제에 관한 간단한 담화나 글을 듣거나 읽고 일이나 사건의 순서를 대체로 파악할 수 있다.,"일상생활 주제에 관한 간단한 담화나 글을 반복하여 듣거나 읽고, 주어진 도움 자료를 참고하여 일이나 사건의 순서를 부분적으로 파악할 수 있다.","[6영01-06] 이 성취기준은 말이나 대화, 글의 흐름을 파악하는 데 초점을 둔 것으로, 주요한 일이나 사건의 전후 관계 및 시간적 순서를 파악하는 것을 의미한다. 그림이나 만화 등을 이용하여 사건이 일어난 순서에 따라 연결하거나 배열하기, 일이 일어난 순서대로 번호 쓰기 등의 활동을 하는 수준을 말한다. ","• 듣기와 읽기 능력을 균형 있게 향상하는 데 중점을 두어 지도한다. 또한 이해 영역의 듣기와 읽기를 연계한 활동뿐만 아니라 이해한 내용을 말하거나 쓰기, 질문하며 답하기 등의 활동을 활용하여 이해 영역 활동이 표현 영역 활동에 자연스럽게 연결되도록 통합적으로 지도한다.
• 초등학교 5~6학년군에서는 일상생활에서 자주 접할 수 있는 주제(장래 희망, 여행, 취미, 건강 등)를 중심으로 3~4학년군보다 다양한 주제와 의사소통 상황을 포함한 듣기, 읽기 자료를 구성하여 활용한다. 자연스러운 의사소통의 맥락에서 학습자가 다양한 문화권에 속한 사람들의 의사소통 방식이나 일상생활도 접할 수 있도록 한다.
• 일상생활 주제의 담화나 글을 이해하기 위해 듣기 및 읽기 전⋅중⋅후 활동에서 적절한 전략을 활용할 수 있다. 즉, 듣기⋅읽기 전 활동에서는 시각 단서를 활용하여 듣거나 읽을 내용을 예측하는 전략, 듣기⋅읽기 중 활동에서는 특정 정보에 주목하여 듣거나 읽는 전략, 듣기⋅읽기 후 활동에서는 듣거나 읽은 내용을 점검하고 필요한 내용을 다시 듣거나 읽는 전략 등을 단계별로 지도한다.
• 담화나 글의 내용을 파악할 때는 인물, 행동, 장소, 시간, 감정 등 명시적으로 언급된 세부 정보뿐만 아니라, 담화나 글의 맥락, 주제 및 요지 등의 중심 내용, 일이나 사건의 전후 관계 등을 파악하도록 지도한다. 예를 들어 담화나 글의 줄거리 파악하기, 듣거나 읽은 문장을 순서대로 배열하기, 간단한 메모 작성하기 등 학습자의 흥미를 불러일으킬 수 있는 유의미하고 다양한 학습 활동을 사용한다.
• 소리 내어 읽기를 위해 혼자 읽기, 반 전체가 함께 읽기, 짝이나 모둠원과 번갈아 읽기, 모둠에게 읽어 주기, 시간을 정하여 읽기 등 다양한 방법을 활용한다. 소리 내어 읽기의 목적은 단어, 어구, 문장을 빠르고 정확하게 읽도록 연습하는 데 있으므로, 의미 중심의 읽기를 위한 발판의 역할로 사용하는 것이 좋다. 
• 에듀테크의 발달과 함께 듣기, 읽기 도구도 다양해지고 있으므로 다양한 디지털 매체를 활용한 듣기와 읽기에 익숙해질 수 있도록 한다. 인공지능이나 앱, 번역기 등의 디지털 도구를 활용하여 학습자의 수준에 맞는 맞춤형 학습을 제공할 수도 있다.
• 듣기⋅읽기 평가는 일괄적으로 실시하는 것보다 평가 목적과 대상, 방법에 따라 다양하게 실시하는 것이 바람직하며, 단어, 어구, 문장, 글 등 학습자의 수준에 적절한 언어 재료를 다양하게 활용하는 방안을 고려할 수 있다. 
• 듣기⋅읽기 평가는 지필평가, 수행평가, 교사 평가, 동료 평가, 자기 평가 등을 다양하게 적용하여 학습의 과정이 드러나도록 한다. 학습 과정을 누가 기록할 수 있도록 다양한 도구를 활용하고, 이를 바탕으로 학습자에게 적절한 피드백을 제공한다. 학습자가 피드백을 활용하여 자신의 현재 수준과 학습의 목표 사이의 간격을 줄이도록 지도한다.
• 듣기⋅읽기의 가치⋅태도를 평가할 때는 해당 성취기준을 독립적으로 평가하기보다는 다른 성취기준과 통합하여 평가하는 것을 권장한다. 자기 평가나 동료 평가 등을 통해 학습자 스스로 듣기나 읽기 태도를 확인하고 점검하게 할 수 있다. 또한 듣기⋅읽기 태도가 자신의 영어 듣기⋅읽기 능력 향상과 어떠한 관련이 있는지를 스스로 성찰해 볼 수 있도록 지도한다."
5~6,영어,이해,"⋅의사소통 목적과 상황에 맞게 배경지식을 활용하고 관점, 목적과 맥락을 파악함으로써 담화나 글을 이해하는 능력을 함양한다. 
⋅적절한 사고 과정 및 전략을 활용하여 담화나 글의 의미를 파악하고 분석한다. 
⋅담화나 글을 이해하는 활동은 협력적이고 포용적으로 화자나 필자의 의도를 이해하는 태도를 길러 준다.",6영01-07,적절한 전략을 활용하여 일상생활 주제에 관한 담화나 글을 듣거나 읽는다.,적절한 전략을 다양하게 활용하여 일상생활 주제에 관한 간단한 담화나 글을 듣거나 읽을 수 있다.,적절한 전략을 일부 활용하여 일상생활 주제에 관한 간단한 담화나 글을 듣거나 읽을 수 있다.,예시를 참고하고 적절한 전략을 일부 활용하여 일상생활 주제에 관한 간단한 담화나 글을 듣거나 읽을 수 있다.,"[6영01-07] 이 성취기준은 듣기나 읽기 전⋅중⋅후 과정에서 다양한 단서를 활용하여 담화나 글의 내용을 예측하기, 특정 정보를 찾아 듣거나 읽기, 내용 확인을 위해 다시 듣거나 읽기 등의 전략을 활용하는 것을 의미한다.","• 듣기와 읽기 능력을 균형 있게 향상하는 데 중점을 두어 지도한다. 또한 이해 영역의 듣기와 읽기를 연계한 활동뿐만 아니라 이해한 내용을 말하거나 쓰기, 질문하며 답하기 등의 활동을 활용하여 이해 영역 활동이 표현 영역 활동에 자연스럽게 연결되도록 통합적으로 지도한다.
• 초등학교 5~6학년군에서는 일상생활에서 자주 접할 수 있는 주제(장래 희망, 여행, 취미, 건강 등)를 중심으로 3~4학년군보다 다양한 주제와 의사소통 상황을 포함한 듣기, 읽기 자료를 구성하여 활용한다. 자연스러운 의사소통의 맥락에서 학습자가 다양한 문화권에 속한 사람들의 의사소통 방식이나 일상생활도 접할 수 있도록 한다.
• 일상생활 주제의 담화나 글을 이해하기 위해 듣기 및 읽기 전⋅중⋅후 활동에서 적절한 전략을 활용할 수 있다. 즉, 듣기⋅읽기 전 활동에서는 시각 단서를 활용하여 듣거나 읽을 내용을 예측하는 전략, 듣기⋅읽기 중 활동에서는 특정 정보에 주목하여 듣거나 읽는 전략, 듣기⋅읽기 후 활동에서는 듣거나 읽은 내용을 점검하고 필요한 내용을 다시 듣거나 읽는 전략 등을 단계별로 지도한다.
• 담화나 글의 내용을 파악할 때는 인물, 행동, 장소, 시간, 감정 등 명시적으로 언급된 세부 정보뿐만 아니라, 담화나 글의 맥락, 주제 및 요지 등의 중심 내용, 일이나 사건의 전후 관계 등을 파악하도록 지도한다. 예를 들어 담화나 글의 줄거리 파악하기, 듣거나 읽은 문장을 순서대로 배열하기, 간단한 메모 작성하기 등 학습자의 흥미를 불러일으킬 수 있는 유의미하고 다양한 학습 활동을 사용한다.
• 소리 내어 읽기를 위해 혼자 읽기, 반 전체가 함께 읽기, 짝이나 모둠원과 번갈아 읽기, 모둠에게 읽어 주기, 시간을 정하여 읽기 등 다양한 방법을 활용한다. 소리 내어 읽기의 목적은 단어, 어구, 문장을 빠르고 정확하게 읽도록 연습하는 데 있으므로, 의미 중심의 읽기를 위한 발판의 역할로 사용하는 것이 좋다. 
• 에듀테크의 발달과 함께 듣기, 읽기 도구도 다양해지고 있으므로 다양한 디지털 매체를 활용한 듣기와 읽기에 익숙해질 수 있도록 한다. 인공지능이나 앱, 번역기 등의 디지털 도구를 활용하여 학습자의 수준에 맞는 맞춤형 학습을 제공할 수도 있다.
• 듣기⋅읽기 평가는 일괄적으로 실시하는 것보다 평가 목적과 대상, 방법에 따라 다양하게 실시하는 것이 바람직하며, 단어, 어구, 문장, 글 등 학습자의 수준에 적절한 언어 재료를 다양하게 활용하는 방안을 고려할 수 있다. 
• 듣기⋅읽기 평가는 지필평가, 수행평가, 교사 평가, 동료 평가, 자기 평가 등을 다양하게 적용하여 학습의 과정이 드러나도록 한다. 학습 과정을 누가 기록할 수 있도록 다양한 도구를 활용하고, 이를 바탕으로 학습자에게 적절한 피드백을 제공한다. 학습자가 피드백을 활용하여 자신의 현재 수준과 학습의 목표 사이의 간격을 줄이도록 지도한다.
• 듣기⋅읽기의 가치⋅태도를 평가할 때는 해당 성취기준을 독립적으로 평가하기보다는 다른 성취기준과 통합하여 평가하는 것을 권장한다. 자기 평가나 동료 평가 등을 통해 학습자 스스로 듣기나 읽기 태도를 확인하고 점검하게 할 수 있다. 또한 듣기⋅읽기 태도가 자신의 영어 듣기⋅읽기 능력 향상과 어떠한 관련이 있는지를 스스로 성찰해 볼 수 있도록 지도한다."
5~6,영어,이해,"⋅의사소통 목적과 상황에 맞게 배경지식을 활용하고 관점, 목적과 맥락을 파악함으로써 담화나 글을 이해하는 능력을 함양한다. 
⋅적절한 사고 과정 및 전략을 활용하여 담화나 글의 의미를 파악하고 분석한다. 
⋅담화나 글을 이해하는 활동은 협력적이고 포용적으로 화자나 필자의 의도를 이해하는 태도를 길러 준다.",6영01-08,다양한 매체로 표현된 담화나 글을 흥미와 자신감을 가지고 듣거나 읽는다.,다양한 매체로 표현된 일상생활 주제에 관한 간단한 담화나 글을 흥미를 가지고 스스로 찾아 듣거나 읽는다.,다양한 매체로 표현된 일상생활 주제에 관한 간단한 담화나 글을 흥미를 가지고 듣거나 읽는다.,다양한 매체로 표현된 일상생활 주제에 관한 간단한 담화나 글에 흥미를 가지려고 노력하며 듣거나 읽는다.,"[6영01-08] 이 성취기준은 일상생활 주제에 관해 다양한 매체로 표현된 학습 자료를 듣거나 읽으면서 영어에 대한 흥미와 자신감을 높이고, 학습자 스스로 자신의 수준에 맞는 다양한 영어 자료를 자기주도적으로 찾아 즐기는 것을 의미한다.","• 듣기와 읽기 능력을 균형 있게 향상하는 데 중점을 두어 지도한다. 또한 이해 영역의 듣기와 읽기를 연계한 활동뿐만 아니라 이해한 내용을 말하거나 쓰기, 질문하며 답하기 등의 활동을 활용하여 이해 영역 활동이 표현 영역 활동에 자연스럽게 연결되도록 통합적으로 지도한다.
• 초등학교 5~6학년군에서는 일상생활에서 자주 접할 수 있는 주제(장래 희망, 여행, 취미, 건강 등)를 중심으로 3~4학년군보다 다양한 주제와 의사소통 상황을 포함한 듣기, 읽기 자료를 구성하여 활용한다. 자연스러운 의사소통의 맥락에서 학습자가 다양한 문화권에 속한 사람들의 의사소통 방식이나 일상생활도 접할 수 있도록 한다.
• 일상생활 주제의 담화나 글을 이해하기 위해 듣기 및 읽기 전⋅중⋅후 활동에서 적절한 전략을 활용할 수 있다. 즉, 듣기⋅읽기 전 활동에서는 시각 단서를 활용하여 듣거나 읽을 내용을 예측하는 전략, 듣기⋅읽기 중 활동에서는 특정 정보에 주목하여 듣거나 읽는 전략, 듣기⋅읽기 후 활동에서는 듣거나 읽은 내용을 점검하고 필요한 내용을 다시 듣거나 읽는 전략 등을 단계별로 지도한다.
• 담화나 글의 내용을 파악할 때는 인물, 행동, 장소, 시간, 감정 등 명시적으로 언급된 세부 정보뿐만 아니라, 담화나 글의 맥락, 주제 및 요지 등의 중심 내용, 일이나 사건의 전후 관계 등을 파악하도록 지도한다. 예를 들어 담화나 글의 줄거리 파악하기, 듣거나 읽은 문장을 순서대로 배열하기, 간단한 메모 작성하기 등 학습자의 흥미를 불러일으킬 수 있는 유의미하고 다양한 학습 활동을 사용한다.
• 소리 내어 읽기를 위해 혼자 읽기, 반 전체가 함께 읽기, 짝이나 모둠원과 번갈아 읽기, 모둠에게 읽어 주기, 시간을 정하여 읽기 등 다양한 방법을 활용한다. 소리 내어 읽기의 목적은 단어, 어구, 문장을 빠르고 정확하게 읽도록 연습하는 데 있으므로, 의미 중심의 읽기를 위한 발판의 역할로 사용하는 것이 좋다. 
• 에듀테크의 발달과 함께 듣기, 읽기 도구도 다양해지고 있으므로 다양한 디지털 매체를 활용한 듣기와 읽기에 익숙해질 수 있도록 한다. 인공지능이나 앱, 번역기 등의 디지털 도구를 활용하여 학습자의 수준에 맞는 맞춤형 학습을 제공할 수도 있다.
• 듣기⋅읽기 평가는 일괄적으로 실시하는 것보다 평가 목적과 대상, 방법에 따라 다양하게 실시하는 것이 바람직하며, 단어, 어구, 문장, 글 등 학습자의 수준에 적절한 언어 재료를 다양하게 활용하는 방안을 고려할 수 있다. 
• 듣기⋅읽기 평가는 지필평가, 수행평가, 교사 평가, 동료 평가, 자기 평가 등을 다양하게 적용하여 학습의 과정이 드러나도록 한다. 학습 과정을 누가 기록할 수 있도록 다양한 도구를 활용하고, 이를 바탕으로 학습자에게 적절한 피드백을 제공한다. 학습자가 피드백을 활용하여 자신의 현재 수준과 학습의 목표 사이의 간격을 줄이도록 지도한다.
• 듣기⋅읽기의 가치⋅태도를 평가할 때는 해당 성취기준을 독립적으로 평가하기보다는 다른 성취기준과 통합하여 평가하는 것을 권장한다. 자기 평가나 동료 평가 등을 통해 학습자 스스로 듣기나 읽기 태도를 확인하고 점검하게 할 수 있다. 또한 듣기⋅읽기 태도가 자신의 영어 듣기⋅읽기 능력 향상과 어떠한 관련이 있는지를 스스로 성찰해 볼 수 있도록 지도한다."
5~6,영어,이해,"⋅의사소통 목적과 상황에 맞게 배경지식을 활용하고 관점, 목적과 맥락을 파악함으로써 담화나 글을 이해하는 능력을 함양한다. 
⋅적절한 사고 과정 및 전략을 활용하여 담화나 글의 의미를 파악하고 분석한다. 
⋅담화나 글을 이해하는 활동은 협력적이고 포용적으로 화자나 필자의 의도를 이해하는 태도를 길러 준다.",6영01-09,"시, 노래, 이야기를 공감하며 듣거나 읽는다.","시, 노래, 이야기를 스스로 찾아 듣거나 읽으면서 화자나 필자의 기쁨, 슬픔 등의 감정을 느끼고 적극적으로 공감하는 태도를 보인다.","시, 노래, 이야기를 듣거나 읽으면서 화자나 필자의 기쁨, 슬픔 등의 감정을 느끼고 공감하는 태도를 보인다.","시, 노래, 이야기를 듣거나 읽으면서 화자나 필자의 기쁨, 슬픔 등의 감정을 느끼고 공감하는 태도를 가지려고 노력한다.",,"• 듣기와 읽기 능력을 균형 있게 향상하는 데 중점을 두어 지도한다. 또한 이해 영역의 듣기와 읽기를 연계한 활동뿐만 아니라 이해한 내용을 말하거나 쓰기, 질문하며 답하기 등의 활동을 활용하여 이해 영역 활동이 표현 영역 활동에 자연스럽게 연결되도록 통합적으로 지도한다.
• 초등학교 5~6학년군에서는 일상생활에서 자주 접할 수 있는 주제(장래 희망, 여행, 취미, 건강 등)를 중심으로 3~4학년군보다 다양한 주제와 의사소통 상황을 포함한 듣기, 읽기 자료를 구성하여 활용한다. 자연스러운 의사소통의 맥락에서 학습자가 다양한 문화권에 속한 사람들의 의사소통 방식이나 일상생활도 접할 수 있도록 한다.
• 일상생활 주제의 담화나 글을 이해하기 위해 듣기 및 읽기 전⋅중⋅후 활동에서 적절한 전략을 활용할 수 있다. 즉, 듣기⋅읽기 전 활동에서는 시각 단서를 활용하여 듣거나 읽을 내용을 예측하는 전략, 듣기⋅읽기 중 활동에서는 특정 정보에 주목하여 듣거나 읽는 전략, 듣기⋅읽기 후 활동에서는 듣거나 읽은 내용을 점검하고 필요한 내용을 다시 듣거나 읽는 전략 등을 단계별로 지도한다.
• 담화나 글의 내용을 파악할 때는 인물, 행동, 장소, 시간, 감정 등 명시적으로 언급된 세부 정보뿐만 아니라, 담화나 글의 맥락, 주제 및 요지 등의 중심 내용, 일이나 사건의 전후 관계 등을 파악하도록 지도한다. 예를 들어 담화나 글의 줄거리 파악하기, 듣거나 읽은 문장을 순서대로 배열하기, 간단한 메모 작성하기 등 학습자의 흥미를 불러일으킬 수 있는 유의미하고 다양한 학습 활동을 사용한다.
• 소리 내어 읽기를 위해 혼자 읽기, 반 전체가 함께 읽기, 짝이나 모둠원과 번갈아 읽기, 모둠에게 읽어 주기, 시간을 정하여 읽기 등 다양한 방법을 활용한다. 소리 내어 읽기의 목적은 단어, 어구, 문장을 빠르고 정확하게 읽도록 연습하는 데 있으므로, 의미 중심의 읽기를 위한 발판의 역할로 사용하는 것이 좋다. 
• 에듀테크의 발달과 함께 듣기, 읽기 도구도 다양해지고 있으므로 다양한 디지털 매체를 활용한 듣기와 읽기에 익숙해질 수 있도록 한다. 인공지능이나 앱, 번역기 등의 디지털 도구를 활용하여 학습자의 수준에 맞는 맞춤형 학습을 제공할 수도 있다.
• 듣기⋅읽기 평가는 일괄적으로 실시하는 것보다 평가 목적과 대상, 방법에 따라 다양하게 실시하는 것이 바람직하며, 단어, 어구, 문장, 글 등 학습자의 수준에 적절한 언어 재료를 다양하게 활용하는 방안을 고려할 수 있다. 
• 듣기⋅읽기 평가는 지필평가, 수행평가, 교사 평가, 동료 평가, 자기 평가 등을 다양하게 적용하여 학습의 과정이 드러나도록 한다. 학습 과정을 누가 기록할 수 있도록 다양한 도구를 활용하고, 이를 바탕으로 학습자에게 적절한 피드백을 제공한다. 학습자가 피드백을 활용하여 자신의 현재 수준과 학습의 목표 사이의 간격을 줄이도록 지도한다.
• 듣기⋅읽기의 가치⋅태도를 평가할 때는 해당 성취기준을 독립적으로 평가하기보다는 다른 성취기준과 통합하여 평가하는 것을 권장한다. 자기 평가나 동료 평가 등을 통해 학습자 스스로 듣기나 읽기 태도를 확인하고 점검하게 할 수 있다. 또한 듣기⋅읽기 태도가 자신의 영어 듣기⋅읽기 능력 향상과 어떠한 관련이 있는지를 스스로 성찰해 볼 수 있도록 지도한다."
5~6,영어,이해,"⋅의사소통 목적과 상황에 맞게 배경지식을 활용하고 관점, 목적과 맥락을 파악함으로써 담화나 글을 이해하는 능력을 함양한다. 
⋅적절한 사고 과정 및 전략을 활용하여 담화나 글의 의미를 파악하고 분석한다. 
⋅담화나 글을 이해하는 활동은 협력적이고 포용적으로 화자나 필자의 의도를 이해하는 태도를 길러 준다.",6영01-10,일상생활 주제나 문화에 관한 담화나 글을 포용의 태도로 듣거나 읽는다.,일상생활 주제나 문화에 관한 간단한 담화나 글을 듣거나 읽을 때 다양한 생각이나 의견을 포용하는 적극적인 태도를 보인다.,일상생활 주제나 문화에 관한 간단한 담화나 글을 듣거나 읽을 때 다양한 생각이나 의견을 포용하는 태도를 보인다.,일상생활 주제나 문화에 관한 간단한 담화나 글을 듣거나 읽으면서 다양한 사람의 생각이나 의견을 포용하는 태도를 가지려고 노력한다.,"[6영01-10] 이 성취기준은 공동체 구성원으로서의 가치⋅태도와 관련된 것으로, 일상생활 주제나 문화에 관한 담화나 글을 듣거나 읽으면서 다른 사람의 생각과 의견을 존중하고 이해하는 태도를 갖는 것을 의미한다. 이는 우리나라와 다른 문화권의 다양한 의사소통 방식과 생활 양식을 수용하는 것을 포함한다.","• 듣기와 읽기 능력을 균형 있게 향상하는 데 중점을 두어 지도한다. 또한 이해 영역의 듣기와 읽기를 연계한 활동뿐만 아니라 이해한 내용을 말하거나 쓰기, 질문하며 답하기 등의 활동을 활용하여 이해 영역 활동이 표현 영역 활동에 자연스럽게 연결되도록 통합적으로 지도한다.
• 초등학교 5~6학년군에서는 일상생활에서 자주 접할 수 있는 주제(장래 희망, 여행, 취미, 건강 등)를 중심으로 3~4학년군보다 다양한 주제와 의사소통 상황을 포함한 듣기, 읽기 자료를 구성하여 활용한다. 자연스러운 의사소통의 맥락에서 학습자가 다양한 문화권에 속한 사람들의 의사소통 방식이나 일상생활도 접할 수 있도록 한다.
• 일상생활 주제의 담화나 글을 이해하기 위해 듣기 및 읽기 전⋅중⋅후 활동에서 적절한 전략을 활용할 수 있다. 즉, 듣기⋅읽기 전 활동에서는 시각 단서를 활용하여 듣거나 읽을 내용을 예측하는 전략, 듣기⋅읽기 중 활동에서는 특정 정보에 주목하여 듣거나 읽는 전략, 듣기⋅읽기 후 활동에서는 듣거나 읽은 내용을 점검하고 필요한 내용을 다시 듣거나 읽는 전략 등을 단계별로 지도한다.
• 담화나 글의 내용을 파악할 때는 인물, 행동, 장소, 시간, 감정 등 명시적으로 언급된 세부 정보뿐만 아니라, 담화나 글의 맥락, 주제 및 요지 등의 중심 내용, 일이나 사건의 전후 관계 등을 파악하도록 지도한다. 예를 들어 담화나 글의 줄거리 파악하기, 듣거나 읽은 문장을 순서대로 배열하기, 간단한 메모 작성하기 등 학습자의 흥미를 불러일으킬 수 있는 유의미하고 다양한 학습 활동을 사용한다.
• 소리 내어 읽기를 위해 혼자 읽기, 반 전체가 함께 읽기, 짝이나 모둠원과 번갈아 읽기, 모둠에게 읽어 주기, 시간을 정하여 읽기 등 다양한 방법을 활용한다. 소리 내어 읽기의 목적은 단어, 어구, 문장을 빠르고 정확하게 읽도록 연습하는 데 있으므로, 의미 중심의 읽기를 위한 발판의 역할로 사용하는 것이 좋다. 
• 에듀테크의 발달과 함께 듣기, 읽기 도구도 다양해지고 있으므로 다양한 디지털 매체를 활용한 듣기와 읽기에 익숙해질 수 있도록 한다. 인공지능이나 앱, 번역기 등의 디지털 도구를 활용하여 학습자의 수준에 맞는 맞춤형 학습을 제공할 수도 있다.
• 듣기⋅읽기 평가는 일괄적으로 실시하는 것보다 평가 목적과 대상, 방법에 따라 다양하게 실시하는 것이 바람직하며, 단어, 어구, 문장, 글 등 학습자의 수준에 적절한 언어 재료를 다양하게 활용하는 방안을 고려할 수 있다. 
• 듣기⋅읽기 평가는 지필평가, 수행평가, 교사 평가, 동료 평가, 자기 평가 등을 다양하게 적용하여 학습의 과정이 드러나도록 한다. 학습 과정을 누가 기록할 수 있도록 다양한 도구를 활용하고, 이를 바탕으로 학습자에게 적절한 피드백을 제공한다. 학습자가 피드백을 활용하여 자신의 현재 수준과 학습의 목표 사이의 간격을 줄이도록 지도한다.
• 듣기⋅읽기의 가치⋅태도를 평가할 때는 해당 성취기준을 독립적으로 평가하기보다는 다른 성취기준과 통합하여 평가하는 것을 권장한다. 자기 평가나 동료 평가 등을 통해 학습자 스스로 듣기나 읽기 태도를 확인하고 점검하게 할 수 있다. 또한 듣기⋅읽기 태도가 자신의 영어 듣기⋅읽기 능력 향상과 어떠한 관련이 있는지를 스스로 성찰해 볼 수 있도록 지도한다."
5~6,영어,표현,"⋅의사소통 목적과 상황에 맞게 적절한 매체를 활용하여 자신의 감정이나 의견을 담화나 글로 표현하는 능력을 함양한다. 
⋅적절한 사고 과정 및 전략을 활용하여 의미를 표현하거나 교환한다. 
⋅담화나 글로 표현하는 활동은 다양한 문화와 관점에 대한 이해를 바탕으로 협력적이고 포용적으로 상호 소통하며 의미를 표현하거나 교환하는 태도를 길러 준다.",6영02-01,"간단한 단어, 어구, 문장을 강세, 리듬, 억양에 맞게 말한다.","간단한 단어, 어구, 문장을 강세, 리듬, 억양에 맞게 정확하게 말할 수 있다.","간단한 단어, 어구, 문장을 강세, 리듬, 억양에 맞게 대체로 말할 수 있다.","간단하고 짧은 단어, 어구, 문장을 시범을 참고하거나 반복 연습을 통해 강세, 리듬, 억양에 맞게 부분적으로 말할 수 있다.",,"• 말하기와 쓰기 능력을 균형 있게 향상하는 데 중점을 두어 지도한다. 또한 표현 영역의 말하기와 쓰기를 연계한 활동뿐만 아니라 듣고 말하기, 읽고 쓰기 등의 활동을 활용하여 이해 영역 활동과 표현 영역 활동이 자연스럽게 연결되도록 통합적으로 지도한다.
• 학습자의 일상생활과 밀접하게 관련된 주제로서 자신의 경험, 의견, 계획, 진로뿐만 아니라 기후변화나 다문화 문제 등에 대해서도 적극적으로 관심을 가지도록 과업이나 프로젝트 학습, 의견 조사 등의 다양한 활동을 실시한다. 학습자가 결과물을 정리하고 발표하는 과정에서 자기주도성을 높이고 유의미한 학습이 이루어지도록 수업을 설계한다. 
• 교사와 학습자, 학습자 간의 상호 작용에서 다양한 유형의 질문과 피드백을 활용하여 학습자의 응답을 유도하고, 지속적인 상호 작용이 이루어지도록 한다.
• 효과적인 쓰기 활동을 위해 계획, 초고 쓰기 및 수정, 공유 단계 혹은 쓰기 전⋅중⋅후 활동으로 나누어 단계별로 지도할 수 있다. 학습자 스스로 또는 동료들과 협력하여 쓰기 과정을 점검하게 함으로써 쓰기 능력을 신장하는 기회로 활용한다. 
• 교사 또는 학습자 상호 간의 교정을 통해 알파벳 대소문자와 문장 부호 등 영어 표기법을 이해하고 알맞게 사용할 수 있도록 지도한다. 이 과정에서 국어에서 배운 쉼표, 마침표, 물음표 등에 대한 지식을 활용하도록 지도할 수 있다.
• 말하기와 쓰기의 유창성을 높이기 위해 그림, 사진, 실물 등의 시각 자료나 번역기 등을 활용할 수 있다. 그림으로 그린 후에 이를 보고 문장을 말하거나 써 보도록 할 수 있으며, 사전 앱이나 번역기 등의 도움을 받아 문장을 구성하게 하는 것도 좋다. 또한 협력 학습을 통해 짝이나 모둠원과 서로 번갈아 문장을 말하거나 쓰는 문장 릴레이 활동을 한 후 여러 개의 문장을 이어서 말하거나 쓰도록 교수⋅학습 과정을 구성할 수도 있다.
• 학습자의 수준을 고려하여 개별화된 수준별 학습 자료, 시청각 자료뿐만 아니라 다양한 디지털 매체를 활용한 학습 자료를 제공하여 인지적⋅심리적 부담감을 줄인다.
• 말하기 전략은 의사소통 과정에서 발생할 수 있는 여러 가지 어려움을 해결하는 데 유용한 방법이 될 수 있으므로 다양한 비언어적, 언어적 전략을 익혀 활용하도록 지도한다. 글쓰기 과정에서도 교사와 동료의 피드백을 반영하여 고쳐 쓰거나 사전 앱이나 번역기 등의 디지털 도구를 활용하는 것은 중요한 쓰기 전략 중의 하나이며 자기주도적인 학습자로 성장하는 데 있어 좋은 경험이 될 수 있다.
• 말하기⋅쓰기 평가는 가급적 수행평가를 통해 실시하며, 말하기는 면접이나 과업(역할놀이, 조사 활동 등)을, 쓰기는 서답형 문항이나 포트폴리오 등을 활용하여 평가할 수 있다.
• 말하기⋅쓰기 평가를 위한 채점 척도는 일반 평가 원리에 의한 척도를 응용하거나 과업에 적합한 척도를 만들어 사용할 수 있고, 표현 능력을 발현시키고 측정할 수 있는 다양한 매체를 활용할 수도 있다. 말하기는 발음, 어휘, 내용 등에 대하여, 쓰기는 철자와 구두점, 어휘, 내용, 언어 형식 등에 대하여 세부적인 평가기준을 마련하고 학습자에게 충분히 안내한 후에 평가를 실시한다. 
• 말하기와 쓰기에 대한 흥미와 자신감, 짝이나 모둠 구성원들의 협력 정도를 평가할 때는 자기 평가와 동료 평가를 활용할 수 있다. 이때 평가 결과는 학습자 스스로 학습 계획을 세우고 실천해 나가며 성찰할 수 있는 자기주도학습의 기초가 되도록 한다."
5~6,영어,표현,"⋅의사소통 목적과 상황에 맞게 적절한 매체를 활용하여 자신의 감정이나 의견을 담화나 글로 표현하는 능력을 함양한다. 
⋅적절한 사고 과정 및 전략을 활용하여 의미를 표현하거나 교환한다. 
⋅담화나 글로 표현하는 활동은 다양한 문화와 관점에 대한 이해를 바탕으로 협력적이고 포용적으로 상호 소통하며 의미를 표현하거나 교환하는 태도를 길러 준다.",6영02-02,"실물, 그림, 동작 등을 보고 간단한 단어, 어구, 문장으로 말하거나 쓴다.","실물, 그림, 동작 등을 보고 간단한 단어를 정확하게 말하거나 쓸 수 있으며, 적절한 단어와 언어 형식을 사용하여 간단한 어구나 문장으로 정확하게 말하거나 쓸 수 있다.","실물, 그림, 동작 등을 보고 간단한 단어를 대체로 말하거나 쓸 수 있으며, 적절한 단어를 사용하여 간단한 어구나 문장으로 대체로 말하거나 쓸 수 있다.","실물, 그림, 동작 등을 보고 간단한 단어를 일부 말하거나 쓸 수 있으며, 주어진 단어를 참고하여 간단하고 짧은 어구나 문장으로 부분적으로 말하거나 쓸 수 있다.",,"• 말하기와 쓰기 능력을 균형 있게 향상하는 데 중점을 두어 지도한다. 또한 표현 영역의 말하기와 쓰기를 연계한 활동뿐만 아니라 듣고 말하기, 읽고 쓰기 등의 활동을 활용하여 이해 영역 활동과 표현 영역 활동이 자연스럽게 연결되도록 통합적으로 지도한다.
• 학습자의 일상생활과 밀접하게 관련된 주제로서 자신의 경험, 의견, 계획, 진로뿐만 아니라 기후변화나 다문화 문제 등에 대해서도 적극적으로 관심을 가지도록 과업이나 프로젝트 학습, 의견 조사 등의 다양한 활동을 실시한다. 학습자가 결과물을 정리하고 발표하는 과정에서 자기주도성을 높이고 유의미한 학습이 이루어지도록 수업을 설계한다. 
• 교사와 학습자, 학습자 간의 상호 작용에서 다양한 유형의 질문과 피드백을 활용하여 학습자의 응답을 유도하고, 지속적인 상호 작용이 이루어지도록 한다.
• 효과적인 쓰기 활동을 위해 계획, 초고 쓰기 및 수정, 공유 단계 혹은 쓰기 전⋅중⋅후 활동으로 나누어 단계별로 지도할 수 있다. 학습자 스스로 또는 동료들과 협력하여 쓰기 과정을 점검하게 함으로써 쓰기 능력을 신장하는 기회로 활용한다. 
• 교사 또는 학습자 상호 간의 교정을 통해 알파벳 대소문자와 문장 부호 등 영어 표기법을 이해하고 알맞게 사용할 수 있도록 지도한다. 이 과정에서 국어에서 배운 쉼표, 마침표, 물음표 등에 대한 지식을 활용하도록 지도할 수 있다.
• 말하기와 쓰기의 유창성을 높이기 위해 그림, 사진, 실물 등의 시각 자료나 번역기 등을 활용할 수 있다. 그림으로 그린 후에 이를 보고 문장을 말하거나 써 보도록 할 수 있으며, 사전 앱이나 번역기 등의 도움을 받아 문장을 구성하게 하는 것도 좋다. 또한 협력 학습을 통해 짝이나 모둠원과 서로 번갈아 문장을 말하거나 쓰는 문장 릴레이 활동을 한 후 여러 개의 문장을 이어서 말하거나 쓰도록 교수⋅학습 과정을 구성할 수도 있다.
• 학습자의 수준을 고려하여 개별화된 수준별 학습 자료, 시청각 자료뿐만 아니라 다양한 디지털 매체를 활용한 학습 자료를 제공하여 인지적⋅심리적 부담감을 줄인다.
• 말하기 전략은 의사소통 과정에서 발생할 수 있는 여러 가지 어려움을 해결하는 데 유용한 방법이 될 수 있으므로 다양한 비언어적, 언어적 전략을 익혀 활용하도록 지도한다. 글쓰기 과정에서도 교사와 동료의 피드백을 반영하여 고쳐 쓰거나 사전 앱이나 번역기 등의 디지털 도구를 활용하는 것은 중요한 쓰기 전략 중의 하나이며 자기주도적인 학습자로 성장하는 데 있어 좋은 경험이 될 수 있다.
• 말하기⋅쓰기 평가는 가급적 수행평가를 통해 실시하며, 말하기는 면접이나 과업(역할놀이, 조사 활동 등)을, 쓰기는 서답형 문항이나 포트폴리오 등을 활용하여 평가할 수 있다.
• 말하기⋅쓰기 평가를 위한 채점 척도는 일반 평가 원리에 의한 척도를 응용하거나 과업에 적합한 척도를 만들어 사용할 수 있고, 표현 능력을 발현시키고 측정할 수 있는 다양한 매체를 활용할 수도 있다. 말하기는 발음, 어휘, 내용 등에 대하여, 쓰기는 철자와 구두점, 어휘, 내용, 언어 형식 등에 대하여 세부적인 평가기준을 마련하고 학습자에게 충분히 안내한 후에 평가를 실시한다. 
• 말하기와 쓰기에 대한 흥미와 자신감, 짝이나 모둠 구성원들의 협력 정도를 평가할 때는 자기 평가와 동료 평가를 활용할 수 있다. 이때 평가 결과는 학습자 스스로 학습 계획을 세우고 실천해 나가며 성찰할 수 있는 자기주도학습의 기초가 되도록 한다."
5~6,영어,표현,"⋅의사소통 목적과 상황에 맞게 적절한 매체를 활용하여 자신의 감정이나 의견을 담화나 글로 표현하는 능력을 함양한다. 
⋅적절한 사고 과정 및 전략을 활용하여 의미를 표현하거나 교환한다. 
⋅담화나 글로 표현하는 활동은 다양한 문화와 관점에 대한 이해를 바탕으로 협력적이고 포용적으로 상호 소통하며 의미를 표현하거나 교환하는 태도를 길러 준다.",6영02-03,알파벳 대소 문자와 문장 부호를 문장에서 바르게 사용한다.,알파벳 대소 문자와 문장 부호를 단어와 문장의 유형에 맞게 문장에서 정확하고 바르게 사용할 수 있다.,알파벳 대소 문자와 문장 부호를 문장의 유형에 맞게 문장에서 대체로 바르게 사용할 수 있다.,알파벳 대소 문자와 문장 부호를 예시 문장을 참고하여 문장에서 부분적으로 바르게 사용할 수 있다.,,"• 말하기와 쓰기 능력을 균형 있게 향상하는 데 중점을 두어 지도한다. 또한 표현 영역의 말하기와 쓰기를 연계한 활동뿐만 아니라 듣고 말하기, 읽고 쓰기 등의 활동을 활용하여 이해 영역 활동과 표현 영역 활동이 자연스럽게 연결되도록 통합적으로 지도한다.
• 학습자의 일상생활과 밀접하게 관련된 주제로서 자신의 경험, 의견, 계획, 진로뿐만 아니라 기후변화나 다문화 문제 등에 대해서도 적극적으로 관심을 가지도록 과업이나 프로젝트 학습, 의견 조사 등의 다양한 활동을 실시한다. 학습자가 결과물을 정리하고 발표하는 과정에서 자기주도성을 높이고 유의미한 학습이 이루어지도록 수업을 설계한다. 
• 교사와 학습자, 학습자 간의 상호 작용에서 다양한 유형의 질문과 피드백을 활용하여 학습자의 응답을 유도하고, 지속적인 상호 작용이 이루어지도록 한다.
• 효과적인 쓰기 활동을 위해 계획, 초고 쓰기 및 수정, 공유 단계 혹은 쓰기 전⋅중⋅후 활동으로 나누어 단계별로 지도할 수 있다. 학습자 스스로 또는 동료들과 협력하여 쓰기 과정을 점검하게 함으로써 쓰기 능력을 신장하는 기회로 활용한다. 
• 교사 또는 학습자 상호 간의 교정을 통해 알파벳 대소문자와 문장 부호 등 영어 표기법을 이해하고 알맞게 사용할 수 있도록 지도한다. 이 과정에서 국어에서 배운 쉼표, 마침표, 물음표 등에 대한 지식을 활용하도록 지도할 수 있다.
• 말하기와 쓰기의 유창성을 높이기 위해 그림, 사진, 실물 등의 시각 자료나 번역기 등을 활용할 수 있다. 그림으로 그린 후에 이를 보고 문장을 말하거나 써 보도록 할 수 있으며, 사전 앱이나 번역기 등의 도움을 받아 문장을 구성하게 하는 것도 좋다. 또한 협력 학습을 통해 짝이나 모둠원과 서로 번갈아 문장을 말하거나 쓰는 문장 릴레이 활동을 한 후 여러 개의 문장을 이어서 말하거나 쓰도록 교수⋅학습 과정을 구성할 수도 있다.
• 학습자의 수준을 고려하여 개별화된 수준별 학습 자료, 시청각 자료뿐만 아니라 다양한 디지털 매체를 활용한 학습 자료를 제공하여 인지적⋅심리적 부담감을 줄인다.
• 말하기 전략은 의사소통 과정에서 발생할 수 있는 여러 가지 어려움을 해결하는 데 유용한 방법이 될 수 있으므로 다양한 비언어적, 언어적 전략을 익혀 활용하도록 지도한다. 글쓰기 과정에서도 교사와 동료의 피드백을 반영하여 고쳐 쓰거나 사전 앱이나 번역기 등의 디지털 도구를 활용하는 것은 중요한 쓰기 전략 중의 하나이며 자기주도적인 학습자로 성장하는 데 있어 좋은 경험이 될 수 있다.
• 말하기⋅쓰기 평가는 가급적 수행평가를 통해 실시하며, 말하기는 면접이나 과업(역할놀이, 조사 활동 등)을, 쓰기는 서답형 문항이나 포트폴리오 등을 활용하여 평가할 수 있다.
• 말하기⋅쓰기 평가를 위한 채점 척도는 일반 평가 원리에 의한 척도를 응용하거나 과업에 적합한 척도를 만들어 사용할 수 있고, 표현 능력을 발현시키고 측정할 수 있는 다양한 매체를 활용할 수도 있다. 말하기는 발음, 어휘, 내용 등에 대하여, 쓰기는 철자와 구두점, 어휘, 내용, 언어 형식 등에 대하여 세부적인 평가기준을 마련하고 학습자에게 충분히 안내한 후에 평가를 실시한다. 
• 말하기와 쓰기에 대한 흥미와 자신감, 짝이나 모둠 구성원들의 협력 정도를 평가할 때는 자기 평가와 동료 평가를 활용할 수 있다. 이때 평가 결과는 학습자 스스로 학습 계획을 세우고 실천해 나가며 성찰할 수 있는 자기주도학습의 기초가 되도록 한다."
5~6,영어,표현,"⋅의사소통 목적과 상황에 맞게 적절한 매체를 활용하여 자신의 감정이나 의견을 담화나 글로 표현하는 능력을 함양한다. 
⋅적절한 사고 과정 및 전략을 활용하여 의미를 표현하거나 교환한다. 
⋅담화나 글로 표현하는 활동은 다양한 문화와 관점에 대한 이해를 바탕으로 협력적이고 포용적으로 상호 소통하며 의미를 표현하거나 교환하는 태도를 길러 준다.",6영02-04,주변 사람이나 사물을 간단한 문장으로 소개하거나 묘사한다.,주변 사람이나 사물의 이름과 주요 특징을 적절한 단어와 언어 형식을 사용하여 간단한 문장으로 정확하게 소개하거나 묘사할 수 있다.,주변 사람이나 사물의 이름과 주요 특징을 적절한 단어를 사용하여 간단한 문장으로 대체로 소개하거나 묘사할 수 있다.,주변 사람이나 사물의 이름과 주요 특징을 주어진 도움 자료를 참고하여 간단하고 짧은 문장으로 부분적으로 소개하거나 묘사할 수 있다.,,"• 말하기와 쓰기 능력을 균형 있게 향상하는 데 중점을 두어 지도한다. 또한 표현 영역의 말하기와 쓰기를 연계한 활동뿐만 아니라 듣고 말하기, 읽고 쓰기 등의 활동을 활용하여 이해 영역 활동과 표현 영역 활동이 자연스럽게 연결되도록 통합적으로 지도한다.
• 학습자의 일상생활과 밀접하게 관련된 주제로서 자신의 경험, 의견, 계획, 진로뿐만 아니라 기후변화나 다문화 문제 등에 대해서도 적극적으로 관심을 가지도록 과업이나 프로젝트 학습, 의견 조사 등의 다양한 활동을 실시한다. 학습자가 결과물을 정리하고 발표하는 과정에서 자기주도성을 높이고 유의미한 학습이 이루어지도록 수업을 설계한다. 
• 교사와 학습자, 학습자 간의 상호 작용에서 다양한 유형의 질문과 피드백을 활용하여 학습자의 응답을 유도하고, 지속적인 상호 작용이 이루어지도록 한다.
• 효과적인 쓰기 활동을 위해 계획, 초고 쓰기 및 수정, 공유 단계 혹은 쓰기 전⋅중⋅후 활동으로 나누어 단계별로 지도할 수 있다. 학습자 스스로 또는 동료들과 협력하여 쓰기 과정을 점검하게 함으로써 쓰기 능력을 신장하는 기회로 활용한다. 
• 교사 또는 학습자 상호 간의 교정을 통해 알파벳 대소문자와 문장 부호 등 영어 표기법을 이해하고 알맞게 사용할 수 있도록 지도한다. 이 과정에서 국어에서 배운 쉼표, 마침표, 물음표 등에 대한 지식을 활용하도록 지도할 수 있다.
• 말하기와 쓰기의 유창성을 높이기 위해 그림, 사진, 실물 등의 시각 자료나 번역기 등을 활용할 수 있다. 그림으로 그린 후에 이를 보고 문장을 말하거나 써 보도록 할 수 있으며, 사전 앱이나 번역기 등의 도움을 받아 문장을 구성하게 하는 것도 좋다. 또한 협력 학습을 통해 짝이나 모둠원과 서로 번갈아 문장을 말하거나 쓰는 문장 릴레이 활동을 한 후 여러 개의 문장을 이어서 말하거나 쓰도록 교수⋅학습 과정을 구성할 수도 있다.
• 학습자의 수준을 고려하여 개별화된 수준별 학습 자료, 시청각 자료뿐만 아니라 다양한 디지털 매체를 활용한 학습 자료를 제공하여 인지적⋅심리적 부담감을 줄인다.
• 말하기 전략은 의사소통 과정에서 발생할 수 있는 여러 가지 어려움을 해결하는 데 유용한 방법이 될 수 있으므로 다양한 비언어적, 언어적 전략을 익혀 활용하도록 지도한다. 글쓰기 과정에서도 교사와 동료의 피드백을 반영하여 고쳐 쓰거나 사전 앱이나 번역기 등의 디지털 도구를 활용하는 것은 중요한 쓰기 전략 중의 하나이며 자기주도적인 학습자로 성장하는 데 있어 좋은 경험이 될 수 있다.
• 말하기⋅쓰기 평가는 가급적 수행평가를 통해 실시하며, 말하기는 면접이나 과업(역할놀이, 조사 활동 등)을, 쓰기는 서답형 문항이나 포트폴리오 등을 활용하여 평가할 수 있다.
• 말하기⋅쓰기 평가를 위한 채점 척도는 일반 평가 원리에 의한 척도를 응용하거나 과업에 적합한 척도를 만들어 사용할 수 있고, 표현 능력을 발현시키고 측정할 수 있는 다양한 매체를 활용할 수도 있다. 말하기는 발음, 어휘, 내용 등에 대하여, 쓰기는 철자와 구두점, 어휘, 내용, 언어 형식 등에 대하여 세부적인 평가기준을 마련하고 학습자에게 충분히 안내한 후에 평가를 실시한다. 
• 말하기와 쓰기에 대한 흥미와 자신감, 짝이나 모둠 구성원들의 협력 정도를 평가할 때는 자기 평가와 동료 평가를 활용할 수 있다. 이때 평가 결과는 학습자 스스로 학습 계획을 세우고 실천해 나가며 성찰할 수 있는 자기주도학습의 기초가 되도록 한다."
5~6,영어,표현,"⋅의사소통 목적과 상황에 맞게 적절한 매체를 활용하여 자신의 감정이나 의견을 담화나 글로 표현하는 능력을 함양한다. 
⋅적절한 사고 과정 및 전략을 활용하여 의미를 표현하거나 교환한다. 
⋅담화나 글로 표현하는 활동은 다양한 문화와 관점에 대한 이해를 바탕으로 협력적이고 포용적으로 상호 소통하며 의미를 표현하거나 교환하는 태도를 길러 준다.",6영02-05,"주변 장소나 위치, 행동 순서나 방법을 간단한 문장으로 설명한다.","주변 장소의 위치나 찾아가는 방법, 일상생활 행동의 순서나 방법을 적절한 단어와 언어 형식을 사용하여 간단한 문장으로 정확하게 말하거나 쓸 수 있다.","주변 장소의 위치나 찾아가는 방법, 일상생활 행동의 순서나 방법을 적절한 단어를 사용하여 간단한 문장으로 대체로 말하거나 쓸 수 있다.","주변 장소의 위치나 찾아가는 방법, 일상생활의 반복적인 행동의 순서나 방법을 주어진 도움 자료를 참고하여 간단하고 짧은 문장으로 부분적으로 말하거나 쓸 수 있다.","[6영02-05] 이 성취기준은 주변의 장소를 찾아가는 방법이나 위치, 일상생활에서 이루어지는 활동을 위한 일련의 행동 순서나 방법에 대하여 두세 문장으로 말하거나 쓰는 것을 의미한다. 이때 문장과 문장을 이어 주는 말(and, but 등)이나 순서를 나타내는 말(first, second 등)을 적절하게 활용할 수 있다.","• 말하기와 쓰기 능력을 균형 있게 향상하는 데 중점을 두어 지도한다. 또한 표현 영역의 말하기와 쓰기를 연계한 활동뿐만 아니라 듣고 말하기, 읽고 쓰기 등의 활동을 활용하여 이해 영역 활동과 표현 영역 활동이 자연스럽게 연결되도록 통합적으로 지도한다.
• 학습자의 일상생활과 밀접하게 관련된 주제로서 자신의 경험, 의견, 계획, 진로뿐만 아니라 기후변화나 다문화 문제 등에 대해서도 적극적으로 관심을 가지도록 과업이나 프로젝트 학습, 의견 조사 등의 다양한 활동을 실시한다. 학습자가 결과물을 정리하고 발표하는 과정에서 자기주도성을 높이고 유의미한 학습이 이루어지도록 수업을 설계한다. 
• 교사와 학습자, 학습자 간의 상호 작용에서 다양한 유형의 질문과 피드백을 활용하여 학습자의 응답을 유도하고, 지속적인 상호 작용이 이루어지도록 한다.
• 효과적인 쓰기 활동을 위해 계획, 초고 쓰기 및 수정, 공유 단계 혹은 쓰기 전⋅중⋅후 활동으로 나누어 단계별로 지도할 수 있다. 학습자 스스로 또는 동료들과 협력하여 쓰기 과정을 점검하게 함으로써 쓰기 능력을 신장하는 기회로 활용한다. 
• 교사 또는 학습자 상호 간의 교정을 통해 알파벳 대소문자와 문장 부호 등 영어 표기법을 이해하고 알맞게 사용할 수 있도록 지도한다. 이 과정에서 국어에서 배운 쉼표, 마침표, 물음표 등에 대한 지식을 활용하도록 지도할 수 있다.
• 말하기와 쓰기의 유창성을 높이기 위해 그림, 사진, 실물 등의 시각 자료나 번역기 등을 활용할 수 있다. 그림으로 그린 후에 이를 보고 문장을 말하거나 써 보도록 할 수 있으며, 사전 앱이나 번역기 등의 도움을 받아 문장을 구성하게 하는 것도 좋다. 또한 협력 학습을 통해 짝이나 모둠원과 서로 번갈아 문장을 말하거나 쓰는 문장 릴레이 활동을 한 후 여러 개의 문장을 이어서 말하거나 쓰도록 교수⋅학습 과정을 구성할 수도 있다.
• 학습자의 수준을 고려하여 개별화된 수준별 학습 자료, 시청각 자료뿐만 아니라 다양한 디지털 매체를 활용한 학습 자료를 제공하여 인지적⋅심리적 부담감을 줄인다.
• 말하기 전략은 의사소통 과정에서 발생할 수 있는 여러 가지 어려움을 해결하는 데 유용한 방법이 될 수 있으므로 다양한 비언어적, 언어적 전략을 익혀 활용하도록 지도한다. 글쓰기 과정에서도 교사와 동료의 피드백을 반영하여 고쳐 쓰거나 사전 앱이나 번역기 등의 디지털 도구를 활용하는 것은 중요한 쓰기 전략 중의 하나이며 자기주도적인 학습자로 성장하는 데 있어 좋은 경험이 될 수 있다.
• 말하기⋅쓰기 평가는 가급적 수행평가를 통해 실시하며, 말하기는 면접이나 과업(역할놀이, 조사 활동 등)을, 쓰기는 서답형 문항이나 포트폴리오 등을 활용하여 평가할 수 있다.
• 말하기⋅쓰기 평가를 위한 채점 척도는 일반 평가 원리에 의한 척도를 응용하거나 과업에 적합한 척도를 만들어 사용할 수 있고, 표현 능력을 발현시키고 측정할 수 있는 다양한 매체를 활용할 수도 있다. 말하기는 발음, 어휘, 내용 등에 대하여, 쓰기는 철자와 구두점, 어휘, 내용, 언어 형식 등에 대하여 세부적인 평가기준을 마련하고 학습자에게 충분히 안내한 후에 평가를 실시한다. 
• 말하기와 쓰기에 대한 흥미와 자신감, 짝이나 모둠 구성원들의 협력 정도를 평가할 때는 자기 평가와 동료 평가를 활용할 수 있다. 이때 평가 결과는 학습자 스스로 학습 계획을 세우고 실천해 나가며 성찰할 수 있는 자기주도학습의 기초가 되도록 한다."
5~6,영어,표현,"⋅의사소통 목적과 상황에 맞게 적절한 매체를 활용하여 자신의 감정이나 의견을 담화나 글로 표현하는 능력을 함양한다. 
⋅적절한 사고 과정 및 전략을 활용하여 의미를 표현하거나 교환한다. 
⋅담화나 글로 표현하는 활동은 다양한 문화와 관점에 대한 이해를 바탕으로 협력적이고 포용적으로 상호 소통하며 의미를 표현하거나 교환하는 태도를 길러 준다.",6영02-06,"자신의 감정이나 의견, 경험이나 계획을 간단한 문장으로 표현한다.","일상생활에서의 자신의 감정이나 의견, 경험이나 계획을 적절한 단어와 언어 형식을 사용하여 간단한 문장으로 정확하게 말하거나 쓸 수 있다.","일상생활에서의 자신의 감정이나 의견, 경험이나 계획을 적절한 단어를 사용하여 간단한 문장으로 대체로 말하거나 쓸 수 있다.","일상생활에서의 자신의 감정이나 의견, 경험이나 계획을 주어진 도움 자료를 참고하여 간단하고 짧은 문장으로 부분적으로 말하거나 쓸 수 있다.",,"• 말하기와 쓰기 능력을 균형 있게 향상하는 데 중점을 두어 지도한다. 또한 표현 영역의 말하기와 쓰기를 연계한 활동뿐만 아니라 듣고 말하기, 읽고 쓰기 등의 활동을 활용하여 이해 영역 활동과 표현 영역 활동이 자연스럽게 연결되도록 통합적으로 지도한다.
• 학습자의 일상생활과 밀접하게 관련된 주제로서 자신의 경험, 의견, 계획, 진로뿐만 아니라 기후변화나 다문화 문제 등에 대해서도 적극적으로 관심을 가지도록 과업이나 프로젝트 학습, 의견 조사 등의 다양한 활동을 실시한다. 학습자가 결과물을 정리하고 발표하는 과정에서 자기주도성을 높이고 유의미한 학습이 이루어지도록 수업을 설계한다. 
• 교사와 학습자, 학습자 간의 상호 작용에서 다양한 유형의 질문과 피드백을 활용하여 학습자의 응답을 유도하고, 지속적인 상호 작용이 이루어지도록 한다.
• 효과적인 쓰기 활동을 위해 계획, 초고 쓰기 및 수정, 공유 단계 혹은 쓰기 전⋅중⋅후 활동으로 나누어 단계별로 지도할 수 있다. 학습자 스스로 또는 동료들과 협력하여 쓰기 과정을 점검하게 함으로써 쓰기 능력을 신장하는 기회로 활용한다. 
• 교사 또는 학습자 상호 간의 교정을 통해 알파벳 대소문자와 문장 부호 등 영어 표기법을 이해하고 알맞게 사용할 수 있도록 지도한다. 이 과정에서 국어에서 배운 쉼표, 마침표, 물음표 등에 대한 지식을 활용하도록 지도할 수 있다.
• 말하기와 쓰기의 유창성을 높이기 위해 그림, 사진, 실물 등의 시각 자료나 번역기 등을 활용할 수 있다. 그림으로 그린 후에 이를 보고 문장을 말하거나 써 보도록 할 수 있으며, 사전 앱이나 번역기 등의 도움을 받아 문장을 구성하게 하는 것도 좋다. 또한 협력 학습을 통해 짝이나 모둠원과 서로 번갈아 문장을 말하거나 쓰는 문장 릴레이 활동을 한 후 여러 개의 문장을 이어서 말하거나 쓰도록 교수⋅학습 과정을 구성할 수도 있다.
• 학습자의 수준을 고려하여 개별화된 수준별 학습 자료, 시청각 자료뿐만 아니라 다양한 디지털 매체를 활용한 학습 자료를 제공하여 인지적⋅심리적 부담감을 줄인다.
• 말하기 전략은 의사소통 과정에서 발생할 수 있는 여러 가지 어려움을 해결하는 데 유용한 방법이 될 수 있으므로 다양한 비언어적, 언어적 전략을 익혀 활용하도록 지도한다. 글쓰기 과정에서도 교사와 동료의 피드백을 반영하여 고쳐 쓰거나 사전 앱이나 번역기 등의 디지털 도구를 활용하는 것은 중요한 쓰기 전략 중의 하나이며 자기주도적인 학습자로 성장하는 데 있어 좋은 경험이 될 수 있다.
• 말하기⋅쓰기 평가는 가급적 수행평가를 통해 실시하며, 말하기는 면접이나 과업(역할놀이, 조사 활동 등)을, 쓰기는 서답형 문항이나 포트폴리오 등을 활용하여 평가할 수 있다.
• 말하기⋅쓰기 평가를 위한 채점 척도는 일반 평가 원리에 의한 척도를 응용하거나 과업에 적합한 척도를 만들어 사용할 수 있고, 표현 능력을 발현시키고 측정할 수 있는 다양한 매체를 활용할 수도 있다. 말하기는 발음, 어휘, 내용 등에 대하여, 쓰기는 철자와 구두점, 어휘, 내용, 언어 형식 등에 대하여 세부적인 평가기준을 마련하고 학습자에게 충분히 안내한 후에 평가를 실시한다. 
• 말하기와 쓰기에 대한 흥미와 자신감, 짝이나 모둠 구성원들의 협력 정도를 평가할 때는 자기 평가와 동료 평가를 활용할 수 있다. 이때 평가 결과는 학습자 스스로 학습 계획을 세우고 실천해 나가며 성찰할 수 있는 자기주도학습의 기초가 되도록 한다."
5~6,영어,표현,"⋅의사소통 목적과 상황에 맞게 적절한 매체를 활용하여 자신의 감정이나 의견을 담화나 글로 표현하는 능력을 함양한다. 
⋅적절한 사고 과정 및 전략을 활용하여 의미를 표현하거나 교환한다. 
⋅담화나 글로 표현하는 활동은 다양한 문화와 관점에 대한 이해를 바탕으로 협력적이고 포용적으로 상호 소통하며 의미를 표현하거나 교환하는 태도를 길러 준다.",6영02-07,일상생활 주제에 관한 담화나 글의 세부 정보를 간단한 문장으로 묻거나 답한다.,일상생활 주제에 관한 다양한 유형의 간단한 담화나 글의 세부 정보를 적절한 단어와 언어 형식을 사용하여 정확하게 묻거나 답할 수 있다.,일상생활 주제에 관한 간단한 담화나 글의 세부 정보를 적절한 단어를 사용하여 대체로 묻거나 답할 수 있다.,일상생활 주제에 관한 간단하고 짧은 담화나 글의 세부 정보를 주어진 도움 자료를 참고하여 부분적으로 묻거나 답할 수 있다.,,"• 말하기와 쓰기 능력을 균형 있게 향상하는 데 중점을 두어 지도한다. 또한 표현 영역의 말하기와 쓰기를 연계한 활동뿐만 아니라 듣고 말하기, 읽고 쓰기 등의 활동을 활용하여 이해 영역 활동과 표현 영역 활동이 자연스럽게 연결되도록 통합적으로 지도한다.
• 학습자의 일상생활과 밀접하게 관련된 주제로서 자신의 경험, 의견, 계획, 진로뿐만 아니라 기후변화나 다문화 문제 등에 대해서도 적극적으로 관심을 가지도록 과업이나 프로젝트 학습, 의견 조사 등의 다양한 활동을 실시한다. 학습자가 결과물을 정리하고 발표하는 과정에서 자기주도성을 높이고 유의미한 학습이 이루어지도록 수업을 설계한다. 
• 교사와 학습자, 학습자 간의 상호 작용에서 다양한 유형의 질문과 피드백을 활용하여 학습자의 응답을 유도하고, 지속적인 상호 작용이 이루어지도록 한다.
• 효과적인 쓰기 활동을 위해 계획, 초고 쓰기 및 수정, 공유 단계 혹은 쓰기 전⋅중⋅후 활동으로 나누어 단계별로 지도할 수 있다. 학습자 스스로 또는 동료들과 협력하여 쓰기 과정을 점검하게 함으로써 쓰기 능력을 신장하는 기회로 활용한다. 
• 교사 또는 학습자 상호 간의 교정을 통해 알파벳 대소문자와 문장 부호 등 영어 표기법을 이해하고 알맞게 사용할 수 있도록 지도한다. 이 과정에서 국어에서 배운 쉼표, 마침표, 물음표 등에 대한 지식을 활용하도록 지도할 수 있다.
• 말하기와 쓰기의 유창성을 높이기 위해 그림, 사진, 실물 등의 시각 자료나 번역기 등을 활용할 수 있다. 그림으로 그린 후에 이를 보고 문장을 말하거나 써 보도록 할 수 있으며, 사전 앱이나 번역기 등의 도움을 받아 문장을 구성하게 하는 것도 좋다. 또한 협력 학습을 통해 짝이나 모둠원과 서로 번갈아 문장을 말하거나 쓰는 문장 릴레이 활동을 한 후 여러 개의 문장을 이어서 말하거나 쓰도록 교수⋅학습 과정을 구성할 수도 있다.
• 학습자의 수준을 고려하여 개별화된 수준별 학습 자료, 시청각 자료뿐만 아니라 다양한 디지털 매체를 활용한 학습 자료를 제공하여 인지적⋅심리적 부담감을 줄인다.
• 말하기 전략은 의사소통 과정에서 발생할 수 있는 여러 가지 어려움을 해결하는 데 유용한 방법이 될 수 있으므로 다양한 비언어적, 언어적 전략을 익혀 활용하도록 지도한다. 글쓰기 과정에서도 교사와 동료의 피드백을 반영하여 고쳐 쓰거나 사전 앱이나 번역기 등의 디지털 도구를 활용하는 것은 중요한 쓰기 전략 중의 하나이며 자기주도적인 학습자로 성장하는 데 있어 좋은 경험이 될 수 있다.
• 말하기⋅쓰기 평가는 가급적 수행평가를 통해 실시하며, 말하기는 면접이나 과업(역할놀이, 조사 활동 등)을, 쓰기는 서답형 문항이나 포트폴리오 등을 활용하여 평가할 수 있다.
• 말하기⋅쓰기 평가를 위한 채점 척도는 일반 평가 원리에 의한 척도를 응용하거나 과업에 적합한 척도를 만들어 사용할 수 있고, 표현 능력을 발현시키고 측정할 수 있는 다양한 매체를 활용할 수도 있다. 말하기는 발음, 어휘, 내용 등에 대하여, 쓰기는 철자와 구두점, 어휘, 내용, 언어 형식 등에 대하여 세부적인 평가기준을 마련하고 학습자에게 충분히 안내한 후에 평가를 실시한다. 
• 말하기와 쓰기에 대한 흥미와 자신감, 짝이나 모둠 구성원들의 협력 정도를 평가할 때는 자기 평가와 동료 평가를 활용할 수 있다. 이때 평가 결과는 학습자 스스로 학습 계획을 세우고 실천해 나가며 성찰할 수 있는 자기주도학습의 기초가 되도록 한다."
5~6,영어,표현,"⋅의사소통 목적과 상황에 맞게 적절한 매체를 활용하여 자신의 감정이나 의견을 담화나 글로 표현하는 능력을 함양한다. 
⋅적절한 사고 과정 및 전략을 활용하여 의미를 표현하거나 교환한다. 
⋅담화나 글로 표현하는 활동은 다양한 문화와 관점에 대한 이해를 바탕으로 협력적이고 포용적으로 상호 소통하며 의미를 표현하거나 교환하는 태도를 길러 준다.",6영02-08,예시문을 참고하여 목적에 맞는 간단한 글을 쓴다.,예시문을 참고하여 일상생활 목적에 맞는 간단한 글을 적절한 단어와 언어 형식을으로 정확하게 쓸 수 있다.,예시문을 참고하여 일상생활 목적에 맞는 간단한 글을 적절한 단어로 대체로 쓸 수 있다.,예시문과 주어진 단어 목록을 참고하여 일상생활 목적에 맞는 간단하고 짧은 글을 부분적으로 쓸 수 있다.,"[6영02-08] 이 성취기준은 초대, 감사, 축하 등을 목적으로 하는 카드나 이메일, 경험을 담은 일기나 기행문 등 일상생활에서 빈번하게 일어나는 쓰기의 상황과 목적을 고려하여 글을 쓰는 것으로서, 예시문을 참고하여 글의 형식에 맞게 적절한 내용으로 변형하거나 응용하여 쓰는 수준을 말한다. ","• 말하기와 쓰기 능력을 균형 있게 향상하는 데 중점을 두어 지도한다. 또한 표현 영역의 말하기와 쓰기를 연계한 활동뿐만 아니라 듣고 말하기, 읽고 쓰기 등의 활동을 활용하여 이해 영역 활동과 표현 영역 활동이 자연스럽게 연결되도록 통합적으로 지도한다.
• 학습자의 일상생활과 밀접하게 관련된 주제로서 자신의 경험, 의견, 계획, 진로뿐만 아니라 기후변화나 다문화 문제 등에 대해서도 적극적으로 관심을 가지도록 과업이나 프로젝트 학습, 의견 조사 등의 다양한 활동을 실시한다. 학습자가 결과물을 정리하고 발표하는 과정에서 자기주도성을 높이고 유의미한 학습이 이루어지도록 수업을 설계한다. 
• 교사와 학습자, 학습자 간의 상호 작용에서 다양한 유형의 질문과 피드백을 활용하여 학습자의 응답을 유도하고, 지속적인 상호 작용이 이루어지도록 한다.
• 효과적인 쓰기 활동을 위해 계획, 초고 쓰기 및 수정, 공유 단계 혹은 쓰기 전⋅중⋅후 활동으로 나누어 단계별로 지도할 수 있다. 학습자 스스로 또는 동료들과 협력하여 쓰기 과정을 점검하게 함으로써 쓰기 능력을 신장하는 기회로 활용한다. 
• 교사 또는 학습자 상호 간의 교정을 통해 알파벳 대소문자와 문장 부호 등 영어 표기법을 이해하고 알맞게 사용할 수 있도록 지도한다. 이 과정에서 국어에서 배운 쉼표, 마침표, 물음표 등에 대한 지식을 활용하도록 지도할 수 있다.
• 말하기와 쓰기의 유창성을 높이기 위해 그림, 사진, 실물 등의 시각 자료나 번역기 등을 활용할 수 있다. 그림으로 그린 후에 이를 보고 문장을 말하거나 써 보도록 할 수 있으며, 사전 앱이나 번역기 등의 도움을 받아 문장을 구성하게 하는 것도 좋다. 또한 협력 학습을 통해 짝이나 모둠원과 서로 번갈아 문장을 말하거나 쓰는 문장 릴레이 활동을 한 후 여러 개의 문장을 이어서 말하거나 쓰도록 교수⋅학습 과정을 구성할 수도 있다.
• 학습자의 수준을 고려하여 개별화된 수준별 학습 자료, 시청각 자료뿐만 아니라 다양한 디지털 매체를 활용한 학습 자료를 제공하여 인지적⋅심리적 부담감을 줄인다.
• 말하기 전략은 의사소통 과정에서 발생할 수 있는 여러 가지 어려움을 해결하는 데 유용한 방법이 될 수 있으므로 다양한 비언어적, 언어적 전략을 익혀 활용하도록 지도한다. 글쓰기 과정에서도 교사와 동료의 피드백을 반영하여 고쳐 쓰거나 사전 앱이나 번역기 등의 디지털 도구를 활용하는 것은 중요한 쓰기 전략 중의 하나이며 자기주도적인 학습자로 성장하는 데 있어 좋은 경험이 될 수 있다.
• 말하기⋅쓰기 평가는 가급적 수행평가를 통해 실시하며, 말하기는 면접이나 과업(역할놀이, 조사 활동 등)을, 쓰기는 서답형 문항이나 포트폴리오 등을 활용하여 평가할 수 있다.
• 말하기⋅쓰기 평가를 위한 채점 척도는 일반 평가 원리에 의한 척도를 응용하거나 과업에 적합한 척도를 만들어 사용할 수 있고, 표현 능력을 발현시키고 측정할 수 있는 다양한 매체를 활용할 수도 있다. 말하기는 발음, 어휘, 내용 등에 대하여, 쓰기는 철자와 구두점, 어휘, 내용, 언어 형식 등에 대하여 세부적인 평가기준을 마련하고 학습자에게 충분히 안내한 후에 평가를 실시한다. 
• 말하기와 쓰기에 대한 흥미와 자신감, 짝이나 모둠 구성원들의 협력 정도를 평가할 때는 자기 평가와 동료 평가를 활용할 수 있다. 이때 평가 결과는 학습자 스스로 학습 계획을 세우고 실천해 나가며 성찰할 수 있는 자기주도학습의 기초가 되도록 한다."
5~6,영어,표현,"⋅의사소통 목적과 상황에 맞게 적절한 매체를 활용하여 자신의 감정이나 의견을 담화나 글로 표현하는 능력을 함양한다. 
⋅적절한 사고 과정 및 전략을 활용하여 의미를 표현하거나 교환한다. 
⋅담화나 글로 표현하는 활동은 다양한 문화와 관점에 대한 이해를 바탕으로 협력적이고 포용적으로 상호 소통하며 의미를 표현하거나 교환하는 태도를 길러 준다.",6영02-09,적절한 매체와 전략을 활용하여 창의적으로 의미를 생성하고 표현한다.,적절한 매체와 전략을 다양하게 활용하여 창의적으로 의미를 생성하고 표현할 수 있다.,적절한 매체와 전략을 활용하여 창의적으로 의미를 생성하고 표현할 수 있다.,예시를 참고하여 적절한 매체와 전략을 일부 활용하여 창의적으로 의미를 표현할 수 있다.,"[6영02-09] 이 성취기준은 구어나 문어로 의사소통하는 과정에서 학습자의 수준과 특성에 알맞은 매체와 전략을 사용하여 창의적으로 의미를 생성하고 표현하는 것을 말한다. 이는 브레인스토밍이나 생각 그물 등을 활용하여 아이디어를 생성하고, 이를 동작이나 그림과 같은 전통적인 매체뿐만 아니라 다양한 앱이나 디지털 매체 등을 활용하여 새로운 방법으로 말하거나 쓰는 것을 의미한다. 또한 의사소통 과정에서 발생하는 어려움을 극복하기 위해 반복하기, 반복 및 확인 요청하기 등의 말하기 전략과 고쳐 쓰거나 다시 쓰기 등의 쓰기 전략을 활용하는 것을 의미한다.","• 말하기와 쓰기 능력을 균형 있게 향상하는 데 중점을 두어 지도한다. 또한 표현 영역의 말하기와 쓰기를 연계한 활동뿐만 아니라 듣고 말하기, 읽고 쓰기 등의 활동을 활용하여 이해 영역 활동과 표현 영역 활동이 자연스럽게 연결되도록 통합적으로 지도한다.
• 학습자의 일상생활과 밀접하게 관련된 주제로서 자신의 경험, 의견, 계획, 진로뿐만 아니라 기후변화나 다문화 문제 등에 대해서도 적극적으로 관심을 가지도록 과업이나 프로젝트 학습, 의견 조사 등의 다양한 활동을 실시한다. 학습자가 결과물을 정리하고 발표하는 과정에서 자기주도성을 높이고 유의미한 학습이 이루어지도록 수업을 설계한다. 
• 교사와 학습자, 학습자 간의 상호 작용에서 다양한 유형의 질문과 피드백을 활용하여 학습자의 응답을 유도하고, 지속적인 상호 작용이 이루어지도록 한다.
• 효과적인 쓰기 활동을 위해 계획, 초고 쓰기 및 수정, 공유 단계 혹은 쓰기 전⋅중⋅후 활동으로 나누어 단계별로 지도할 수 있다. 학습자 스스로 또는 동료들과 협력하여 쓰기 과정을 점검하게 함으로써 쓰기 능력을 신장하는 기회로 활용한다. 
• 교사 또는 학습자 상호 간의 교정을 통해 알파벳 대소문자와 문장 부호 등 영어 표기법을 이해하고 알맞게 사용할 수 있도록 지도한다. 이 과정에서 국어에서 배운 쉼표, 마침표, 물음표 등에 대한 지식을 활용하도록 지도할 수 있다.
• 말하기와 쓰기의 유창성을 높이기 위해 그림, 사진, 실물 등의 시각 자료나 번역기 등을 활용할 수 있다. 그림으로 그린 후에 이를 보고 문장을 말하거나 써 보도록 할 수 있으며, 사전 앱이나 번역기 등의 도움을 받아 문장을 구성하게 하는 것도 좋다. 또한 협력 학습을 통해 짝이나 모둠원과 서로 번갈아 문장을 말하거나 쓰는 문장 릴레이 활동을 한 후 여러 개의 문장을 이어서 말하거나 쓰도록 교수⋅학습 과정을 구성할 수도 있다.
• 학습자의 수준을 고려하여 개별화된 수준별 학습 자료, 시청각 자료뿐만 아니라 다양한 디지털 매체를 활용한 학습 자료를 제공하여 인지적⋅심리적 부담감을 줄인다.
• 말하기 전략은 의사소통 과정에서 발생할 수 있는 여러 가지 어려움을 해결하는 데 유용한 방법이 될 수 있으므로 다양한 비언어적, 언어적 전략을 익혀 활용하도록 지도한다. 글쓰기 과정에서도 교사와 동료의 피드백을 반영하여 고쳐 쓰거나 사전 앱이나 번역기 등의 디지털 도구를 활용하는 것은 중요한 쓰기 전략 중의 하나이며 자기주도적인 학습자로 성장하는 데 있어 좋은 경험이 될 수 있다.
• 말하기⋅쓰기 평가는 가급적 수행평가를 통해 실시하며, 말하기는 면접이나 과업(역할놀이, 조사 활동 등)을, 쓰기는 서답형 문항이나 포트폴리오 등을 활용하여 평가할 수 있다.
• 말하기⋅쓰기 평가를 위한 채점 척도는 일반 평가 원리에 의한 척도를 응용하거나 과업에 적합한 척도를 만들어 사용할 수 있고, 표현 능력을 발현시키고 측정할 수 있는 다양한 매체를 활용할 수도 있다. 말하기는 발음, 어휘, 내용 등에 대하여, 쓰기는 철자와 구두점, 어휘, 내용, 언어 형식 등에 대하여 세부적인 평가기준을 마련하고 학습자에게 충분히 안내한 후에 평가를 실시한다. 
• 말하기와 쓰기에 대한 흥미와 자신감, 짝이나 모둠 구성원들의 협력 정도를 평가할 때는 자기 평가와 동료 평가를 활용할 수 있다. 이때 평가 결과는 학습자 스스로 학습 계획을 세우고 실천해 나가며 성찰할 수 있는 자기주도학습의 기초가 되도록 한다."
5~6,영어,표현,"⋅의사소통 목적과 상황에 맞게 적절한 매체를 활용하여 자신의 감정이나 의견을 담화나 글로 표현하는 능력을 함양한다. 
⋅적절한 사고 과정 및 전략을 활용하여 의미를 표현하거나 교환한다. 
⋅담화나 글로 표현하는 활동은 다양한 문화와 관점에 대한 이해를 바탕으로 협력적이고 포용적으로 상호 소통하며 의미를 표현하거나 교환하는 태도를 길러 준다.",6영02-10,의사소통 활동에 흥미와 자신감을 가지고 참여하여 협력적으로 수행한다.,"의사소통 활동에 높은 흥미와 자신감을 가지고 참여하며, 동료들과 적극적으로 협력하여 활동을 수행한다.","의사소통 활동에 흥미와 자신감을 가지고 참여하려는 태도를 보이며, 동료들과 대체로 협력하여 활동을 수행한다.","의사소통 활동에 일부 흥미와 자신감을 가지고 참여하고자 노력하며, 동료들과 부분적으로 협력하여 활동을 수행한다.",[6영02-10] 이 성취기준은 온오프라인 공간에서 제공된 다양한 형태의 말하기⋅쓰기 과업이나 활동에 흥미와 자신감을 가지고 능동적으로 참여하는 것을 의미한다. 지속적으로 이루어지는 짝이나 모둠별 말하기⋅쓰기 활동을 통해 학습자들이 서로 가르쳐 주거나 배우는 과정에서 긍정적인 피드백을 주고받으며 말하거나 쓰고 싶은 의욕과 자신감을 높이는 것을 말한다.,"• 말하기와 쓰기 능력을 균형 있게 향상하는 데 중점을 두어 지도한다. 또한 표현 영역의 말하기와 쓰기를 연계한 활동뿐만 아니라 듣고 말하기, 읽고 쓰기 등의 활동을 활용하여 이해 영역 활동과 표현 영역 활동이 자연스럽게 연결되도록 통합적으로 지도한다.
• 학습자의 일상생활과 밀접하게 관련된 주제로서 자신의 경험, 의견, 계획, 진로뿐만 아니라 기후변화나 다문화 문제 등에 대해서도 적극적으로 관심을 가지도록 과업이나 프로젝트 학습, 의견 조사 등의 다양한 활동을 실시한다. 학습자가 결과물을 정리하고 발표하는 과정에서 자기주도성을 높이고 유의미한 학습이 이루어지도록 수업을 설계한다. 
• 교사와 학습자, 학습자 간의 상호 작용에서 다양한 유형의 질문과 피드백을 활용하여 학습자의 응답을 유도하고, 지속적인 상호 작용이 이루어지도록 한다.
• 효과적인 쓰기 활동을 위해 계획, 초고 쓰기 및 수정, 공유 단계 혹은 쓰기 전⋅중⋅후 활동으로 나누어 단계별로 지도할 수 있다. 학습자 스스로 또는 동료들과 협력하여 쓰기 과정을 점검하게 함으로써 쓰기 능력을 신장하는 기회로 활용한다. 
• 교사 또는 학습자 상호 간의 교정을 통해 알파벳 대소문자와 문장 부호 등 영어 표기법을 이해하고 알맞게 사용할 수 있도록 지도한다. 이 과정에서 국어에서 배운 쉼표, 마침표, 물음표 등에 대한 지식을 활용하도록 지도할 수 있다.
• 말하기와 쓰기의 유창성을 높이기 위해 그림, 사진, 실물 등의 시각 자료나 번역기 등을 활용할 수 있다. 그림으로 그린 후에 이를 보고 문장을 말하거나 써 보도록 할 수 있으며, 사전 앱이나 번역기 등의 도움을 받아 문장을 구성하게 하는 것도 좋다. 또한 협력 학습을 통해 짝이나 모둠원과 서로 번갈아 문장을 말하거나 쓰는 문장 릴레이 활동을 한 후 여러 개의 문장을 이어서 말하거나 쓰도록 교수⋅학습 과정을 구성할 수도 있다.
• 학습자의 수준을 고려하여 개별화된 수준별 학습 자료, 시청각 자료뿐만 아니라 다양한 디지털 매체를 활용한 학습 자료를 제공하여 인지적⋅심리적 부담감을 줄인다.
• 말하기 전략은 의사소통 과정에서 발생할 수 있는 여러 가지 어려움을 해결하는 데 유용한 방법이 될 수 있으므로 다양한 비언어적, 언어적 전략을 익혀 활용하도록 지도한다. 글쓰기 과정에서도 교사와 동료의 피드백을 반영하여 고쳐 쓰거나 사전 앱이나 번역기 등의 디지털 도구를 활용하는 것은 중요한 쓰기 전략 중의 하나이며 자기주도적인 학습자로 성장하는 데 있어 좋은 경험이 될 수 있다.
• 말하기⋅쓰기 평가는 가급적 수행평가를 통해 실시하며, 말하기는 면접이나 과업(역할놀이, 조사 활동 등)을, 쓰기는 서답형 문항이나 포트폴리오 등을 활용하여 평가할 수 있다.
• 말하기⋅쓰기 평가를 위한 채점 척도는 일반 평가 원리에 의한 척도를 응용하거나 과업에 적합한 척도를 만들어 사용할 수 있고, 표현 능력을 발현시키고 측정할 수 있는 다양한 매체를 활용할 수도 있다. 말하기는 발음, 어휘, 내용 등에 대하여, 쓰기는 철자와 구두점, 어휘, 내용, 언어 형식 등에 대하여 세부적인 평가기준을 마련하고 학습자에게 충분히 안내한 후에 평가를 실시한다. 
• 말하기와 쓰기에 대한 흥미와 자신감, 짝이나 모둠 구성원들의 협력 정도를 평가할 때는 자기 평가와 동료 평가를 활용할 수 있다. 이때 평가 결과는 학습자 스스로 학습 계획을 세우고 실천해 나가며 성찰할 수 있는 자기주도학습의 기초가 되도록 한다."
